/*
SQLyog Enterprise - MySQL GUI v8.12 
MySQL - 5.5.40-0ubuntu0.14.04.1 : Database - eproject
*********************************************************************
*/

/*!40101 SET NAMES utf8 */;

/*!40101 SET SQL_MODE=''*/;

/*!40014 SET @OLD_FOREIGN_KEY_CHECKS=@@FOREIGN_KEY_CHECKS, FOREIGN_KEY_CHECKS=0 */;
/*!40101 SET @OLD_SQL_MODE=@@SQL_MODE, SQL_MODE='NO_AUTO_VALUE_ON_ZERO' */;

/*Table structure for table `t_best` */

DROP TABLE IF EXISTS `t_best`;

CREATE TABLE `t_best` (
  `id` int(11) NOT NULL AUTO_INCREMENT,
  `fk_category` int(11) DEFAULT NULL,
  `fk_product` int(11) DEFAULT NULL,
  `sort` tinyint(4) DEFAULT NULL,
  PRIMARY KEY (`id`)
) ENGINE=InnoDB AUTO_INCREMENT=10 DEFAULT CHARSET=utf8 COLLATE=utf8_unicode_ci;

/*Data for the table `t_best` */

insert  into `t_best`(`id`,`fk_category`,`fk_product`,`sort`) values (1,1,26,NULL),(2,1,27,NULL),(3,2,26,NULL),(4,2,27,NULL),(5,3,28,NULL),(6,3,29,NULL),(7,4,26,NULL),(8,4,26,NULL),(9,4,26,NULL);

/*Table structure for table `t_category` */

DROP TABLE IF EXISTS `t_category`;

CREATE TABLE `t_category` (
  `id` int(11) NOT NULL AUTO_INCREMENT,
  `codename` varchar(50) COLLATE utf8_unicode_ci DEFAULT NULL,
  `fk_parent` int(11) DEFAULT NULL,
  `sort` tinyint(4) DEFAULT NULL,
  `path` varchar(255) COLLATE utf8_unicode_ci DEFAULT NULL,
  `image` text COLLATE utf8_unicode_ci,
  `status` tinyint(4) DEFAULT '1',
  `is_container` int(11) DEFAULT '0',
  `path_sort` varchar(100) COLLATE utf8_unicode_ci DEFAULT NULL,
  `is_show_in_home` tinyint(4) DEFAULT '0',
  PRIMARY KEY (`id`)
) ENGINE=InnoDB AUTO_INCREMENT=29 DEFAULT CHARSET=utf8 COLLATE=utf8_unicode_ci;

/*Data for the table `t_category` */

insert  into `t_category`(`id`,`codename`,`fk_parent`,`sort`,`path`,`image`,`status`,`is_container`,`path_sort`,`is_show_in_home`) values (1,'family',0,1,'1/',NULL,1,1,'1/',0),(2,'living',1,1,'1/2/',NULL,1,0,'1/1/',0),(3,'kitchen_dinning',1,2,'1/3/',NULL,1,0,'1/2/',0),(4,'bath_bed',1,3,'1/4/',NULL,1,0,'1/3/',0),(5,'home_deco',1,4,'1/5/',NULL,1,0,'1/4/',0),(6,'cloths_towels',1,5,'1/6/',NULL,1,0,'1/5/',0),(7,'sport',1,6,'1/7/',NULL,1,0,'1/6/',0),(8,'family_other',1,7,'1/8/',NULL,1,0,'1/7/',0),(9,'mom_baby',0,2,'9/',NULL,1,1,'2/',0),(10,'diapering',9,1,'9/10/',NULL,1,0,'2/1/',0),(11,'baby_clothings',9,2,'9/11/',NULL,1,0,'2/2/',0),(12,'smart_toys',9,3,'9/12/',NULL,1,0,'2/3/',0),(13,'mom_clothings',9,4,'9/13/',NULL,1,0,'2/4/',0),(14,'bath_baby_care',9,5,'9/14/',NULL,1,0,'2/5/',0),(15,'accessories_bed',9,6,'9/15/',NULL,1,0,'2/6/',0),(16,'mom_other',9,7,'9/16/',NULL,1,0,'2/7/',0),(17,'food_drink',0,3,'17/',NULL,1,1,'3/',0),(18,'junk_food',17,1,'17/18/',NULL,1,0,'3/1/',0),(19,'drink',17,2,'17/19/',NULL,1,0,'3/2/',0),(20,'sweetened',17,3,'17/20/',NULL,1,0,'3/3/',0),(21,'condiments',17,4,'17/21/',NULL,1,0,'3/4/',0),(22,'food_other',17,5,'17/22',NULL,1,0,'3/5/',0),(23,'food_special',17,6,'17/23/',NULL,1,0,'3/6/',0),(24,'gift',0,4,'24/',NULL,1,0,'4/',0),(25,'traditional_clothes',24,1,'24/25/',NULL,1,0,'4/1/',0),(26,'handmade',24,2,'24/26/',NULL,1,0,'4/2/',0),(27,'greeting_card',24,3,'24/27/',NULL,1,0,'4/3/',0),(28,'gift_other',24,4,'24/28/',NULL,1,0,'4/4/',0);

/*Table structure for table `t_category_attribute` */

DROP TABLE IF EXISTS `t_category_attribute`;

CREATE TABLE `t_category_attribute` (
  `id` int(11) NOT NULL AUTO_INCREMENT,
  `fk_attribute_type` int(11) DEFAULT NULL,
  `fk_category` int(11) DEFAULT NULL,
  PRIMARY KEY (`id`)
) ENGINE=InnoDB DEFAULT CHARSET=utf8 COLLATE=utf8_unicode_ci;

/*Data for the table `t_category_attribute` */

/*Table structure for table `t_category_language` */

DROP TABLE IF EXISTS `t_category_language`;

CREATE TABLE `t_category_language` (
  `id` int(11) NOT NULL AUTO_INCREMENT,
  `fk_category` int(11) DEFAULT NULL,
  `language` varchar(10) COLLATE utf8_unicode_ci DEFAULT NULL,
  `name` varchar(255) COLLATE utf8_unicode_ci DEFAULT NULL,
  `description` text COLLATE utf8_unicode_ci,
  `slide_images` text COLLATE utf8_unicode_ci,
  `side_images` text COLLATE utf8_unicode_ci,
  `product_section_image` text COLLATE utf8_unicode_ci,
  PRIMARY KEY (`id`)
) ENGINE=InnoDB AUTO_INCREMENT=139 DEFAULT CHARSET=utf8 COLLATE=utf8_unicode_ci;

/*Data for the table `t_category_language` */

insert  into `t_category_language`(`id`,`fk_category`,`language`,`name`,`description`,`slide_images`,`side_images`,`product_section_image`) values (55,1,'VN-VI','Gia đình',NULL,NULL,NULL,NULL),(56,1,'EN-US','Family',NULL,NULL,NULL,NULL),(57,1,'KO-KR','패밀리',NULL,NULL,NULL,NULL),(58,2,'VN-VI','Đồ gia dụng',NULL,NULL,NULL,NULL),(59,2,'EN-US','Home Living',NULL,NULL,NULL,NULL),(60,2,'KO-KR','홈 리빙',NULL,NULL,NULL,NULL),(61,3,'VN-VI','Bếp / Phòng ăn',NULL,NULL,NULL,NULL),(62,3,'EN-US','Kitchen/Dinning',NULL,NULL,NULL,NULL),(63,3,'KO-KR','주방',NULL,NULL,NULL,NULL),(64,4,'VN-VI','Phòng tắm/ngủ',NULL,NULL,NULL,NULL),(65,4,'KO-KR','침구 / 욕실',NULL,NULL,NULL,NULL),(66,4,'EN-US','Bath / Bed',NULL,NULL,NULL,NULL),(67,5,'VN-VI','Trang trí',NULL,NULL,NULL,NULL),(68,5,'EN-US','Décor',NULL,NULL,NULL,NULL),(69,5,'KO-KR','데코',NULL,NULL,NULL,NULL),(70,6,'VN-VI','Khăn/Đồ vải',NULL,NULL,NULL,NULL),(71,6,'EN-US','Cloths/Towels',NULL,NULL,NULL,NULL),(72,6,'KO-KR','패브릭',NULL,NULL,NULL,NULL),(73,7,'VN-VI','Thể thao',NULL,NULL,NULL,NULL),(74,7,'EN-US','Sports',NULL,NULL,NULL,NULL),(75,7,'KO-KR','스포츠',NULL,NULL,NULL,NULL),(76,8,'VN-VI','Sản phẩm khác',NULL,NULL,NULL,NULL),(77,8,'EN-US','Other',NULL,NULL,NULL,NULL),(78,8,'KO-KR','기타',NULL,NULL,NULL,NULL),(79,9,'VN-VI','Mẹ và Bé',NULL,NULL,NULL,NULL),(80,9,'EN-US','Mom & Baby',NULL,NULL,NULL,NULL),(81,9,'KO-KR','맘 & 베이비',NULL,NULL,NULL,NULL),(82,10,'VN-VI','Tã/ Vệ sinh',NULL,NULL,NULL,NULL),(83,10,'EN-US','Diapering',NULL,NULL,NULL,NULL),(84,10,'KO-KR','기저귀',NULL,NULL,NULL,NULL),(85,11,'VN-VI','Quần áo cho bé',NULL,NULL,NULL,NULL),(86,11,'EN-US','Baby clothings',NULL,NULL,NULL,NULL),(87,11,'KO-KR','유아동의류',NULL,NULL,NULL,NULL),(88,12,'VN-VI','Đồ chơi ',NULL,NULL,NULL,NULL),(89,12,'EN-US','Baby Toys',NULL,NULL,NULL,NULL),(90,12,'KO-KR','아기 장난감',NULL,NULL,NULL,NULL),(91,13,'VN-VI','Đầm bầu',NULL,NULL,NULL,NULL),(92,13,'EN-US','Mom clothings',NULL,NULL,NULL,NULL),(93,13,'KO-KR','임부복',NULL,NULL,NULL,NULL),(94,14,'VN-VI','Tắm & Chăm sóc',NULL,NULL,NULL,NULL),(95,14,'EN-US','Bath & Baby care',NULL,NULL,NULL,NULL),(96,14,'KO-KR','유아용품',NULL,NULL,NULL,NULL),(97,15,'VN-VI','Phụ kiện / Ngủ',NULL,NULL,NULL,NULL),(98,15,'EN-US','Accessories',NULL,NULL,NULL,NULL),(99,15,'KO-KR','액세서리',NULL,NULL,NULL,NULL),(100,16,'VN-VI','Khác',NULL,NULL,NULL,NULL),(101,16,'EN-US','Other',NULL,NULL,NULL,NULL),(102,16,'KO-KR','기타',NULL,NULL,NULL,NULL),(103,17,'VN-VI','Đồ ăn uống',NULL,NULL,NULL,NULL),(104,17,'EN-US','Food & Drinks',NULL,NULL,NULL,NULL),(105,17,'KO-KR','식품',NULL,NULL,NULL,NULL),(106,18,'VN-VI','Đồ ăn liền/hộp/khô',NULL,NULL,NULL,NULL),(107,18,'EN-US','Instant/Cans/Dried',NULL,NULL,NULL,NULL),(108,18,'KO-KR','인스턴트',NULL,NULL,NULL,NULL),(109,19,'VN-VI','Đồ uống',NULL,NULL,NULL,NULL),(110,19,'EN-US','Drink',NULL,NULL,NULL,NULL),(111,19,'KO-KR','음료',NULL,NULL,NULL,NULL),(112,20,'VN-VI','Bánh/Kẹo/Mứt',NULL,NULL,NULL,NULL),(113,20,'EN-US','Sweetened',NULL,NULL,NULL,NULL),(114,20,'KO-KR','과자',NULL,NULL,NULL,NULL),(115,21,'VN-VI','Gia vị bếp\r',NULL,NULL,NULL,NULL),(116,21,'EN-US','Condiments',NULL,NULL,NULL,NULL),(117,21,'KO-KR','조미료',NULL,NULL,NULL,NULL),(118,22,'VN-VI','Đồ ăn khác',NULL,NULL,NULL,NULL),(119,22,'EN-US','Others',NULL,NULL,NULL,NULL),(120,22,'KO-KR','기타',NULL,NULL,NULL,NULL),(121,23,'VN-VI','Đặc sản',NULL,NULL,NULL,NULL),(122,23,'EN-US','Special',NULL,NULL,NULL,NULL),(123,23,'KO-KR','특산물',NULL,NULL,NULL,NULL),(124,24,'VN-VI','Quà tặng',NULL,NULL,NULL,NULL),(125,24,'EN-US','Gift & Special',NULL,NULL,NULL,NULL),(126,24,'KO-KR','특별 선물',NULL,NULL,NULL,NULL),(127,25,'VN-VI','Truyền thống\r',NULL,NULL,NULL,NULL),(128,25,'EN-US','Traditional Clothes',NULL,NULL,NULL,NULL),(129,25,'KO-KR','전통 의류',NULL,NULL,NULL,NULL),(130,26,'VN-VI','Handmade',NULL,NULL,NULL,NULL),(131,26,'EN-US','Handmade',NULL,NULL,NULL,NULL),(132,26,'KO-KR','수공예품',NULL,NULL,NULL,NULL),(133,27,'VN-VI','Thiệp cá nhân',NULL,NULL,NULL,NULL),(134,27,'EN-US','Greeting cards',NULL,NULL,NULL,NULL),(135,27,'KO-KR','카드',NULL,NULL,NULL,NULL),(136,28,'VN-VI','Khác',NULL,NULL,NULL,NULL),(137,28,'EN-US','Other',NULL,NULL,NULL,NULL),(138,28,'KO-KR','기타',NULL,NULL,NULL,NULL);

/*Table structure for table `t_credit_memo` */

DROP TABLE IF EXISTS `t_credit_memo`;

CREATE TABLE `t_credit_memo` (
  `id` int(11) NOT NULL AUTO_INCREMENT,
  `fk_order` int(11) DEFAULT NULL,
  `date_created` datetime DEFAULT NULL,
  `date_refunded` datetime DEFAULT NULL,
  `credit_status` enum('paid','unpaid','cancelled') COLLATE utf8_unicode_ci DEFAULT NULL,
  `fk_contact` int(11) DEFAULT NULL,
  `email_status` tinyint(4) DEFAULT NULL,
  `comment` text COLLATE utf8_unicode_ci,
  PRIMARY KEY (`id`)
) ENGINE=InnoDB DEFAULT CHARSET=utf8 COLLATE=utf8_unicode_ci;

/*Data for the table `t_credit_memo` */

/*Table structure for table `t_feature_group` */

DROP TABLE IF EXISTS `t_feature_group`;

CREATE TABLE `t_feature_group` (
  `id` int(11) NOT NULL AUTO_INCREMENT,
  `codename` varchar(100) COLLATE utf8_unicode_ci DEFAULT NULL,
  `url` text COLLATE utf8_unicode_ci,
  `xml_language` text COLLATE utf8_unicode_ci,
  `sort` tinyint(4) DEFAULT NULL,
  PRIMARY KEY (`id`)
) ENGINE=InnoDB AUTO_INCREMENT=6 DEFAULT CHARSET=utf8 COLLATE=utf8_unicode_ci;

/*Data for the table `t_feature_group` */

insert  into `t_feature_group`(`id`,`codename`,`url`,`xml_language`,`sort`) values (1,'family','/category/show/1','<root><language id=\"VN-VI\"><name>Gia đình</name></language><language id=\"EN-US\"><name>Family</name></language><language id=\"KO-KR\"><name>가족</name></language></root>',5),(2,'kid','/category/show/2','<root><language id=\"VN-VI\"><name>Mẹ và bé</name></language><language id=\"EN-US\"><name>Kid</name></language><language id=\"KO-KR\"><name>아이</name></language></root>',4),(3,'food','/category/show/3','<root><language id=\"VN-VI\"><name>Thực phẩm</name></language><language id=\"EN-US\"><name>Food</name></language><language id=\"KO-KR\"><name>음식</name></language></root>',3),(4,'gift','/category/show/4','<root><language id=\"VN-VI\"><name>Quà tặng</name></language><language id=\"EN-US\"><name>Gift</name></language><language id=\"KO-KR\"><name>선물</name></language></root>',2),(5,'all',NULL,'<root><language id=\"VN-VI\"><name>Tổng hợp</name></language><language id=\"EN-US\"><name>All</name></language><language id=\"KO-KR\"><name>모든</name></language></root>',1);

/*Table structure for table `t_feature_group_details` */

DROP TABLE IF EXISTS `t_feature_group_details`;

CREATE TABLE `t_feature_group_details` (
  `id` int(11) NOT NULL AUTO_INCREMENT,
  `fk_product` int(11) DEFAULT NULL,
  `fk_group` int(11) NOT NULL,
  `sort` tinyint(4) DEFAULT NULL,
  `img_src` text COLLATE utf8_unicode_ci,
  `img_title` text COLLATE utf8_unicode_ci,
  `row` tinyint(4) DEFAULT NULL,
  `img_url` text COLLATE utf8_unicode_ci,
  PRIMARY KEY (`id`)
) ENGINE=InnoDB AUTO_INCREMENT=28 DEFAULT CHARSET=utf8 COLLATE=utf8_unicode_ci;

/*Data for the table `t_feature_group_details` */

insert  into `t_feature_group_details`(`id`,`fk_product`,`fk_group`,`sort`,`img_src`,`img_title`,`row`,`img_url`) values (1,26,1,2,NULL,NULL,1,NULL),(2,27,1,3,NULL,NULL,1,NULL),(4,26,2,NULL,NULL,NULL,1,NULL),(5,27,2,NULL,NULL,NULL,1,NULL),(7,26,3,NULL,NULL,NULL,1,NULL),(8,27,3,NULL,NULL,NULL,1,NULL),(10,26,4,NULL,NULL,NULL,1,NULL),(11,27,4,NULL,NULL,NULL,1,NULL),(13,27,2,NULL,NULL,NULL,1,NULL),(14,26,3,NULL,NULL,NULL,1,NULL),(21,NULL,5,1,'/images/feature/noibat1.png','Kitchen',1,'javascript:;'),(22,59,5,2,NULL,NULL,1,NULL),(23,97,5,3,NULL,NULL,1,NULL),(24,90,5,1,NULL,NULL,2,NULL),(25,93,5,2,NULL,NULL,2,NULL),(26,92,5,3,NULL,NULL,2,NULL),(27,NULL,5,4,'/images/feature/noibat2.png','Food',2,'javascript:;');

/*Table structure for table `t_file` */

DROP TABLE IF EXISTS `t_file`;

CREATE TABLE `t_file` (
  `id` int(11) NOT NULL AUTO_INCREMENT,
  `fk_user` int(11) DEFAULT NULL,
  `fk_parent` int(11) DEFAULT NULL,
  `url` text COLLATE utf8_unicode_ci,
  `is_dir` tinyint(4) DEFAULT '0',
  `date_modified` datetime DEFAULT NULL,
  `internal_path` varchar(255) COLLATE utf8_unicode_ci DEFAULT NULL,
  `name` varchar(255) COLLATE utf8_unicode_ci DEFAULT NULL,
  PRIMARY KEY (`id`)
) ENGINE=InnoDB AUTO_INCREMENT=259 DEFAULT CHARSET=utf8 COLLATE=utf8_unicode_ci;

/*Data for the table `t_file` */

insert  into `t_file`(`id`,`fk_user`,`fk_parent`,`url`,`is_dir`,`date_modified`,`internal_path`,`name`) values (1,1,NULL,'/uploads/2014/3/27/image4.jpg',0,'2014-03-27 22:09:19','/uploads/2014/3/27/image4.jpg',NULL),(2,1,NULL,'/uploads/2014/3/27/image.jpg',0,'2014-03-27 22:09:19','/uploads/2014/3/27/image.jpg',NULL),(3,1,NULL,'/uploads/2014/3/27/image2.jpg',0,'2014-03-27 22:09:19','/uploads/2014/3/27/image2.jpg',NULL),(4,1,NULL,'/uploads/2014/3/27/image3.jpg',0,'2014-03-27 22:09:19','/uploads/2014/3/27/image3.jpg',NULL),(5,1,NULL,'/uploads/2014/05/20/452e9971ae0fff703dc3279d605c3817.png',0,'2014-05-20 22:30:55','/uploads/2014/05/20/452e9971ae0fff703dc3279d605c3817.png',NULL),(6,1,NULL,'/uploads/2014/05/20/ddc50e1773620024c3e0158946a47435.png',0,'2014-05-20 22:31:33','/uploads/2014/05/20/ddc50e1773620024c3e0158946a47435.png',NULL),(7,1,NULL,'/uploads/2014/05/20/4670b74b68432aebf551ad5112644f59.png',0,'2014-05-20 22:31:54','/uploads/2014/05/20/4670b74b68432aebf551ad5112644f59.png',NULL),(8,1,NULL,'/uploads/2014/05/20/c07750dd9fae781cf55970cfdc4a7048.jpg',0,'2014-05-20 23:37:12','/uploads/2014/05/20/c07750dd9fae781cf55970cfdc4a7048.jpg',NULL),(9,1,NULL,'/uploads/2014/05/20/ae8564fee192da10b00b78cefd09fe00.jpg',0,'2014-05-20 23:58:15','/uploads/2014/05/20/ae8564fee192da10b00b78cefd09fe00.jpg',NULL),(11,5,NULL,'/uploads/2014/06/08/71a09835536adb714fa57a856c6aea4a.jpg',0,'2014-06-08 11:43:10','uploads/2014/06/08/71a09835536adb714fa57a856c6aea4a.jpg',NULL),(13,5,NULL,'/uploads/2014/06/15/849dc29bf31511125d9c60beefeee09a.jpg',0,'2014-06-15 11:32:26','uploads/2014/06/15/849dc29bf31511125d9c60beefeee09a.jpg',NULL),(14,5,NULL,'/uploads/2014/06/15/ba8fb8cde49da48b20ddd858d7fb1891.jpg',0,'2014-06-15 11:32:43','uploads/2014/06/15/ba8fb8cde49da48b20ddd858d7fb1891.jpg',NULL),(15,5,NULL,'/uploads/2014/06/15/ae06ce5f7061dcc5e373ce86bba415f8.jpg',0,'2014-06-15 11:32:43','uploads/2014/06/15/ae06ce5f7061dcc5e373ce86bba415f8.jpg',NULL),(16,5,NULL,'/uploads/2014/06/17/8907662f2c98c239f7b50dd1876e6110.jpg',0,'2014-06-17 23:53:11','uploads/2014/06/17/8907662f2c98c239f7b50dd1876e6110.jpg',NULL),(17,5,NULL,'/uploads/2014/06/17/25d2444ee774ee476d557a7b1f44d23b.jpg',0,'2014-06-17 23:53:11','uploads/2014/06/17/25d2444ee774ee476d557a7b1f44d23b.jpg',NULL),(18,5,NULL,'/uploads/2014/06/17/e946ea042fa95d0c23dd7b3f3aa196ae.jpg',0,'2014-06-17 23:53:41','uploads/2014/06/17/e946ea042fa95d0c23dd7b3f3aa196ae.jpg',NULL),(19,5,NULL,'/uploads/2014/06/21/ecb3a62600891f612ac26c389d643a39.jpg',0,'2014-06-21 13:43:30','uploads/2014/06/21/ecb3a62600891f612ac26c389d643a39.jpg',NULL),(20,5,NULL,'/uploads/2014/06/22/c6be54a91a806fb214a601cc06c202ef.jpg',0,'2014-06-22 10:15:03','uploads/2014/06/22/c6be54a91a806fb214a601cc06c202ef.jpg',NULL),(21,5,NULL,'/uploads/2014/06/28/0588407eb2f9f9a16f451beee2c75cc1.jpg',0,'2014-06-28 19:33:55','uploads/2014/06/28/0588407eb2f9f9a16f451beee2c75cc1.jpg',NULL),(22,5,NULL,'/uploads/2014/06/29/ba8979cb376ba5a631e1816fc46f5bd0.jpg',0,'2014-06-29 10:16:43','uploads/2014/06/29/ba8979cb376ba5a631e1816fc46f5bd0.jpg',NULL),(23,5,NULL,'/uploads/2014/06/29/418d9e01d9ef5a3ea9a0db13db80660f.jpg',0,'2014-06-29 10:44:01','uploads/2014/06/29/418d9e01d9ef5a3ea9a0db13db80660f.jpg',NULL),(31,5,NULL,'/uploads/2014/06/29/3b474cdda02c8ec908ca4d52fd2becfe.jpg',0,'2014-06-29 11:47:09','uploads/2014/06/29/3b474cdda02c8ec908ca4d52fd2becfe.jpg',NULL),(32,5,NULL,'/uploads/2014/07/06/8a9698d2db342a5d7b78290877b69dba.jpg',0,'2014-07-06 15:20:19','uploads/2014/07/06/8a9698d2db342a5d7b78290877b69dba.jpg',NULL),(33,5,NULL,'/uploads/2014/07/26/8777e1e28648ac9c0e1c35073c350455.jpg',0,'2014-07-26 08:20:05','uploads/2014/07/26/8777e1e28648ac9c0e1c35073c350455.jpg',NULL),(34,5,NULL,'/uploads/2014/07/26/2ac73dcd2861aed13372f036c9c558fd.jpg',0,'2014-07-26 09:35:18','uploads/2014/07/26/2ac73dcd2861aed13372f036c9c558fd.jpg',NULL),(35,5,NULL,'/uploads/2014/08/09/04d24b86c235e0be758cdfbdd5da263e.jpg',0,'2014-08-09 18:47:27','uploads/2014/08/09/04d24b86c235e0be758cdfbdd5da263e.jpg',NULL),(36,5,NULL,'/uploads/2014/08/12/4a0f2697365a8bdc4a58e25fd751e7ff.jpg',0,'2014-08-12 23:06:53','uploads/2014/08/12/4a0f2697365a8bdc4a58e25fd751e7ff.jpg',NULL),(37,5,NULL,'/uploads/2014/08/12/a05b4032a7d04656113a862f8ca850aa.jpg',0,'2014-08-12 23:23:22','uploads/2014/08/12/a05b4032a7d04656113a862f8ca850aa.jpg',NULL),(38,5,NULL,'/uploads/2014/08/12/e23b0248d7a39e7f9938450bae0ee2f9.jpg',0,'2014-08-12 23:25:16','uploads/2014/08/12/e23b0248d7a39e7f9938450bae0ee2f9.jpg',NULL),(39,5,NULL,'/uploads/2014/09/13/677246d505f67a80953570c37dcee998.jpg',0,'2014-09-13 16:15:43','uploads/2014/09/13/677246d505f67a80953570c37dcee998.jpg',NULL),(40,8,NULL,'/uploads/2014/09/14/79992ae2f0c20c724750f161a587cb42.jpg',0,'2014-09-14 10:58:10','uploads/2014/09/14/79992ae2f0c20c724750f161a587cb42.jpg',NULL),(41,8,NULL,'/uploads/2014/09/14/e554d119072bbe52dde5e463a9cbfdc1.JPG',0,'2014-09-14 10:58:10','uploads/2014/09/14/e554d119072bbe52dde5e463a9cbfdc1.JPG',NULL),(43,8,NULL,'/uploads/2014/09/14/da710583fbf8c3c3cf27d8f7aace617e.jpg',0,'2014-09-14 12:14:21','uploads/2014/09/14/da710583fbf8c3c3cf27d8f7aace617e.jpg',NULL),(44,8,NULL,'/uploads/2014/09/14/c54a8583fd0b5a6fa0ac92e995dd9e5c.JPG',0,'2014-09-14 12:14:21','uploads/2014/09/14/c54a8583fd0b5a6fa0ac92e995dd9e5c.JPG',NULL),(45,8,NULL,'/uploads/2014/09/14/9f1cbb6ff69da4fb915e5630f7cd2b89.jpg',0,'2014-09-14 20:47:57','uploads/2014/09/14/9f1cbb6ff69da4fb915e5630f7cd2b89.jpg',NULL),(49,8,NULL,'/uploads/2014/09/14/4c94ee196fa095f738b83881ebac85e5.jpg',0,'2014-09-14 21:30:15','uploads/2014/09/14/4c94ee196fa095f738b83881ebac85e5.jpg',NULL),(50,8,NULL,'/uploads/2014/09/14/6113ad049c10600cd768a58114e7a922.jpg',0,'2014-09-14 21:30:15','uploads/2014/09/14/6113ad049c10600cd768a58114e7a922.jpg',NULL),(52,8,NULL,'/uploads/2014/09/14/21e2d249fecccf506d9b560b6ebef10f.jpg',0,'2014-09-14 21:50:56','uploads/2014/09/14/21e2d249fecccf506d9b560b6ebef10f.jpg',NULL),(53,9,NULL,'/uploads/2014/09/14/30627ca6d19c36d1ae96ea5219ea05dc.jpg',0,'2014-09-14 22:34:05','uploads/2014/09/14/30627ca6d19c36d1ae96ea5219ea05dc.jpg',NULL),(54,9,NULL,'/uploads/2014/09/14/c4e59eecc29c29fface15b47119063b4.jpg',0,'2014-09-14 22:47:45','uploads/2014/09/14/c4e59eecc29c29fface15b47119063b4.jpg',NULL),(55,9,NULL,'/uploads/2014/09/15/7a9c9be72f93221f41e4dc5c88c1099e.jpg',0,'2014-09-15 08:52:48','uploads/2014/09/15/7a9c9be72f93221f41e4dc5c88c1099e.jpg',NULL),(56,9,NULL,'/uploads/2014/09/15/2f998bf2a4762eef757b92d9967d5eba.jpg',0,'2014-09-15 09:14:58','uploads/2014/09/15/2f998bf2a4762eef757b92d9967d5eba.jpg',NULL),(58,9,NULL,'/uploads/2014/09/15/e9707a581dd4dfe001d21d4a5453db04.jpg',0,'2014-09-15 09:40:50','uploads/2014/09/15/e9707a581dd4dfe001d21d4a5453db04.jpg',NULL),(59,9,NULL,'/uploads/2014/09/15/7e39b8026f9063b3b008c15526a21ded.jpeg',0,'2014-09-15 09:51:43','uploads/2014/09/15/7e39b8026f9063b3b008c15526a21ded.jpeg',NULL),(60,9,NULL,'/uploads/2014/09/15/f3267e10454c86ff3b69735e0a1715a4.jpg',0,'2014-09-15 09:52:45','uploads/2014/09/15/f3267e10454c86ff3b69735e0a1715a4.jpg',NULL),(61,9,NULL,'/uploads/2014/09/15/bcd8adcaff208fec32d83d65462afbcb.jpg',0,'2014-09-15 11:52:49','uploads/2014/09/15/bcd8adcaff208fec32d83d65462afbcb.jpg',NULL),(62,9,NULL,'/uploads/2014/09/15/3eb636af4767861652ac26d5fb1a4f97.jpg',0,'2014-09-15 11:56:17','uploads/2014/09/15/3eb636af4767861652ac26d5fb1a4f97.jpg',NULL),(63,9,NULL,'/uploads/2014/09/15/0bc3c1f9f09c57e584c59cad6d644c9f.jpeg',0,'2014-09-15 12:00:53','uploads/2014/09/15/0bc3c1f9f09c57e584c59cad6d644c9f.jpeg',NULL),(64,9,NULL,'/uploads/2014/09/15/4ad1b00fef5c659fb90319bd78613f6e.jpeg',0,'2014-09-15 12:03:42','uploads/2014/09/15/4ad1b00fef5c659fb90319bd78613f6e.jpeg',NULL),(65,9,NULL,'/uploads/2014/09/15/93fca215324606a2ed631edf86ac3dc9.jpg',0,'2014-09-15 13:48:32','uploads/2014/09/15/93fca215324606a2ed631edf86ac3dc9.jpg',NULL),(66,9,NULL,'/uploads/2014/09/15/62ff595150ec9d26dd2205b285cc8765.jpg',0,'2014-09-15 16:13:33','uploads/2014/09/15/62ff595150ec9d26dd2205b285cc8765.jpg',NULL),(68,9,NULL,'/uploads/2014/09/15/75284c3c8cd8cff03195af4fc5d82e69.jpg',0,'2014-09-15 16:19:50','uploads/2014/09/15/75284c3c8cd8cff03195af4fc5d82e69.jpg',NULL),(69,9,NULL,'/uploads/2014/09/15/93f858451db9b48e4e4de97d6d054bec.jpeg',0,'2014-09-15 16:21:40','uploads/2014/09/15/93f858451db9b48e4e4de97d6d054bec.jpeg',NULL),(70,9,NULL,'/uploads/2014/09/15/d7df2a00b504fdefc189bd0413341ae4.jpeg',0,'2014-09-15 16:21:40','uploads/2014/09/15/d7df2a00b504fdefc189bd0413341ae4.jpeg',NULL),(71,9,NULL,'/uploads/2014/09/15/5f6c1a44827955cabea2eb5acf77eba9.jpeg',0,'2014-09-15 16:21:40','uploads/2014/09/15/5f6c1a44827955cabea2eb5acf77eba9.jpeg',NULL),(72,9,NULL,'/uploads/2014/09/15/206f1eca5c5f5e9f65532f84171e4d03.jpeg',0,'2014-09-15 16:21:40','uploads/2014/09/15/206f1eca5c5f5e9f65532f84171e4d03.jpeg',NULL),(73,8,NULL,'/uploads/2014/09/15/4cf74e101aececd4273838a0494f9d3e.jpg',0,'2014-09-15 18:28:12','uploads/2014/09/15/4cf74e101aececd4273838a0494f9d3e.jpg',NULL),(74,8,NULL,'/uploads/2014/09/15/1d25538bb4097d755ca9a343ed802614.jpg',0,'2014-09-15 18:28:12','uploads/2014/09/15/1d25538bb4097d755ca9a343ed802614.jpg',NULL),(75,8,NULL,'/uploads/2014/09/15/5cc0e677b8e2bfd85a7c854df38c436c.jpg',0,'2014-09-15 18:28:12','uploads/2014/09/15/5cc0e677b8e2bfd85a7c854df38c436c.jpg',NULL),(76,8,NULL,'/uploads/2014/09/15/e6c114b897aa675ec29f6085e09c61d9.jpg',0,'2014-09-15 18:47:14','uploads/2014/09/15/e6c114b897aa675ec29f6085e09c61d9.jpg',NULL),(77,8,NULL,'/uploads/2014/09/15/cb680b0f4eb8848eb254677bbbdd6f9b.jpg',0,'2014-09-15 18:47:14','uploads/2014/09/15/cb680b0f4eb8848eb254677bbbdd6f9b.jpg',NULL),(78,8,NULL,'/uploads/2014/09/15/522243ec1fe086e78238778b97e0efcb.jpg',0,'2014-09-15 18:47:14','uploads/2014/09/15/522243ec1fe086e78238778b97e0efcb.jpg',NULL),(79,8,NULL,'/uploads/2014/09/15/39941514e42b44d7d92f41da20d0d5c3.jpg',0,'2014-09-15 18:47:14','uploads/2014/09/15/39941514e42b44d7d92f41da20d0d5c3.jpg',NULL),(80,8,NULL,'/uploads/2014/09/15/88ebf20c259ded7c8d73f8b411426478.jpg',0,'2014-09-15 19:13:38','uploads/2014/09/15/88ebf20c259ded7c8d73f8b411426478.jpg',NULL),(81,8,NULL,'/uploads/2014/09/15/244aaf680a360468de081e864c014535.jpg',0,'2014-09-15 19:13:38','uploads/2014/09/15/244aaf680a360468de081e864c014535.jpg',NULL),(82,8,NULL,'/uploads/2014/09/15/34bf2a99455ffc3bcb2f41e169e97d28.jpg',0,'2014-09-15 19:13:38','uploads/2014/09/15/34bf2a99455ffc3bcb2f41e169e97d28.jpg',NULL),(83,8,NULL,'/uploads/2014/09/15/52b805b5806585d823cd7a20ddabe537.jpg',0,'2014-09-15 19:13:38','uploads/2014/09/15/52b805b5806585d823cd7a20ddabe537.jpg',NULL),(84,9,NULL,'/uploads/2014/09/16/d0c3a36742054340b82ef63585df2a50.JPG',0,'2014-09-16 21:50:45','uploads/2014/09/16/d0c3a36742054340b82ef63585df2a50.JPG',NULL),(85,9,NULL,'/uploads/2014/09/16/279cb6d1eed8ff56b735d59d8be9a55d.JPG',0,'2014-09-16 21:57:20','uploads/2014/09/16/279cb6d1eed8ff56b735d59d8be9a55d.JPG',NULL),(86,9,NULL,'/uploads/2014/09/16/5e6a94a3b7bcc2054e07be56d65b338d.jpg',0,'2014-09-16 22:02:19','uploads/2014/09/16/5e6a94a3b7bcc2054e07be56d65b338d.jpg',NULL),(87,9,NULL,'/uploads/2014/09/16/5268b613a60d5c158ce776694f61e9c0.jpg',0,'2014-09-16 22:09:36','uploads/2014/09/16/5268b613a60d5c158ce776694f61e9c0.jpg',NULL),(88,9,NULL,'/uploads/2014/09/16/833ea805b90939b0dbef807754d04fd5.jpg',0,'2014-09-16 22:14:57','uploads/2014/09/16/833ea805b90939b0dbef807754d04fd5.jpg',NULL),(89,9,NULL,'/uploads/2014/09/16/7a5638fa2e03818c8c5c61847ab4d79a.jpg',0,'2014-09-16 22:19:09','uploads/2014/09/16/7a5638fa2e03818c8c5c61847ab4d79a.jpg',NULL),(90,9,NULL,'/uploads/2014/09/16/2e7273380ebed9f939bf68a4db042bad.jpg',0,'2014-09-16 22:24:09','uploads/2014/09/16/2e7273380ebed9f939bf68a4db042bad.jpg',NULL),(91,9,NULL,'/uploads/2014/09/16/5818b076df1a197764e2d189202dbb80.jpg',0,'2014-09-16 22:35:23','uploads/2014/09/16/5818b076df1a197764e2d189202dbb80.jpg',NULL),(92,9,NULL,'/uploads/2014/09/16/b4e92099d6bf302af4bcec69b63332f6.jpg',0,'2014-09-16 22:41:29','uploads/2014/09/16/b4e92099d6bf302af4bcec69b63332f6.jpg',NULL),(93,8,NULL,'/2014/09/28/1e22f7d0c9c61b7d73de676252511938.JPG',0,'2014-09-28 11:19:31','2014/09/28/1e22f7d0c9c61b7d73de676252511938.JPG',NULL),(94,8,NULL,'/2014/10/03/5499cc8a225381e7f4e6de1b5261b41c.jpg',0,'2014-10-03 20:06:19','2014/10/03/5499cc8a225381e7f4e6de1b5261b41c.jpg',NULL),(95,8,NULL,'/2014/10/03/c8b6451f8aae8cc6eae29a95fc079307.JPG',0,'2014-10-03 20:06:19','2014/10/03/c8b6451f8aae8cc6eae29a95fc079307.JPG',NULL),(96,8,NULL,'/2014/10/03/528c7da108461aa72ba593db57fdcae1.jpg',0,'2014-10-03 20:07:59','2014/10/03/528c7da108461aa72ba593db57fdcae1.jpg',NULL),(97,8,NULL,'/2014/10/03/878cb923f6715cad08930e7e4a223897.JPG',0,'2014-10-03 20:07:59','2014/10/03/878cb923f6715cad08930e7e4a223897.JPG',NULL),(98,8,NULL,'/2014/10/03/496c3b742ef7948041784fef337534f4.jpg',0,'2014-10-03 20:09:34','2014/10/03/496c3b742ef7948041784fef337534f4.jpg',NULL),(99,8,NULL,'/2014/10/03/60d4a64cf34ece23437cce37ac930fa8.jpg',0,'2014-10-03 20:09:34','2014/10/03/60d4a64cf34ece23437cce37ac930fa8.jpg',NULL),(100,9,NULL,'/2014/10/03/23b342a17d38aae94d14687c440e0d33.jpg',0,'2014-10-03 20:13:20','2014/10/03/23b342a17d38aae94d14687c440e0d33.jpg',NULL),(101,9,NULL,'/2014/10/03/0ea0ea05091f36bbad80d55e7126e17b.JPG',0,'2014-10-03 20:15:44','2014/10/03/0ea0ea05091f36bbad80d55e7126e17b.JPG',NULL),(102,8,NULL,'/2014/10/03/124b2236915cc3184232fe808b3e3ff6.jpg',0,'2014-10-03 20:57:11','2014/10/03/124b2236915cc3184232fe808b3e3ff6.jpg',NULL),(103,8,NULL,'/2014/10/03/74da02c428ec1548d815151e72c56308.jpg',0,'2014-10-03 20:57:11','2014/10/03/74da02c428ec1548d815151e72c56308.jpg',NULL),(104,8,NULL,'/2014/10/03/9226ad7581844c5967795ff3b08bf7ca.jpg',0,'2014-10-03 20:57:11','2014/10/03/9226ad7581844c5967795ff3b08bf7ca.jpg',NULL),(105,8,NULL,'/2014/10/03/2c661e049d20da3265c97ef24d8bfc70.jpg',0,'2014-10-03 20:57:11','2014/10/03/2c661e049d20da3265c97ef24d8bfc70.jpg',NULL),(106,9,NULL,'/2014/10/09/f96ba2259a33abf7a92ca9569b09ec5b.jpg',0,'2014-10-09 08:37:08','2014/10/09/f96ba2259a33abf7a92ca9569b09ec5b.jpg',NULL),(107,9,NULL,'/2014/10/09/39112afd7963cdd1092039e15f628614.jpg',0,'2014-10-09 08:39:21','2014/10/09/39112afd7963cdd1092039e15f628614.jpg',NULL),(108,9,NULL,'/2014/10/09/a57c63e7af614251c8abc40ccc86b5c1.jpg',0,'2014-10-09 08:42:11','2014/10/09/a57c63e7af614251c8abc40ccc86b5c1.jpg',NULL),(109,9,NULL,'/2014/10/09/8bc1ea93e1d83b9dc250e0d199b47ce3.jpg',0,'2014-10-09 08:43:39','2014/10/09/8bc1ea93e1d83b9dc250e0d199b47ce3.jpg',NULL),(110,9,NULL,'/2014/10/09/286efb23bd40f0b9baa92c7b829dcae6.jpg',0,'2014-10-09 08:45:26','2014/10/09/286efb23bd40f0b9baa92c7b829dcae6.jpg',NULL),(111,9,NULL,'/2014/10/09/0470cb5517ab46d998f9fa0e45e70e44.jpg',0,'2014-10-09 08:47:13','2014/10/09/0470cb5517ab46d998f9fa0e45e70e44.jpg',NULL),(112,9,NULL,'/2014/10/09/5978e0e42b193578a7404d6e9c72c913.jpg',0,'2014-10-09 08:49:15','2014/10/09/5978e0e42b193578a7404d6e9c72c913.jpg',NULL),(113,9,NULL,'/2014/10/09/55f0d99a5f377e750b7aed6498370212.jpg',0,'2014-10-09 08:51:53','2014/10/09/55f0d99a5f377e750b7aed6498370212.jpg',NULL),(114,9,NULL,'/2014/10/09/39e1691d67b71c24579a951592e1397d.jpg',0,'2014-10-09 08:56:52','2014/10/09/39e1691d67b71c24579a951592e1397d.jpg',NULL),(115,9,NULL,'/2014/10/09/a84af0958dd84ca41c67a43575455ff4.jpg',0,'2014-10-09 09:24:25','2014/10/09/a84af0958dd84ca41c67a43575455ff4.jpg',NULL),(116,9,NULL,'/2014/10/09/0be5ea8c358f1f35039ac99156c9897a.jpg',0,'2014-10-09 09:26:02','2014/10/09/0be5ea8c358f1f35039ac99156c9897a.jpg',NULL),(117,9,NULL,'/2014/10/09/c4b6434fb02544f499d04be0581d2d0b.jpg',0,'2014-10-09 09:27:19','2014/10/09/c4b6434fb02544f499d04be0581d2d0b.jpg',NULL),(118,9,NULL,'/2014/10/09/a638131b0ace688f3ba57d4868a5ec49.jpg',0,'2014-10-09 09:28:35','2014/10/09/a638131b0ace688f3ba57d4868a5ec49.jpg',NULL),(119,9,NULL,'/2014/10/11/bd41ca3db07c6d91c009b91318a26ff3.jpg',0,'2014-10-11 16:05:46','2014/10/11/bd41ca3db07c6d91c009b91318a26ff3.jpg',NULL),(120,9,NULL,'/2014/10/11/f9a063b8231a42b937b0d86c1cb28893.jpg',0,'2014-10-11 19:57:13','2014/10/11/f9a063b8231a42b937b0d86c1cb28893.jpg',NULL),(121,9,NULL,'/2014/10/11/0939192d7ebea28a5a3186937a2997b1.jpg',0,'2014-10-11 20:05:43','2014/10/11/0939192d7ebea28a5a3186937a2997b1.jpg',NULL),(122,9,NULL,'/2014/10/11/cf0eaf4e2f19adb15657709c4b117e89.jpg',0,'2014-10-11 20:10:58','2014/10/11/cf0eaf4e2f19adb15657709c4b117e89.jpg',NULL),(123,8,NULL,'/2014/10/13/68e5357a33431f4414697b90ae385cc1.jpg',0,'2014-10-13 12:04:34','2014/10/13/68e5357a33431f4414697b90ae385cc1.jpg',NULL),(124,8,NULL,'/2014/10/23/61b3d85e50e2832dcf7b5be36fc85263.jpg',0,'2014-10-23 12:58:10','2014/10/23/61b3d85e50e2832dcf7b5be36fc85263.jpg',NULL),(125,8,NULL,'/2014/10/23/2ca85bbf93eae8b8f9e97754c3f6ecbe.jpg',0,'2014-10-23 12:58:10','2014/10/23/2ca85bbf93eae8b8f9e97754c3f6ecbe.jpg',NULL),(126,8,NULL,'/2014/10/23/18bd28df52db2367a394c9d45e0ddecf.jpg',0,'2014-10-23 12:58:10','2014/10/23/18bd28df52db2367a394c9d45e0ddecf.jpg',NULL),(127,8,NULL,'/2014/10/23/524bf5c495efc27d292c9383a55a6a4c.jpg',0,'2014-10-23 13:00:03','2014/10/23/524bf5c495efc27d292c9383a55a6a4c.jpg',NULL),(128,8,NULL,'/2014/10/23/6c450657e7d332de8a24cb5d8430e6e8.jpg',0,'2014-10-23 13:00:03','2014/10/23/6c450657e7d332de8a24cb5d8430e6e8.jpg',NULL),(129,8,NULL,'/2014/10/23/3f72e164da4b65e1edc68cee794e65f0.jpg',0,'2014-10-23 13:00:03','2014/10/23/3f72e164da4b65e1edc68cee794e65f0.jpg',NULL),(130,8,NULL,'/2014/10/23/a94e1bf53903e8677c0e843b303c32c1.jpg',0,'2014-10-23 13:00:03','2014/10/23/a94e1bf53903e8677c0e843b303c32c1.jpg',NULL),(131,8,NULL,'/2014/10/23/100d07548e06369376bffc8fedb90fc4.jpg',0,'2014-10-23 13:02:37','2014/10/23/100d07548e06369376bffc8fedb90fc4.jpg',NULL),(132,8,NULL,'/2014/10/23/3dc83630551a6860bd3f51069015b861.jpg',0,'2014-10-23 13:02:37','2014/10/23/3dc83630551a6860bd3f51069015b861.jpg',NULL),(133,8,NULL,'/2014/10/23/edf4d278395b78db7283698884f0db5d.jpg',0,'2014-10-23 16:38:07','2014/10/23/edf4d278395b78db7283698884f0db5d.jpg',NULL),(134,8,NULL,'/2014/10/23/ae5ff2410a6a02c359082d9964f7c915.jpg',0,'2014-10-23 16:38:07','2014/10/23/ae5ff2410a6a02c359082d9964f7c915.jpg',NULL),(135,8,NULL,'/2014/10/23/c797ed96980d012d59ec88e6bd5f2cd0.jpg',0,'2014-10-23 17:21:29','2014/10/23/c797ed96980d012d59ec88e6bd5f2cd0.jpg',NULL),(136,8,NULL,'/2014/10/24/d863e76733301fbd593cef6725870ba9.jpg',0,'2014-10-24 11:14:44','2014/10/24/d863e76733301fbd593cef6725870ba9.jpg',NULL),(137,8,NULL,'/2014/10/24/4c79d8cc8510f3025718dbef71bc9a99.jpg',0,'2014-10-24 11:14:44','2014/10/24/4c79d8cc8510f3025718dbef71bc9a99.jpg',NULL),(138,8,NULL,'/2014/10/24/9a8532826e715d2a6a8b87fea3c24cbf.jpg',0,'2014-10-24 11:14:44','2014/10/24/9a8532826e715d2a6a8b87fea3c24cbf.jpg',NULL),(139,8,NULL,'/2014/10/24/7f494c01ebd59649c2f90cf20a3288bd.jpg',0,'2014-10-24 11:14:44','2014/10/24/7f494c01ebd59649c2f90cf20a3288bd.jpg',NULL),(140,8,NULL,'/2014/10/24/aa743c0007297821a3553045003ab216.jpg',0,'2014-10-24 12:05:04','2014/10/24/aa743c0007297821a3553045003ab216.jpg',NULL),(141,8,NULL,'/2014/10/24/b05da1ea367416823bb0c88771f4b031.jpg',0,'2014-10-24 12:05:04','2014/10/24/b05da1ea367416823bb0c88771f4b031.jpg',NULL),(142,8,NULL,'/2014/10/24/592de710dab9fc4ceda72a69cee63598.jpg',0,'2014-10-24 18:06:23','2014/10/24/592de710dab9fc4ceda72a69cee63598.jpg',NULL),(143,8,NULL,'/2014/10/24/0091bb4a4ada007a250c9eddc737eabc.jpg',0,'2014-10-24 18:13:39','2014/10/24/0091bb4a4ada007a250c9eddc737eabc.jpg',NULL),(144,8,NULL,'/2014/10/24/ab28d5a0bb554d71983c36c960bf28bf.jpg',0,'2014-10-24 18:13:39','2014/10/24/ab28d5a0bb554d71983c36c960bf28bf.jpg',NULL),(145,8,NULL,'/2014/10/25/8d4b9b836509d95a1426621016603b4e.jpg',0,'2014-10-25 07:53:22','2014/10/25/8d4b9b836509d95a1426621016603b4e.jpg',NULL),(146,8,NULL,'/2014/10/25/73ffbd6e7a240217b222e51142fafb42.jpg',0,'2014-10-25 07:53:22','2014/10/25/73ffbd6e7a240217b222e51142fafb42.jpg',NULL),(147,8,NULL,'/2014/10/25/3030b2bdc6ce2684c091a3e8afd267a1.jpg',0,'2014-10-25 07:53:22','2014/10/25/3030b2bdc6ce2684c091a3e8afd267a1.jpg',NULL),(148,8,NULL,'/2014/10/25/c68585e25e630d456ebf1cbc390fd4cb.jpg',0,'2014-10-25 07:53:22','2014/10/25/c68585e25e630d456ebf1cbc390fd4cb.jpg',NULL),(149,8,NULL,'/2014/10/25/f78d5cb68a4131c0ad8b20b320c76900.jpg',0,'2014-10-25 07:53:39','2014/10/25/f78d5cb68a4131c0ad8b20b320c76900.jpg',NULL),(150,8,NULL,'/2014/10/25/2fa44de3fc8754c230a6d520690b7e31.jpg',0,'2014-10-25 07:53:39','2014/10/25/2fa44de3fc8754c230a6d520690b7e31.jpg',NULL),(151,8,NULL,'/2014/10/25/bf6bba38a5c7a2f1197fde0af77e9349.jpg',0,'2014-10-25 07:53:39','2014/10/25/bf6bba38a5c7a2f1197fde0af77e9349.jpg',NULL),(152,8,NULL,'/2014/10/25/2d23704a31426e5a7290a7d3f00b1ccf.jpg',0,'2014-10-25 07:53:39','2014/10/25/2d23704a31426e5a7290a7d3f00b1ccf.jpg',NULL),(153,8,NULL,'/2014/10/25/56dc10733cc43cf750fbe87bc44fad55.jpg',0,'2014-10-25 07:55:30','2014/10/25/56dc10733cc43cf750fbe87bc44fad55.jpg',NULL),(154,8,NULL,'/2014/10/25/87ee1bfbb56ea45a49f892642a8ccc8e.jpg',0,'2014-10-25 09:54:34','2014/10/25/87ee1bfbb56ea45a49f892642a8ccc8e.jpg',NULL),(155,8,NULL,'/2014/10/25/8c5872581df41c96ff28fc61d756033b.jpg',0,'2014-10-25 10:02:28','2014/10/25/8c5872581df41c96ff28fc61d756033b.jpg',NULL),(156,9,NULL,'/2014/10/25/3278e196bfe833d57c9b3bf6d5d50e29.jpg',0,'2014-10-25 19:52:08','2014/10/25/3278e196bfe833d57c9b3bf6d5d50e29.jpg',NULL),(157,9,NULL,'/2014/10/25/7b6b4b1aa019ad80820faa111b012d5f.jpg',0,'2014-10-25 19:56:41','2014/10/25/7b6b4b1aa019ad80820faa111b012d5f.jpg',NULL),(158,8,NULL,'/2014/10/26/03a0e14a49bd58b26613dcb68173b2fb.jpg',0,'2014-10-26 12:02:42','2014/10/26/03a0e14a49bd58b26613dcb68173b2fb.jpg',NULL),(159,8,NULL,'/2014/10/26/6df87ef9a489e9ed6627b17b1a3d1280.jpg',0,'2014-10-26 12:02:42','2014/10/26/6df87ef9a489e9ed6627b17b1a3d1280.jpg',NULL),(160,8,NULL,'/2014/10/26/4caaccc8567c491d8c060a832d94c413.jpg',0,'2014-10-26 12:02:42','2014/10/26/4caaccc8567c491d8c060a832d94c413.jpg',NULL),(161,8,NULL,'/2014/10/26/fb5dc92aa0a410fb0637aa3a8a11d720.jpg',0,'2014-10-26 12:10:18','2014/10/26/fb5dc92aa0a410fb0637aa3a8a11d720.jpg',NULL),(162,8,NULL,'/2014/10/26/735cbac9de8d18a7e86329e1197c3c49.jpg',0,'2014-10-26 12:22:04','2014/10/26/735cbac9de8d18a7e86329e1197c3c49.jpg',NULL),(163,9,NULL,'/2014/10/27/770a716449f1cc4ea12aa033ff65e1fd.jpeg',0,'2014-10-27 07:58:34','2014/10/27/770a716449f1cc4ea12aa033ff65e1fd.jpeg',NULL),(164,9,NULL,'/2014/10/27/50c3b78ddc9a752e534c8889c65a2246.jpg',0,'2014-10-27 08:12:36','2014/10/27/50c3b78ddc9a752e534c8889c65a2246.jpg',NULL),(165,8,NULL,'/2014/10/27/325f08efe7c02b4fa20a6f0c6dd21735.jpg',0,'2014-10-27 13:24:57','2014/10/27/325f08efe7c02b4fa20a6f0c6dd21735.jpg',NULL),(166,8,NULL,'/2014/10/27/ca2b18529eafe8cadd53d3f1effb8219.jpg',0,'2014-10-27 13:24:57','2014/10/27/ca2b18529eafe8cadd53d3f1effb8219.jpg',NULL),(167,8,NULL,'/2014/10/27/76a7aa8ec481b4832b0c83a24bb84e2b.jpg',0,'2014-10-27 13:24:57','2014/10/27/76a7aa8ec481b4832b0c83a24bb84e2b.jpg',NULL),(168,8,NULL,'/2014/10/27/a82bac795a81b7228ada26d4bd41a6b0.jpg',0,'2014-10-27 13:24:57','2014/10/27/a82bac795a81b7228ada26d4bd41a6b0.jpg',NULL),(169,8,NULL,'/2014/10/27/d79a5b885ad2cba79e93c74cd762b93b.jpg',0,'2014-10-27 13:24:57','2014/10/27/d79a5b885ad2cba79e93c74cd762b93b.jpg',NULL),(170,8,NULL,'/2014/10/27/29f8aa8698f8faa62bb31cd05fa3ad44.jpg',0,'2014-10-27 13:24:57','2014/10/27/29f8aa8698f8faa62bb31cd05fa3ad44.jpg',NULL),(171,8,NULL,'/2014/10/27/25262c405539247c70d0cb6779a3644d.jpg',0,'2014-10-27 13:24:57','2014/10/27/25262c405539247c70d0cb6779a3644d.jpg',NULL),(172,8,NULL,'/2014/10/27/005c4725b391c8391f0f920ab3435e11.jpg',0,'2014-10-27 16:22:31','2014/10/27/005c4725b391c8391f0f920ab3435e11.jpg',NULL),(173,8,NULL,'/2014/10/27/a9b346b877d00e896cf023c72b118855.jpg',0,'2014-10-27 16:32:08','2014/10/27/a9b346b877d00e896cf023c72b118855.jpg',NULL),(174,8,NULL,'/2014/10/27/6e424e783c7b23ff34d457fc6a2378fe.jpg',0,'2014-10-27 16:42:59','2014/10/27/6e424e783c7b23ff34d457fc6a2378fe.jpg',NULL),(175,8,NULL,'/2014/10/27/6fdf06b56bceb5432ad7c2eff53057cc.jpg',0,'2014-10-27 16:42:59','2014/10/27/6fdf06b56bceb5432ad7c2eff53057cc.jpg',NULL),(176,8,NULL,'/2014/10/27/85434600da2353aa888353bc74a385b4.jpg',0,'2014-10-27 16:42:59','2014/10/27/85434600da2353aa888353bc74a385b4.jpg',NULL),(177,8,NULL,'/2014/10/27/ddaf1154fadf27e14586730872588178.jpg',0,'2014-10-27 16:42:59','2014/10/27/ddaf1154fadf27e14586730872588178.jpg',NULL),(178,8,NULL,'/2014/10/27/57ba3e8f6842e8a44ee81b318da56630.jpg',0,'2014-10-27 16:42:59','2014/10/27/57ba3e8f6842e8a44ee81b318da56630.jpg',NULL),(179,8,NULL,'/2014/10/27/ce3042e00ea8dd6382407e3787ab7830.jpg',0,'2014-10-27 16:51:54','2014/10/27/ce3042e00ea8dd6382407e3787ab7830.jpg',NULL),(180,8,NULL,'/2014/10/27/03d063146b8f7857f8d2102d95876cc9.jpg',0,'2014-10-27 16:51:54','2014/10/27/03d063146b8f7857f8d2102d95876cc9.jpg',NULL),(181,8,NULL,'/2014/10/27/55b5df0cdd1b82996ca94ced30606b53.jpg',0,'2014-10-27 17:00:58','2014/10/27/55b5df0cdd1b82996ca94ced30606b53.jpg',NULL),(182,8,NULL,'/2014/10/27/e9ffe4cdf30be408ffc38ea82e4c51ce.jpg',0,'2014-10-27 17:05:22','2014/10/27/e9ffe4cdf30be408ffc38ea82e4c51ce.jpg',NULL),(183,8,NULL,'/2014/10/27/9b9407d9b3475eba1c8e5316a38e2be3.jpg',0,'2014-10-27 17:12:25','2014/10/27/9b9407d9b3475eba1c8e5316a38e2be3.jpg',NULL),(184,8,NULL,'/2014/10/27/fa3d525fbc526c481e579fa0274c5c21.jpg',0,'2014-10-27 17:12:25','2014/10/27/fa3d525fbc526c481e579fa0274c5c21.jpg',NULL),(185,8,NULL,'/2014/10/27/6d198da4a4c2ba919c5b0884dbc510b7.jpg',0,'2014-10-27 17:18:06','2014/10/27/6d198da4a4c2ba919c5b0884dbc510b7.jpg',NULL),(186,8,NULL,'/2014/10/27/a2213b255fc050d2020ad839d2e2f407.jpg',0,'2014-10-27 17:18:06','2014/10/27/a2213b255fc050d2020ad839d2e2f407.jpg',NULL),(187,8,NULL,'/2014/10/27/1dbf889a924e0a83c68cd304fb0d2ae6.jpg',0,'2014-10-27 17:18:06','2014/10/27/1dbf889a924e0a83c68cd304fb0d2ae6.jpg',NULL),(188,8,NULL,'/2014/10/27/de8b59e8aa6985f2d05da4ad001547ae.jpg',0,'2014-10-27 17:25:45','2014/10/27/de8b59e8aa6985f2d05da4ad001547ae.jpg',NULL),(189,8,NULL,'/2014/10/27/18bdbc9b733b9ddc02e83089aa641f9f.jpg',0,'2014-10-27 17:25:45','2014/10/27/18bdbc9b733b9ddc02e83089aa641f9f.jpg',NULL),(190,8,NULL,'/2014/10/27/59cd5c66a1d66173f83e0468171c5811.jpg',0,'2014-10-27 17:25:45','2014/10/27/59cd5c66a1d66173f83e0468171c5811.jpg',NULL),(191,8,NULL,'/2014/10/27/04d9cdfddf62467572e1f8e3aab3b8e3.jpg',0,'2014-10-27 17:33:25','2014/10/27/04d9cdfddf62467572e1f8e3aab3b8e3.jpg',NULL),(192,8,NULL,'/2014/10/27/0a7663f7a1b1496032e8fa616a468bfb.jpg',0,'2014-10-27 17:51:48','2014/10/27/0a7663f7a1b1496032e8fa616a468bfb.jpg',NULL),(193,8,NULL,'/2014/10/27/5f074cc3cbcc83dc28e99fae4c313932.jpg',0,'2014-10-27 17:58:12','2014/10/27/5f074cc3cbcc83dc28e99fae4c313932.jpg',NULL),(194,8,NULL,'/2014/10/27/ebe45f611c3998ac2fafb19f10e0331a.jpg',0,'2014-10-27 17:59:57','2014/10/27/ebe45f611c3998ac2fafb19f10e0331a.jpg',NULL),(195,8,NULL,'/2014/10/27/e2439d7c3246f0bae78cf8ea65417631.jpg',0,'2014-10-27 18:03:21','2014/10/27/e2439d7c3246f0bae78cf8ea65417631.jpg',NULL),(196,8,NULL,'/2014/10/27/03c811f7e0f3ee1d8b5495865e6221c9.jpg',0,'2014-10-27 18:03:41','2014/10/27/03c811f7e0f3ee1d8b5495865e6221c9.jpg',NULL),(197,8,NULL,'/2014/10/27/3724c5985440ad368453806210c6f08a.jpg',0,'2014-10-27 18:04:10','2014/10/27/3724c5985440ad368453806210c6f08a.jpg',NULL),(198,8,NULL,'/2014/10/27/1a62d9e992b032fdbf6c161669ae8a1a.jpg',0,'2014-10-27 18:09:41','2014/10/27/1a62d9e992b032fdbf6c161669ae8a1a.jpg',NULL),(199,8,NULL,'/2014/10/27/3129ae26f56e42866f1e63a0321aa0ee.jpg',0,'2014-10-27 18:18:50','2014/10/27/3129ae26f56e42866f1e63a0321aa0ee.jpg',NULL),(200,8,NULL,'/2014/10/27/72941698f7f9644dae9184ee805e005b.jpg',0,'2014-10-27 18:21:47','2014/10/27/72941698f7f9644dae9184ee805e005b.jpg',NULL),(201,8,NULL,'/2014/10/27/db29aa71d13572c1d4fc815c7ba1f022.jpg',0,'2014-10-27 18:24:46','2014/10/27/db29aa71d13572c1d4fc815c7ba1f022.jpg',NULL),(202,8,NULL,'/2014/10/27/4de72ac9e53b94e5c8cb923ff01c9c98.jpg',0,'2014-10-27 22:19:38','2014/10/27/4de72ac9e53b94e5c8cb923ff01c9c98.jpg',NULL),(203,8,NULL,'/2014/10/27/1dd670a52773cac397e3fa7a906a290b.jpg',0,'2014-10-27 22:19:38','2014/10/27/1dd670a52773cac397e3fa7a906a290b.jpg',NULL),(204,8,NULL,'/2014/10/27/1d941f176a32f501606b598c34b68af0.jpg',0,'2014-10-27 22:51:11','2014/10/27/1d941f176a32f501606b598c34b68af0.jpg',NULL),(205,8,NULL,'/2014/10/27/f02ef7badadf9250769cfc29ca9d0620.jpg',0,'2014-10-27 22:59:05','2014/10/27/f02ef7badadf9250769cfc29ca9d0620.jpg',NULL),(206,8,NULL,'/2014/10/27/0dd62da3300e24edbde26a2c08bb1089.jpg',0,'2014-10-27 23:08:04','2014/10/27/0dd62da3300e24edbde26a2c08bb1089.jpg',NULL),(207,8,NULL,'/2014/10/27/afbc5bcd5baa7eef7d81248410fe7d7c.jpg',0,'2014-10-27 23:23:30','2014/10/27/afbc5bcd5baa7eef7d81248410fe7d7c.jpg',NULL),(208,8,NULL,'/2014/10/27/df781d26f47155e342cccde6e2165bde.jpg',0,'2014-10-27 23:37:22','2014/10/27/df781d26f47155e342cccde6e2165bde.jpg',NULL),(209,8,NULL,'/2014/10/27/c71c654f1216467c4313e83fa71a32e3.jpg',0,'2014-10-27 23:48:51','2014/10/27/c71c654f1216467c4313e83fa71a32e3.jpg',NULL),(210,8,NULL,'/2014/10/27/b5fbbe460f01b28181658972c34c38d6.jpg',0,'2014-10-27 23:51:51','2014/10/27/b5fbbe460f01b28181658972c34c38d6.jpg',NULL),(211,8,NULL,'/2014/10/27/dcc72aab41a1cdf9a5478368324f39ce.jpg',0,'2014-10-27 23:55:16','2014/10/27/dcc72aab41a1cdf9a5478368324f39ce.jpg',NULL),(212,8,NULL,'/2014/10/28/8bad5596dd552091ea10f8f96ed6d407.jpg',0,'2014-10-28 00:00:48','2014/10/28/8bad5596dd552091ea10f8f96ed6d407.jpg',NULL),(213,8,NULL,'/2014/10/28/9ec5a15690a6014f93f128fc3dd3ca8b.jpg',0,'2014-10-28 00:05:33','2014/10/28/9ec5a15690a6014f93f128fc3dd3ca8b.jpg',NULL),(214,8,NULL,'/2014/10/28/e07f528d07e6fd9c0b67ad494ce19302.jpg',0,'2014-10-28 00:05:34','2014/10/28/e07f528d07e6fd9c0b67ad494ce19302.jpg',NULL),(215,8,NULL,'/2014/10/28/3b7001928d31d05d21f1f26cb5507a90.jpg',0,'2014-10-28 00:10:28','2014/10/28/3b7001928d31d05d21f1f26cb5507a90.jpg',NULL),(216,8,NULL,'/2014/10/28/42f6e1eb939e7ce03dbc57fb319c2a0a.jpg',0,'2014-10-28 09:46:17','2014/10/28/42f6e1eb939e7ce03dbc57fb319c2a0a.jpg',NULL),(217,8,NULL,'/2014/10/28/2ca62f3605cd8d0d7de6a223b9c525e5.jpg',0,'2014-10-28 09:46:17','2014/10/28/2ca62f3605cd8d0d7de6a223b9c525e5.jpg',NULL),(218,8,NULL,'/2014/10/28/77147fca98e82922c6a36c4449af79b8.jpg',0,'2014-10-28 09:46:17','2014/10/28/77147fca98e82922c6a36c4449af79b8.jpg',NULL),(219,8,NULL,'/2014/10/28/7f617888f9697a3a1d427fc7bebfb12d.JPG',0,'2014-10-28 13:13:14','2014/10/28/7f617888f9697a3a1d427fc7bebfb12d.JPG',NULL),(220,8,NULL,'/2014/10/28/69836c789ef3e0e2569bd8e7ade65dbe.jpg',0,'2014-10-28 16:47:47','2014/10/28/69836c789ef3e0e2569bd8e7ade65dbe.jpg',NULL),(221,8,NULL,'/2014/10/28/4a8bb8b934149f86c0d0dc00ffbdd09b.jpg',0,'2014-10-28 21:53:53','2014/10/28/4a8bb8b934149f86c0d0dc00ffbdd09b.jpg',NULL),(222,8,NULL,'/2014/10/29/5337e5ed0b256ea8cce3e6fd4cadb6da.jpg',0,'2014-10-29 23:41:10','2014/10/29/5337e5ed0b256ea8cce3e6fd4cadb6da.jpg',NULL),(223,8,NULL,'/2014/10/29/123d6f170251c368ae5444c71882a21e.JPG',0,'2014-10-29 23:48:30','2014/10/29/123d6f170251c368ae5444c71882a21e.JPG',NULL),(224,8,NULL,'/2014/10/30/b10adf0dbde1bcbe318393b41103da67.jpg',0,'2014-10-30 00:23:00','2014/10/30/b10adf0dbde1bcbe318393b41103da67.jpg',NULL),(225,8,NULL,'/2014/10/30/37a291ed4bc65f2d9bd8fc9fcc465dbb.jpg',0,'2014-10-30 00:24:13','2014/10/30/37a291ed4bc65f2d9bd8fc9fcc465dbb.jpg',NULL),(226,9,NULL,'/2014/10/31/c7f4b5cfd8225d22d97a74b93c507bba.jpg',0,'2014-10-31 15:24:16','2014/10/31/c7f4b5cfd8225d22d97a74b93c507bba.jpg',NULL),(227,14,NULL,'/2014/11/17/227aef62a13f710776330f6fd37704c1.jpg',0,'2014-11-17 12:07:49','2014/11/17/227aef62a13f710776330f6fd37704c1.jpg',NULL),(228,9,NULL,'/2014/11/18/772c864348a73a188819822b810a9c17.jpg',0,'2014-11-18 14:11:26','2014/11/18/772c864348a73a188819822b810a9c17.jpg',NULL),(229,9,NULL,'/2014/11/18/d599dcbe15c5656e9a777662cc845a8e.jpg',0,'2014-11-18 14:14:28','2014/11/18/d599dcbe15c5656e9a777662cc845a8e.jpg',NULL),(230,9,NULL,'/2014/11/18/6eb53dc5a555a70dfa43231f27b2ca9c.jpg',0,'2014-11-18 14:14:28','2014/11/18/6eb53dc5a555a70dfa43231f27b2ca9c.jpg',NULL),(231,9,NULL,'/2014/11/18/265c8ce59f6892b0e30abdad9792df80.jpg',0,'2014-11-18 14:38:19','2014/11/18/265c8ce59f6892b0e30abdad9792df80.jpg',NULL),(232,14,NULL,'/2014/11/18/5802fc753504cd29f2d78f3527625b7c.jpg',0,'2014-11-18 15:37:56','2014/11/18/5802fc753504cd29f2d78f3527625b7c.jpg',NULL),(233,14,NULL,'/2014/11/18/9b95a979392811db26be0ec632489c52.jpg',0,'2014-11-18 15:37:56','2014/11/18/9b95a979392811db26be0ec632489c52.jpg',NULL),(234,14,NULL,'/2014/11/18/b6d7847d98bfec3dbfd653ff46361e23.jpg',0,'2014-11-18 15:42:28','2014/11/18/b6d7847d98bfec3dbfd653ff46361e23.jpg',NULL),(235,14,NULL,'/2014/11/18/c9eeb00f4a166e267067b91956424015.jpg',0,'2014-11-18 15:42:28','2014/11/18/c9eeb00f4a166e267067b91956424015.jpg',NULL),(236,14,NULL,'/2014/11/18/1c9e78b8b5960e79992759efd81cbec5.jpg',0,'2014-11-18 15:45:36','2014/11/18/1c9e78b8b5960e79992759efd81cbec5.jpg',NULL),(237,9,NULL,'/2014/11/18/f9804ff1a2e0c2908ad9b4b385560e7a.jpg',0,'2014-11-18 15:48:59','2014/11/18/f9804ff1a2e0c2908ad9b4b385560e7a.jpg',NULL),(238,9,NULL,'/2014/11/18/91a4725715ee7e5a56cb72d0da5e9530.jpg',0,'2014-11-18 15:51:26','2014/11/18/91a4725715ee7e5a56cb72d0da5e9530.jpg',NULL),(239,9,NULL,'/2014/11/18/7a24ad9f1837e1d0f6e1569acaa690e8.jpg',0,'2014-11-18 15:51:26','2014/11/18/7a24ad9f1837e1d0f6e1569acaa690e8.jpg',NULL),(240,9,NULL,'/2014/11/18/cdd4a10091358686eb0a4b41354bbafd.jpg',0,'2014-11-18 16:06:37','2014/11/18/cdd4a10091358686eb0a4b41354bbafd.jpg',NULL),(241,9,NULL,'/2014/11/18/24f8bcc0ec9213618d9cfedbc5970fa1.jpg',0,'2014-11-18 16:10:22','2014/11/18/24f8bcc0ec9213618d9cfedbc5970fa1.jpg',NULL),(242,9,NULL,'/2014/11/18/aee1dda231f4d3ada3aebc47f54eba9e.jpg',0,'2014-11-18 16:10:22','2014/11/18/aee1dda231f4d3ada3aebc47f54eba9e.jpg',NULL),(243,9,NULL,'/2014/11/18/81df784c01db0deccd023346a9ee08ae.jpg',0,'2014-11-18 16:10:22','2014/11/18/81df784c01db0deccd023346a9ee08ae.jpg',NULL),(244,9,NULL,'/2014/11/18/7ff79532c4d1c5e5c9f3d31a1b68f533.jpg',0,'2014-11-18 16:10:22','2014/11/18/7ff79532c4d1c5e5c9f3d31a1b68f533.jpg',NULL),(245,14,NULL,'/2014/11/18/1a026a7f5487aa9094f63020f539ad96.jpg',0,'2014-11-18 17:39:21','2014/11/18/1a026a7f5487aa9094f63020f539ad96.jpg',NULL),(246,14,NULL,'/2014/11/18/0ec08f7f7a3716ec1e1ed88b8db1e48c.jpg',0,'2014-11-18 17:39:21','2014/11/18/0ec08f7f7a3716ec1e1ed88b8db1e48c.jpg',NULL),(247,14,NULL,'/2014/11/18/9b7af08549d7e405208c988c5e0dc925.jpg',0,'2014-11-18 17:41:07','2014/11/18/9b7af08549d7e405208c988c5e0dc925.jpg',NULL),(248,14,NULL,'/2014/11/18/b85ea980e55345c91c299d7558f4af79.jpg',0,'2014-11-18 17:56:44','2014/11/18/b85ea980e55345c91c299d7558f4af79.jpg',NULL),(249,14,NULL,'/2014/11/18/dbac3442578b128126613b6580dc0d7d.jpg',0,'2014-11-18 17:58:59','2014/11/18/dbac3442578b128126613b6580dc0d7d.jpg',NULL),(250,14,NULL,'/2014/11/18/65c619142cf353bf8ab0beedbd797d37.jpg',0,'2014-11-18 18:22:05','2014/11/18/65c619142cf353bf8ab0beedbd797d37.jpg',NULL),(251,14,NULL,'/2014/11/18/e460ec90eeded34b9c0f52d8820d4266.jpg',0,'2014-11-18 18:22:05','2014/11/18/e460ec90eeded34b9c0f52d8820d4266.jpg',NULL),(252,14,NULL,'/2014/11/18/ccd4e349ae81f2c899de380eeacf6e76.jpg',0,'2014-11-18 18:30:40','2014/11/18/ccd4e349ae81f2c899de380eeacf6e76.jpg',NULL),(253,14,NULL,'/2014/11/18/b1f29a468703e5043c54dc1422d3433b.jpg',0,'2014-11-18 18:34:18','2014/11/18/b1f29a468703e5043c54dc1422d3433b.jpg',NULL),(254,14,NULL,'/2014/11/18/e273a86b04d46c78e293bc74cfe1a401.jpg',0,'2014-11-18 18:34:18','2014/11/18/e273a86b04d46c78e293bc74cfe1a401.jpg',NULL),(255,14,NULL,'/2014/11/18/1bfb66cf93c0edba35426ba4ce773a21.jpg',0,'2014-11-18 18:34:18','2014/11/18/1bfb66cf93c0edba35426ba4ce773a21.jpg',NULL),(256,14,NULL,'/2014/11/18/f5c50b0c54568d99d88deb94faa5c91d.jpg',0,'2014-11-18 18:35:59','2014/11/18/f5c50b0c54568d99d88deb94faa5c91d.jpg',NULL),(257,14,NULL,'/2014/12/12/463095b92a0fe0660fd20898c1463778.jpg',0,'2014-12-12 17:15:14','2014/12/12/463095b92a0fe0660fd20898c1463778.jpg',NULL),(258,14,NULL,'/2014/12/12/db0f1de9a964cd9eca0c8df861414adb.jpg',0,'2014-12-12 17:23:39','2014/12/12/db0f1de9a964cd9eca0c8df861414adb.jpg',NULL);

/*Table structure for table `t_hot` */

DROP TABLE IF EXISTS `t_hot`;

CREATE TABLE `t_hot` (
  `id` int(11) NOT NULL AUTO_INCREMENT,
  `fk_product` int(11) DEFAULT NULL,
  `sort` tinyint(4) DEFAULT NULL,
  PRIMARY KEY (`id`)
) ENGINE=InnoDB AUTO_INCREMENT=85 DEFAULT CHARSET=utf8 COLLATE=utf8_unicode_ci;

/*Data for the table `t_hot` */

insert  into `t_hot`(`id`,`fk_product`,`sort`) values (79,59,NULL),(80,60,NULL),(81,61,NULL),(82,62,NULL),(83,63,NULL),(84,64,NULL);

/*Table structure for table `t_invoice` */

DROP TABLE IF EXISTS `t_invoice`;

CREATE TABLE `t_invoice` (
  `id` int(11) NOT NULL AUTO_INCREMENT,
  `fk_order` int(11) DEFAULT NULL,
  `fk_customer` int(11) DEFAULT NULL,
  `date_created` datetime DEFAULT NULL,
  `date_paid` datetime DEFAULT NULL,
  `invoice_status` enum('unpaid','paid','cancelled') COLLATE utf8_unicode_ci DEFAULT NULL,
  `fk_contact` int(11) DEFAULT NULL,
  `email_status` tinyint(4) DEFAULT NULL,
  `comment` text COLLATE utf8_unicode_ci,
  PRIMARY KEY (`id`)
) ENGINE=InnoDB DEFAULT CHARSET=utf8 COLLATE=utf8_unicode_ci;

/*Data for the table `t_invoice` */

/*Table structure for table `t_invoice_detail` */

DROP TABLE IF EXISTS `t_invoice_detail`;

CREATE TABLE `t_invoice_detail` (
  `id` int(11) NOT NULL AUTO_INCREMENT,
  `fk_invoice` int(11) DEFAULT NULL,
  `fk_product` int(11) DEFAULT NULL,
  `fk_order` int(11) DEFAULT NULL,
  `quantity` double DEFAULT NULL,
  PRIMARY KEY (`id`)
) ENGINE=InnoDB DEFAULT CHARSET=utf8 COLLATE=utf8_unicode_ci;

/*Data for the table `t_invoice_detail` */

/*Table structure for table `t_list` */

DROP TABLE IF EXISTS `t_list`;

CREATE TABLE `t_list` (
  `id` int(11) NOT NULL AUTO_INCREMENT,
  `fk_listtype` int(11) DEFAULT NULL,
  `name` varchar(255) COLLATE utf8_unicode_ci DEFAULT NULL,
  `codename` varchar(50) COLLATE utf8_unicode_ci DEFAULT NULL,
  `sort` int(11) DEFAULT NULL,
  PRIMARY KEY (`id`)
) ENGINE=InnoDB AUTO_INCREMENT=31 DEFAULT CHARSET=utf8 COLLATE=utf8_unicode_ci;

/*Data for the table `t_list` */

insert  into `t_list`(`id`,`fk_listtype`,`name`,`codename`,`sort`) values (1,1,'glass','glass',1),(2,1,'pottery','pottery',2),(3,1,'wooden','wooden',3),(4,1,'plastic','plastic',4),(5,1,'other','other',5),(6,2,'lover','lover',1),(7,2,'parent','parent',2),(8,2,'family','family',3),(9,2,'friend','friend',4),(10,2,'children','children',5),(11,3,'birthday','birthday',1),(12,3,'new year','newyear',2),(13,3,'noel','noel',3),(14,4,'USD','USD',1),(15,4,'VND','VND',2),(16,5,'Vietnam','VN',1),(17,5,'US','US',2),(18,5,'Korea','KR',3),(19,6,'express','express',1),(20,6,'in3day','in3day',2),(21,7,'cash','cash',1),(22,7,'bank transfer','transfer',2),(23,7,'bank check','check',3),(24,8,'SKU','SKU',1),(25,8,'UPC','UPC',2),(26,9,'Kg','Kg',1),(27,9,'Liter','Liter',2),(28,12,'Vietnam','VN',0),(29,12,'Korea','KR',NULL),(30,12,'China','CN',NULL);

/*Table structure for table `t_listtype` */

DROP TABLE IF EXISTS `t_listtype`;

CREATE TABLE `t_listtype` (
  `id` int(11) NOT NULL AUTO_INCREMENT,
  `name` varchar(255) COLLATE utf8_unicode_ci DEFAULT NULL,
  `codename` varchar(50) COLLATE utf8_unicode_ci DEFAULT NULL,
  `status` tinyint(4) DEFAULT '1',
  PRIMARY KEY (`id`)
) ENGINE=InnoDB AUTO_INCREMENT=13 DEFAULT CHARSET=utf8 COLLATE=utf8_unicode_ci;

/*Data for the table `t_listtype` */

insert  into `t_listtype`(`id`,`name`,`codename`,`status`) values (1,'material','material',1),(2,'gift target','gift_target',1),(3,'occasion','occasion',1),(4,'currency','currency',1),(5,'source','source',1),(7,'payment method','payment_method',1),(8,'storage code type','storage_code_type',1),(9,'weight unit','weight_unit',1),(12,'country','country',1);

/*Table structure for table `t_location` */

DROP TABLE IF EXISTS `t_location`;

CREATE TABLE `t_location` (
  `id` int(11) NOT NULL AUTO_INCREMENT,
  `name` varchar(255) COLLATE utf8_unicode_ci DEFAULT NULL,
  `level` enum('province','city') COLLATE utf8_unicode_ci DEFAULT NULL,
  `fk_parent` int(11) DEFAULT NULL,
  `codename` varchar(10) COLLATE utf8_unicode_ci DEFAULT NULL,
  PRIMARY KEY (`id`)
) ENGINE=InnoDB AUTO_INCREMENT=64 DEFAULT CHARSET=utf8 COLLATE=utf8_unicode_ci;

/*Data for the table `t_location` */

insert  into `t_location`(`id`,`name`,`level`,`fk_parent`,`codename`) values (1,'Ha Noi','province',NULL,'101'),(2,'Hai Duong','province',NULL,'130'),(3,'Ha Giang','province',NULL,'102'),(4,'Cao Bang','province',NULL,'104'),(5,'Bac Kan','province',NULL,'106'),(6,'Tuyen Quang','province',NULL,'108'),(7,'Lao Cai','province',NULL,'110'),(8,'Dien Bien','province',NULL,'111'),(9,'Lai Chau','province',NULL,'112'),(10,'Son La','province',NULL,'114'),(11,'Yen Bai','province',NULL,'115'),(12,'Hoa Binh','province',NULL,'117'),(13,'Thai Nguyen','province',NULL,'119'),(14,'Lang Son','province',NULL,'120'),(15,'Quang Ninh','province',NULL,'122'),(16,'Bac Giang','province',NULL,'124'),(17,'Phu Tho','province',NULL,'125'),(18,'Vinh Phuc','province',NULL,'126'),(19,'Bac Ninh','province',NULL,'127'),(20,'Hai Phong','province',NULL,'131'),(21,'Hung Yen','province',NULL,'133'),(22,'Thai Binh','province',NULL,'134'),(23,'Ha Nam','province',NULL,'135'),(24,'Nam Dinh','province',NULL,'136'),(25,'Ninh Binh','province',NULL,'137'),(26,'Thanh Hoa','province',NULL,'238'),(27,'Nghe An','province',NULL,'240'),(28,'Ha Tinh','province',NULL,'242'),(29,'Quang Binh','province',NULL,'244'),(30,'Quang Tri','province',NULL,'245'),(31,'Thua Thien Hue','province',NULL,'246'),(32,'Da Nang','province',NULL,'248'),(33,'Quang Nam','province',NULL,'249'),(34,'Quang Ngai','province',NULL,'251'),(35,'Binh Dinh','province',NULL,'252'),(36,'Phu Yen','province',NULL,'254'),(37,'Khanh Hoa','province',NULL,'256'),(38,'Ninh Thuan','province',NULL,'258'),(39,'Binh Thuan','province',NULL,'260'),(40,'Kom Tum','province',NULL,'262'),(41,'Gia Lai','province',NULL,'264'),(42,'Dak Lak','province',NULL,'266'),(43,'Dak Nong','province',NULL,'267'),(44,'Lam Dong','province',NULL,'268'),(45,'Binh Phuoc','province',NULL,'270'),(46,'Tay Ninh','province',NULL,'272'),(47,'Binh Duong','province',NULL,'274'),(48,'Dong Nai','province',NULL,'275'),(49,'Ba Ria - Vung Tau','province',NULL,'277'),(50,'Ho Chi Minh city','province',NULL,'379'),(51,'Long An','province',NULL,'380'),(52,'Tien Giang','province',NULL,'382'),(53,'Ben Tre','province',NULL,'383'),(54,'Tra Vinh','province',NULL,'384'),(55,'Vinh Long','province',NULL,'386'),(56,'Dong Thap','province',NULL,'387'),(57,'An Giang','province',NULL,'389'),(58,'Kien Giang','province',NULL,'391'),(59,'Can Tho','province',NULL,'392'),(60,'Hau Giang','province',NULL,'393'),(61,'Soc Trang','province',NULL,'394'),(62,'Bac Lieu','province',NULL,'395'),(63,'Ca Mau','province',NULL,'396');

/*Table structure for table `t_order` */

DROP TABLE IF EXISTS `t_order`;

CREATE TABLE `t_order` (
  `id` int(11) NOT NULL AUTO_INCREMENT,
  `uid` varchar(50) COLLATE utf8_unicode_ci DEFAULT NULL,
  `fk_customer` int(11) DEFAULT NULL,
  `subtotal` double DEFAULT NULL,
  `fk_order_status_history` int(11) DEFAULT NULL,
  `comment` text COLLATE utf8_unicode_ci,
  `bonus` double DEFAULT NULL,
  `fk_shipping_method` int(11) DEFAULT NULL,
  `fk_payment_method` int(11) DEFAULT NULL,
  `fk_currency` int(11) DEFAULT NULL,
  `date_created` datetime DEFAULT NULL,
  `shipping_fee` double DEFAULT NULL,
  `discount` double DEFAULT NULL,
  `fk_shipping_address` int(11) DEFAULT NULL,
  `fk_billing_address` int(11) DEFAULT NULL,
  PRIMARY KEY (`id`)
) ENGINE=InnoDB DEFAULT CHARSET=utf8 COLLATE=utf8_unicode_ci;

/*Data for the table `t_order` */

/*Table structure for table `t_order_evidence` */

DROP TABLE IF EXISTS `t_order_evidence`;

CREATE TABLE `t_order_evidence` (
  `id` int(11) NOT NULL AUTO_INCREMENT,
  `fk_user` int(11) DEFAULT NULL,
  `checksum` varchar(255) COLLATE utf8_unicode_ci DEFAULT NULL,
  `date_created` datetime DEFAULT NULL,
  `date_expired` datetime DEFAULT NULL,
  `unique_key` varchar(255) COLLATE utf8_unicode_ci DEFAULT NULL,
  PRIMARY KEY (`id`)
) ENGINE=InnoDB AUTO_INCREMENT=24 DEFAULT CHARSET=utf8 COLLATE=utf8_unicode_ci;

/*Data for the table `t_order_evidence` */

insert  into `t_order_evidence`(`id`,`fk_user`,`checksum`,`date_created`,`date_expired`,`unique_key`) values (1,NULL,'84ccc4745a8f1bb963cc05d28c8597f6','2014-04-06 22:24:30','2014-03-09 22:24:00','1'),(3,NULL,'84ccc4745a8f1bb963cc05d28c8597f6','2014-04-06 22:40:03','2014-04-09 22:40:00',NULL),(4,NULL,'84ccc4745a8f1bb963cc05d28c8597f6','2014-04-06 22:40:39','2014-04-09 22:40:00',NULL),(5,NULL,'7607632bc67c439199acc402cd4c802e','2014-04-19 21:42:55','2014-04-22 21:42:00','4be77891125043d8bd657531923d1441'),(6,NULL,'7607632bc67c439199acc402cd4c802e','2014-04-19 21:49:16','2014-04-22 21:49:00','5ee043daba80f7c99e50b0136825d25f'),(7,NULL,'7607632bc67c439199acc402cd4c802e','2014-04-19 21:49:58','2014-04-22 21:49:00','546e6c4a24c5ef83c8127edbe0ff0d66'),(8,NULL,'7607632bc67c439199acc402cd4c802e','2014-04-19 21:53:19','2014-04-22 21:53:00','e3a78b6b9fb231e3e0bf3f16529ed2c6'),(9,NULL,'7607632bc67c439199acc402cd4c802e','2014-04-19 21:53:40','2014-04-22 21:53:00','7c8ab24fab47bef56b79073a2f6645dc'),(10,NULL,'7607632bc67c439199acc402cd4c802e','2014-04-19 21:53:51','2014-04-22 21:53:00','785c68d9ddb3e1a51681e5f6f846f2e9'),(11,NULL,'7607632bc67c439199acc402cd4c802e','2014-04-19 21:54:00','2014-04-22 21:54:00','048dac3cfc5d83309b26a417c7aab519'),(12,NULL,'60e50e483bffa68cc32ac655e6213efe','2014-04-19 21:57:03','2014-04-22 21:57:00','bef5527441ddccade83e6d622b1b11e2'),(13,NULL,'7ada60191eef25e1b931a491ffd7bcdd','2014-04-20 14:37:07','2014-04-23 14:37:00','1339362c7a8f9d73347feb1865937ab5'),(14,NULL,'29e83ad0272b828a389ad6cba7b27aa3','2014-05-12 22:28:32','2014-05-15 22:28:00','0ff5cc1180200e6c93f4ac47f181e56b'),(15,NULL,'f4762ed99e7f5f5c69cc54530550f70d','2014-05-12 23:03:39','2014-05-15 23:03:00','32a9c780cb80722f8a14e48a3fbd91ee'),(16,NULL,'f4762ed99e7f5f5c69cc54530550f70d','2014-05-12 23:08:56','2014-05-15 23:08:00','3bda1a30477647720d198f9625f97fe2'),(17,NULL,'ca8dfbd276661dc67fe25ed1b72c4e15','2014-05-15 12:49:16','2014-05-18 12:49:00','fff07eaee6bd6de274776d9a0d730d52'),(18,NULL,'bf29aadc447503bcce0a0ef09e1c591f','2014-05-17 14:32:01','2014-05-20 14:32:00','0e7b2a18d329675005996f07ae0e03cf'),(19,NULL,'8952c2bb94b48588b6cae68d8b8a6b52','2014-05-17 21:09:32','2014-05-20 21:09:00','7e0be4f3d22ba62457984e921cdfa518'),(20,5,'91fd7653c6d634175dbc0a80b26cd174','2014-06-22 12:47:37','2014-06-25 12:47:00','b42bae90caad31bd070cf2a4e4f2857f'),(21,5,'c171789ab36b9115774a2c75d6e040cd','2014-06-24 21:43:28','2014-06-27 21:43:00','21e1961c0dda11e47e8d3c298602aa9d'),(22,NULL,'3727b59954955b509b8336d3bb205f40','2014-06-25 22:09:53','2014-06-28 22:09:00','ab07ebc37b9e9e813e92a9902ce3a9af'),(23,NULL,'83df81102058ac2f350147f47bcde4f5','2014-06-25 22:16:43','2014-06-28 22:16:00','7b259d1bb8146025c16e4c319321a364');

/*Table structure for table `t_order_product` */

DROP TABLE IF EXISTS `t_order_product`;

CREATE TABLE `t_order_product` (
  `id` int(11) NOT NULL AUTO_INCREMENT,
  `fk_order` int(11) DEFAULT NULL,
  `fk_product` int(11) DEFAULT NULL,
  `orginal_price` double DEFAULT NULL,
  `price` double DEFAULT NULL,
  `quantity` double DEFAULT NULL,
  `discharge` double DEFAULT NULL,
  PRIMARY KEY (`id`)
) ENGINE=InnoDB DEFAULT CHARSET=utf8 COLLATE=utf8_unicode_ci;

/*Data for the table `t_order_product` */

/*Table structure for table `t_order_status` */

DROP TABLE IF EXISTS `t_order_status`;

CREATE TABLE `t_order_status` (
  `id` int(11) NOT NULL AUTO_INCREMENT,
  `name` varchar(255) COLLATE utf8_unicode_ci DEFAULT NULL,
  `codename` varchar(50) COLLATE utf8_unicode_ci DEFAULT NULL,
  `sort` tinyint(4) DEFAULT NULL,
  PRIMARY KEY (`id`)
) ENGINE=InnoDB AUTO_INCREMENT=6 DEFAULT CHARSET=utf8 COLLATE=utf8_unicode_ci;

/*Data for the table `t_order_status` */

insert  into `t_order_status`(`id`,`name`,`codename`,`sort`) values (1,'initiate','init',1),(2,'picking','picking',2),(3,'pay','pay',3),(4,'shipping','shipping',4),(5,'completed','completed',5);

/*Table structure for table `t_order_status_history` */

DROP TABLE IF EXISTS `t_order_status_history`;

CREATE TABLE `t_order_status_history` (
  `id` int(11) NOT NULL AUTO_INCREMENT,
  `fk_order` int(11) DEFAULT NULL,
  `fk_status` int(11) DEFAULT NULL,
  `date_happened` datetime DEFAULT NULL,
  `fk_creator` int(11) DEFAULT NULL,
  `date_created` datetime DEFAULT NULL,
  `is_mail_sent` tinyint(4) DEFAULT '0',
  PRIMARY KEY (`id`)
) ENGINE=InnoDB DEFAULT CHARSET=utf8 COLLATE=utf8_unicode_ci;

/*Data for the table `t_order_status_history` */

/*Table structure for table `t_pin` */

DROP TABLE IF EXISTS `t_pin`;

CREATE TABLE `t_pin` (
  `id` int(11) NOT NULL AUTO_INCREMENT,
  `fk_user` int(11) DEFAULT NULL,
  `fk_product` int(11) DEFAULT NULL,
  PRIMARY KEY (`id`),
  UNIQUE KEY `unq_pin` (`fk_user`,`fk_product`)
) ENGINE=InnoDB AUTO_INCREMENT=1039 DEFAULT CHARSET=utf8 COLLATE=utf8_unicode_ci;

/*Data for the table `t_pin` */

insert  into `t_pin`(`id`,`fk_user`,`fk_product`) values (1038,5,14),(1037,5,15);

/*Table structure for table `t_privilege` */

DROP TABLE IF EXISTS `t_privilege`;

CREATE TABLE `t_privilege` (
  `id` int(11) NOT NULL AUTO_INCREMENT,
  `fk_instance` int(11) DEFAULT NULL,
  `type` enum('user','role') COLLATE utf8_unicode_ci DEFAULT NULL,
  `privilige` varchar(50) COLLATE utf8_unicode_ci DEFAULT NULL,
  PRIMARY KEY (`id`)
) ENGINE=InnoDB DEFAULT CHARSET=utf8 COLLATE=utf8_unicode_ci;

/*Data for the table `t_privilege` */

/*Table structure for table `t_product` */

DROP TABLE IF EXISTS `t_product`;

CREATE TABLE `t_product` (
  `id` int(11) NOT NULL AUTO_INCREMENT,
  `fk_category` int(11) DEFAULT NULL,
  `fk_seller` int(11) DEFAULT NULL,
  `fk_group` int(11) DEFAULT NULL,
  `is_group` tinyint(4) DEFAULT '0',
  `discount` double DEFAULT '0',
  `date_created` datetime DEFAULT NULL,
  `count_pin` int(11) DEFAULT '0',
  `status` tinyint(4) DEFAULT '0',
  `price` double DEFAULT NULL,
  `price_origin` double DEFAULT NULL,
  `sales_percent` tinyint(4) DEFAULT '0',
  PRIMARY KEY (`id`)
) ENGINE=InnoDB AUTO_INCREMENT=148 DEFAULT CHARSET=utf8 COLLATE=utf8_unicode_ci;

/*Data for the table `t_product` */

insert  into `t_product`(`id`,`fk_category`,`fk_seller`,`fk_group`,`is_group`,`discount`,`date_created`,`count_pin`,`status`,`price`,`price_origin`,`sales_percent`) values (59,3,2,NULL,0,0,'2014-07-30 00:00:00',0,1,350000,0,0),(60,3,2,NULL,0,0,'2014-07-31 00:00:00',0,1,129000,0,0),(61,5,2,NULL,0,0,'2014-08-01 00:00:00',0,1,60000,0,0),(62,3,2,NULL,0,0,'2014-08-02 00:00:00',0,1,95000,0,0),(63,10,3,NULL,0,0,'2014-08-03 00:00:00',0,1,2000,55555,96),(64,10,3,NULL,0,0,'2014-08-04 00:00:00',0,0,2000,100000,98),(65,10,3,NULL,0,0,'2014-08-05 00:00:00',0,1,2000,150000,98),(66,10,3,NULL,0,0,'2014-08-06 00:00:00',0,1,2000,200000,99),(67,10,3,NULL,0,0,'2014-08-07 00:00:00',0,1,2000,123000,98),(68,10,3,NULL,0,0,'2014-08-08 00:00:00',0,1,2000,255500,99),(69,10,3,NULL,0,0,'2014-08-09 00:00:00',0,1,2000,50000,96),(70,10,3,NULL,0,0,'2014-08-10 00:00:00',0,1,2000,250123,99),(71,10,3,NULL,0,0,'2014-08-11 00:00:00',0,1,2000,250145,99),(72,10,3,NULL,0,0,'2014-08-12 00:00:00',0,1,2000,82222,97),(73,11,3,NULL,0,0,'2014-08-13 00:00:00',0,1,2000,80000,98),(74,12,3,NULL,0,0,'2014-08-14 00:00:00',0,1,2000,250000,99),(75,12,3,NULL,0,0,'2014-08-15 00:00:00',0,1,2000,255500,99),(76,3,2,NULL,0,0,'2014-08-16 00:00:00',0,1,45000,0,0),(77,2,2,NULL,0,0,'2014-08-17 00:00:00',0,1,800000,890000,10),(78,3,2,NULL,0,0,'2014-08-18 00:00:00',0,1,200000,350000,42),(79,11,3,NULL,0,0,'2014-08-19 00:00:00',0,1,2000,210000,99),(80,11,3,NULL,0,0,'2014-08-20 00:00:00',0,1,2000,230000,99),(81,11,3,NULL,0,0,'2014-08-21 00:00:00',0,1,2000,222221,99),(82,11,3,NULL,0,0,'2014-08-22 00:00:00',0,1,2000,45000,96),(83,11,3,NULL,0,0,'2014-08-23 00:00:00',0,1,2000,12000,83),(84,11,3,NULL,0,0,'2014-08-24 00:00:00',0,1,2000,13000,84),(85,11,3,NULL,0,0,'2014-08-25 00:00:00',0,1,2000,23000,91),(86,11,3,NULL,0,0,'2014-08-26 00:00:00',0,1,2000,130000,98),(87,11,3,NULL,0,0,'2014-08-27 00:00:00',0,1,2000,12000,0),(88,14,3,NULL,0,0,'2014-08-28 00:00:00',0,1,2000,12000,83),(89,2,2,NULL,0,0,'2014-08-29 00:00:00',0,1,169000,0,0),(90,3,2,NULL,0,0,'2014-10-26 16:33:16',0,1,799000,1199000,33),(91,3,2,NULL,0,0,'2014-10-30 21:17:52',0,1,96000,96000,0),(92,3,2,NULL,0,0,'2014-10-30 21:17:52',0,1,1647000,1647000,0),(93,3,2,NULL,0,0,'2014-10-30 21:17:52',0,1,429000,430000,0),(94,3,2,NULL,0,0,'2014-10-30 21:17:52',0,1,1590000,1590000,0),(95,3,2,NULL,0,0,'2014-10-30 21:17:52',0,1,39000,51000,23),(96,2,2,NULL,0,0,'2014-10-30 21:17:52',0,1,1647000,1647000,0),(97,2,2,NULL,0,0,'2014-10-30 21:17:52',0,1,229000,799000,71),(98,2,2,NULL,0,0,'2014-10-26 12:06:50',0,1,619000,900000,31),(99,2,2,NULL,0,0,'2014-10-26 12:15:47',0,1,558000,698000,20),(100,2,2,NULL,0,0,'2014-10-26 12:26:44',0,1,1680000,1680000,0),(101,2,2,NULL,0,0,'2014-10-27 13:28:04',0,1,489000,1430000,65),(102,2,2,NULL,0,0,'2014-10-27 16:26:41',0,1,1189000,1650000,27),(103,2,2,NULL,0,0,'2014-10-27 16:37:16',0,1,1459000,4300000,66),(104,2,2,NULL,0,0,'2014-10-27 16:45:51',0,1,599000,1710000,64),(105,2,2,NULL,0,0,'2014-10-27 16:54:55',0,1,389000,490000,20),(106,3,2,NULL,0,0,'2014-10-27 17:03:14',0,1,69000,220000,68),(107,3,2,NULL,0,0,'2014-10-27 17:07:26',0,1,429000,600000,28),(108,3,2,NULL,0,0,'2014-10-27 17:15:05',0,1,79000,99000,20),(109,3,2,NULL,0,0,'2014-10-27 17:20:20',0,1,189000,380000,50),(110,3,2,NULL,0,0,'2014-10-27 17:29:26',0,1,729000,900000,19),(111,4,2,NULL,0,0,'2014-10-27 17:35:29',0,1,329000,627000,47),(112,4,2,NULL,0,0,'2014-10-27 17:55:48',0,1,329000,627000,47),(113,4,2,NULL,0,0,'2014-10-27 17:55:48',0,1,329000,627000,47),(114,5,2,NULL,0,0,'2014-10-27 18:12:55',0,1,299000,418000,28),(115,5,2,NULL,0,0,'2014-10-27 18:12:55',0,1,269000,420000,35),(116,5,2,NULL,0,0,'2014-10-27 18:12:55',0,1,269000,420000,35),(117,5,2,NULL,0,0,'2014-10-27 18:12:55',0,1,299000,420000,28),(118,5,2,NULL,0,0,'2014-10-27 22:24:19',0,1,96000,151000,36),(119,5,2,NULL,0,0,'2014-10-27 22:53:29',0,1,179000,210000,14),(120,5,2,NULL,0,0,'2014-10-27 23:05:18',0,1,289000,300000,3),(121,5,2,NULL,0,0,'2014-10-27 23:09:43',0,1,350000,0,0),(122,6,2,NULL,0,0,'2014-10-27 23:26:44',0,1,149000,0,0),(123,7,2,NULL,0,0,'2014-10-27 23:39:47',0,1,104000,109000,4),(124,7,2,NULL,0,0,'2014-10-27 23:39:45',0,1,104000,109000,4),(125,7,2,NULL,0,0,'2014-10-27 23:39:49',0,1,104000,109000,4),(126,7,2,NULL,0,0,'2014-10-27 23:39:48',0,1,104000,109000,4),(127,7,2,NULL,0,0,'2014-10-27 23:39:46',0,1,104000,109000,4),(128,7,2,NULL,0,0,'2014-10-27 23:39:51',0,1,104000,109000,4),(129,19,2,NULL,0,0,'2014-10-28 09:51:06',0,1,66000,0,0),(130,19,2,NULL,0,0,'2014-10-28 13:21:54',0,1,5500,0,0),(131,19,2,NULL,0,0,'2014-10-28 16:52:42',0,1,170000,0,0),(135,19,2,NULL,0,0,'2014-10-28 13:21:54',0,1,120000,0,0),(136,15,3,NULL,0,0,'2014-10-31 15:33:33',0,1,4190000,0,0),(137,4,4,NULL,0,0,NULL,0,0,0,0,0),(138,4,4,NULL,0,0,NULL,0,0,0,0,0),(139,4,4,NULL,0,0,NULL,0,0,0,0,0),(140,4,4,NULL,0,0,NULL,0,0,0,0,0),(141,4,4,NULL,0,0,'2014-11-17 12:09:57',0,1,80000,96000,16),(142,12,3,NULL,0,0,'2014-11-18 14:14:34',0,1,216000,349000,38),(143,12,3,NULL,0,0,'2014-11-18 14:43:00',0,1,1110,0,0),(144,4,4,NULL,0,0,'2014-11-17 12:09:57',0,1,80000,96000,16),(145,12,3,NULL,0,0,'2014-11-18 15:51:59',0,1,220000,0,0),(146,12,3,NULL,0,0,'2014-11-18 16:10:50',0,1,1550000,0,0),(147,4,4,NULL,0,0,'2014-12-12 17:33:21',0,1,100000,120000,16);

/*Table structure for table `t_product_attribute` */

DROP TABLE IF EXISTS `t_product_attribute`;

CREATE TABLE `t_product_attribute` (
  `id` int(11) NOT NULL AUTO_INCREMENT,
  `fk_product` int(11) NOT NULL,
  `fk_attribute_type` int(11) NOT NULL,
  `value_number` double DEFAULT NULL,
  `value_enum` int(11) DEFAULT NULL,
  `value_text` text COLLATE utf8_unicode_ci,
  `language` varchar(10) COLLATE utf8_unicode_ci DEFAULT NULL,
  `value_varchar` varchar(255) COLLATE utf8_unicode_ci DEFAULT NULL,
  PRIMARY KEY (`id`)
) ENGINE=InnoDB AUTO_INCREMENT=3564 DEFAULT CHARSET=utf8 COLLATE=utf8_unicode_ci;

/*Data for the table `t_product_attribute` */

insert  into `t_product_attribute`(`id`,`fk_product`,`fk_attribute_type`,`value_number`,`value_enum`,`value_text`,`language`,`value_varchar`) values (1638,59,1,NULL,NULL,NULL,'VN-VI','Khay sứ nướng VITLING - IKEA'),(1639,59,18,NULL,NULL,NULL,NULL,''),(1640,59,13,5,NULL,NULL,NULL,NULL),(1641,59,34,NULL,NULL,NULL,NULL,'IKEA'),(1642,59,14,1,NULL,NULL,NULL,NULL),(1643,59,24,NULL,26,NULL,NULL,NULL),(1644,59,31,50,NULL,NULL,NULL,NULL),(1645,59,32,3,NULL,NULL,NULL,NULL),(1646,59,33,10,NULL,NULL,NULL,NULL),(1647,59,2,NULL,NULL,'<div class=\"productsubheadline\" id=\"keyFeatures\" style=\"margin-bottom: 0.2em; padding-left: 0px; font-family: Verdana, sans-serif; font-size: 14px !important; line-height: 18px !important;\">Khay sứ nướng Vitling của IKEA với c&ocirc;ng dụng đa năng v&agrave;&nbsp;sử dụng được với&nbsp;l&ograve; vi s&oacute;ng, l&ograve; nướng v&agrave; m&aacute;y rửa b&aacute;t.&nbsp;</div>\n\n<p><img alt=\"Khay sứ nướng Sfriendly\" src=\"http://www.upsieutoc.com/images/2014/09/14/14c42a.jpg\" /></p>\n\n<p>Những m&oacute;n nướng ngon nhất cần c&oacute; khay đựng tương xứng với n&oacute;. Bạn sẽ t&igrave;m thấy điều đ&oacute; ở khay sứ nướng VITLING của IKEA</p>\n\n<p><img alt=\"\" src=\"http://www.upsieutoc.com/images/2014/09/14/vitling-oven-dish__0141184_PE293755_S4.jpg\" />&nbsp;</p>\n\n<p>&nbsp;</p>\n\n<p>&nbsp;</p>\n','VN-VI',NULL),(1648,59,26,NULL,NULL,'Đồ dễ vỡ - 깨지기 쉬운 - Fragile',NULL,NULL),(1649,59,27,30,NULL,NULL,NULL,NULL),(1650,59,28,30,NULL,NULL,NULL,NULL),(1651,59,29,NULL,0,NULL,NULL,NULL),(1652,59,30,NULL,0,NULL,NULL,NULL),(1653,59,21,NULL,NULL,NULL,NULL,''),(1654,59,22,NULL,NULL,'',NULL,NULL),(1655,59,23,NULL,NULL,'',NULL,NULL),(1656,59,1,NULL,NULL,NULL,'EN-US','Oven Dish VITLING - IKEA'),(1657,59,2,NULL,NULL,'<p>Oven-dish VITLING from IKEA can be&nbsp;used for microwave, oven, and dishwasher</p>\n\n<p><img alt=\"\" src=\"http://www.upsieutoc.com/images/2014/09/14/14c42a.jpg\" style=\"height:500px; width:500px\" /></p>\n\n<p>Every good meal needs a good dish. You will be satisfied with the VITLING, IKEA from Sfriendly</p>\n\n<p><img alt=\"\" src=\"http://www.upsieutoc.com/images/2014/09/14/vitling-oven-dish__0141184_PE293755_S4.jpg\" style=\"height:500px; width:500px\" /></p>\n','EN-US',NULL),(1658,59,1,NULL,NULL,NULL,'KO-KR','베이킹 트레이 VITLING - IKEA'),(1659,59,2,NULL,NULL,'<p>좋은 그릴 식사 쉬운 사용</p>\n\n<p><img alt=\"\" src=\"http://www.upsieutoc.com/images/2014/09/14/14c42a.jpg\" style=\"height:500px; width:500px\" /></p>\n\n<p><img alt=\"\" src=\"http://www.upsieutoc.com/images/2014/09/14/vitling-oven-dish__0141184_PE293755_S4.jpg\" style=\"height:500px; width:500px\" /></p>\n','KO-KR',NULL),(1660,60,1,NULL,NULL,NULL,'VN-VI','BESTÅENDE - Lọ đựng nước rửa bát - IKEA'),(1661,60,18,NULL,NULL,NULL,NULL,''),(1662,60,13,2,NULL,NULL,NULL,NULL),(1663,60,34,NULL,NULL,NULL,NULL,'IKEA'),(1664,60,14,0.35,NULL,NULL,NULL,NULL),(1665,60,24,NULL,27,NULL,NULL,NULL),(1666,60,31,12,NULL,NULL,NULL,NULL),(1667,60,32,12,NULL,NULL,NULL,NULL),(1668,60,33,15,NULL,NULL,NULL,NULL),(1669,60,1,NULL,NULL,NULL,'EN-US','BESTÅENDE - Bottle of dishwashing liquid - IKEA'),(1670,60,2,NULL,NULL,'<p><span style=\"font-size:14px\"><span style=\"font-family:arial,helvetica,sans-serif\">Made of glass,&nbsp;height 16,5cm,&nbsp;capacity 350ml</span></span></p>\n\n<p><img alt=\"\" src=\"http://www.upsieutoc.com/images/2014/09/14/1331fb.jpg\" style=\"height:500px; width:500px\" /></p>\n\n<p><span style=\"font-family:arial,helvetica,sans-serif\"><span style=\"font-size:14px\">Bottle of dishwashing liquid BEST&Aring;ENDEBEST&Aring;ENDE from Sfriendly is a perfect piece&nbsp;for your luxury kitchen</span></span></p>\n\n<p><img alt=\"\" src=\"http://www.upsieutoc.com/images/2014/09/14/38251170277756_pe417116_s5.jpg\" style=\"height:500px; width:500px\" /></p>\n','EN-US',NULL),(1671,60,26,NULL,NULL,'',NULL,NULL),(1672,60,27,30,NULL,NULL,NULL,NULL),(1673,60,28,30,NULL,NULL,NULL,NULL),(1674,60,29,NULL,30,NULL,NULL,NULL),(1675,60,30,NULL,30,NULL,NULL,NULL),(1676,60,21,NULL,NULL,NULL,NULL,''),(1677,60,22,NULL,NULL,'',NULL,NULL),(1678,60,23,NULL,NULL,'',NULL,NULL),(1679,60,1,NULL,NULL,NULL,'KO-KR','BESTÅENDE - 주방용 액체의 병 - IKEA'),(1680,60,2,NULL,NULL,'<p><span style=\"font-size:14px\"><span style=\"font-family:arial,helvetica,sans-serif\">유리, 높이 16,5cm. 용량 350 ml</span></span></p>\n\n<p><span style=\"font-size:14px\"><span style=\"font-family:arial,helvetica,sans-serif\"><img alt=\"\" src=\"http://www.upsieutoc.com/images/2014/09/14/1331fb.jpg\" style=\"height:500px; width:500px\" /></span></span></p>\n\n<p>주방용 액체의 병&nbsp;BEST&Aring;ENDE, Sfriendly&nbsp;당신의 명품 주방을위한 완벽한 조각이다</p>\n\n<p><img alt=\"\" src=\"http://www.upsieutoc.com/images/2014/09/14/38251170277756_pe417116_s5.jpg\" style=\"height:500px; width:500px\" /></p>\n','KO-KR',NULL),(1681,60,2,NULL,NULL,'<p><span style=\"font-size:14px\"><span style=\"font-family:arial,helvetica,sans-serif\">Chất liệu thủy tinh, chiều cao 16,5cm. Dung t&iacute;ch 350ml</span></span></p>\n\n<p><img alt=\"\" src=\"http://www.upsieutoc.com/images/2014/09/14/1331fb.jpg\" style=\"height:500px; width:500px\" /></p>\n\n<p>Lọ đựng nước rửa b&aacute;t&nbsp;BEST&Aring;ENDE của Sfriendly sẽ l&agrave;m căn bếp của bạn th&ecirc;m sang trọng</p>\n\n<p><img alt=\"\" src=\"http://www.upsieutoc.com/images/2014/09/14/38251170277756_pe417116_s5.jpg\" style=\"height:500px; width:500px\" /></p>\n','VN-VI',NULL),(1682,61,1,NULL,NULL,NULL,'VN-VI','Đèn nến Rotera - IKEA'),(1683,61,18,NULL,NULL,NULL,NULL,''),(1684,61,13,10,NULL,NULL,NULL,NULL),(1685,61,34,NULL,NULL,NULL,NULL,'IKEA'),(1686,61,14,1,NULL,NULL,NULL,NULL),(1687,61,24,NULL,26,NULL,NULL,NULL),(1688,61,31,20,NULL,NULL,NULL,NULL),(1689,61,32,50,NULL,NULL,NULL,NULL),(1690,61,33,50,NULL,NULL,NULL,NULL),(1691,61,2,NULL,NULL,'<p><span style=\"font-size:14px\"><span style=\"font-family:arial,helvetica,sans-serif\"><span style=\"color:rgb(70, 70, 70)\">Chiều cao: 15 &quot;(38 cm)</span></span></span></p>\n\n<p><span style=\"font-size:14px\"><span style=\"font-family:arial,helvetica,sans-serif\"><span style=\"color:rgb(70, 70, 70)\">Sử dụng một ngọn nến với&nbsp;chiều cao tối đa:&nbsp;20cm</span></span></span></p>\n\n<p><span style=\"font-size:14px\"><span style=\"font-family:arial,helvetica,sans-serif\">Phần ch&iacute;nh: th&eacute;p, sơn tĩnh điện Polyester&nbsp;</span></span></p>\n\n<div style=\"margin: 0px; padding: 0px; color: rgb(70, 70, 70); font-family: Tahoma, Geneva, sans-serif; font-size: 11px; line-height: normal;\"><span style=\"font-size:14px\"><span style=\"font-family:arial,helvetica,sans-serif\">K&iacute;nh: Thủy tinh</span></span></div>\n\n<div style=\"margin: 0px; padding: 0px; color: rgb(70, 70, 70); font-family: Tahoma, Geneva, sans-serif; font-size: 11px; line-height: normal;\">&nbsp;</div>\n\n<div style=\"margin: 0px; padding: 0px; color: rgb(70, 70, 70); font-family: Tahoma, Geneva, sans-serif; font-size: 11px; line-height: normal;\"><span style=\"font-size:14px\"><span style=\"font-family:arial,helvetica,sans-serif\"><img alt=\"\" src=\"http://www.upsieutoc.com/images/2014/09/14/Rotera1.jpg\" style=\"height:626px; width:500px\" /></span></span></div>\n','VN-VI',NULL),(1692,61,26,NULL,NULL,'',NULL,NULL),(1693,61,27,30,NULL,NULL,NULL,NULL),(1694,61,28,30,NULL,NULL,NULL,NULL),(1695,61,29,NULL,30,NULL,NULL,NULL),(1696,61,30,NULL,30,NULL,NULL,NULL),(1697,61,21,NULL,NULL,NULL,NULL,''),(1698,61,22,NULL,NULL,'',NULL,NULL),(1699,61,23,NULL,NULL,'',NULL,NULL),(1700,61,1,NULL,NULL,NULL,'EN-US','Lantern Rotera - IKEA'),(1701,61,2,NULL,NULL,'<p>Height: 15 &quot;(38 cm)</p>\n\n<p>Use with&nbsp;1 candle with max height: &nbsp;20cm</p>\n\n<p>Main: Steel, Powder coating Polyester , Glass</p>\n\n<p><img alt=\"\" src=\"http://www.upsieutoc.com/images/2014/09/14/Rotera1.jpg\" style=\"height:626px; width:500px\" /></p>\n','EN-US',NULL),(1702,61,1,NULL,NULL,NULL,'KO-KR','랜턴 Rotera - IKEA'),(1703,61,2,NULL,NULL,'<p>높이: 38cm</p>\n\n<p>하나의 촛불 만 사용: 20cm</p>\n\n<p>Main: Steel, Powder Coating&nbsp;Polyester, 유리&nbsp;</p>\n\n<p><img alt=\"\" src=\"http://www.upsieutoc.com/images/2014/09/14/Rotera1.jpg\" style=\"height:626px; width:500px\" /></p>\n','KO-KR',NULL),(1704,62,1,NULL,NULL,NULL,'VN-VI','Bộ dao thìa dĩa 3 màu SMASKA IKEA'),(1705,62,18,NULL,NULL,NULL,NULL,''),(1706,62,13,10,NULL,NULL,NULL,NULL),(1707,62,34,NULL,NULL,NULL,NULL,'IKEA'),(1708,62,14,1,NULL,NULL,NULL,NULL),(1709,62,24,NULL,26,NULL,NULL,NULL),(1710,62,31,1,NULL,NULL,NULL,NULL),(1711,62,32,1,NULL,NULL,NULL,NULL),(1712,62,33,1,NULL,NULL,NULL,NULL),(1713,62,2,NULL,NULL,'<p><span style=\"font-size:14px\"><span style=\"color:rgb(0, 0, 0)\">Chất liệu: Th&eacute;p kh&ocirc;ng gỉ, nhựa Polypropylene</span></span></p>\n\n<p><span style=\"font-size:14px\"><span style=\"color:rgb(0, 0, 0)\"><img alt=\"\" src=\"http://www.upsieutoc.com/images/2014/09/14/2502631_17862.jpg\" style=\"height:500px; width:500px\" /></span></span></p>\n\n<p>&nbsp;</p>\n','VN-VI',NULL),(1714,62,26,NULL,NULL,'',NULL,NULL),(1715,62,27,3,NULL,NULL,NULL,NULL),(1716,62,28,9999,NULL,NULL,NULL,NULL),(1717,62,29,NULL,28,NULL,NULL,NULL),(1718,62,30,NULL,28,NULL,NULL,NULL),(1719,62,21,NULL,NULL,NULL,NULL,''),(1720,62,22,NULL,NULL,'',NULL,NULL),(1721,62,23,NULL,NULL,'',NULL,NULL),(1722,62,1,NULL,NULL,NULL,'KO-KR','숟가락 포크 나이프 3 색 SMASKA IKEA'),(1723,62,2,NULL,NULL,'<p>재료: Stainless Steel,&nbsp;플라스틱&nbsp;<span style=\"color:rgb(0, 0, 0); font-family:arial,helvetica,sans-serif; font-size:12px\">Polypropylene</span></p>\n\n<p><span style=\"color:rgb(0, 0, 0); font-family:arial,helvetica,sans-serif; font-size:12px\"><img alt=\"\" src=\"http://www.upsieutoc.com/images/2014/09/14/2502631_17862.jpg\" style=\"height:500px; width:500px\" /></span></p>\n','KO-KR',NULL),(1724,62,1,NULL,NULL,NULL,'EN-US','Set spoon fork knife SMASKA IKEA'),(1725,62,2,NULL,NULL,'<p><span style=\"font-size:14px\"><span style=\"font-family:arial,helvetica,sans-serif\">Material: Stainless steel, plastic&nbsp;<span style=\"color:rgb(0, 0, 0)\">Polypropylene</span></span></span></p>\n\n<p><span style=\"font-size:14px\"><span style=\"font-family:arial,helvetica,sans-serif\"><span style=\"color:rgb(0, 0, 0)\"><img alt=\"\" src=\"http://www.upsieutoc.com/images/2014/09/14/2502631_17862.jpg\" style=\"height:500px; width:500px\" /></span></span></span></p>\n','EN-US',NULL),(1726,63,1,NULL,NULL,NULL,'VN-VI','Huggies Dry M42 - Bộ 2 gói tã dán'),(1727,63,18,NULL,NULL,NULL,NULL,''),(1728,63,13,10,NULL,NULL,NULL,NULL),(1729,63,34,NULL,NULL,NULL,NULL,'Huggies'),(1730,63,14,1,NULL,NULL,NULL,NULL),(1731,63,24,NULL,26,NULL,NULL,NULL),(1732,63,31,1,NULL,NULL,NULL,NULL),(1733,63,32,1,NULL,NULL,NULL,NULL),(1734,63,33,1,NULL,NULL,NULL,NULL),(1735,63,2,NULL,NULL,'<p>Được xem như một trong những ph&aacute;t minh vĩ đại trong lĩnh vực chế tạo đồ d&ugrave;ng cho trẻ nhỏ v&agrave; trẻ sơ sinh, t&atilde; giấy d&aacute;n kh&ocirc;ng chỉ mang lại sự bảo vệ tuyệt vời cho b&eacute; y&ecirc;u m&agrave; c&ograve;n g&oacute;p phần gi&uacute;p c&aacute;c &ocirc;ng bố, b&agrave; mẹ đỡ cực nhọc hơn trong việc chăm s&oacute;c con. L&agrave; một đại diện trong đ&oacute;, t&atilde; d&aacute;n <strong>Huggies Dry M42</strong> được sản xuất dựa tr&ecirc;n c&ocirc;ng nghệ hiện đại với c&aacute;c l&otilde;i b&ocirc;ng kết hợp hạt thấm h&uacute;t, gi&uacute;p trẻ lu&ocirc;n kh&ocirc; tho&aacute;ng suốt ng&agrave;y v&agrave; đ&ecirc;m. T&atilde; sở hữu độ tho&aacute;ng kh&iacute; tốt, c&oacute; khả năng chống hăm n&ecirc;n mang lại cảm gi&aacute;c thoải m&aacute;i v&agrave; dễ chịu tuyệt đối cho b&eacute;. Với t&atilde; d&aacute;n <strong>Huggies Dry M42</strong>, giờ đ&acirc;y, thi&ecirc;n thần nhỏ của bạn c&oacute; thể v&ocirc; tư chơi đ&ugrave;a m&agrave; kh&ocirc;ng lo bị gi&aacute;n đoạn cuộc vui.</p>\n\n<div><strong>ĐẶC ĐIỂM NỔI BẬT</strong></div>\n\n<p><strong>Chất liệu tốt, an to&agrave;n</strong><br />\nĐược sản xuất bằng chất liệu c&oacute; t&iacute;nh khử m&ugrave;i, chống hăm da, thấm h&uacute;t an to&agrave;n, t&atilde; giấy Huggies chống tr&agrave;n hiệu quả, cho b&eacute; sự thoải m&aacute;i, dễ chịu. C&aacute;c miếng l&oacute;t kỳ diệu gi&uacute;p nới v&agrave; thắt chặt cho vừa vặn một c&aacute;ch dễ d&agrave;ng hơn, lớp phủ mềm v&agrave; tho&aacute;ng gi&uacute;p tạo sự mềm mại v&agrave; cảm gi&aacute;c thoải m&aacute;i. B&ecirc;n cạnh đ&oacute;, t&atilde; Huggies đ&atilde; được y khoa chứng nhận tuyệt đối an to&agrave;n d&agrave;nh cho trẻ nhỏ.</p>\n\n<p><strong>Băng keo d&aacute;n chống ngứa da</strong> Chất liệu mềm mại từ keo d&aacute;n sẽ kh&ocirc;ng g&acirc;y x&oacute;t, ngứa, nhưng vẫn gi&uacute;p cố định t&atilde; ngay cả khi b&eacute; cử động mạnh hay chơi đ&ugrave;a. Đ&acirc;y l&agrave; keo d&aacute;n thế hệ mới: d&iacute;nh chắc đồng thời c&oacute; thể d&aacute;n lại dễ d&agrave;ng.</p>\n\n<p><strong>Thun v&ograve;ng quanh h&aacute;ng</strong><br />\nChống tr&agrave;n hiệu quả, kh&ocirc;ng l&agrave;m bẩn ga giường, gi&uacute;p mẹ đỡ vất vả hơn. Nhờ l&agrave;m bằng chất liệu thun tốt, d&ugrave; tiếp x&uacute;c trực tiếp với da b&eacute; vẫn kh&ocirc;ng g&acirc;y mẫn, ngứa.</p>\n\n<p><strong>L&otilde;i b&ocirc;ng thấm h&uacute;t tuyệt đối</strong> T&atilde; c&oacute; l&otilde;i b&ocirc;ng mềm mại, sở hữu khả năng thấm h&uacute;t tuyệt đối, gi&uacute;p b&eacute; lu&ocirc;n kh&ocirc; tho&aacute;ng suốt ng&agrave;y d&agrave;i v&agrave; ban đ&ecirc;m. Nhờ vậy, những cuộc vui chơi hay giấc ngủ của b&eacute; sẽ kh&ocirc;ng c&ograve;n bị gi&aacute;n đoạn.</p>\n\n<p><strong>Thiết kế gọn v&agrave; vừa vặn</strong><br />\nNhờ thế khi mặc t&atilde;, b&eacute; vận động dễ d&agrave;ng v&agrave; thoải m&aacute;i hơn.</p>\n\n<p><strong>C&aacute;ch d&ugrave;ng</strong><br />\nThoa kem chống hăm trước khi sử dụng t&atilde; l&oacute;t cho b&eacute;. Kh&ocirc;ng n&ecirc;n mặc t&atilde; cho b&eacute; qu&aacute; 6 tiếng đồng hồ li&ecirc;n tiếp.</p>\n','VN-VI',NULL),(1736,63,26,NULL,NULL,'',NULL,NULL),(1737,63,27,3,NULL,NULL,NULL,NULL),(1738,63,28,7,NULL,NULL,NULL,NULL),(1739,63,29,NULL,28,NULL,NULL,NULL),(1740,63,30,NULL,28,NULL,NULL,NULL),(1741,63,21,NULL,NULL,NULL,NULL,''),(1742,63,22,NULL,NULL,'Được xem như một trong những phát minh vĩ đại trong lĩnh vực chế tạo đồ dùng cho trẻ nhỏ và trẻ sơ sinh, tã giấy dán không chỉ mang lại sự bảo vệ tuyệt vời cho bé yêu mà còn góp phần giúp các ông bố, bà mẹ đỡ cực nhọc hơn trong việc chăm sóc con. Là một đại diện trong đó, tã dán Huggies Dry M42 được sản xuất dựa trên công nghệ hiện đại với các lõi bông kết hợp hạt thấm hút, giúp trẻ luôn khô thoáng suốt ngày và đêm. Tã sở hữu độ thoáng khí tốt, có khả năng chống hăm nên mang lại cảm giác thoải mái và dễ chịu tuyệt đối cho bé. Với tã dán Huggies Dry M42, giờ đây, thiên thần nhỏ của bạn có thể vô tư chơi đùa mà không lo bị gián đoạn cuộc vui.\n\nĐẶC ĐIỂM NỔI BẬT\n\nChất liệu tốt, an toàn\nĐược sản xuất bằng chất liệu có tính khử mùi, chống hăm da, thấm hút an toàn, tã giấy Huggies chống tràn hiệu quả, cho bé sự thoải mái, dễ chịu. Các miếng lót kỳ diệu giúp nới và thắt chặt cho vừa vặn một cách dễ dàng hơn, lớp phủ mềm và thoáng giúp tạo sự mềm mại và cảm giác thoải mái. Bên cạnh đó, tã Huggies đã được y khoa chứng nhận tuyệt đối an toàn dành cho trẻ nhỏ.\n\nBăng keo dán chống ngứa da Chất liệu mềm mại từ keo dán sẽ không gây xót, ngứa, nhưng vẫn giúp cố định tã ngay cả khi bé cử động mạnh hay chơi đùa. Đây là keo dán thế hệ mới: dính chắc đồng thời có thể dán lại dễ dàng.\n\nThun vòng quanh háng\nChống tràn hiệu quả, không làm bẩn ga giường, giúp mẹ đỡ vất vả hơn. Nhờ làm bằng chất liệu thun tốt, dù tiếp xúc trực tiếp với da bé vẫn không gây mẫn, ngứa.\n\nLõi bông thấm hút tuyệt đối Tã có lõi bông mềm mại, sở hữu khả năng thấm hút tuyệt đối, giúp bé luôn khô thoáng suốt ngày dài và ban đêm. Nhờ vậy, những cuộc vui chơi hay giấc ngủ của bé sẽ không còn bị gián đoạn.\n\nThiết kế gọn và vừa vặn\nNhờ thế khi mặc tã, bé vận động dễ dàng và thoải mái hơn.\n\nCách dùng\nThoa kem chống hăm trước khi sử dụng tã lót cho bé. Không nên mặc tã cho bé quá 6 tiếng đồng hồ liên tiếp.',NULL,NULL),(1743,63,23,NULL,NULL,'',NULL,NULL),(1744,63,1,NULL,NULL,NULL,'EN-US','Huggies Dry M42'),(1745,63,2,NULL,NULL,'<p>Được xem như một trong những ph&aacute;t minh vĩ đại trong lĩnh vực chế tạo đồ d&ugrave;ng cho trẻ nhỏ v&agrave; trẻ sơ sinh, t&atilde; giấy d&aacute;n kh&ocirc;ng chỉ mang lại sự bảo vệ tuyệt vời cho b&eacute; y&ecirc;u m&agrave; c&ograve;n g&oacute;p phần gi&uacute;p c&aacute;c &ocirc;ng bố, b&agrave; mẹ đỡ cực nhọc hơn trong việc chăm s&oacute;c con. L&agrave; một đại diện trong đ&oacute;, t&atilde; d&aacute;n <strong>Huggies Dry M42</strong> được sản xuất dựa tr&ecirc;n c&ocirc;ng nghệ hiện đại với c&aacute;c l&otilde;i b&ocirc;ng kết hợp hạt thấm h&uacute;t, gi&uacute;p trẻ lu&ocirc;n kh&ocirc; tho&aacute;ng suốt ng&agrave;y v&agrave; đ&ecirc;m. T&atilde; sở hữu độ tho&aacute;ng kh&iacute; tốt, c&oacute; khả năng chống hăm n&ecirc;n mang lại cảm gi&aacute;c thoải m&aacute;i v&agrave; dễ chịu tuyệt đối cho b&eacute;. Với t&atilde; d&aacute;n <strong>Huggies Dry M42</strong>, giờ đ&acirc;y, thi&ecirc;n thần nhỏ của bạn c&oacute; thể v&ocirc; tư chơi đ&ugrave;a m&agrave; kh&ocirc;ng lo bị gi&aacute;n đoạn cuộc vui.</p>\n\n<div><strong>ĐẶC ĐIỂM NỔI BẬT</strong></div>\n\n<p><strong>Chất liệu tốt, an to&agrave;n</strong><br />\nĐược sản xuất bằng chất liệu c&oacute; t&iacute;nh khử m&ugrave;i, chống hăm da, thấm h&uacute;t an to&agrave;n, t&atilde; giấy Huggies chống tr&agrave;n hiệu quả, cho b&eacute; sự thoải m&aacute;i, dễ chịu. C&aacute;c miếng l&oacute;t kỳ diệu gi&uacute;p nới v&agrave; thắt chặt cho vừa vặn một c&aacute;ch dễ d&agrave;ng hơn, lớp phủ mềm v&agrave; tho&aacute;ng gi&uacute;p tạo sự mềm mại v&agrave; cảm gi&aacute;c thoải m&aacute;i. B&ecirc;n cạnh đ&oacute;, t&atilde; Huggies đ&atilde; được y khoa chứng nhận tuyệt đối an to&agrave;n d&agrave;nh cho trẻ nhỏ.</p>\n\n<p><strong>Băng keo d&aacute;n chống ngứa da</strong> Chất liệu mềm mại từ keo d&aacute;n sẽ kh&ocirc;ng g&acirc;y x&oacute;t, ngứa, nhưng vẫn gi&uacute;p cố định t&atilde; ngay cả khi b&eacute; cử động mạnh hay chơi đ&ugrave;a. Đ&acirc;y l&agrave; keo d&aacute;n thế hệ mới: d&iacute;nh chắc đồng thời c&oacute; thể d&aacute;n lại dễ d&agrave;ng.</p>\n\n<p><strong>Thun v&ograve;ng quanh h&aacute;ng</strong><br />\nChống tr&agrave;n hiệu quả, kh&ocirc;ng l&agrave;m bẩn ga giường, gi&uacute;p mẹ đỡ vất vả hơn. Nhờ l&agrave;m bằng chất liệu thun tốt, d&ugrave; tiếp x&uacute;c trực tiếp với da b&eacute; vẫn kh&ocirc;ng g&acirc;y mẫn, ngứa.</p>\n\n<p><strong>L&otilde;i b&ocirc;ng thấm h&uacute;t tuyệt đối</strong> T&atilde; c&oacute; l&otilde;i b&ocirc;ng mềm mại, sở hữu khả năng thấm h&uacute;t tuyệt đối, gi&uacute;p b&eacute; lu&ocirc;n kh&ocirc; tho&aacute;ng suốt ng&agrave;y d&agrave;i v&agrave; ban đ&ecirc;m. Nhờ vậy, những cuộc vui chơi hay giấc ngủ của b&eacute; sẽ kh&ocirc;ng c&ograve;n bị gi&aacute;n đoạn.</p>\n\n<p><strong>Thiết kế gọn v&agrave; vừa vặn</strong><br />\nNhờ thế khi mặc t&atilde;, b&eacute; vận động dễ d&agrave;ng v&agrave; thoải m&aacute;i hơn.</p>\n\n<p><strong>C&aacute;ch d&ugrave;ng</strong><br />\nThoa kem chống hăm trước khi sử dụng t&atilde; l&oacute;t cho b&eacute;. Kh&ocirc;ng n&ecirc;n mặc t&atilde; cho b&eacute; qu&aacute; 6 tiếng đồng hồ li&ecirc;n tiếp.</p>\n','EN-US',NULL),(1746,63,1,NULL,NULL,NULL,'KO-KR','Huggies Dry M42'),(1747,63,2,NULL,NULL,'<p>Được xem như một trong những ph&aacute;t minh vĩ đại trong lĩnh vực chế tạo đồ d&ugrave;ng cho trẻ nhỏ v&agrave; trẻ sơ sinh, t&atilde; giấy d&aacute;n kh&ocirc;ng chỉ mang lại sự bảo vệ tuyệt vời cho b&eacute; y&ecirc;u m&agrave; c&ograve;n g&oacute;p phần gi&uacute;p c&aacute;c &ocirc;ng bố, b&agrave; mẹ đỡ cực nhọc hơn trong việc chăm s&oacute;c con. L&agrave; một đại diện trong đ&oacute;, t&atilde; d&aacute;n <strong>Huggies Dry M42</strong> được sản xuất dựa tr&ecirc;n c&ocirc;ng nghệ hiện đại với c&aacute;c l&otilde;i b&ocirc;ng kết hợp hạt thấm h&uacute;t, gi&uacute;p trẻ lu&ocirc;n kh&ocirc; tho&aacute;ng suốt ng&agrave;y v&agrave; đ&ecirc;m. T&atilde; sở hữu độ tho&aacute;ng kh&iacute; tốt, c&oacute; khả năng chống hăm n&ecirc;n mang lại cảm gi&aacute;c thoải m&aacute;i v&agrave; dễ chịu tuyệt đối cho b&eacute;. Với t&atilde; d&aacute;n <strong>Huggies Dry M42</strong>, giờ đ&acirc;y, thi&ecirc;n thần nhỏ của bạn c&oacute; thể v&ocirc; tư chơi đ&ugrave;a m&agrave; kh&ocirc;ng lo bị gi&aacute;n đoạn cuộc vui.</p>\n\n<div><strong>ĐẶC ĐIỂM NỔI BẬT</strong></div>\n\n<p><strong>Chất liệu tốt, an to&agrave;n</strong><br />\nĐược sản xuất bằng chất liệu c&oacute; t&iacute;nh khử m&ugrave;i, chống hăm da, thấm h&uacute;t an to&agrave;n, t&atilde; giấy Huggies chống tr&agrave;n hiệu quả, cho b&eacute; sự thoải m&aacute;i, dễ chịu. C&aacute;c miếng l&oacute;t kỳ diệu gi&uacute;p nới v&agrave; thắt chặt cho vừa vặn một c&aacute;ch dễ d&agrave;ng hơn, lớp phủ mềm v&agrave; tho&aacute;ng gi&uacute;p tạo sự mềm mại v&agrave; cảm gi&aacute;c thoải m&aacute;i. B&ecirc;n cạnh đ&oacute;, t&atilde; Huggies đ&atilde; được y khoa chứng nhận tuyệt đối an to&agrave;n d&agrave;nh cho trẻ nhỏ.</p>\n\n<p><strong>Băng keo d&aacute;n chống ngứa da</strong> Chất liệu mềm mại từ keo d&aacute;n sẽ kh&ocirc;ng g&acirc;y x&oacute;t, ngứa, nhưng vẫn gi&uacute;p cố định t&atilde; ngay cả khi b&eacute; cử động mạnh hay chơi đ&ugrave;a. Đ&acirc;y l&agrave; keo d&aacute;n thế hệ mới: d&iacute;nh chắc đồng thời c&oacute; thể d&aacute;n lại dễ d&agrave;ng.</p>\n\n<p><strong>Thun v&ograve;ng quanh h&aacute;ng</strong><br />\nChống tr&agrave;n hiệu quả, kh&ocirc;ng l&agrave;m bẩn ga giường, gi&uacute;p mẹ đỡ vất vả hơn. Nhờ l&agrave;m bằng chất liệu thun tốt, d&ugrave; tiếp x&uacute;c trực tiếp với da b&eacute; vẫn kh&ocirc;ng g&acirc;y mẫn, ngứa.</p>\n\n<p><strong>L&otilde;i b&ocirc;ng thấm h&uacute;t tuyệt đối</strong> T&atilde; c&oacute; l&otilde;i b&ocirc;ng mềm mại, sở hữu khả năng thấm h&uacute;t tuyệt đối, gi&uacute;p b&eacute; lu&ocirc;n kh&ocirc; tho&aacute;ng suốt ng&agrave;y d&agrave;i v&agrave; ban đ&ecirc;m. Nhờ vậy, những cuộc vui chơi hay giấc ngủ của b&eacute; sẽ kh&ocirc;ng c&ograve;n bị gi&aacute;n đoạn.</p>\n\n<p><strong>Thiết kế gọn v&agrave; vừa vặn</strong><br />\nNhờ thế khi mặc t&atilde;, b&eacute; vận động dễ d&agrave;ng v&agrave; thoải m&aacute;i hơn.</p>\n\n<p><strong>C&aacute;ch d&ugrave;ng</strong><br />\nThoa kem chống hăm trước khi sử dụng t&atilde; l&oacute;t cho b&eacute;. Kh&ocirc;ng n&ecirc;n mặc t&atilde; cho b&eacute; qu&aacute; 6 tiếng đồng hồ li&ecirc;n tiếp.</p>\n','KO-KR',NULL),(1748,64,1,NULL,NULL,NULL,'VN-VI','Huggies Nappy Hug Promo NB1 – Bộ 2 gói miếng lót sơ sinh / Gói lớn'),(1749,64,18,NULL,NULL,NULL,NULL,''),(1750,64,13,10,NULL,NULL,NULL,NULL),(1751,64,34,NULL,NULL,NULL,NULL,''),(1752,64,14,1,NULL,NULL,NULL,NULL),(1753,64,24,NULL,0,NULL,NULL,NULL),(1754,64,31,1,NULL,NULL,NULL,NULL),(1755,64,32,1,NULL,NULL,NULL,NULL),(1756,64,33,1,NULL,NULL,NULL,NULL),(1757,64,2,NULL,NULL,'<p>Nhu cầu sử dụng t&atilde; giấy của b&eacute; kh&aacute;c nhau theo từng giai đoạn. Từ 0 - 3 th&aacute;ng, giai đoạn sơ sinh, b&eacute; chưa cần d&ugrave;ng đến loại t&atilde; dạng quần v&igrave; nhu cầu đi vệ sinh c&ograve;n chưa ổn định. Miếng l&oacute;t t&atilde; sơ sinh <strong>Huggies Nappy Hug Promo NB1</strong> dạng miếng tho&aacute;ng hơn c&aacute;c loại t&atilde; giấy quần, c&oacute; keo d&aacute;n trực tiếp v&agrave;o quần hoặc t&atilde; vải sẽ gi&uacute;p mẹ đỡ vất vả hơn hẳn khi chăm s&oacute;c b&eacute;, ri&ecirc;ng b&eacute; sẽ cảm nhận được sự thoải m&aacute;i dễ chịu, tho&aacute;ng m&aacute;t. Miếng l&oacute;t <strong>Huggies Nappy Hug Promo NB1</strong> được l&agrave;m ho&agrave;n to&agrave;n bằng chất liệu cao cấp l&agrave; một lựa chọn th&iacute;ch hợp cho b&eacute;.</p>\n\n<p><strong>C&Aacute;CH D&Ugrave;NG:</strong> Thoa kem chống hăm trước khi sử dụng t&atilde; l&oacute;t cho b&eacute;. Kh&ocirc;ng n&ecirc;n mặc t&atilde; cho b&eacute; qu&aacute; 6 tiếng đồng hồ li&ecirc;n tiếp.</p>\n\n<div><strong>T&Iacute;NH NĂNG NỔI BẬT</strong></div>\n\n<p><strong>Chất liệu tốt, an to&agrave;n</strong><br />\nĐược sản xuất bằng chất liệu c&oacute; t&iacute;nh khử m&ugrave;i, chống hăm da, thấm h&uacute;t an to&agrave;n, t&atilde; giấy Huggies chống tr&agrave;n hiệu quả, cho b&eacute; sự thoải m&aacute;i, dễ chịu. C&aacute;c miếng l&oacute;t kỳ diệu gi&uacute;p nới v&agrave; thắt chặt cho vừa vặn một c&aacute;ch dễ d&agrave;ng hơn, lớp phủ mềm v&agrave; tho&aacute;ng: gi&uacute;p tạo sự mềm mại v&agrave; cảm gi&aacute;c thoải m&aacute;i, mềm mại như b&ocirc;ng.</p>\n\n<p><strong>Lớp thấm si&ecirc;u nhanh</strong><br />\nVới thiết kế lớp thấm si&ecirc;u nhanh được tăng cường độ thấm h&uacute;t sẽ nhanh ch&oacute;ng h&uacute;t mọi chất lỏng v&agrave;o b&ecirc;n trong t&atilde;, gi&uacute;p da b&eacute; lu&ocirc;n kh&ocirc; tho&aacute;ng.</p>\n\n<p><strong>Thiết kế th&ocirc;ng minh</strong><br />\nVới thiết kế h&igrave;nh chữ V độc đ&aacute;o c&ugrave;ng v&aacute;ch ngăn chống tr&agrave;n hai b&ecirc;n, miếng l&oacute;t Huggies vừa vặn tuyệt đối giữa hai ch&acirc;n b&eacute; gi&uacute;p chống tr&agrave;n hiệu quả hơn.</p>\n\n<p><strong>Đ&oacute;ng g&oacute;i bộ 2 t&uacute;i</strong><br />\nSản phẩm được đ&oacute;ng g&oacute;i bộ 2 t&uacute;i t&atilde; giấy sẽ tiết kiệm thời gian cho mẹ khi mua sắm. Mẹ sẽ c&oacute; nhiều thời gian hơn để chăm s&oacute;c bản th&acirc;n v&agrave; gia đ&igrave;nh b&eacute; nhỏ của m&igrave;nh.</p>\n\n<div><strong>TH&Ocirc;NG TIN THƯƠNG HIỆU</strong></div>\n\n<p>Những chiếc t&atilde; giấy nhỏ xinh <strong>Huggies</strong> được giới thiệu bởi Tập đo&agrave;n Kimberly-Clark tại Mỹ v&agrave;o năm 1978 đ&atilde; thực sự tạo n&ecirc;n một cuộc c&aacute;ch mạng t&atilde; giấy tr&ecirc;n thị trường cho trẻ nhỏ. Năm 1989, chiếc t&atilde; giấy d&ugrave;ng một lần &ldquo;Pull-ups&rdquo; đ&atilde; thực sự tạo n&ecirc;n một xu hướng mới tr&ecirc;n d&ograve;ng thị trường t&atilde; giấy d&agrave;nh cho trẻ nhỏ, nhu cầu sử dụng tăng nhanh, c&aacute;c &ocirc;ng bố, b&agrave; mẹ đều th&iacute;ch v&agrave; con c&aacute;i họ rất h&agrave;i l&ograve;ng. Với gần 26 tỉ t&atilde; giấy sử dụng tr&ecirc;n thế giới mỗi năm, Huggies tự h&agrave;o đồng h&agrave;nh c&ugrave;ng mọi gia đ&igrave;nh trong việc chăm s&oacute;c trẻ nhỏ tốt hơn.</p>\n','VN-VI',NULL),(1758,64,26,NULL,NULL,'',NULL,NULL),(1759,64,27,0,NULL,NULL,NULL,NULL),(1760,64,28,0,NULL,NULL,NULL,NULL),(1761,64,29,NULL,28,NULL,NULL,NULL),(1762,64,30,NULL,28,NULL,NULL,NULL),(1763,64,21,NULL,NULL,NULL,NULL,''),(1764,64,22,NULL,NULL,'',NULL,NULL),(1765,64,23,NULL,NULL,'',NULL,NULL),(1766,64,1,NULL,NULL,NULL,'EN-US','Huggies Nappy Hug Promo NB1 – Bộ 2 gói miếng lót sơ sinh / Gói lớn'),(1767,64,2,NULL,NULL,'<p>Nhu cầu sử dụng t&atilde; giấy của b&eacute; kh&aacute;c nhau theo từng giai đoạn. Từ 0 - 3 th&aacute;ng, giai đoạn sơ sinh, b&eacute; chưa cần d&ugrave;ng đến loại t&atilde; dạng quần v&igrave; nhu cầu đi vệ sinh c&ograve;n chưa ổn định. Miếng l&oacute;t t&atilde; sơ sinh <strong>Huggies Nappy Hug Promo NB1</strong> dạng miếng tho&aacute;ng hơn c&aacute;c loại t&atilde; giấy quần, c&oacute; keo d&aacute;n trực tiếp v&agrave;o quần hoặc t&atilde; vải sẽ gi&uacute;p mẹ đỡ vất vả hơn hẳn khi chăm s&oacute;c b&eacute;, ri&ecirc;ng b&eacute; sẽ cảm nhận được sự thoải m&aacute;i dễ chịu, tho&aacute;ng m&aacute;t. Miếng l&oacute;t <strong>Huggies Nappy Hug Promo NB1</strong> được l&agrave;m ho&agrave;n to&agrave;n bằng chất liệu cao cấp l&agrave; một lựa chọn th&iacute;ch hợp cho b&eacute;.</p>\n\n<p><strong>C&Aacute;CH D&Ugrave;NG:</strong> Thoa kem chống hăm trước khi sử dụng t&atilde; l&oacute;t cho b&eacute;. Kh&ocirc;ng n&ecirc;n mặc t&atilde; cho b&eacute; qu&aacute; 6 tiếng đồng hồ li&ecirc;n tiếp.</p>\n\n<div><strong>T&Iacute;NH NĂNG NỔI BẬT</strong></div>\n\n<p><strong>Chất liệu tốt, an to&agrave;n</strong><br />\nĐược sản xuất bằng chất liệu c&oacute; t&iacute;nh khử m&ugrave;i, chống hăm da, thấm h&uacute;t an to&agrave;n, t&atilde; giấy Huggies chống tr&agrave;n hiệu quả, cho b&eacute; sự thoải m&aacute;i, dễ chịu. C&aacute;c miếng l&oacute;t kỳ diệu gi&uacute;p nới v&agrave; thắt chặt cho vừa vặn một c&aacute;ch dễ d&agrave;ng hơn, lớp phủ mềm v&agrave; tho&aacute;ng: gi&uacute;p tạo sự mềm mại v&agrave; cảm gi&aacute;c thoải m&aacute;i, mềm mại như b&ocirc;ng.</p>\n\n<p><strong>Lớp thấm si&ecirc;u nhanh</strong><br />\nVới thiết kế lớp thấm si&ecirc;u nhanh được tăng cường độ thấm h&uacute;t sẽ nhanh ch&oacute;ng h&uacute;t mọi chất lỏng v&agrave;o b&ecirc;n trong t&atilde;, gi&uacute;p da b&eacute; lu&ocirc;n kh&ocirc; tho&aacute;ng.</p>\n\n<p><strong>Thiết kế th&ocirc;ng minh</strong><br />\nVới thiết kế h&igrave;nh chữ V độc đ&aacute;o c&ugrave;ng v&aacute;ch ngăn chống tr&agrave;n hai b&ecirc;n, miếng l&oacute;t Huggies vừa vặn tuyệt đối giữa hai ch&acirc;n b&eacute; gi&uacute;p chống tr&agrave;n hiệu quả hơn.</p>\n\n<p><strong>Đ&oacute;ng g&oacute;i bộ 2 t&uacute;i</strong><br />\nSản phẩm được đ&oacute;ng g&oacute;i bộ 2 t&uacute;i t&atilde; giấy sẽ tiết kiệm thời gian cho mẹ khi mua sắm. Mẹ sẽ c&oacute; nhiều thời gian hơn để chăm s&oacute;c bản th&acirc;n v&agrave; gia đ&igrave;nh b&eacute; nhỏ của m&igrave;nh.</p>\n\n<div><strong>TH&Ocirc;NG TIN THƯƠNG HIỆU</strong></div>\n\n<p>Những chiếc t&atilde; giấy nhỏ xinh <strong>Huggies</strong> được giới thiệu bởi Tập đo&agrave;n Kimberly-Clark tại Mỹ v&agrave;o năm 1978 đ&atilde; thực sự tạo n&ecirc;n một cuộc c&aacute;ch mạng t&atilde; giấy tr&ecirc;n thị trường cho trẻ nhỏ. Năm 1989, chiếc t&atilde; giấy d&ugrave;ng một lần &ldquo;Pull-ups&rdquo; đ&atilde; thực sự tạo n&ecirc;n một xu hướng mới tr&ecirc;n d&ograve;ng thị trường t&atilde; giấy d&agrave;nh cho trẻ nhỏ, nhu cầu sử dụng tăng nhanh, c&aacute;c &ocirc;ng bố, b&agrave; mẹ đều th&iacute;ch v&agrave; con c&aacute;i họ rất h&agrave;i l&ograve;ng. Với gần 26 tỉ t&atilde; giấy sử dụng tr&ecirc;n thế giới mỗi năm, Huggies tự h&agrave;o đồng h&agrave;nh c&ugrave;ng mọi gia đ&igrave;nh trong việc chăm s&oacute;c trẻ nhỏ tốt hơn.</p>\n','EN-US',NULL),(1768,64,1,NULL,NULL,NULL,'KO-KR','Huggies Nappy Hug Promo NB1 – Bộ 2 gói miếng lót sơ sinh / Gói lớn'),(1769,64,2,NULL,NULL,'<p>Nhu cầu sử dụng t&atilde; giấy của b&eacute; kh&aacute;c nhau theo từng giai đoạn. Từ 0 - 3 th&aacute;ng, giai đoạn sơ sinh, b&eacute; chưa cần d&ugrave;ng đến loại t&atilde; dạng quần v&igrave; nhu cầu đi vệ sinh c&ograve;n chưa ổn định. Miếng l&oacute;t t&atilde; sơ sinh <strong>Huggies Nappy Hug Promo NB1</strong> dạng miếng tho&aacute;ng hơn c&aacute;c loại t&atilde; giấy quần, c&oacute; keo d&aacute;n trực tiếp v&agrave;o quần hoặc t&atilde; vải sẽ gi&uacute;p mẹ đỡ vất vả hơn hẳn khi chăm s&oacute;c b&eacute;, ri&ecirc;ng b&eacute; sẽ cảm nhận được sự thoải m&aacute;i dễ chịu, tho&aacute;ng m&aacute;t. Miếng l&oacute;t <strong>Huggies Nappy Hug Promo NB1</strong> được l&agrave;m ho&agrave;n to&agrave;n bằng chất liệu cao cấp l&agrave; một lựa chọn th&iacute;ch hợp cho b&eacute;.</p>\n\n<p><strong>C&Aacute;CH D&Ugrave;NG:</strong> Thoa kem chống hăm trước khi sử dụng t&atilde; l&oacute;t cho b&eacute;. Kh&ocirc;ng n&ecirc;n mặc t&atilde; cho b&eacute; qu&aacute; 6 tiếng đồng hồ li&ecirc;n tiếp.</p>\n\n<div><strong>T&Iacute;NH NĂNG NỔI BẬT</strong></div>\n\n<p><strong>Chất liệu tốt, an to&agrave;n</strong><br />\nĐược sản xuất bằng chất liệu c&oacute; t&iacute;nh khử m&ugrave;i, chống hăm da, thấm h&uacute;t an to&agrave;n, t&atilde; giấy Huggies chống tr&agrave;n hiệu quả, cho b&eacute; sự thoải m&aacute;i, dễ chịu. C&aacute;c miếng l&oacute;t kỳ diệu gi&uacute;p nới v&agrave; thắt chặt cho vừa vặn một c&aacute;ch dễ d&agrave;ng hơn, lớp phủ mềm v&agrave; tho&aacute;ng: gi&uacute;p tạo sự mềm mại v&agrave; cảm gi&aacute;c thoải m&aacute;i, mềm mại như b&ocirc;ng.</p>\n\n<p><strong>Lớp thấm si&ecirc;u nhanh</strong><br />\nVới thiết kế lớp thấm si&ecirc;u nhanh được tăng cường độ thấm h&uacute;t sẽ nhanh ch&oacute;ng h&uacute;t mọi chất lỏng v&agrave;o b&ecirc;n trong t&atilde;, gi&uacute;p da b&eacute; lu&ocirc;n kh&ocirc; tho&aacute;ng.</p>\n\n<p><strong>Thiết kế th&ocirc;ng minh</strong><br />\nVới thiết kế h&igrave;nh chữ V độc đ&aacute;o c&ugrave;ng v&aacute;ch ngăn chống tr&agrave;n hai b&ecirc;n, miếng l&oacute;t Huggies vừa vặn tuyệt đối giữa hai ch&acirc;n b&eacute; gi&uacute;p chống tr&agrave;n hiệu quả hơn.</p>\n\n<p><strong>Đ&oacute;ng g&oacute;i bộ 2 t&uacute;i</strong><br />\nSản phẩm được đ&oacute;ng g&oacute;i bộ 2 t&uacute;i t&atilde; giấy sẽ tiết kiệm thời gian cho mẹ khi mua sắm. Mẹ sẽ c&oacute; nhiều thời gian hơn để chăm s&oacute;c bản th&acirc;n v&agrave; gia đ&igrave;nh b&eacute; nhỏ của m&igrave;nh.</p>\n\n<div><strong>TH&Ocirc;NG TIN THƯƠNG HIỆU</strong></div>\n\n<p>Những chiếc t&atilde; giấy nhỏ xinh <strong>Huggies</strong> được giới thiệu bởi Tập đo&agrave;n Kimberly-Clark tại Mỹ v&agrave;o năm 1978 đ&atilde; thực sự tạo n&ecirc;n một cuộc c&aacute;ch mạng t&atilde; giấy tr&ecirc;n thị trường cho trẻ nhỏ. Năm 1989, chiếc t&atilde; giấy d&ugrave;ng một lần &ldquo;Pull-ups&rdquo; đ&atilde; thực sự tạo n&ecirc;n một xu hướng mới tr&ecirc;n d&ograve;ng thị trường t&atilde; giấy d&agrave;nh cho trẻ nhỏ, nhu cầu sử dụng tăng nhanh, c&aacute;c &ocirc;ng bố, b&agrave; mẹ đều th&iacute;ch v&agrave; con c&aacute;i họ rất h&agrave;i l&ograve;ng. Với gần 26 tỉ t&atilde; giấy sử dụng tr&ecirc;n thế giới mỗi năm, Huggies tự h&agrave;o đồng h&agrave;nh c&ugrave;ng mọi gia đ&igrave;nh trong việc chăm s&oacute;c trẻ nhỏ tốt hơn.</p>\n','KO-KR',NULL),(1770,65,1,NULL,NULL,NULL,'VN-VI','Merries L54 – Tã giấy dán'),(1771,65,18,NULL,NULL,NULL,NULL,''),(1772,65,13,10,NULL,NULL,NULL,NULL),(1773,65,34,NULL,NULL,NULL,NULL,''),(1774,65,14,1,NULL,NULL,NULL,NULL),(1775,65,24,NULL,0,NULL,NULL,NULL),(1776,65,31,1,NULL,NULL,NULL,NULL),(1777,65,32,1,NULL,NULL,NULL,NULL),(1778,65,33,1,NULL,NULL,NULL,NULL),(1779,65,2,NULL,NULL,'<p>L&agrave; sản phẩm đến từ thương hiệu Merries nổi tiếng của Nhật, t&atilde; giấy <strong>Merries L54</strong> l&agrave; giải ph&aacute;p tối ưu gi&uacute;p trẻ kh&ocirc; tho&aacute;ng suốt ng&agrave;y v&agrave; đ&ecirc;m. Sử dụng chất liệu tơ tằm mềm mại, t&atilde; chống ngứa, chống hăm v&agrave; chống dị ứng, đảm bảo sự thoải m&aacute;i tối đa cho b&eacute;. Với lớp m&agrave;ng đặc biệt chứa c&aacute;c hạt si&ecirc;u thấm, sản phẩm thấm h&uacute;t nhanh ch&oacute;ng v&agrave; hiệu quả. Hơn thế nữa, với hệ thống chống tr&agrave;n hiệu quả, t&atilde; giữ cho b&eacute; lu&ocirc;n kh&ocirc; tho&aacute;ng tuyệt đối những l&uacute;c chạy nhảy, vui chơi cũng như khi đi ngủ. Ở trung t&acirc;m của bề mặt t&atilde; c&oacute; 2 đường m&agrave;u sẽ chuyển từ xanh sang v&agrave;ng khi cần thay, gi&uacute;p mẹ chăm s&oacute;c b&eacute; chu đ&aacute;o v&agrave; dễ d&agrave;ng hơn. <strong>Merries L54</strong> kh&ocirc;ng chỉ l&agrave; người bạn đồng h&agrave;nh l&yacute; tưởng của b&eacute; m&agrave; c&ograve;n được xem như trợ thủ đắc lực của mẹ.</p>\n\n<p><strong>C&Aacute;CH D&Ugrave;NG: </strong> Thoa kem chống hăm trước khi sử dụng t&atilde; l&oacute;t cho b&eacute;. Kh&ocirc;ng n&ecirc;n mặc t&atilde; cho b&eacute; qu&aacute; 6 tiếng đồng hồ li&ecirc;n tiếp.</p>\n\n<div><strong>T&Iacute;NH NĂNG NỔI BẬT</strong></div>\n\n<p><strong>Chất liệu tốt, an to&agrave;n</strong><br />\nĐược sản xuất bằng chất liệu tơ tằm c&oacute; t&iacute;nh khử m&ugrave;i, chống hăm da, chống ngứa v&agrave; chống dị ứng, sản phẩm mang đến cho b&eacute; sự thoải m&aacute;i, dễ chịu tối đa.</p>\n\n<p><strong>Thiết kế si&ecirc;u mỏng</strong><br />\nT&atilde; sở hữu thiết kế si&ecirc;u mỏng, đảm bảo b&eacute; kh&ocirc;ng bị kh&oacute; chịu l&uacute;c chơi đ&ugrave;a hoặc khi đi ngủ.</p>\n\n<p><strong>Lớp m&agrave;ng thấm h&uacute;t si&ecirc;u nhanh</strong><br />\nVới thiết kế lớp m&agrave;ng chứa hạt si&ecirc;u thấm đặc biệt, nhanh ch&oacute;ng h&uacute;t mọi chất lỏng, ngăn chất lỏng thấm ngược trở lại, gi&uacute;p bề mặt t&atilde; lu&ocirc;n kh&ocirc; tho&aacute;ng.</p>\n\n<p><strong>Chống tr&agrave;n hiệu quả</strong><br />\nSử dụng c&ocirc;ng nghệ ti&ecirc;n tiến, t&atilde; giấy Merries c&oacute; khả năng ngăn ngừa chất lỏng tr&agrave;n ra b&ecirc;n ngo&agrave;i, kể cả l&uacute;c b&eacute; vận động hay nằm ngủ.</p>\n\n<p><strong>Hệ thống b&aacute;o hiệu tối ưu</strong><br />\nVới 2 đường c&oacute; khả năng chuyển m&agrave;u (từ xanh sang v&agrave;ng), mẹ dễ d&agrave;ng quan s&aacute;t v&agrave; biết l&uacute;c n&agrave;o n&ecirc;n thay t&atilde; cho b&eacute;.</p>\n\n<p><strong>Thiết kế dễ thương</strong><br />\nBề mặt ngo&agrave;i của t&atilde; sở hữu thiết kế đ&aacute;ng y&ecirc;u c&ugrave;ng m&agrave;u sắc bắt mắt, ph&ugrave; hợp với b&eacute; y&ecirc;u nh&agrave; bạn.</p>\n','VN-VI',NULL),(1780,65,26,NULL,NULL,'',NULL,NULL),(1781,65,27,0,NULL,NULL,NULL,NULL),(1782,65,28,0,NULL,NULL,NULL,NULL),(1783,65,29,NULL,0,NULL,NULL,NULL),(1784,65,30,NULL,0,NULL,NULL,NULL),(1785,65,21,NULL,NULL,NULL,NULL,''),(1786,65,22,NULL,NULL,'',NULL,NULL),(1787,65,23,NULL,NULL,'',NULL,NULL),(1788,65,1,NULL,NULL,NULL,'EN-US','Merries L54 – Tã giấy dán'),(1789,65,2,NULL,NULL,'<p>L&agrave; sản phẩm đến từ thương hiệu Merries nổi tiếng của Nhật, t&atilde; giấy <strong>Merries L54</strong> l&agrave; giải ph&aacute;p tối ưu gi&uacute;p trẻ kh&ocirc; tho&aacute;ng suốt ng&agrave;y v&agrave; đ&ecirc;m. Sử dụng chất liệu tơ tằm mềm mại, t&atilde; chống ngứa, chống hăm v&agrave; chống dị ứng, đảm bảo sự thoải m&aacute;i tối đa cho b&eacute;. Với lớp m&agrave;ng đặc biệt chứa c&aacute;c hạt si&ecirc;u thấm, sản phẩm thấm h&uacute;t nhanh ch&oacute;ng v&agrave; hiệu quả. Hơn thế nữa, với hệ thống chống tr&agrave;n hiệu quả, t&atilde; giữ cho b&eacute; lu&ocirc;n kh&ocirc; tho&aacute;ng tuyệt đối những l&uacute;c chạy nhảy, vui chơi cũng như khi đi ngủ. Ở trung t&acirc;m của bề mặt t&atilde; c&oacute; 2 đường m&agrave;u sẽ chuyển từ xanh sang v&agrave;ng khi cần thay, gi&uacute;p mẹ chăm s&oacute;c b&eacute; chu đ&aacute;o v&agrave; dễ d&agrave;ng hơn. <strong>Merries L54</strong> kh&ocirc;ng chỉ l&agrave; người bạn đồng h&agrave;nh l&yacute; tưởng của b&eacute; m&agrave; c&ograve;n được xem như trợ thủ đắc lực của mẹ.</p>\n\n<p><strong>C&Aacute;CH D&Ugrave;NG: </strong> Thoa kem chống hăm trước khi sử dụng t&atilde; l&oacute;t cho b&eacute;. Kh&ocirc;ng n&ecirc;n mặc t&atilde; cho b&eacute; qu&aacute; 6 tiếng đồng hồ li&ecirc;n tiếp.</p>\n\n<div><strong>T&Iacute;NH NĂNG NỔI BẬT</strong></div>\n\n<p><strong>Chất liệu tốt, an to&agrave;n</strong><br />\nĐược sản xuất bằng chất liệu tơ tằm c&oacute; t&iacute;nh khử m&ugrave;i, chống hăm da, chống ngứa v&agrave; chống dị ứng, sản phẩm mang đến cho b&eacute; sự thoải m&aacute;i, dễ chịu tối đa.</p>\n\n<p><strong>Thiết kế si&ecirc;u mỏng</strong><br />\nT&atilde; sở hữu thiết kế si&ecirc;u mỏng, đảm bảo b&eacute; kh&ocirc;ng bị kh&oacute; chịu l&uacute;c chơi đ&ugrave;a hoặc khi đi ngủ.</p>\n\n<p><strong>Lớp m&agrave;ng thấm h&uacute;t si&ecirc;u nhanh</strong><br />\nVới thiết kế lớp m&agrave;ng chứa hạt si&ecirc;u thấm đặc biệt, nhanh ch&oacute;ng h&uacute;t mọi chất lỏng, ngăn chất lỏng thấm ngược trở lại, gi&uacute;p bề mặt t&atilde; lu&ocirc;n kh&ocirc; tho&aacute;ng.</p>\n\n<p><strong>Chống tr&agrave;n hiệu quả</strong><br />\nSử dụng c&ocirc;ng nghệ ti&ecirc;n tiến, t&atilde; giấy Merries c&oacute; khả năng ngăn ngừa chất lỏng tr&agrave;n ra b&ecirc;n ngo&agrave;i, kể cả l&uacute;c b&eacute; vận động hay nằm ngủ.</p>\n\n<p><strong>Hệ thống b&aacute;o hiệu tối ưu</strong><br />\nVới 2 đường c&oacute; khả năng chuyển m&agrave;u (từ xanh sang v&agrave;ng), mẹ dễ d&agrave;ng quan s&aacute;t v&agrave; biết l&uacute;c n&agrave;o n&ecirc;n thay t&atilde; cho b&eacute;.</p>\n\n<p><strong>Thiết kế dễ thương</strong><br />\nBề mặt ngo&agrave;i của t&atilde; sở hữu thiết kế đ&aacute;ng y&ecirc;u c&ugrave;ng m&agrave;u sắc bắt mắt, ph&ugrave; hợp với b&eacute; y&ecirc;u nh&agrave; bạn.</p>\n','EN-US',NULL),(1790,65,1,NULL,NULL,NULL,'KO-KR','Merries L54 – Tã giấy dán'),(1791,65,2,NULL,NULL,'<p>L&agrave; sản phẩm đến từ thương hiệu Merries nổi tiếng của Nhật, t&atilde; giấy <strong>Merries L54</strong> l&agrave; giải ph&aacute;p tối ưu gi&uacute;p trẻ kh&ocirc; tho&aacute;ng suốt ng&agrave;y v&agrave; đ&ecirc;m. Sử dụng chất liệu tơ tằm mềm mại, t&atilde; chống ngứa, chống hăm v&agrave; chống dị ứng, đảm bảo sự thoải m&aacute;i tối đa cho b&eacute;. Với lớp m&agrave;ng đặc biệt chứa c&aacute;c hạt si&ecirc;u thấm, sản phẩm thấm h&uacute;t nhanh ch&oacute;ng v&agrave; hiệu quả. Hơn thế nữa, với hệ thống chống tr&agrave;n hiệu quả, t&atilde; giữ cho b&eacute; lu&ocirc;n kh&ocirc; tho&aacute;ng tuyệt đối những l&uacute;c chạy nhảy, vui chơi cũng như khi đi ngủ. Ở trung t&acirc;m của bề mặt t&atilde; c&oacute; 2 đường m&agrave;u sẽ chuyển từ xanh sang v&agrave;ng khi cần thay, gi&uacute;p mẹ chăm s&oacute;c b&eacute; chu đ&aacute;o v&agrave; dễ d&agrave;ng hơn. <strong>Merries L54</strong> kh&ocirc;ng chỉ l&agrave; người bạn đồng h&agrave;nh l&yacute; tưởng của b&eacute; m&agrave; c&ograve;n được xem như trợ thủ đắc lực của mẹ.</p>\n\n<p><strong>C&Aacute;CH D&Ugrave;NG: </strong> Thoa kem chống hăm trước khi sử dụng t&atilde; l&oacute;t cho b&eacute;. Kh&ocirc;ng n&ecirc;n mặc t&atilde; cho b&eacute; qu&aacute; 6 tiếng đồng hồ li&ecirc;n tiếp.</p>\n\n<div><strong>T&Iacute;NH NĂNG NỔI BẬT</strong></div>\n\n<p><strong>Chất liệu tốt, an to&agrave;n</strong><br />\nĐược sản xuất bằng chất liệu tơ tằm c&oacute; t&iacute;nh khử m&ugrave;i, chống hăm da, chống ngứa v&agrave; chống dị ứng, sản phẩm mang đến cho b&eacute; sự thoải m&aacute;i, dễ chịu tối đa.</p>\n\n<p><strong>Thiết kế si&ecirc;u mỏng</strong><br />\nT&atilde; sở hữu thiết kế si&ecirc;u mỏng, đảm bảo b&eacute; kh&ocirc;ng bị kh&oacute; chịu l&uacute;c chơi đ&ugrave;a hoặc khi đi ngủ.</p>\n\n<p><strong>Lớp m&agrave;ng thấm h&uacute;t si&ecirc;u nhanh</strong><br />\nVới thiết kế lớp m&agrave;ng chứa hạt si&ecirc;u thấm đặc biệt, nhanh ch&oacute;ng h&uacute;t mọi chất lỏng, ngăn chất lỏng thấm ngược trở lại, gi&uacute;p bề mặt t&atilde; lu&ocirc;n kh&ocirc; tho&aacute;ng.</p>\n\n<p><strong>Chống tr&agrave;n hiệu quả</strong><br />\nSử dụng c&ocirc;ng nghệ ti&ecirc;n tiến, t&atilde; giấy Merries c&oacute; khả năng ngăn ngừa chất lỏng tr&agrave;n ra b&ecirc;n ngo&agrave;i, kể cả l&uacute;c b&eacute; vận động hay nằm ngủ.</p>\n\n<p><strong>Hệ thống b&aacute;o hiệu tối ưu</strong><br />\nVới 2 đường c&oacute; khả năng chuyển m&agrave;u (từ xanh sang v&agrave;ng), mẹ dễ d&agrave;ng quan s&aacute;t v&agrave; biết l&uacute;c n&agrave;o n&ecirc;n thay t&atilde; cho b&eacute;.</p>\n\n<p><strong>Thiết kế dễ thương</strong><br />\nBề mặt ngo&agrave;i của t&atilde; sở hữu thiết kế đ&aacute;ng y&ecirc;u c&ugrave;ng m&agrave;u sắc bắt mắt, ph&ugrave; hợp với b&eacute; y&ecirc;u nh&agrave; bạn.</p>\n','KO-KR',NULL),(1792,66,1,NULL,NULL,NULL,'VN-VI','Bino L30 – Bộ 2 gói tã giấy ban đêm'),(1793,66,18,NULL,NULL,NULL,NULL,''),(1794,66,13,10,NULL,NULL,NULL,NULL),(1795,66,34,NULL,NULL,NULL,NULL,''),(1796,66,14,1,NULL,NULL,NULL,NULL),(1797,66,24,NULL,0,NULL,NULL,NULL),(1798,66,31,1,NULL,NULL,NULL,NULL),(1799,66,32,1,NULL,NULL,NULL,NULL),(1800,66,33,1,NULL,NULL,NULL,NULL),(1801,66,2,NULL,NULL,'<p>T&atilde; quần <strong>Bino L30</strong> thiết kế miếng thấm si&ecirc;u nhanh v&agrave; rộng, tăng cường khả năng thấm h&uacute;t, giữ vệ sinh v&agrave; cảm gi&aacute;c kh&ocirc; th&aacute;ng cho b&eacute;. T&atilde; dễ d&agrave;ng th&aacute;o mở v&agrave; v&ograve;ng lưng thun co gi&atilde;n, &ocirc;m vừa vặn cơ thể mang cho b&eacute; sự thoải m&aacute;i tối đa. T&atilde; quần <strong>Bino L30</strong> đ&oacute;ng bộ 2 g&oacute;i (30 miếng/g&oacute;i), tiết kiệm thời gian v&agrave; chi ph&iacute; cho mẹ khi mua sắm.</p>\n\n<div><strong>ĐẶC ĐIỂM NỔI BẬT</strong></div>\n\n<p>- T&atilde; được thiết kế dạng quần với h&igrave;nh in ngộ nghĩnh.<br />\n- Tăng cường hạt thấm h&uacute;t gi&uacute;p giữ chặt chất lỏng b&ecirc;n trong t&atilde; v&agrave; chống tr&agrave;n hiệu quả.<br />\n- Lớp thấm si&ecirc;u nhanh v&agrave; rộng hơn, gi&uacute;p chất lỏng v&agrave;o b&ecirc;n trong t&atilde; nhanh hơn, chống v&oacute;n cục v&agrave; giữ cho bề mặt lu&ocirc;n kh&ocirc; tho&aacute;ng.<br />\n- Đai h&ocirc;ng co gi&atilde;n mềm mại, vừa vặn ho&agrave;n hảo c&oacute; thể sử dụng nhiều lần. C&aacute;c b&agrave; mẹ dễ d&agrave;ng hơn khi sử dụng v&igrave; c&oacute; thể gỡ ra d&aacute;n lại ở bất cứ nơi đ&acirc;u.<br />\n- Sản phẩm được nhập khẩu từ Indonesia với chất lượng vượt trội.</p>\n','VN-VI',NULL),(1802,66,26,NULL,NULL,'',NULL,NULL),(1803,66,27,0,NULL,NULL,NULL,NULL),(1804,66,28,0,NULL,NULL,NULL,NULL),(1805,66,29,NULL,0,NULL,NULL,NULL),(1806,66,30,NULL,0,NULL,NULL,NULL),(1807,66,21,NULL,NULL,NULL,NULL,''),(1808,66,22,NULL,NULL,'',NULL,NULL),(1809,66,23,NULL,NULL,'',NULL,NULL),(1810,66,1,NULL,NULL,NULL,'EN-US','Bino L30 – Bộ 2 gói tã giấy ban đêm'),(1811,66,2,NULL,NULL,'<p>T&atilde; quần <strong>Bino L30</strong> thiết kế miếng thấm si&ecirc;u nhanh v&agrave; rộng, tăng cường khả năng thấm h&uacute;t, giữ vệ sinh v&agrave; cảm gi&aacute;c kh&ocirc; th&aacute;ng cho b&eacute;. T&atilde; dễ d&agrave;ng th&aacute;o mở v&agrave; v&ograve;ng lưng thun co gi&atilde;n, &ocirc;m vừa vặn cơ thể mang cho b&eacute; sự thoải m&aacute;i tối đa. T&atilde; quần <strong>Bino L30</strong> đ&oacute;ng bộ 2 g&oacute;i (30 miếng/g&oacute;i), tiết kiệm thời gian v&agrave; chi ph&iacute; cho mẹ khi mua sắm.</p>\n\n<div><strong>ĐẶC ĐIỂM NỔI BẬT</strong></div>\n\n<p>- T&atilde; được thiết kế dạng quần với h&igrave;nh in ngộ nghĩnh.<br />\n- Tăng cường hạt thấm h&uacute;t gi&uacute;p giữ chặt chất lỏng b&ecirc;n trong t&atilde; v&agrave; chống tr&agrave;n hiệu quả.<br />\n- Lớp thấm si&ecirc;u nhanh v&agrave; rộng hơn, gi&uacute;p chất lỏng v&agrave;o b&ecirc;n trong t&atilde; nhanh hơn, chống v&oacute;n cục v&agrave; giữ cho bề mặt lu&ocirc;n kh&ocirc; tho&aacute;ng.<br />\n- Đai h&ocirc;ng co gi&atilde;n mềm mại, vừa vặn ho&agrave;n hảo c&oacute; thể sử dụng nhiều lần. C&aacute;c b&agrave; mẹ dễ d&agrave;ng hơn khi sử dụng v&igrave; c&oacute; thể gỡ ra d&aacute;n lại ở bất cứ nơi đ&acirc;u.<br />\n- Sản phẩm được nhập khẩu từ Indonesia với chất lượng vượt trội.</p>\n','EN-US',NULL),(1812,66,1,NULL,NULL,NULL,'KO-KR','Bino L30 – Bộ 2 gói tã giấy ban đêm'),(1813,66,2,NULL,NULL,'<p>T&atilde; quần <strong>Bino L30</strong> thiết kế miếng thấm si&ecirc;u nhanh v&agrave; rộng, tăng cường khả năng thấm h&uacute;t, giữ vệ sinh v&agrave; cảm gi&aacute;c kh&ocirc; th&aacute;ng cho b&eacute;. T&atilde; dễ d&agrave;ng th&aacute;o mở v&agrave; v&ograve;ng lưng thun co gi&atilde;n, &ocirc;m vừa vặn cơ thể mang cho b&eacute; sự thoải m&aacute;i tối đa. T&atilde; quần <strong>Bino L30</strong> đ&oacute;ng bộ 2 g&oacute;i (30 miếng/g&oacute;i), tiết kiệm thời gian v&agrave; chi ph&iacute; cho mẹ khi mua sắm.</p>\n\n<div><strong>ĐẶC ĐIỂM NỔI BẬT</strong></div>\n\n<p>- T&atilde; được thiết kế dạng quần với h&igrave;nh in ngộ nghĩnh.<br />\n- Tăng cường hạt thấm h&uacute;t gi&uacute;p giữ chặt chất lỏng b&ecirc;n trong t&atilde; v&agrave; chống tr&agrave;n hiệu quả.<br />\n- Lớp thấm si&ecirc;u nhanh v&agrave; rộng hơn, gi&uacute;p chất lỏng v&agrave;o b&ecirc;n trong t&atilde; nhanh hơn, chống v&oacute;n cục v&agrave; giữ cho bề mặt lu&ocirc;n kh&ocirc; tho&aacute;ng.<br />\n- Đai h&ocirc;ng co gi&atilde;n mềm mại, vừa vặn ho&agrave;n hảo c&oacute; thể sử dụng nhiều lần. C&aacute;c b&agrave; mẹ dễ d&agrave;ng hơn khi sử dụng v&igrave; c&oacute; thể gỡ ra d&aacute;n lại ở bất cứ nơi đ&acirc;u.<br />\n- Sản phẩm được nhập khẩu từ Indonesia với chất lượng vượt trội.</p>\n','KO-KR',NULL),(1814,67,1,NULL,NULL,NULL,'VN-VI',' Bobby Pants L20 – Bộ 2 gói tã quần '),(1815,67,18,NULL,NULL,NULL,NULL,''),(1816,67,13,10,NULL,NULL,NULL,NULL),(1817,67,34,NULL,NULL,NULL,NULL,''),(1818,67,14,1,NULL,NULL,NULL,NULL),(1819,67,24,NULL,0,NULL,NULL,NULL),(1820,67,31,1,NULL,NULL,NULL,NULL),(1821,67,32,1,NULL,NULL,NULL,NULL),(1822,67,33,1,NULL,NULL,NULL,NULL),(1823,67,2,NULL,NULL,'<p>Trẻ nhỏ rất ham vận động, lu&ocirc;n chạy nhảy suốt ng&agrave;y. Để gi&uacute;p cho b&eacute; đ&ugrave;a nghịch thoải m&aacute;i m&agrave; kh&ocirc;ng phải gi&aacute;n đoạn mỗi khi thay t&atilde; th&igrave; t&atilde; quần ch&iacute;nh l&agrave; giải ph&aacute;p. Với thiết kế cực k&igrave; dễ sử dụng, c&aacute;c &ocirc;ng bố vụng về cũng c&oacute; thể dễ d&agrave;ng mặc t&atilde; cho b&eacute; trong l&uacute;c mẹ vắng nh&agrave;. T&atilde; quần <strong>Bobby Pants L20</strong> l&agrave;m từ chất liệu khử m&ugrave;i, chống hăm da, thấm h&uacute;t an to&agrave;n, chống tr&agrave;n hiệu quả gi&uacute;p b&eacute; thoải m&aacute;i vui chơi v&agrave; giấc ngủ s&acirc;u suốt đ&ecirc;m. Bộ 2 g&oacute;i t&atilde; quần <strong>Bobby Pants L20</strong> kh&ocirc;ng những l&agrave; trợ thủ đắc lực của c&aacute;c b&agrave; mẹ m&agrave; c&ograve;n l&agrave; c&ocirc;ng cụ gi&uacute;p c&aacute;c &ocirc;ng bố thể hiện sự chia sẻ với b&agrave; x&atilde; v&agrave; sự quan t&acirc;m tới cục cưng b&eacute; nhỏ.</p>\n\n<p><strong>C&Aacute;CH D&Ugrave;NG</strong>: Thoa kem chống hăm trước khi sử dụng t&atilde; l&oacute;t cho b&eacute;. Kh&ocirc;ng n&ecirc;n mặc t&atilde; cho b&eacute; qu&aacute; 6 tiếng đồng hồ li&ecirc;n tiếp.</p>\n\n<p><em>Lưu &yacute;: Bao b&igrave; sản phẩm c&oacute; thể thay đổi theo từng đợt nhập h&agrave;ng.</em></p>\n\n<div><strong>ĐẶC ĐIỂM NỔI BẬT</strong></div>\n\n<p><strong>H&igrave;nh in ngộ nghĩnh</strong><br />\nĐược thiết kế dạng quần với h&igrave;nh ảnh ngộ nghĩnh, vui nhộn, sản phẩm t&atilde; quần <strong>Bobby Pants L20</strong> sẽ l&agrave;m cho b&eacute; th&iacute;ch th&uacute;, kh&ocirc;ng c&ograve;n kh&oacute; chịu mỗi khi phải thay t&atilde;.</p>\n\n<p><strong>Thiết kế đai h&ocirc;ng</strong><br />\nVới đai h&ocirc;ng co gi&atilde;n mềm mại, vừa vặn một c&aacute;ch ho&agrave;n hảo sẽ mang lại sự thoải m&aacute;i tối đa cho b&eacute;.</p>\n\n<p><strong>Mặt đ&aacute;y dạng vải</strong><br />\nMặt đ&aacute;y tho&aacute;t hơi ẩm dạng vải đẩy hơi n&oacute;ng ra ngo&agrave;i, gi&uacute;p da b&eacute; h&ocirc; hấp kh&ocirc;ng kh&iacute; một c&aacute;ch tự nhi&ecirc;n.</p>\n\n<p><strong>Si&ecirc;u mỏng nhưng si&ecirc;u thấm</strong><br />\nThiết kế mỏng, nhẹ với l&otilde;i b&ocirc;ng si&ecirc;u thấm sẽ thấm h&uacute;t chất lỏng cực nhanh, cho b&eacute; lu&ocirc;n kh&ocirc; tho&aacute;ng v&agrave; thỏa m&aacute;i vận động.</p>\n\n<p><strong>Đ&oacute;ng g&oacute;i bộ 2 t&uacute;i</strong><br />\nSản phẩm được đ&oacute;ng g&oacute;i bộ 2 t&uacute;i t&atilde; giấy sẽ tiết kiệm thời gian cho mẹ khi mua sắm. Mẹ sẽ c&oacute; nhiều thời gian hơn để chăm s&oacute;c bản th&acirc;n v&agrave; gia đ&igrave;nh b&eacute; nhỏ của m&igrave;nh.</p>\n','VN-VI',NULL),(1824,67,26,NULL,NULL,'',NULL,NULL),(1825,67,27,0,NULL,NULL,NULL,NULL),(1826,67,28,0,NULL,NULL,NULL,NULL),(1827,67,29,NULL,0,NULL,NULL,NULL),(1828,67,30,NULL,0,NULL,NULL,NULL),(1829,67,21,NULL,NULL,NULL,NULL,''),(1830,67,22,NULL,NULL,'',NULL,NULL),(1831,67,23,NULL,NULL,'',NULL,NULL),(1832,67,1,NULL,NULL,NULL,'EN-US','Bobby Pants L20 – Bộ 2 gói tã quần'),(1833,67,2,NULL,NULL,'<p>Trẻ nhỏ rất ham vận động, lu&ocirc;n chạy nhảy suốt ng&agrave;y. Để gi&uacute;p cho b&eacute; đ&ugrave;a nghịch thoải m&aacute;i m&agrave; kh&ocirc;ng phải gi&aacute;n đoạn mỗi khi thay t&atilde; th&igrave; t&atilde; quần ch&iacute;nh l&agrave; giải ph&aacute;p. Với thiết kế cực k&igrave; dễ sử dụng, c&aacute;c &ocirc;ng bố vụng về cũng c&oacute; thể dễ d&agrave;ng mặc t&atilde; cho b&eacute; trong l&uacute;c mẹ vắng nh&agrave;. T&atilde; quần <strong>Bobby Pants L20</strong> l&agrave;m từ chất liệu khử m&ugrave;i, chống hăm da, thấm h&uacute;t an to&agrave;n, chống tr&agrave;n hiệu quả gi&uacute;p b&eacute; thoải m&aacute;i vui chơi v&agrave; giấc ngủ s&acirc;u suốt đ&ecirc;m. Bộ 2 g&oacute;i t&atilde; quần <strong>Bobby Pants L20</strong> kh&ocirc;ng những l&agrave; trợ thủ đắc lực của c&aacute;c b&agrave; mẹ m&agrave; c&ograve;n l&agrave; c&ocirc;ng cụ gi&uacute;p c&aacute;c &ocirc;ng bố thể hiện sự chia sẻ với b&agrave; x&atilde; v&agrave; sự quan t&acirc;m tới cục cưng b&eacute; nhỏ.</p>\n\n<p><strong>C&Aacute;CH D&Ugrave;NG</strong>: Thoa kem chống hăm trước khi sử dụng t&atilde; l&oacute;t cho b&eacute;. Kh&ocirc;ng n&ecirc;n mặc t&atilde; cho b&eacute; qu&aacute; 6 tiếng đồng hồ li&ecirc;n tiếp.</p>\n\n<p><em>Lưu &yacute;: Bao b&igrave; sản phẩm c&oacute; thể thay đổi theo từng đợt nhập h&agrave;ng.</em></p>\n\n<div><strong>ĐẶC ĐIỂM NỔI BẬT</strong></div>\n\n<p><strong>H&igrave;nh in ngộ nghĩnh</strong><br />\nĐược thiết kế dạng quần với h&igrave;nh ảnh ngộ nghĩnh, vui nhộn, sản phẩm t&atilde; quần <strong>Bobby Pants L20</strong> sẽ l&agrave;m cho b&eacute; th&iacute;ch th&uacute;, kh&ocirc;ng c&ograve;n kh&oacute; chịu mỗi khi phải thay t&atilde;.</p>\n\n<p><strong>Thiết kế đai h&ocirc;ng</strong><br />\nVới đai h&ocirc;ng co gi&atilde;n mềm mại, vừa vặn một c&aacute;ch ho&agrave;n hảo sẽ mang lại sự thoải m&aacute;i tối đa cho b&eacute;.</p>\n\n<p><strong>Mặt đ&aacute;y dạng vải</strong><br />\nMặt đ&aacute;y tho&aacute;t hơi ẩm dạng vải đẩy hơi n&oacute;ng ra ngo&agrave;i, gi&uacute;p da b&eacute; h&ocirc; hấp kh&ocirc;ng kh&iacute; một c&aacute;ch tự nhi&ecirc;n.</p>\n\n<p><strong>Si&ecirc;u mỏng nhưng si&ecirc;u thấm</strong><br />\nThiết kế mỏng, nhẹ với l&otilde;i b&ocirc;ng si&ecirc;u thấm sẽ thấm h&uacute;t chất lỏng cực nhanh, cho b&eacute; lu&ocirc;n kh&ocirc; tho&aacute;ng v&agrave; thỏa m&aacute;i vận động.</p>\n\n<p><strong>Đ&oacute;ng g&oacute;i bộ 2 t&uacute;i</strong><br />\nSản phẩm được đ&oacute;ng g&oacute;i bộ 2 t&uacute;i t&atilde; giấy sẽ tiết kiệm thời gian cho mẹ khi mua sắm. Mẹ sẽ c&oacute; nhiều thời gian hơn để chăm s&oacute;c bản th&acirc;n v&agrave; gia đ&igrave;nh b&eacute; nhỏ của m&igrave;nh.</p>\n','EN-US',NULL),(1834,67,1,NULL,NULL,NULL,'KO-KR','Bobby Pants L20 – Bộ 2 gói tã quần'),(1835,67,2,NULL,NULL,'<p>Trẻ nhỏ rất ham vận động, lu&ocirc;n chạy nhảy suốt ng&agrave;y. Để gi&uacute;p cho b&eacute; đ&ugrave;a nghịch thoải m&aacute;i m&agrave; kh&ocirc;ng phải gi&aacute;n đoạn mỗi khi thay t&atilde; th&igrave; t&atilde; quần ch&iacute;nh l&agrave; giải ph&aacute;p. Với thiết kế cực k&igrave; dễ sử dụng, c&aacute;c &ocirc;ng bố vụng về cũng c&oacute; thể dễ d&agrave;ng mặc t&atilde; cho b&eacute; trong l&uacute;c mẹ vắng nh&agrave;. T&atilde; quần <strong>Bobby Pants L20</strong> l&agrave;m từ chất liệu khử m&ugrave;i, chống hăm da, thấm h&uacute;t an to&agrave;n, chống tr&agrave;n hiệu quả gi&uacute;p b&eacute; thoải m&aacute;i vui chơi v&agrave; giấc ngủ s&acirc;u suốt đ&ecirc;m. Bộ 2 g&oacute;i t&atilde; quần <strong>Bobby Pants L20</strong> kh&ocirc;ng những l&agrave; trợ thủ đắc lực của c&aacute;c b&agrave; mẹ m&agrave; c&ograve;n l&agrave; c&ocirc;ng cụ gi&uacute;p c&aacute;c &ocirc;ng bố thể hiện sự chia sẻ với b&agrave; x&atilde; v&agrave; sự quan t&acirc;m tới cục cưng b&eacute; nhỏ.</p>\n\n<p><strong>C&Aacute;CH D&Ugrave;NG</strong>: Thoa kem chống hăm trước khi sử dụng t&atilde; l&oacute;t cho b&eacute;. Kh&ocirc;ng n&ecirc;n mặc t&atilde; cho b&eacute; qu&aacute; 6 tiếng đồng hồ li&ecirc;n tiếp.</p>\n\n<p><em>Lưu &yacute;: Bao b&igrave; sản phẩm c&oacute; thể thay đổi theo từng đợt nhập h&agrave;ng.</em></p>\n\n<div><strong>ĐẶC ĐIỂM NỔI BẬT</strong></div>\n\n<p><strong>H&igrave;nh in ngộ nghĩnh</strong><br />\nĐược thiết kế dạng quần với h&igrave;nh ảnh ngộ nghĩnh, vui nhộn, sản phẩm t&atilde; quần <strong>Bobby Pants L20</strong> sẽ l&agrave;m cho b&eacute; th&iacute;ch th&uacute;, kh&ocirc;ng c&ograve;n kh&oacute; chịu mỗi khi phải thay t&atilde;.</p>\n\n<p><strong>Thiết kế đai h&ocirc;ng</strong><br />\nVới đai h&ocirc;ng co gi&atilde;n mềm mại, vừa vặn một c&aacute;ch ho&agrave;n hảo sẽ mang lại sự thoải m&aacute;i tối đa cho b&eacute;.</p>\n\n<p><strong>Mặt đ&aacute;y dạng vải</strong><br />\nMặt đ&aacute;y tho&aacute;t hơi ẩm dạng vải đẩy hơi n&oacute;ng ra ngo&agrave;i, gi&uacute;p da b&eacute; h&ocirc; hấp kh&ocirc;ng kh&iacute; một c&aacute;ch tự nhi&ecirc;n.</p>\n\n<p><strong>Si&ecirc;u mỏng nhưng si&ecirc;u thấm</strong><br />\nThiết kế mỏng, nhẹ với l&otilde;i b&ocirc;ng si&ecirc;u thấm sẽ thấm h&uacute;t chất lỏng cực nhanh, cho b&eacute; lu&ocirc;n kh&ocirc; tho&aacute;ng v&agrave; thỏa m&aacute;i vận động.</p>\n\n<p><strong>Đ&oacute;ng g&oacute;i bộ 2 t&uacute;i</strong><br />\nSản phẩm được đ&oacute;ng g&oacute;i bộ 2 t&uacute;i t&atilde; giấy sẽ tiết kiệm thời gian cho mẹ khi mua sắm. Mẹ sẽ c&oacute; nhiều thời gian hơn để chăm s&oacute;c bản th&acirc;n v&agrave; gia đ&igrave;nh b&eacute; nhỏ của m&igrave;nh.</p>\n','KO-KR',NULL),(1836,68,1,NULL,NULL,NULL,'VN-VI','GOO.N SUPER JUMBO M74 – Tã giấy'),(1837,68,18,NULL,NULL,NULL,NULL,''),(1838,68,13,10,NULL,NULL,NULL,NULL),(1839,68,34,NULL,NULL,NULL,NULL,''),(1840,68,14,1,NULL,NULL,NULL,NULL),(1841,68,24,NULL,0,NULL,NULL,NULL),(1842,68,31,1,NULL,NULL,NULL,NULL),(1843,68,32,1,NULL,NULL,NULL,NULL),(1844,68,33,1,NULL,NULL,NULL,NULL),(1845,68,2,NULL,NULL,'<p>GOO.N l&agrave; nh&atilde;n hiệu bỉm cao cấp h&agrave;ng đầu trong ph&acirc;n kh&uacute;c thị trường t&atilde; d&aacute;n cao cấp tại Nhật Bản. T&atilde; giấy <strong>GOO.N SUPER JUMBO</strong> c&oacute; khả năng thấm h&uacute;t nhanh, kh&ocirc;ng hăm da, kh&ocirc;ng g&acirc;y hằn, sẽ l&agrave; sự lựa chọn th&ocirc;ng minh d&agrave;nh cho c&aacute;c b&agrave; mẹ. Với sản phẩm n&agrave;y, giờ đ&acirc;y, c&aacute;c b&eacute; y&ecirc;u nh&agrave; bạn sẽ lu&ocirc;n cảm thấy thoải m&aacute;i, tho&aacute;ng m&aacute;t v&agrave; c&oacute; thể vui đ&ugrave;a suốt cả ng&agrave;y d&agrave;i.</p>\n\n<div><strong>ĐẶC ĐIỂM NỔI BẬT</strong></div>\n\n<p><strong>Chất liệu cao cấp, an to&agrave;n d&agrave;nh cho trẻ nhỏ</strong><br />\nT&atilde; giấy d&aacute;n <strong>GOO.N SUPER JUMBO</strong> được l&agrave;m từ chất liệu sợi cao cấp c&ugrave;ng miếng d&aacute;n hai b&ecirc;n bằng cotton mềm mại, bảo vệ an to&agrave;n tuyệt đối cho l&agrave;n da vốn non nớt v&agrave; nhạy cảm của b&eacute;.</p>\n\n<p><strong>Khả năng thấm h&uacute;t cao</strong><br />\nVới c&ocirc;ng nghệ tho&aacute;ng kh&iacute;, sản phẩm c&oacute; khả năng thấm h&uacute;t cao, gi&uacute;p bề mặt lu&ocirc;n kh&ocirc; r&aacute;o, lu&ocirc;n mang lại cho b&eacute; cảm gi&aacute;c nhẹ nh&agrave;ng, &ecirc;m &aacute;i. Ngo&agrave;i ra, sản phẩm kh&ocirc;ng thấm ngược, kh&ocirc;ng g&acirc;y hăm, kh&ocirc;ng g&acirc;y dị ứng cho b&eacute; v&igrave; lớp tiếp x&uacute;c mịn như tơ, đảm bảo da b&eacute; lu&ocirc;n kh&ocirc; r&aacute;o.</p>\n\n<p><strong>Kh&ocirc; tho&aacute;ng suốt cả ng&agrave;y</strong><br />\nT&atilde; giấy c&oacute; khả năng ngăn ngừa đọng vũng, tạo cho b&eacute; cảm gi&aacute;c kh&ocirc; tho&aacute;ng. Lớp định h&igrave;nh gi&uacute;p t&atilde; kh&ocirc;ng bị phồng sau khi b&eacute; t&egrave;, mang đến cho b&eacute; cảm gi&aacute;c thoải m&aacute;i, ngủ ngon v&agrave; tr&aacute;nh ảnh hưởng đến d&aacute;ng đi của b&eacute;.</p>\n\n<p><strong>Thiết kế dễ thương</strong><br />\nT&atilde; được trang tr&iacute; h&igrave;nh th&uacute; dễ thương c&ugrave;ng m&agrave;u sắc bắt mắt, mang đến sự th&iacute;ch th&uacute; d&agrave;nh cho b&eacute; y&ecirc;u.</p>\n','VN-VI',NULL),(1846,68,26,NULL,NULL,'',NULL,NULL),(1847,68,27,0,NULL,NULL,NULL,NULL),(1848,68,28,0,NULL,NULL,NULL,NULL),(1849,68,29,NULL,0,NULL,NULL,NULL),(1850,68,30,NULL,0,NULL,NULL,NULL),(1851,68,21,NULL,NULL,NULL,NULL,''),(1852,68,22,NULL,NULL,'',NULL,NULL),(1853,68,23,NULL,NULL,'',NULL,NULL),(1854,68,1,NULL,NULL,NULL,'EN-US','GOO.N SUPER JUMBO M74 – Tã giấy'),(1855,68,2,NULL,NULL,'<p>GOO.N l&agrave; nh&atilde;n hiệu bỉm cao cấp h&agrave;ng đầu trong ph&acirc;n kh&uacute;c thị trường t&atilde; d&aacute;n cao cấp tại Nhật Bản. T&atilde; giấy <strong>GOO.N SUPER JUMBO</strong> c&oacute; khả năng thấm h&uacute;t nhanh, kh&ocirc;ng hăm da, kh&ocirc;ng g&acirc;y hằn, sẽ l&agrave; sự lựa chọn th&ocirc;ng minh d&agrave;nh cho c&aacute;c b&agrave; mẹ. Với sản phẩm n&agrave;y, giờ đ&acirc;y, c&aacute;c b&eacute; y&ecirc;u nh&agrave; bạn sẽ lu&ocirc;n cảm thấy thoải m&aacute;i, tho&aacute;ng m&aacute;t v&agrave; c&oacute; thể vui đ&ugrave;a suốt cả ng&agrave;y d&agrave;i.</p>\n\n<div><strong>ĐẶC ĐIỂM NỔI BẬT</strong></div>\n\n<p><strong>Chất liệu cao cấp, an to&agrave;n d&agrave;nh cho trẻ nhỏ</strong><br />\nT&atilde; giấy d&aacute;n <strong>GOO.N SUPER JUMBO</strong> được l&agrave;m từ chất liệu sợi cao cấp c&ugrave;ng miếng d&aacute;n hai b&ecirc;n bằng cotton mềm mại, bảo vệ an to&agrave;n tuyệt đối cho l&agrave;n da vốn non nớt v&agrave; nhạy cảm của b&eacute;.</p>\n\n<p><strong>Khả năng thấm h&uacute;t cao</strong><br />\nVới c&ocirc;ng nghệ tho&aacute;ng kh&iacute;, sản phẩm c&oacute; khả năng thấm h&uacute;t cao, gi&uacute;p bề mặt lu&ocirc;n kh&ocirc; r&aacute;o, lu&ocirc;n mang lại cho b&eacute; cảm gi&aacute;c nhẹ nh&agrave;ng, &ecirc;m &aacute;i. Ngo&agrave;i ra, sản phẩm kh&ocirc;ng thấm ngược, kh&ocirc;ng g&acirc;y hăm, kh&ocirc;ng g&acirc;y dị ứng cho b&eacute; v&igrave; lớp tiếp x&uacute;c mịn như tơ, đảm bảo da b&eacute; lu&ocirc;n kh&ocirc; r&aacute;o.</p>\n\n<p><strong>Kh&ocirc; tho&aacute;ng suốt cả ng&agrave;y</strong><br />\nT&atilde; giấy c&oacute; khả năng ngăn ngừa đọng vũng, tạo cho b&eacute; cảm gi&aacute;c kh&ocirc; tho&aacute;ng. Lớp định h&igrave;nh gi&uacute;p t&atilde; kh&ocirc;ng bị phồng sau khi b&eacute; t&egrave;, mang đến cho b&eacute; cảm gi&aacute;c thoải m&aacute;i, ngủ ngon v&agrave; tr&aacute;nh ảnh hưởng đến d&aacute;ng đi của b&eacute;.</p>\n\n<p><strong>Thiết kế dễ thương</strong><br />\nT&atilde; được trang tr&iacute; h&igrave;nh th&uacute; dễ thương c&ugrave;ng m&agrave;u sắc bắt mắt, mang đến sự th&iacute;ch th&uacute; d&agrave;nh cho b&eacute; y&ecirc;u.</p>\n','EN-US',NULL),(1856,68,1,NULL,NULL,NULL,'KO-KR','GOO.N SUPER JUMBO M74 – Tã giấy'),(1857,68,2,NULL,NULL,'<p>GOO.N l&agrave; nh&atilde;n hiệu bỉm cao cấp h&agrave;ng đầu trong ph&acirc;n kh&uacute;c thị trường t&atilde; d&aacute;n cao cấp tại Nhật Bản. T&atilde; giấy <strong>GOO.N SUPER JUMBO</strong> c&oacute; khả năng thấm h&uacute;t nhanh, kh&ocirc;ng hăm da, kh&ocirc;ng g&acirc;y hằn, sẽ l&agrave; sự lựa chọn th&ocirc;ng minh d&agrave;nh cho c&aacute;c b&agrave; mẹ. Với sản phẩm n&agrave;y, giờ đ&acirc;y, c&aacute;c b&eacute; y&ecirc;u nh&agrave; bạn sẽ lu&ocirc;n cảm thấy thoải m&aacute;i, tho&aacute;ng m&aacute;t v&agrave; c&oacute; thể vui đ&ugrave;a suốt cả ng&agrave;y d&agrave;i.</p>\n\n<div><strong>ĐẶC ĐIỂM NỔI BẬT</strong></div>\n\n<p><strong>Chất liệu cao cấp, an to&agrave;n d&agrave;nh cho trẻ nhỏ</strong><br />\nT&atilde; giấy d&aacute;n <strong>GOO.N SUPER JUMBO</strong> được l&agrave;m từ chất liệu sợi cao cấp c&ugrave;ng miếng d&aacute;n hai b&ecirc;n bằng cotton mềm mại, bảo vệ an to&agrave;n tuyệt đối cho l&agrave;n da vốn non nớt v&agrave; nhạy cảm của b&eacute;.</p>\n\n<p><strong>Khả năng thấm h&uacute;t cao</strong><br />\nVới c&ocirc;ng nghệ tho&aacute;ng kh&iacute;, sản phẩm c&oacute; khả năng thấm h&uacute;t cao, gi&uacute;p bề mặt lu&ocirc;n kh&ocirc; r&aacute;o, lu&ocirc;n mang lại cho b&eacute; cảm gi&aacute;c nhẹ nh&agrave;ng, &ecirc;m &aacute;i. Ngo&agrave;i ra, sản phẩm kh&ocirc;ng thấm ngược, kh&ocirc;ng g&acirc;y hăm, kh&ocirc;ng g&acirc;y dị ứng cho b&eacute; v&igrave; lớp tiếp x&uacute;c mịn như tơ, đảm bảo da b&eacute; lu&ocirc;n kh&ocirc; r&aacute;o.</p>\n\n<p><strong>Kh&ocirc; tho&aacute;ng suốt cả ng&agrave;y</strong><br />\nT&atilde; giấy c&oacute; khả năng ngăn ngừa đọng vũng, tạo cho b&eacute; cảm gi&aacute;c kh&ocirc; tho&aacute;ng. Lớp định h&igrave;nh gi&uacute;p t&atilde; kh&ocirc;ng bị phồng sau khi b&eacute; t&egrave;, mang đến cho b&eacute; cảm gi&aacute;c thoải m&aacute;i, ngủ ngon v&agrave; tr&aacute;nh ảnh hưởng đến d&aacute;ng đi của b&eacute;.</p>\n\n<p><strong>Thiết kế dễ thương</strong><br />\nT&atilde; được trang tr&iacute; h&igrave;nh th&uacute; dễ thương c&ugrave;ng m&agrave;u sắc bắt mắt, mang đến sự th&iacute;ch th&uacute; d&agrave;nh cho b&eacute; y&ecirc;u.</p>\n','KO-KR',NULL),(1858,69,1,NULL,NULL,NULL,'VN-VI','Bino M22 – Bộ 4 túi tã quần'),(1859,69,18,NULL,NULL,NULL,NULL,''),(1860,69,13,10,NULL,NULL,NULL,NULL),(1861,69,34,NULL,NULL,NULL,NULL,''),(1862,69,14,1,NULL,NULL,NULL,NULL),(1863,69,24,NULL,0,NULL,NULL,NULL),(1864,69,31,1,NULL,NULL,NULL,NULL),(1865,69,32,1,NULL,NULL,NULL,NULL),(1866,69,33,1,NULL,NULL,NULL,NULL),(1867,69,2,NULL,NULL,'<p>T&atilde; quần <strong>Bino M22</strong> thiết kế miếng thấm si&ecirc;u nhanh v&agrave; rộng, tăng cường khả năng thấm h&uacute;t, giữ vệ sinh v&agrave; cảm gi&aacute;c kh&ocirc; th&aacute;ng cho b&eacute;. T&atilde; dễ d&agrave;ng th&aacute;o mở v&agrave; v&ograve;ng lưng thun co gi&atilde;n, &ocirc;m vừa vặn cơ thể mang cho b&eacute; sự thoải m&aacute;i tối đa. T&atilde; quần <strong>Bino M22</strong> đ&oacute;ng bộ 4 g&oacute;i ( 22 miếng/g&oacute;i), tiết kiệm thời gian v&agrave; chi ph&iacute; cho mẹ khi mua sắm.</p>\n\n<p>&nbsp;</p>\n\n<div><strong>ĐẶC ĐIỂM NỔI BẬT</strong></div>\n\n<p>- T&atilde; được thiết kế dạng quần với h&igrave;nh in ngộ nghĩnh.<br />\n- Tăng cường hạt thấm h&uacute;t gi&uacute;p giữ chặt chất lỏng b&ecirc;n trong t&atilde; v&agrave; chống tr&agrave;n hiệu quả.<br />\n- Lớp thấm si&ecirc;u nhanh v&agrave; rộng hơn, gi&uacute;p chất lỏng v&agrave;o b&ecirc;n trong t&atilde; nhanh hơn, chống v&oacute;n cục v&agrave; giữ cho bề mặt lu&ocirc;n kh&ocirc; tho&aacute;ng.<br />\n- Đai h&ocirc;ng co gi&atilde;n mềm mại, vừa vặn ho&agrave;n hảo c&oacute; thể sử dụng nhiều lần. C&aacute;c b&agrave; mẹ dễ d&agrave;ng hơn khi sử dụng v&igrave; c&oacute; thể gỡ ra d&aacute;n lại ở bất cứ nơi đ&acirc;u.<br />\n- Sản phẩm được nhập khẩu từ Indonesia với chất lượng vượt trội.</p>\n','VN-VI',NULL),(1868,69,26,NULL,NULL,'',NULL,NULL),(1869,69,27,0,NULL,NULL,NULL,NULL),(1870,69,28,0,NULL,NULL,NULL,NULL),(1871,69,29,NULL,0,NULL,NULL,NULL),(1872,69,30,NULL,0,NULL,NULL,NULL),(1873,69,21,NULL,NULL,NULL,NULL,''),(1874,69,22,NULL,NULL,'',NULL,NULL),(1875,69,23,NULL,NULL,'',NULL,NULL),(1876,69,1,NULL,NULL,NULL,'EN-US','Bino M22 – Bộ 4 túi tã quần'),(1877,69,2,NULL,NULL,'<p>T&atilde; quần <strong>Bino M22</strong> thiết kế miếng thấm si&ecirc;u nhanh v&agrave; rộng, tăng cường khả năng thấm h&uacute;t, giữ vệ sinh v&agrave; cảm gi&aacute;c kh&ocirc; th&aacute;ng cho b&eacute;. T&atilde; dễ d&agrave;ng th&aacute;o mở v&agrave; v&ograve;ng lưng thun co gi&atilde;n, &ocirc;m vừa vặn cơ thể mang cho b&eacute; sự thoải m&aacute;i tối đa. T&atilde; quần <strong>Bino M22</strong> đ&oacute;ng bộ 4 g&oacute;i ( 22 miếng/g&oacute;i), tiết kiệm thời gian v&agrave; chi ph&iacute; cho mẹ khi mua sắm.</p>\n\n<p>&nbsp;</p>\n\n<div><strong>ĐẶC ĐIỂM NỔI BẬT</strong></div>\n\n<p>- T&atilde; được thiết kế dạng quần với h&igrave;nh in ngộ nghĩnh.<br />\n- Tăng cường hạt thấm h&uacute;t gi&uacute;p giữ chặt chất lỏng b&ecirc;n trong t&atilde; v&agrave; chống tr&agrave;n hiệu quả.<br />\n- Lớp thấm si&ecirc;u nhanh v&agrave; rộng hơn, gi&uacute;p chất lỏng v&agrave;o b&ecirc;n trong t&atilde; nhanh hơn, chống v&oacute;n cục v&agrave; giữ cho bề mặt lu&ocirc;n kh&ocirc; tho&aacute;ng.<br />\n- Đai h&ocirc;ng co gi&atilde;n mềm mại, vừa vặn ho&agrave;n hảo c&oacute; thể sử dụng nhiều lần. C&aacute;c b&agrave; mẹ dễ d&agrave;ng hơn khi sử dụng v&igrave; c&oacute; thể gỡ ra d&aacute;n lại ở bất cứ nơi đ&acirc;u.<br />\n- Sản phẩm được nhập khẩu từ Indonesia với chất lượng vượt trội.</p>\n','EN-US',NULL),(1878,69,1,NULL,NULL,NULL,'KO-KR','Bino M22 – Bộ 4 túi tã quần'),(1879,69,2,NULL,NULL,'<p>T&atilde; quần <strong>Bino M22</strong> thiết kế miếng thấm si&ecirc;u nhanh v&agrave; rộng, tăng cường khả năng thấm h&uacute;t, giữ vệ sinh v&agrave; cảm gi&aacute;c kh&ocirc; th&aacute;ng cho b&eacute;. T&atilde; dễ d&agrave;ng th&aacute;o mở v&agrave; v&ograve;ng lưng thun co gi&atilde;n, &ocirc;m vừa vặn cơ thể mang cho b&eacute; sự thoải m&aacute;i tối đa. T&atilde; quần <strong>Bino M22</strong> đ&oacute;ng bộ 4 g&oacute;i ( 22 miếng/g&oacute;i), tiết kiệm thời gian v&agrave; chi ph&iacute; cho mẹ khi mua sắm.</p>\n\n<p>&nbsp;</p>\n\n<div><strong>ĐẶC ĐIỂM NỔI BẬT</strong></div>\n\n<p>- T&atilde; được thiết kế dạng quần với h&igrave;nh in ngộ nghĩnh.<br />\n- Tăng cường hạt thấm h&uacute;t gi&uacute;p giữ chặt chất lỏng b&ecirc;n trong t&atilde; v&agrave; chống tr&agrave;n hiệu quả.<br />\n- Lớp thấm si&ecirc;u nhanh v&agrave; rộng hơn, gi&uacute;p chất lỏng v&agrave;o b&ecirc;n trong t&atilde; nhanh hơn, chống v&oacute;n cục v&agrave; giữ cho bề mặt lu&ocirc;n kh&ocirc; tho&aacute;ng.<br />\n- Đai h&ocirc;ng co gi&atilde;n mềm mại, vừa vặn ho&agrave;n hảo c&oacute; thể sử dụng nhiều lần. C&aacute;c b&agrave; mẹ dễ d&agrave;ng hơn khi sử dụng v&igrave; c&oacute; thể gỡ ra d&aacute;n lại ở bất cứ nơi đ&acirc;u.<br />\n- Sản phẩm được nhập khẩu từ Indonesia với chất lượng vượt trội.</p>\n','KO-KR',NULL),(1880,70,1,NULL,NULL,NULL,'VN-VI','Merries NB90 – Tã giấy dán'),(1881,70,18,NULL,NULL,NULL,NULL,''),(1882,70,13,10,NULL,NULL,NULL,NULL),(1883,70,34,NULL,NULL,NULL,NULL,''),(1884,70,14,1,NULL,NULL,NULL,NULL),(1885,70,24,NULL,0,NULL,NULL,NULL),(1886,70,31,1,NULL,NULL,NULL,NULL),(1887,70,32,1,NULL,NULL,NULL,NULL),(1888,70,33,1,NULL,NULL,NULL,NULL),(1889,70,2,NULL,NULL,'<p>L&agrave; sản phẩm đến từ thương hiệu Merries nổi tiếng của Nhật, t&atilde; giấy <strong>Merries NB90</strong> l&agrave; giải ph&aacute;p tối ưu gi&uacute;p trẻ kh&ocirc; tho&aacute;ng suốt ng&agrave;y v&agrave; đ&ecirc;m. Sử dụng chất liệu tơ tằm mềm mại, t&atilde; chống ngứa, chống hăm v&agrave; chống dị ứng, đảm bảo sự thoải m&aacute;i tối đa cho b&eacute;. Với lớp m&agrave;ng đặc biệt chứa c&aacute;c hạt si&ecirc;u thấm, sản phẩm thấm h&uacute;t nhanh ch&oacute;ng v&agrave; hiệu quả. Hơn thế nữa, với hệ thống chống tr&agrave;n hiệu quả, t&atilde; giữ cho b&eacute; lu&ocirc;n kh&ocirc; tho&aacute;ng tuyệt đối những l&uacute;c chạy nhảy, vui chơi cũng như khi đi ngủ. Ở trung t&acirc;m của bề mặt t&atilde; c&oacute; 2 đường m&agrave;u sẽ chuyển từ xanh sang v&agrave;ng khi cần thay, gi&uacute;p mẹ chăm s&oacute;c b&eacute; chu đ&aacute;o v&agrave; dễ d&agrave;ng hơn. <strong>Merries NB90</strong> kh&ocirc;ng chỉ l&agrave; người bạn đồng h&agrave;nh l&yacute; tưởng của b&eacute; m&agrave; c&ograve;n được xem như trợ thủ đắc lực của mẹ.</p>\n\n<p><strong>C&Aacute;CH D&Ugrave;NG: </strong> Thoa kem chống hăm trước khi sử dụng t&atilde; l&oacute;t cho b&eacute;. Kh&ocirc;ng n&ecirc;n mặc t&atilde; cho b&eacute; qu&aacute; 6 tiếng đồng hồ li&ecirc;n tiếp.</p>\n\n<div><strong>T&Iacute;NH NĂNG NỔI BẬT</strong></div>\n\n<p><strong>Chất liệu tốt, an to&agrave;n</strong><br />\nĐược sản xuất bằng chất liệu tơ tằm c&oacute; t&iacute;nh khử m&ugrave;i, chống hăm da, chống ngứa v&agrave; chống dị ứng, sản phẩm mang đến cho b&eacute; sự thoải m&aacute;i, dễ chịu tối đa.</p>\n\n<p><strong>Thiết kế si&ecirc;u mỏng</strong><br />\nT&atilde; sở hữu thiết kế si&ecirc;u mỏng, đảm bảo b&eacute; kh&ocirc;ng bị kh&oacute; chịu l&uacute;c chơi đ&ugrave;a hoặc khi đi ngủ.</p>\n\n<p><strong>Lớp m&agrave;ng thấm h&uacute;t si&ecirc;u nhanh</strong><br />\nVới thiết kế lớp m&agrave;ng chứa hạt si&ecirc;u thấm đặc biệt, nhanh ch&oacute;ng h&uacute;t mọi chất lỏng, ngăn chất lỏng thấm ngược trở lại, gi&uacute;p bề mặt t&atilde; lu&ocirc;n kh&ocirc; tho&aacute;ng.</p>\n\n<p><strong>Chống tr&agrave;n hiệu quả</strong><br />\nSử dụng c&ocirc;ng nghệ ti&ecirc;n tiến, t&atilde; giấy Merries c&oacute; khả năng ngăn ngừa chất lỏng tr&agrave;n ra b&ecirc;n ngo&agrave;i, kể cả l&uacute;c b&eacute; vận động hay nằm ngủ.</p>\n\n<p><strong>Hệ thống b&aacute;o hiệu tối ưu</strong><br />\nVới 2 đường c&oacute; khả năng chuyển m&agrave;u (từ xanh sang v&agrave;ng), mẹ dễ d&agrave;ng quan s&aacute;t v&agrave; biết l&uacute;c n&agrave;o n&ecirc;n thay t&atilde; cho b&eacute;.</p>\n\n<p><strong>Thiết kế dễ thương</strong><br />\nBề mặt ngo&agrave;i của t&atilde; sở hữu thiết kế đ&aacute;ng y&ecirc;u c&ugrave;ng m&agrave;u sắc bắt mắt, ph&ugrave; hợp với b&eacute; y&ecirc;u nh&agrave; bạn.</p>\n','VN-VI',NULL),(1890,70,26,NULL,NULL,'',NULL,NULL),(1891,70,27,0,NULL,NULL,NULL,NULL),(1892,70,28,0,NULL,NULL,NULL,NULL),(1893,70,29,NULL,0,NULL,NULL,NULL),(1894,70,30,NULL,0,NULL,NULL,NULL),(1895,70,21,NULL,NULL,NULL,NULL,''),(1896,70,22,NULL,NULL,'',NULL,NULL),(1897,70,23,NULL,NULL,'',NULL,NULL),(1898,70,1,NULL,NULL,NULL,'EN-US','Merries NB90 – Tã giấy dán'),(1899,70,2,NULL,NULL,'<p>L&agrave; sản phẩm đến từ thương hiệu Merries nổi tiếng của Nhật, t&atilde; giấy <strong>Merries NB90</strong> l&agrave; giải ph&aacute;p tối ưu gi&uacute;p trẻ kh&ocirc; tho&aacute;ng suốt ng&agrave;y v&agrave; đ&ecirc;m. Sử dụng chất liệu tơ tằm mềm mại, t&atilde; chống ngứa, chống hăm v&agrave; chống dị ứng, đảm bảo sự thoải m&aacute;i tối đa cho b&eacute;. Với lớp m&agrave;ng đặc biệt chứa c&aacute;c hạt si&ecirc;u thấm, sản phẩm thấm h&uacute;t nhanh ch&oacute;ng v&agrave; hiệu quả. Hơn thế nữa, với hệ thống chống tr&agrave;n hiệu quả, t&atilde; giữ cho b&eacute; lu&ocirc;n kh&ocirc; tho&aacute;ng tuyệt đối những l&uacute;c chạy nhảy, vui chơi cũng như khi đi ngủ. Ở trung t&acirc;m của bề mặt t&atilde; c&oacute; 2 đường m&agrave;u sẽ chuyển từ xanh sang v&agrave;ng khi cần thay, gi&uacute;p mẹ chăm s&oacute;c b&eacute; chu đ&aacute;o v&agrave; dễ d&agrave;ng hơn. <strong>Merries NB90</strong> kh&ocirc;ng chỉ l&agrave; người bạn đồng h&agrave;nh l&yacute; tưởng của b&eacute; m&agrave; c&ograve;n được xem như trợ thủ đắc lực của mẹ.</p>\n\n<p><strong>C&Aacute;CH D&Ugrave;NG: </strong> Thoa kem chống hăm trước khi sử dụng t&atilde; l&oacute;t cho b&eacute;. Kh&ocirc;ng n&ecirc;n mặc t&atilde; cho b&eacute; qu&aacute; 6 tiếng đồng hồ li&ecirc;n tiếp.</p>\n\n<div><strong>T&Iacute;NH NĂNG NỔI BẬT</strong></div>\n\n<p><strong>Chất liệu tốt, an to&agrave;n</strong><br />\nĐược sản xuất bằng chất liệu tơ tằm c&oacute; t&iacute;nh khử m&ugrave;i, chống hăm da, chống ngứa v&agrave; chống dị ứng, sản phẩm mang đến cho b&eacute; sự thoải m&aacute;i, dễ chịu tối đa.</p>\n\n<p><strong>Thiết kế si&ecirc;u mỏng</strong><br />\nT&atilde; sở hữu thiết kế si&ecirc;u mỏng, đảm bảo b&eacute; kh&ocirc;ng bị kh&oacute; chịu l&uacute;c chơi đ&ugrave;a hoặc khi đi ngủ.</p>\n\n<p><strong>Lớp m&agrave;ng thấm h&uacute;t si&ecirc;u nhanh</strong><br />\nVới thiết kế lớp m&agrave;ng chứa hạt si&ecirc;u thấm đặc biệt, nhanh ch&oacute;ng h&uacute;t mọi chất lỏng, ngăn chất lỏng thấm ngược trở lại, gi&uacute;p bề mặt t&atilde; lu&ocirc;n kh&ocirc; tho&aacute;ng.</p>\n\n<p><strong>Chống tr&agrave;n hiệu quả</strong><br />\nSử dụng c&ocirc;ng nghệ ti&ecirc;n tiến, t&atilde; giấy Merries c&oacute; khả năng ngăn ngừa chất lỏng tr&agrave;n ra b&ecirc;n ngo&agrave;i, kể cả l&uacute;c b&eacute; vận động hay nằm ngủ.</p>\n\n<p><strong>Hệ thống b&aacute;o hiệu tối ưu</strong><br />\nVới 2 đường c&oacute; khả năng chuyển m&agrave;u (từ xanh sang v&agrave;ng), mẹ dễ d&agrave;ng quan s&aacute;t v&agrave; biết l&uacute;c n&agrave;o n&ecirc;n thay t&atilde; cho b&eacute;.</p>\n\n<p><strong>Thiết kế dễ thương</strong><br />\nBề mặt ngo&agrave;i của t&atilde; sở hữu thiết kế đ&aacute;ng y&ecirc;u c&ugrave;ng m&agrave;u sắc bắt mắt, ph&ugrave; hợp với b&eacute; y&ecirc;u nh&agrave; bạn.</p>\n','EN-US',NULL),(1900,70,1,NULL,NULL,NULL,'KO-KR','Merries NB90 – Tã giấy dán'),(1901,70,2,NULL,NULL,'<p>L&agrave; sản phẩm đến từ thương hiệu Merries nổi tiếng của Nhật, t&atilde; giấy <strong>Merries NB90</strong> l&agrave; giải ph&aacute;p tối ưu gi&uacute;p trẻ kh&ocirc; tho&aacute;ng suốt ng&agrave;y v&agrave; đ&ecirc;m. Sử dụng chất liệu tơ tằm mềm mại, t&atilde; chống ngứa, chống hăm v&agrave; chống dị ứng, đảm bảo sự thoải m&aacute;i tối đa cho b&eacute;. Với lớp m&agrave;ng đặc biệt chứa c&aacute;c hạt si&ecirc;u thấm, sản phẩm thấm h&uacute;t nhanh ch&oacute;ng v&agrave; hiệu quả. Hơn thế nữa, với hệ thống chống tr&agrave;n hiệu quả, t&atilde; giữ cho b&eacute; lu&ocirc;n kh&ocirc; tho&aacute;ng tuyệt đối những l&uacute;c chạy nhảy, vui chơi cũng như khi đi ngủ. Ở trung t&acirc;m của bề mặt t&atilde; c&oacute; 2 đường m&agrave;u sẽ chuyển từ xanh sang v&agrave;ng khi cần thay, gi&uacute;p mẹ chăm s&oacute;c b&eacute; chu đ&aacute;o v&agrave; dễ d&agrave;ng hơn. <strong>Merries NB90</strong> kh&ocirc;ng chỉ l&agrave; người bạn đồng h&agrave;nh l&yacute; tưởng của b&eacute; m&agrave; c&ograve;n được xem như trợ thủ đắc lực của mẹ.</p>\n\n<p><strong>C&Aacute;CH D&Ugrave;NG: </strong> Thoa kem chống hăm trước khi sử dụng t&atilde; l&oacute;t cho b&eacute;. Kh&ocirc;ng n&ecirc;n mặc t&atilde; cho b&eacute; qu&aacute; 6 tiếng đồng hồ li&ecirc;n tiếp.</p>\n\n<div><strong>T&Iacute;NH NĂNG NỔI BẬT</strong></div>\n\n<p><strong>Chất liệu tốt, an to&agrave;n</strong><br />\nĐược sản xuất bằng chất liệu tơ tằm c&oacute; t&iacute;nh khử m&ugrave;i, chống hăm da, chống ngứa v&agrave; chống dị ứng, sản phẩm mang đến cho b&eacute; sự thoải m&aacute;i, dễ chịu tối đa.</p>\n\n<p><strong>Thiết kế si&ecirc;u mỏng</strong><br />\nT&atilde; sở hữu thiết kế si&ecirc;u mỏng, đảm bảo b&eacute; kh&ocirc;ng bị kh&oacute; chịu l&uacute;c chơi đ&ugrave;a hoặc khi đi ngủ.</p>\n\n<p><strong>Lớp m&agrave;ng thấm h&uacute;t si&ecirc;u nhanh</strong><br />\nVới thiết kế lớp m&agrave;ng chứa hạt si&ecirc;u thấm đặc biệt, nhanh ch&oacute;ng h&uacute;t mọi chất lỏng, ngăn chất lỏng thấm ngược trở lại, gi&uacute;p bề mặt t&atilde; lu&ocirc;n kh&ocirc; tho&aacute;ng.</p>\n\n<p><strong>Chống tr&agrave;n hiệu quả</strong><br />\nSử dụng c&ocirc;ng nghệ ti&ecirc;n tiến, t&atilde; giấy Merries c&oacute; khả năng ngăn ngừa chất lỏng tr&agrave;n ra b&ecirc;n ngo&agrave;i, kể cả l&uacute;c b&eacute; vận động hay nằm ngủ.</p>\n\n<p><strong>Hệ thống b&aacute;o hiệu tối ưu</strong><br />\nVới 2 đường c&oacute; khả năng chuyển m&agrave;u (từ xanh sang v&agrave;ng), mẹ dễ d&agrave;ng quan s&aacute;t v&agrave; biết l&uacute;c n&agrave;o n&ecirc;n thay t&atilde; cho b&eacute;.</p>\n\n<p><strong>Thiết kế dễ thương</strong><br />\nBề mặt ngo&agrave;i của t&atilde; sở hữu thiết kế đ&aacute;ng y&ecirc;u c&ugrave;ng m&agrave;u sắc bắt mắt, ph&ugrave; hợp với b&eacute; y&ecirc;u nh&agrave; bạn.</p>\n','KO-KR',NULL),(1902,71,1,NULL,NULL,NULL,'VN-VI','Bobby Fresh Newborn 1 – Bộ 2 gói miếng lót sơ sinh / Gói lớn'),(1903,71,18,NULL,NULL,NULL,NULL,''),(1904,71,13,10,NULL,NULL,NULL,NULL),(1905,71,34,NULL,NULL,NULL,NULL,''),(1906,71,14,1,NULL,NULL,NULL,NULL),(1907,71,24,NULL,0,NULL,NULL,NULL),(1908,71,31,1,NULL,NULL,NULL,NULL),(1909,71,32,1,NULL,NULL,NULL,NULL),(1910,71,33,1,NULL,NULL,NULL,NULL),(1911,71,2,NULL,NULL,'<div>Nhu cầu sử dụng t&atilde; giấy của b&eacute; kh&aacute;c nhau theo từng giai đoạn. Từ 0 - 3 th&aacute;ng, giai đoạn sơ sinh, b&eacute; chưa cần d&ugrave;ng đến loại t&atilde; dạng quần v&igrave; nhu cầu đi vệ sinh c&ograve;n chưa ổn định. Miếng l&oacute;t t&atilde; sơ sinh <strong>Bobby Fresh Newborn 1</strong> dạng miếng tho&aacute;ng hơn c&aacute;c loại t&atilde; giấyquần, c&oacute; keo d&aacute;n trực tiếp v&agrave;o quần hoặc t&atilde; vải sẽ gi&uacute;p mẹ đỡ vất vả hơn hẳn khi chăm s&oacute;c b&eacute;, ri&ecirc;ng b&eacute; sẽ cảm nhận được sự thoải m&aacute;i dễ chịu, tho&aacute;ng m&aacute;t. Miếng l&oacute;t <strong>Bobby Fresh Newborn 1</strong> được l&agrave;m ho&agrave;n to&agrave;n bằng chất liệu cao cấp l&agrave; một lựa chọn th&iacute;ch hợp cho b&eacute; trong giai đoạn từ 0 - 1 th&aacute;ng.</div>\n\n<div><strong>C&Aacute;CH D&Ugrave;NG</strong>: Thoa kem chống hăm trước khi sử dụng t&atilde; l&oacute;t cho b&eacute;. Kh&ocirc;ng n&ecirc;n mặc t&atilde; cho b&eacute; qu&aacute; 6 tiếng đồng hồ li&ecirc;n tiếp.</div>\n\n<div>&nbsp;</div>\n\n<div>&nbsp;</div>\n\n<div><strong>ĐẶC ĐIỂM NỔI BẬT</strong></div>\n\n<p><strong>Mặt đ&aacute;y dạng vải</strong> Sản phẩm c&oacute; mặt đ&aacute;y được thiết kế dạng vải tho&aacute;t hơi ẩm, gi&uacute;p đẩy hơi n&oacute;ng ra ngo&agrave;i, giảm nhiệt độ trong l&ograve;ng t&atilde; v&agrave; cho da b&eacute; h&ocirc; hấp với kh&ocirc;ng kh&iacute; tự nhi&ecirc;n. <strong>L&otilde;i b&ocirc;ng mềm mại</strong> L&otilde;i b&ocirc;ng mềm mại với lớp si&ecirc;u dẫn thấm nhanh ch&oacute;ng thấm h&uacute;t to&agrave;n bộ chất lỏng, cho da b&eacute; lu&ocirc;n kh&ocirc; tho&aacute;ng. <strong>Bảo vệ l&agrave;n da trẻ nhỏ</strong> Bề mặt được lụa h&oacute;a, &ecirc;m mềm, h&uacute;t thấm một chiều, kh&ocirc;ng thấm ngược trở lại, gi&uacute;p bề mặt lu&ocirc;n kh&ocirc; tho&aacute;ng, sạch sẽ. Bổ sung vitamin E để tăng cường bảo vệ l&agrave;n da non nớt của b&eacute;. <strong>Đ&oacute;ng g&oacute;i bộ 2 t&uacute;i</strong> Sản phẩm được đ&oacute;ng g&oacute;i bộ 2 t&uacute;i t&atilde; giấy sẽ tiết kiệm thời gian cho mẹ khi mua sắm. Mẹ sẽ c&oacute; nhiều thời gian hơn để chăm s&oacute;c bản th&acirc;n v&agrave; gia đ&igrave;nh b&eacute; nhỏ của m&igrave;nh.</p>\n','VN-VI',NULL),(1912,71,26,NULL,NULL,'',NULL,NULL),(1913,71,27,0,NULL,NULL,NULL,NULL),(1914,71,28,0,NULL,NULL,NULL,NULL),(1915,71,29,NULL,0,NULL,NULL,NULL),(1916,71,30,NULL,0,NULL,NULL,NULL),(1917,71,21,NULL,NULL,NULL,NULL,''),(1918,71,22,NULL,NULL,'',NULL,NULL),(1919,71,23,NULL,NULL,'',NULL,NULL),(1920,71,1,NULL,NULL,NULL,'EN-US','Bobby Fresh Newborn 1 – Bộ 2 gói miếng lót sơ sinh / Gói lớn'),(1921,71,2,NULL,NULL,'<pre>\nNhu cầu sử dụng t&atilde; giấy của b&eacute; kh&aacute;c nhau theo từng giai đoạn. Từ 0 - 3 th&aacute;ng, giai đoạn sơ sinh, b&eacute; chưa cần d&ugrave;ng đến loại t&atilde; dạng quần v&igrave; nhu cầu đi vệ sinh c&ograve;n chưa ổn định. Miếng l&oacute;t t&atilde; sơ sinh <strong>Bobby Fresh Newborn 1</strong> dạng miếng tho&aacute;ng hơn c&aacute;c loại t&atilde; giấyquần, c&oacute; keo d&aacute;n trực tiếp v&agrave;o quần hoặc t&atilde; vải sẽ gi&uacute;p mẹ đỡ vất vả hơn hẳn khi chăm s&oacute;c b&eacute;, ri&ecirc;ng b&eacute; sẽ cảm nhận được sự thoải m&aacute;i dễ chịu, tho&aacute;ng m&aacute;t. Miếng l&oacute;t <strong>Bobby Fresh Newborn 1</strong> được l&agrave;m ho&agrave;n to&agrave;n bằng chất liệu cao cấp l&agrave; một lựa chọn th&iacute;ch hợp cho b&eacute; trong giai đoạn từ 0 - 1 th&aacute;ng.\n\n<strong>C&Aacute;CH D&Ugrave;NG</strong>: Thoa kem chống hăm trước khi sử dụng t&atilde; l&oacute;t cho b&eacute;. Kh&ocirc;ng n&ecirc;n mặc t&atilde; cho b&eacute; qu&aacute; 6 tiếng đồng hồ li&ecirc;n tiếp.\n\n</pre>\n\n<div><strong>ĐẶC ĐIỂM NỔI BẬT</strong></div>\n\n<p><strong>Mặt đ&aacute;y dạng vải</strong> Sản phẩm c&oacute; mặt đ&aacute;y được thiết kế dạng vải tho&aacute;t hơi ẩm, gi&uacute;p đẩy hơi n&oacute;ng ra ngo&agrave;i, giảm nhiệt độ trong l&ograve;ng t&atilde; v&agrave; cho da b&eacute; h&ocirc; hấp với kh&ocirc;ng kh&iacute; tự nhi&ecirc;n. <strong>L&otilde;i b&ocirc;ng mềm mại</strong> L&otilde;i b&ocirc;ng mềm mại với lớp si&ecirc;u dẫn thấm nhanh ch&oacute;ng thấm h&uacute;t to&agrave;n bộ chất lỏng, cho da b&eacute; lu&ocirc;n kh&ocirc; tho&aacute;ng. <strong>Bảo vệ l&agrave;n da trẻ nhỏ</strong> Bề mặt được lụa h&oacute;a, &ecirc;m mềm, h&uacute;t thấm một chiều, kh&ocirc;ng thấm ngược trở lại, gi&uacute;p bề mặt lu&ocirc;n kh&ocirc; tho&aacute;ng, sạch sẽ. Bổ sung vitamin E để tăng cường bảo vệ l&agrave;n da non nớt của b&eacute;. <strong>Đ&oacute;ng g&oacute;i bộ 2 t&uacute;i</strong> Sản phẩm được đ&oacute;ng g&oacute;i bộ 2 t&uacute;i t&atilde; giấy sẽ tiết kiệm thời gian cho mẹ khi mua sắm. Mẹ sẽ c&oacute; nhiều thời gian hơn để chăm s&oacute;c bản th&acirc;n v&agrave; gia đ&igrave;nh b&eacute; nhỏ của m&igrave;nh.</p>\n','EN-US',NULL),(1922,71,1,NULL,NULL,NULL,'KO-KR','Bobby Fresh Newborn 1 – Bộ 2 gói miếng lót sơ sinh / Gói lớn'),(1923,71,2,NULL,NULL,'<pre>\nNhu cầu sử dụng t&atilde; giấy của b&eacute; kh&aacute;c nhau theo từng giai đoạn. Từ 0 - 3 th&aacute;ng, giai đoạn sơ sinh, b&eacute; chưa cần d&ugrave;ng đến loại t&atilde; dạng quần v&igrave; nhu cầu đi vệ sinh c&ograve;n chưa ổn định. Miếng l&oacute;t t&atilde; sơ sinh <strong>Bobby Fresh Newborn 1</strong> dạng miếng tho&aacute;ng hơn c&aacute;c loại t&atilde; giấyquần, c&oacute; keo d&aacute;n trực tiếp v&agrave;o quần hoặc t&atilde; vải sẽ gi&uacute;p mẹ đỡ vất vả hơn hẳn khi chăm s&oacute;c b&eacute;, ri&ecirc;ng b&eacute; sẽ cảm nhận được sự thoải m&aacute;i dễ chịu, tho&aacute;ng m&aacute;t. Miếng l&oacute;t <strong>Bobby Fresh Newborn 1</strong> được l&agrave;m ho&agrave;n to&agrave;n bằng chất liệu cao cấp l&agrave; một lựa chọn th&iacute;ch hợp cho b&eacute; trong giai đoạn từ 0 - 1 th&aacute;ng.\n\n<strong>C&Aacute;CH D&Ugrave;NG</strong>: Thoa kem chống hăm trước khi sử dụng t&atilde; l&oacute;t cho b&eacute;. Kh&ocirc;ng n&ecirc;n mặc t&atilde; cho b&eacute; qu&aacute; 6 tiếng đồng hồ li&ecirc;n tiếp.\n\n</pre>\n\n<div><strong>ĐẶC ĐIỂM NỔI BẬT</strong></div>\n\n<p><strong>Mặt đ&aacute;y dạng vải</strong> Sản phẩm c&oacute; mặt đ&aacute;y được thiết kế dạng vải tho&aacute;t hơi ẩm, gi&uacute;p đẩy hơi n&oacute;ng ra ngo&agrave;i, giảm nhiệt độ trong l&ograve;ng t&atilde; v&agrave; cho da b&eacute; h&ocirc; hấp với kh&ocirc;ng kh&iacute; tự nhi&ecirc;n. <strong>L&otilde;i b&ocirc;ng mềm mại</strong> L&otilde;i b&ocirc;ng mềm mại với lớp si&ecirc;u dẫn thấm nhanh ch&oacute;ng thấm h&uacute;t to&agrave;n bộ chất lỏng, cho da b&eacute; lu&ocirc;n kh&ocirc; tho&aacute;ng. <strong>Bảo vệ l&agrave;n da trẻ nhỏ</strong> Bề mặt được lụa h&oacute;a, &ecirc;m mềm, h&uacute;t thấm một chiều, kh&ocirc;ng thấm ngược trở lại, gi&uacute;p bề mặt lu&ocirc;n kh&ocirc; tho&aacute;ng, sạch sẽ. Bổ sung vitamin E để tăng cường bảo vệ l&agrave;n da non nớt của b&eacute;. <strong>Đ&oacute;ng g&oacute;i bộ 2 t&uacute;i</strong> Sản phẩm được đ&oacute;ng g&oacute;i bộ 2 t&uacute;i t&atilde; giấy sẽ tiết kiệm thời gian cho mẹ khi mua sắm. Mẹ sẽ c&oacute; nhiều thời gian hơn để chăm s&oacute;c bản th&acirc;n v&agrave; gia đ&igrave;nh b&eacute; nhỏ của m&igrave;nh.</p>\n','KO-KR',NULL),(1924,72,1,NULL,NULL,NULL,'VN-VI','Bobby Fresh M52 – Bộ 2 gói tã giấy siêu mỏng / Jumbo'),(1925,72,18,NULL,NULL,NULL,NULL,''),(1926,72,13,10,NULL,NULL,NULL,NULL),(1927,72,34,NULL,NULL,NULL,NULL,''),(1928,72,14,1,NULL,NULL,NULL,NULL),(1929,72,24,NULL,0,NULL,NULL,NULL),(1930,72,31,1,NULL,NULL,NULL,NULL),(1931,72,32,1,NULL,NULL,NULL,NULL),(1932,72,33,1,NULL,NULL,NULL,NULL),(1933,72,2,NULL,NULL,'<pre>\nNhu cầu sử dụng t&atilde; giấy của b&eacute; kh&aacute;c nhau theo từng thời điểm trong ng&agrave;y. Nếu như ban đ&ecirc;m, b&eacute; cần 1 loại t&atilde; giấy c&oacute; khả năng thấm h&uacute;t tối đa ngay cả khi b&eacute; t&egrave; thật nhiều th&igrave; ban ng&agrave;y b&eacute; cần loại t&atilde; giấy mỏng, nhẹ để thoải m&aacute;i vận động. T&atilde; giấy <strong>Bobby Fresh M52</strong> si&ecirc;u mỏng loại Jumbo sẽ cho b&eacute; cảm gi&aacute;c thoải m&aacute;i v&agrave; dễ chịu ngay cả khi vận động nhiều. Được l&agrave;m ho&agrave;n to&agrave;n bằng chất liệu cao cấp v&agrave; thiết kế si&ecirc;u mỏng, t&atilde; giấy si&ecirc;u mỏng <strong>Bobby Fresh M52</strong> sẽ ph&ugrave; hợp cho con bạn sử dụng v&agrave;o ban ng&agrave;y hay những khi thời tiết n&oacute;ng ẩm.\n\n<strong>C&Aacute;CH D&Ugrave;NG</strong>: Thoa kem chống hăm trước khi sử dụng t&atilde; l&oacute;t cho b&eacute;. Kh&ocirc;ng n&ecirc;n mặc t&atilde; cho b&eacute; qu&aacute; 6 tiếng đồng hồ li&ecirc;n tiếp.\n\n</pre>\n\n<div><strong>ĐẶC ĐIỂM NỔI BẬT</strong></div>\n\n<p><strong>Mặt đ&aacute;y dạng vải</strong> Sản phẩm c&oacute; mặt đ&aacute;y được thiết kế dạng vải tho&aacute;t hơi ẩm, gi&uacute;p đẩy hơi n&oacute;ng ra ngo&agrave;i, giảm nhiệt độ trong l&ograve;ng t&atilde; v&agrave; cho da b&eacute; h&ocirc; hấp với kh&ocirc;ng kh&iacute; tự nhi&ecirc;n. <strong>L&otilde;i b&ocirc;ng mềm mại</strong> L&otilde;i b&ocirc;ng mềm mại với lớp si&ecirc;u dẫn thấm nhanh ch&oacute;ng thấm h&uacute;t to&agrave;n bộ chất lỏng, cho da b&eacute; lu&ocirc;n kh&ocirc; tho&aacute;ng. <strong>Tinh chất tr&agrave; xanh</strong> Sản phẩm được tăng cường tinh chất tr&agrave; xanh thơm m&aacute;t c&oacute; t&aacute;c dụng kh&aacute;ng khuẩn v&agrave; chống hăm cho b&eacute;. <strong>Kh&oacute;a d&iacute;nh nhiều lần</strong> Thiết kế kh&oacute;a d&iacute;nh nhiều lần &ldquo;Magic tape&rdquo; c&oacute; thể b&oacute;c ra d&aacute;n lại tới 100 lần vẫn chắc d&ugrave; tay bạn c&oacute; ướt, d&iacute;nh kem hay bột phấn. <strong>Đ&oacute;ng g&oacute;i bộ 2 t&uacute;i</strong> Sản phẩm được đ&oacute;ng g&oacute;i bộ 2 t&uacute;i t&atilde; giấy sẽ tiết kiệm thời gian cho mẹ khi mua sắm. Mẹ sẽ c&oacute; nhiều thời gian hơn để chăm s&oacute;c bản th&acirc;n v&agrave; gia đ&igrave;nh b&eacute; nhỏ của m&igrave;nh.</p>\n','VN-VI',NULL),(1934,72,26,NULL,NULL,'',NULL,NULL),(1935,72,27,0,NULL,NULL,NULL,NULL),(1936,72,28,0,NULL,NULL,NULL,NULL),(1937,72,29,NULL,0,NULL,NULL,NULL),(1938,72,30,NULL,0,NULL,NULL,NULL),(1939,72,21,NULL,NULL,NULL,NULL,''),(1940,72,22,NULL,NULL,'',NULL,NULL),(1941,72,23,NULL,NULL,'',NULL,NULL),(1942,72,1,NULL,NULL,NULL,'EN-US','Bobby Fresh M52 – Bộ 2 gói tã giấy siêu mỏng / Jumbo'),(1943,72,2,NULL,NULL,'<pre>\nNhu cầu sử dụng t&atilde; giấy của b&eacute; kh&aacute;c nhau theo từng thời điểm trong ng&agrave;y. Nếu như ban đ&ecirc;m, b&eacute; cần 1 loại t&atilde; giấy c&oacute; khả năng thấm h&uacute;t tối đa ngay cả khi b&eacute; t&egrave; thật nhiều th&igrave; ban ng&agrave;y b&eacute; cần loại t&atilde; giấy mỏng, nhẹ để thoải m&aacute;i vận động. T&atilde; giấy <strong>Bobby Fresh M52</strong> si&ecirc;u mỏng loại Jumbo sẽ cho b&eacute; cảm gi&aacute;c thoải m&aacute;i v&agrave; dễ chịu ngay cả khi vận động nhiều. Được l&agrave;m ho&agrave;n to&agrave;n bằng chất liệu cao cấp v&agrave; thiết kế si&ecirc;u mỏng, t&atilde; giấy si&ecirc;u mỏng <strong>Bobby Fresh M52</strong> sẽ ph&ugrave; hợp cho con bạn sử dụng v&agrave;o ban ng&agrave;y hay những khi thời tiết n&oacute;ng ẩm.\n\n<strong>C&Aacute;CH D&Ugrave;NG</strong>: Thoa kem chống hăm trước khi sử dụng t&atilde; l&oacute;t cho b&eacute;. Kh&ocirc;ng n&ecirc;n mặc t&atilde; cho b&eacute; qu&aacute; 6 tiếng đồng hồ li&ecirc;n tiếp.\n\n</pre>\n\n<div><strong>ĐẶC ĐIỂM NỔI BẬT</strong></div>\n\n<p><strong>Mặt đ&aacute;y dạng vải</strong> Sản phẩm c&oacute; mặt đ&aacute;y được thiết kế dạng vải tho&aacute;t hơi ẩm, gi&uacute;p đẩy hơi n&oacute;ng ra ngo&agrave;i, giảm nhiệt độ trong l&ograve;ng t&atilde; v&agrave; cho da b&eacute; h&ocirc; hấp với kh&ocirc;ng kh&iacute; tự nhi&ecirc;n. <strong>L&otilde;i b&ocirc;ng mềm mại</strong> L&otilde;i b&ocirc;ng mềm mại với lớp si&ecirc;u dẫn thấm nhanh ch&oacute;ng thấm h&uacute;t to&agrave;n bộ chất lỏng, cho da b&eacute; lu&ocirc;n kh&ocirc; tho&aacute;ng. <strong>Tinh chất tr&agrave; xanh</strong> Sản phẩm được tăng cường tinh chất tr&agrave; xanh thơm m&aacute;t c&oacute; t&aacute;c dụng kh&aacute;ng khuẩn v&agrave; chống hăm cho b&eacute;. <strong>Kh&oacute;a d&iacute;nh nhiều lần</strong> Thiết kế kh&oacute;a d&iacute;nh nhiều lần &ldquo;Magic tape&rdquo; c&oacute; thể b&oacute;c ra d&aacute;n lại tới 100 lần vẫn chắc d&ugrave; tay bạn c&oacute; ướt, d&iacute;nh kem hay bột phấn. <strong>Đ&oacute;ng g&oacute;i bộ 2 t&uacute;i</strong> Sản phẩm được đ&oacute;ng g&oacute;i bộ 2 t&uacute;i t&atilde; giấy sẽ tiết kiệm thời gian cho mẹ khi mua sắm. Mẹ sẽ c&oacute; nhiều thời gian hơn để chăm s&oacute;c bản th&acirc;n v&agrave; gia đ&igrave;nh b&eacute; nhỏ của m&igrave;nh.</p>\n','EN-US',NULL),(1944,72,1,NULL,NULL,NULL,'KO-KR','Bobby Fresh M52 – Bộ 2 gói tã giấy siêu mỏng / Jumbo'),(1945,72,2,NULL,NULL,'<pre>\nNhu cầu sử dụng t&atilde; giấy của b&eacute; kh&aacute;c nhau theo từng thời điểm trong ng&agrave;y. Nếu như ban đ&ecirc;m, b&eacute; cần 1 loại t&atilde; giấy c&oacute; khả năng thấm h&uacute;t tối đa ngay cả khi b&eacute; t&egrave; thật nhiều th&igrave; ban ng&agrave;y b&eacute; cần loại t&atilde; giấy mỏng, nhẹ để thoải m&aacute;i vận động. T&atilde; giấy <strong>Bobby Fresh M52</strong> si&ecirc;u mỏng loại Jumbo sẽ cho b&eacute; cảm gi&aacute;c thoải m&aacute;i v&agrave; dễ chịu ngay cả khi vận động nhiều. Được l&agrave;m ho&agrave;n to&agrave;n bằng chất liệu cao cấp v&agrave; thiết kế si&ecirc;u mỏng, t&atilde; giấy si&ecirc;u mỏng <strong>Bobby Fresh M52</strong> sẽ ph&ugrave; hợp cho con bạn sử dụng v&agrave;o ban ng&agrave;y hay những khi thời tiết n&oacute;ng ẩm.\n\n<strong>C&Aacute;CH D&Ugrave;NG</strong>: Thoa kem chống hăm trước khi sử dụng t&atilde; l&oacute;t cho b&eacute;. Kh&ocirc;ng n&ecirc;n mặc t&atilde; cho b&eacute; qu&aacute; 6 tiếng đồng hồ li&ecirc;n tiếp.\n\n</pre>\n\n<div><strong>ĐẶC ĐIỂM NỔI BẬT</strong></div>\n\n<p><strong>Mặt đ&aacute;y dạng vải</strong> Sản phẩm c&oacute; mặt đ&aacute;y được thiết kế dạng vải tho&aacute;t hơi ẩm, gi&uacute;p đẩy hơi n&oacute;ng ra ngo&agrave;i, giảm nhiệt độ trong l&ograve;ng t&atilde; v&agrave; cho da b&eacute; h&ocirc; hấp với kh&ocirc;ng kh&iacute; tự nhi&ecirc;n. <strong>L&otilde;i b&ocirc;ng mềm mại</strong> L&otilde;i b&ocirc;ng mềm mại với lớp si&ecirc;u dẫn thấm nhanh ch&oacute;ng thấm h&uacute;t to&agrave;n bộ chất lỏng, cho da b&eacute; lu&ocirc;n kh&ocirc; tho&aacute;ng. <strong>Tinh chất tr&agrave; xanh</strong> Sản phẩm được tăng cường tinh chất tr&agrave; xanh thơm m&aacute;t c&oacute; t&aacute;c dụng kh&aacute;ng khuẩn v&agrave; chống hăm cho b&eacute;. <strong>Kh&oacute;a d&iacute;nh nhiều lần</strong> Thiết kế kh&oacute;a d&iacute;nh nhiều lần &ldquo;Magic tape&rdquo; c&oacute; thể b&oacute;c ra d&aacute;n lại tới 100 lần vẫn chắc d&ugrave; tay bạn c&oacute; ướt, d&iacute;nh kem hay bột phấn. <strong>Đ&oacute;ng g&oacute;i bộ 2 t&uacute;i</strong> Sản phẩm được đ&oacute;ng g&oacute;i bộ 2 t&uacute;i t&atilde; giấy sẽ tiết kiệm thời gian cho mẹ khi mua sắm. Mẹ sẽ c&oacute; nhiều thời gian hơn để chăm s&oacute;c bản th&acirc;n v&agrave; gia đ&igrave;nh b&eacute; nhỏ của m&igrave;nh.</p>\n','KO-KR',NULL),(1946,73,1,NULL,NULL,NULL,'VN-VI','Bộ áo liền quần cho bé (Xanh)'),(1947,73,18,NULL,NULL,NULL,NULL,''),(1948,73,13,10,NULL,NULL,NULL,NULL),(1949,73,34,NULL,NULL,NULL,NULL,''),(1950,73,14,1,NULL,NULL,NULL,NULL),(1951,73,24,NULL,0,NULL,NULL,NULL),(1952,73,31,1,NULL,NULL,NULL,NULL),(1953,73,32,1,NULL,NULL,NULL,NULL),(1954,73,33,1,NULL,NULL,NULL,NULL),(1955,73,2,NULL,NULL,'<p>L&agrave;n da trẻ em vốn mỏng manh, non nớt lại v&ocirc; c&ugrave;ng nhạy cảm, v&igrave; vậy, c&aacute;c bậc phụ huynh cần cẩn trọng khi chọn lựa quần &aacute;o cho b&eacute; trong những năm th&aacute;ng đầu đời. Bộ &aacute;o liền quần cho b&eacute; <strong>Macy&#39;s</strong> sở hữu kiểu d&aacute;ng dễ thương c&ugrave;ng m&agrave;u sắc tươi tắn, l&agrave; một sản phẩm l&yacute; tưởng gi&uacute;p thi&ecirc;n thần nhỏ nh&agrave; bạn c&agrave;ng trở n&ecirc;n đ&aacute;ng y&ecirc;u hơn. Được l&agrave;m ho&agrave;n to&agrave;n từ vải cotton cao cấp, bộ yếm tạo cho b&eacute; cảm gi&aacute;c thoải m&aacute;i v&agrave; dễ chịu khi mặc. Hơn thế nữa, chất liệu mềm mại tuyệt đối an to&agrave;n, kh&ocirc;ng g&acirc;y k&iacute;ch ứng hay độc hại n&ecirc;n bố mẹ c&oacute; thể ho&agrave;n to&agrave;n y&ecirc;n t&acirc;m.</p>\n\n<div><strong>ĐẶC ĐIỂM NỔI BẬT</strong></div>\n\n<p><strong>Chất liệu:</strong><br />\nSử dụng chất liệu 100% cotton tho&aacute;ng m&aacute;t c&oacute; khả năng thấm h&uacute;t tốt mang đến cảm gi&aacute;c thoải m&aacute;i cho b&eacute;, đồng thời chất liệu n&agrave;y cũng rất mềm mại v&agrave; na to&agrave;n tuyệt đối cho l&agrave;n da nhạy cảm của b&eacute;.</p>\n\n<p><strong>Kiểu d&aacute;ng:</strong><br />\nSở hữu kiểu &aacute;o liền quần c&oacute; n&uacute;t bấm dưới đ&aacute;y, thuận tiện cho việc mẹ thay bỉm cho b&eacute;, kết hợp c&ugrave;ng m&agrave;u sắc sinh động mang đến sự th&iacute;ch th&uacute; cho b&eacute;.</p>\n','VN-VI',NULL),(1956,73,26,NULL,NULL,'',NULL,NULL),(1957,73,27,0,NULL,NULL,NULL,NULL),(1958,73,28,0,NULL,NULL,NULL,NULL),(1959,73,29,NULL,0,NULL,NULL,NULL),(1960,73,30,NULL,0,NULL,NULL,NULL),(1961,73,21,NULL,NULL,NULL,NULL,''),(1962,73,22,NULL,NULL,'',NULL,NULL),(1963,73,23,NULL,NULL,'',NULL,NULL),(1964,73,1,NULL,NULL,NULL,'EN-US','Bộ áo liền quần cho bé (Xanh)'),(1965,73,2,NULL,NULL,'<p>L&agrave;n da trẻ em vốn mỏng manh, non nớt lại v&ocirc; c&ugrave;ng nhạy cảm, v&igrave; vậy, c&aacute;c bậc phụ huynh cần cẩn trọng khi chọn lựa quần &aacute;o cho b&eacute; trong những năm th&aacute;ng đầu đời. Bộ &aacute;o liền quần cho b&eacute; <strong>Macy&#39;s</strong> sở hữu kiểu d&aacute;ng dễ thương c&ugrave;ng m&agrave;u sắc tươi tắn, l&agrave; một sản phẩm l&yacute; tưởng gi&uacute;p thi&ecirc;n thần nhỏ nh&agrave; bạn c&agrave;ng trở n&ecirc;n đ&aacute;ng y&ecirc;u hơn. Được l&agrave;m ho&agrave;n to&agrave;n từ vải cotton cao cấp, bộ yếm tạo cho b&eacute; cảm gi&aacute;c thoải m&aacute;i v&agrave; dễ chịu khi mặc. Hơn thế nữa, chất liệu mềm mại tuyệt đối an to&agrave;n, kh&ocirc;ng g&acirc;y k&iacute;ch ứng hay độc hại n&ecirc;n bố mẹ c&oacute; thể ho&agrave;n to&agrave;n y&ecirc;n t&acirc;m.</p>\n\n<div><strong>ĐẶC ĐIỂM NỔI BẬT</strong></div>\n\n<p><strong>Chất liệu:</strong><br />\nSử dụng chất liệu 100% cotton tho&aacute;ng m&aacute;t c&oacute; khả năng thấm h&uacute;t tốt mang đến cảm gi&aacute;c thoải m&aacute;i cho b&eacute;, đồng thời chất liệu n&agrave;y cũng rất mềm mại v&agrave; na to&agrave;n tuyệt đối cho l&agrave;n da nhạy cảm của b&eacute;.</p>\n\n<p><strong>Kiểu d&aacute;ng:</strong><br />\nSở hữu kiểu &aacute;o liền quần c&oacute; n&uacute;t bấm dưới đ&aacute;y, thuận tiện cho việc mẹ thay bỉm cho b&eacute;, kết hợp c&ugrave;ng m&agrave;u sắc sinh động mang đến sự th&iacute;ch th&uacute; cho b&eacute;.</p>\n','EN-US',NULL),(1966,73,1,NULL,NULL,NULL,'KO-KR','Bộ áo liền quần cho bé (Xanh)'),(1967,73,2,NULL,NULL,'<p>L&agrave;n da trẻ em vốn mỏng manh, non nớt lại v&ocirc; c&ugrave;ng nhạy cảm, v&igrave; vậy, c&aacute;c bậc phụ huynh cần cẩn trọng khi chọn lựa quần &aacute;o cho b&eacute; trong những năm th&aacute;ng đầu đời. Bộ &aacute;o liền quần cho b&eacute; <strong>Macy&#39;s</strong> sở hữu kiểu d&aacute;ng dễ thương c&ugrave;ng m&agrave;u sắc tươi tắn, l&agrave; một sản phẩm l&yacute; tưởng gi&uacute;p thi&ecirc;n thần nhỏ nh&agrave; bạn c&agrave;ng trở n&ecirc;n đ&aacute;ng y&ecirc;u hơn. Được l&agrave;m ho&agrave;n to&agrave;n từ vải cotton cao cấp, bộ yếm tạo cho b&eacute; cảm gi&aacute;c thoải m&aacute;i v&agrave; dễ chịu khi mặc. Hơn thế nữa, chất liệu mềm mại tuyệt đối an to&agrave;n, kh&ocirc;ng g&acirc;y k&iacute;ch ứng hay độc hại n&ecirc;n bố mẹ c&oacute; thể ho&agrave;n to&agrave;n y&ecirc;n t&acirc;m.</p>\n\n<div><strong>ĐẶC ĐIỂM NỔI BẬT</strong></div>\n\n<p><strong>Chất liệu:</strong><br />\nSử dụng chất liệu 100% cotton tho&aacute;ng m&aacute;t c&oacute; khả năng thấm h&uacute;t tốt mang đến cảm gi&aacute;c thoải m&aacute;i cho b&eacute;, đồng thời chất liệu n&agrave;y cũng rất mềm mại v&agrave; na to&agrave;n tuyệt đối cho l&agrave;n da nhạy cảm của b&eacute;.</p>\n\n<p><strong>Kiểu d&aacute;ng:</strong><br />\nSở hữu kiểu &aacute;o liền quần c&oacute; n&uacute;t bấm dưới đ&aacute;y, thuận tiện cho việc mẹ thay bỉm cho b&eacute;, kết hợp c&ugrave;ng m&agrave;u sắc sinh động mang đến sự th&iacute;ch th&uacute; cho b&eacute;.</p>\n','KO-KR',NULL),(1968,74,1,NULL,NULL,NULL,'VN-VI','Rainbow Loom VBC-KXD201403 - Bộ dụng cụ làm vòng tay dây thun'),(1969,74,18,NULL,NULL,NULL,NULL,''),(1970,74,13,10,NULL,NULL,NULL,NULL),(1971,74,34,NULL,NULL,NULL,NULL,''),(1972,74,14,1,NULL,NULL,NULL,NULL),(1973,74,24,NULL,0,NULL,NULL,NULL),(1974,74,31,1,NULL,NULL,NULL,NULL),(1975,74,32,1,NULL,NULL,NULL,NULL),(1976,74,33,1,NULL,NULL,NULL,NULL),(1977,74,2,NULL,NULL,'<p>Với bộ dụng cụ l&agrave;m v&ograve;ng tay d&acirc;y thun <strong>Rainbow Loom VBC-KXD201403</strong> b&eacute; y&ecirc;u của bạn sẽ thỏa th&iacute;ch s&aacute;ng tạo ra những kiểu v&ograve;ng tay độc đ&aacute;o kh&aacute;c nhua. Đ&acirc;y l&agrave; tr&ograve; chơi đầy th&uacute; vị, đ&ograve;i hỏi sự kh&eacute;o l&eacute;o v&agrave; s&aacute;ng tạo v&igrave; thế trong qu&aacute; tr&igrave;nh chơi sẽ gi&uacute;p b&eacute; r&egrave;n luyện khả năng tư duy, gi&uacute;p b&eacute; ph&aacute;t triển tr&iacute; n&atilde;o. Bộ sản phẩm được l&agrave;m từ chất liệu cao su kh&ocirc;ng chứa chất độc họi n&ecirc;n rất an to&agrave;n cho sức khỏe của trẻ n&ecirc;n mẹ ho&agrave;n to&agrave;n c&oacute; thể y&ecirc;n t&acirc;m.</p>\n\n<p><strong>ĐẶC ĐIỂM NỔI BẬT</strong></p>\n\n<p><strong>Chất liệu an to&agrave;n</strong><br />\nTo&agrave;n bộ d&acirc;y thun được l&agrave;m từ chất liệu cao su, kh&ocirc;ng chứa chất độc hại n&ecirc;n an to&agrave;n cho sức khỏe của trẻ. Hơn thế nữa c&aacute;c dụng cụ hỗ trợ đi k&egrave;m cũng được thiết kế đặc biệt để kh&ocirc;ng g&acirc;y nguy hiểm cho b&eacute; trong qu&aacute; tr&igrave;nh thực hiện.</p>\n\n<p><strong>Ph&aacute;t triển tư duy s&aacute;ng tạo</strong><br />\nD&acirc;y thun với nhiều m&agrave;u sắc kh&aacute;c nhau, v&igrave; vậy trong qu&aacute; tr&igrave;nh thực hiện đ&ograve;i hỏi b&eacute; phải suy nghĩ c&aacute;ch phối m&ugrave;a sắc để tạo ra những chiếc v&ograve;ng tay với m&agrave;u sắc đẹp nhất, qua đ&oacute; gi&uacute;p b&eacute; ph&aacute;t triển được tư duy s&aacute;ng tạo, đồng thời gi&uacute;p b&eacute; thật kh&eacute;o tay khi l&agrave;m những việc đ&ograve;i hỏi sự kh&eacute;o l&eacute;o.</p>\n\n<p><strong>M&oacute;n qu&agrave; &yacute; nghĩa d&agrave;nh tặng gia đ&igrave;nh hay bạn b&egrave;</strong><br />\nSau khi thực hiện xong b&eacute; c&oacute; thể d&agrave;nh tặng những chiếc v&ograve;ng độc đ&aacute;o n&agrave;y cho gia đ&igrave;nh hay bạn b&egrave; để tăng th&ecirc;m t&igrave;nh cảm, gi&uacute;p b&eacute; học được c&aacute;ch chia sẻ, y&ecirc;u thương những người xung quanh m&igrave;nh.</p>\n','VN-VI',NULL),(1978,74,26,NULL,NULL,'',NULL,NULL),(1979,74,27,0,NULL,NULL,NULL,NULL),(1980,74,28,0,NULL,NULL,NULL,NULL),(1981,74,29,NULL,0,NULL,NULL,NULL),(1982,74,30,NULL,0,NULL,NULL,NULL),(1983,74,21,NULL,NULL,NULL,NULL,''),(1984,74,22,NULL,NULL,'',NULL,NULL),(1985,74,23,NULL,NULL,'',NULL,NULL),(1986,74,1,NULL,NULL,NULL,'EN-US','Rainbow Loom VBC-KXD201403 - Bộ dụng cụ làm vòng tay dây thun'),(1987,74,2,NULL,NULL,'<p>Với bộ dụng cụ l&agrave;m v&ograve;ng tay d&acirc;y thun <strong>Rainbow Loom VBC-KXD201403</strong> b&eacute; y&ecirc;u của bạn sẽ thỏa th&iacute;ch s&aacute;ng tạo ra những kiểu v&ograve;ng tay độc đ&aacute;o kh&aacute;c nhua. Đ&acirc;y l&agrave; tr&ograve; chơi đầy th&uacute; vị, đ&ograve;i hỏi sự kh&eacute;o l&eacute;o v&agrave; s&aacute;ng tạo v&igrave; thế trong qu&aacute; tr&igrave;nh chơi sẽ gi&uacute;p b&eacute; r&egrave;n luyện khả năng tư duy, gi&uacute;p b&eacute; ph&aacute;t triển tr&iacute; n&atilde;o. Bộ sản phẩm được l&agrave;m từ chất liệu cao su kh&ocirc;ng chứa chất độc họi n&ecirc;n rất an to&agrave;n cho sức khỏe của trẻ n&ecirc;n mẹ ho&agrave;n to&agrave;n c&oacute; thể y&ecirc;n t&acirc;m.</p>\n\n<p><strong>ĐẶC ĐIỂM NỔI BẬT</strong></p>\n\n<p><strong>Chất liệu an to&agrave;n</strong><br />\nTo&agrave;n bộ d&acirc;y thun được l&agrave;m từ chất liệu cao su, kh&ocirc;ng chứa chất độc hại n&ecirc;n an to&agrave;n cho sức khỏe của trẻ. Hơn thế nữa c&aacute;c dụng cụ hỗ trợ đi k&egrave;m cũng được thiết kế đặc biệt để kh&ocirc;ng g&acirc;y nguy hiểm cho b&eacute; trong qu&aacute; tr&igrave;nh thực hiện.</p>\n\n<p><strong>Ph&aacute;t triển tư duy s&aacute;ng tạo</strong><br />\nD&acirc;y thun với nhiều m&agrave;u sắc kh&aacute;c nhau, v&igrave; vậy trong qu&aacute; tr&igrave;nh thực hiện đ&ograve;i hỏi b&eacute; phải suy nghĩ c&aacute;ch phối m&ugrave;a sắc để tạo ra những chiếc v&ograve;ng tay với m&agrave;u sắc đẹp nhất, qua đ&oacute; gi&uacute;p b&eacute; ph&aacute;t triển được tư duy s&aacute;ng tạo, đồng thời gi&uacute;p b&eacute; thật kh&eacute;o tay khi l&agrave;m những việc đ&ograve;i hỏi sự kh&eacute;o l&eacute;o.</p>\n\n<p><strong>M&oacute;n qu&agrave; &yacute; nghĩa d&agrave;nh tặng gia đ&igrave;nh hay bạn b&egrave;</strong><br />\nSau khi thực hiện xong b&eacute; c&oacute; thể d&agrave;nh tặng những chiếc v&ograve;ng độc đ&aacute;o n&agrave;y cho gia đ&igrave;nh hay bạn b&egrave; để tăng th&ecirc;m t&igrave;nh cảm, gi&uacute;p b&eacute; học được c&aacute;ch chia sẻ, y&ecirc;u thương những người xung quanh m&igrave;nh.</p>\n','EN-US',NULL),(1988,74,1,NULL,NULL,NULL,'KO-KR','Rainbow Loom VBC-KXD201403 - Bộ dụng cụ làm vòng tay dây thun'),(1989,74,2,NULL,NULL,'<p>Với bộ dụng cụ l&agrave;m v&ograve;ng tay d&acirc;y thun <strong>Rainbow Loom VBC-KXD201403</strong> b&eacute; y&ecirc;u của bạn sẽ thỏa th&iacute;ch s&aacute;ng tạo ra những kiểu v&ograve;ng tay độc đ&aacute;o kh&aacute;c nhua. Đ&acirc;y l&agrave; tr&ograve; chơi đầy th&uacute; vị, đ&ograve;i hỏi sự kh&eacute;o l&eacute;o v&agrave; s&aacute;ng tạo v&igrave; thế trong qu&aacute; tr&igrave;nh chơi sẽ gi&uacute;p b&eacute; r&egrave;n luyện khả năng tư duy, gi&uacute;p b&eacute; ph&aacute;t triển tr&iacute; n&atilde;o. Bộ sản phẩm được l&agrave;m từ chất liệu cao su kh&ocirc;ng chứa chất độc họi n&ecirc;n rất an to&agrave;n cho sức khỏe của trẻ n&ecirc;n mẹ ho&agrave;n to&agrave;n c&oacute; thể y&ecirc;n t&acirc;m.</p>\n\n<p><strong>ĐẶC ĐIỂM NỔI BẬT</strong></p>\n\n<p><strong>Chất liệu an to&agrave;n</strong><br />\nTo&agrave;n bộ d&acirc;y thun được l&agrave;m từ chất liệu cao su, kh&ocirc;ng chứa chất độc hại n&ecirc;n an to&agrave;n cho sức khỏe của trẻ. Hơn thế nữa c&aacute;c dụng cụ hỗ trợ đi k&egrave;m cũng được thiết kế đặc biệt để kh&ocirc;ng g&acirc;y nguy hiểm cho b&eacute; trong qu&aacute; tr&igrave;nh thực hiện.</p>\n\n<p><strong>Ph&aacute;t triển tư duy s&aacute;ng tạo</strong><br />\nD&acirc;y thun với nhiều m&agrave;u sắc kh&aacute;c nhau, v&igrave; vậy trong qu&aacute; tr&igrave;nh thực hiện đ&ograve;i hỏi b&eacute; phải suy nghĩ c&aacute;ch phối m&ugrave;a sắc để tạo ra những chiếc v&ograve;ng tay với m&agrave;u sắc đẹp nhất, qua đ&oacute; gi&uacute;p b&eacute; ph&aacute;t triển được tư duy s&aacute;ng tạo, đồng thời gi&uacute;p b&eacute; thật kh&eacute;o tay khi l&agrave;m những việc đ&ograve;i hỏi sự kh&eacute;o l&eacute;o.</p>\n\n<p><strong>M&oacute;n qu&agrave; &yacute; nghĩa d&agrave;nh tặng gia đ&igrave;nh hay bạn b&egrave;</strong><br />\nSau khi thực hiện xong b&eacute; c&oacute; thể d&agrave;nh tặng những chiếc v&ograve;ng độc đ&aacute;o n&agrave;y cho gia đ&igrave;nh hay bạn b&egrave; để tăng th&ecirc;m t&igrave;nh cảm, gi&uacute;p b&eacute; học được c&aacute;ch chia sẻ, y&ecirc;u thương những người xung quanh m&igrave;nh.</p>\n','KO-KR',NULL),(1990,75,1,NULL,NULL,NULL,'VN-VI','Đậu Lém phiêu lưu ký (4 đĩa) – Phần mềm dạy học'),(1991,75,18,NULL,NULL,NULL,NULL,''),(1992,75,13,10,NULL,NULL,NULL,NULL),(1993,75,34,NULL,NULL,NULL,NULL,''),(1994,75,14,1,NULL,NULL,NULL,NULL),(1995,75,24,NULL,0,NULL,NULL,NULL),(1996,75,31,1,NULL,NULL,NULL,NULL),(1997,75,32,1,NULL,NULL,NULL,NULL),(1998,75,33,1,NULL,NULL,NULL,NULL),(1999,75,2,NULL,NULL,'<p><strong>Đậu L&eacute;m phi&ecirc;u lưu k&yacute;</strong> l&agrave; phần mềm gi&uacute;p học To&aacute;n cho học sinh từ lớp 1 đến lớp 4. Trẻ sẽ đ&oacute;ng vai nh&acirc;n vật Đậu L&eacute;m trải qua 4 c&acirc;u chuyện l&yacute; th&uacute;. Kh&ocirc;ng chỉ học To&aacute;n, phần mềm <strong>Đậu L&eacute;m phi&ecirc;u lưu k&yacute;</strong> c&ograve;n gi&uacute;p trẻ từng bước l&agrave;m quen với việc thao t&aacute;c tr&ecirc;n m&aacute;y t&iacute;nh, đồng thời lồng gh&eacute;p những b&agrave;i học bổ &iacute;ch về cuộc sống thường ng&agrave;y. Trẻ sẽ vừa tiếp thu nhanh vừa vui chơi thật thoải m&aacute;i.</p>\n\n<div><strong>ĐẶC ĐIỂM NỔI BẬT</strong></div>\n\n<p><strong>Lồng gh&eacute;p c&acirc;u chuyện v&agrave;o b&agrave;i học</strong><br />\nKh&ocirc;ng c&ograve;n l&agrave; những b&agrave;i học nh&agrave;m ch&aacute;n, trẻ sẽ vừa học vừa phi&ecirc;u lưu c&ugrave;ng nh&acirc;n vật Đậu L&eacute;m. Khơi gợi sự h&agrave;o hứng v&agrave; &oacute;c t&ograve; m&ograve; của trẻ, phần mềm dạy học <strong>Đậu L&eacute;m phi&ecirc;u lưu k&yacute;</strong> gi&uacute;p trẻ tiếp thu kiến thức To&aacute;n tiểu học th&ocirc;ng qua c&aacute;c c&acirc;u hỏi trong tr&ograve; chơi.</p>\n\n<p><strong>Bổ sung kiến thức x&atilde; hội cho trẻ</strong><br />\nKh&ocirc;ng chỉ l&agrave; những b&agrave;i to&aacute;n đố, phần mềm dạy học <strong>Đậu L&eacute;m phi&ecirc;u lưu k&yacute;</strong> c&ograve;n gi&uacute;p trẻ bổ sung những kiến thức kh&aacute;c, như: nhấp chuột, thao t&aacute;c tr&ecirc;n b&agrave;n ph&iacute;m m&aacute;y t&iacute;nh,... Ngo&agrave;i ra, hầu hết nh&acirc;n vật trong c&acirc;u chuyện l&agrave; c&aacute;c loại động vật, thực vật, đồ vật quen thuộc, c&aacute;c bậc phụ huynh c&oacute; thể gi&uacute;p trẻ nhớ v&agrave; gọi t&ecirc;n ch&uacute;ng. Đặc biệt hơn cả, nội dung phần mềm c&ograve;n gi&uacute;p trẻ &yacute; thức hơn về t&igrave;nh bạn, về sự tương th&acirc;n tương trợ, lu&ocirc;n biết gi&uacute;p đỡ mọi người.</p>\n\n<p><strong>H&igrave;nh ảnh minh họa đầy m&agrave;u sắc</strong><br />\nN&eacute;t vẽ đơn giản, nhưng được chăm ch&uacute;t kỹ c&agrave;ng, ph&ugrave; hợp với lứa tuổi của trẻ tiểu học. Giọng nh&acirc;n vật vui tươi, tăng th&ecirc;m t&iacute;nh sinh động cho c&acirc;u chuyện, kh&ocirc;ng khiến trẻ nh&agrave;m ch&aacute;n.</p>\n\n<p><strong>Giao diện th&acirc;n thiện, dễ d&agrave;ng sử dụng</strong><br />\nPhần mềm cho ph&eacute;p x&aacute;c định t&ecirc;n người d&ugrave;ng khi bắt đầu sử dụng; với mỗi người d&ugrave;ng, phần mềm sẽ tạo ra một file dữ liệu ri&ecirc;ng để lưu điểm số v&agrave; th&ocirc;ng tin c&aacute; nh&acirc;n. Nhờ đ&oacute;, khi nhập t&ecirc;n, phần mềm sẽ đưa trẻ đến đ&uacute;ng vị tr&iacute; b&agrave;i học m&agrave; trẻ đ&atilde; l&agrave;m lần trước.<br />\nN&uacute;t &ldquo;Thống k&ecirc;&rdquo; cho ph&eacute;p phụ huynh theo d&otilde;i những b&agrave;i học m&agrave; trẻ đ&atilde; ho&agrave;n th&agrave;nh.<br />\nPhần mềm c&oacute; thể c&agrave;i v&agrave;o đĩa cứng của m&aacute;y t&iacute;nh v&agrave; chạy ở chế độ to&agrave;n m&agrave;n h&igrave;nh.</p>\n\n<p><strong>Trọn bộ phần mềm gồm 4 đĩa</strong><br />\nTuy chia th&agrave;nh 4 đĩa tương ứng với kiến thức To&aacute;n của từng lớp, trọn bộ phần mềm <strong>Đậu L&eacute;m phi&ecirc;u lưu k&yacute;</strong> vẫn l&agrave; một c&acirc;u chuyện thống nhất với c&aacute;c bối cảnh kh&aacute;c nhau. C&aacute;ch kể chuyện n&agrave;y sẽ gi&uacute;p trẻ ph&aacute;t triển suy nghĩ logic đồng thời tăng tr&iacute; nhớ.</p>\n','VN-VI',NULL),(2000,75,26,NULL,NULL,'',NULL,NULL),(2001,75,27,0,NULL,NULL,NULL,NULL),(2002,75,28,0,NULL,NULL,NULL,NULL),(2003,75,29,NULL,0,NULL,NULL,NULL),(2004,75,30,NULL,0,NULL,NULL,NULL),(2005,75,21,NULL,NULL,NULL,NULL,''),(2006,75,22,NULL,NULL,'',NULL,NULL),(2007,75,23,NULL,NULL,'',NULL,NULL),(2008,75,1,NULL,NULL,NULL,'EN-US','Đậu Lém phiêu lưu ký (4 đĩa) – Phần mềm dạy học'),(2009,75,2,NULL,NULL,'<p><strong>Đậu L&eacute;m phi&ecirc;u lưu k&yacute;</strong> l&agrave; phần mềm gi&uacute;p học To&aacute;n cho học sinh từ lớp 1 đến lớp 4. Trẻ sẽ đ&oacute;ng vai nh&acirc;n vật Đậu L&eacute;m trải qua 4 c&acirc;u chuyện l&yacute; th&uacute;. Kh&ocirc;ng chỉ học To&aacute;n, phần mềm <strong>Đậu L&eacute;m phi&ecirc;u lưu k&yacute;</strong> c&ograve;n gi&uacute;p trẻ từng bước l&agrave;m quen với việc thao t&aacute;c tr&ecirc;n m&aacute;y t&iacute;nh, đồng thời lồng gh&eacute;p những b&agrave;i học bổ &iacute;ch về cuộc sống thường ng&agrave;y. Trẻ sẽ vừa tiếp thu nhanh vừa vui chơi thật thoải m&aacute;i.</p>\n\n<div><strong>ĐẶC ĐIỂM NỔI BẬT</strong></div>\n\n<p><strong>Lồng gh&eacute;p c&acirc;u chuyện v&agrave;o b&agrave;i học</strong><br />\nKh&ocirc;ng c&ograve;n l&agrave; những b&agrave;i học nh&agrave;m ch&aacute;n, trẻ sẽ vừa học vừa phi&ecirc;u lưu c&ugrave;ng nh&acirc;n vật Đậu L&eacute;m. Khơi gợi sự h&agrave;o hứng v&agrave; &oacute;c t&ograve; m&ograve; của trẻ, phần mềm dạy học <strong>Đậu L&eacute;m phi&ecirc;u lưu k&yacute;</strong> gi&uacute;p trẻ tiếp thu kiến thức To&aacute;n tiểu học th&ocirc;ng qua c&aacute;c c&acirc;u hỏi trong tr&ograve; chơi.</p>\n\n<p><strong>Bổ sung kiến thức x&atilde; hội cho trẻ</strong><br />\nKh&ocirc;ng chỉ l&agrave; những b&agrave;i to&aacute;n đố, phần mềm dạy học <strong>Đậu L&eacute;m phi&ecirc;u lưu k&yacute;</strong> c&ograve;n gi&uacute;p trẻ bổ sung những kiến thức kh&aacute;c, như: nhấp chuột, thao t&aacute;c tr&ecirc;n b&agrave;n ph&iacute;m m&aacute;y t&iacute;nh,... Ngo&agrave;i ra, hầu hết nh&acirc;n vật trong c&acirc;u chuyện l&agrave; c&aacute;c loại động vật, thực vật, đồ vật quen thuộc, c&aacute;c bậc phụ huynh c&oacute; thể gi&uacute;p trẻ nhớ v&agrave; gọi t&ecirc;n ch&uacute;ng. Đặc biệt hơn cả, nội dung phần mềm c&ograve;n gi&uacute;p trẻ &yacute; thức hơn về t&igrave;nh bạn, về sự tương th&acirc;n tương trợ, lu&ocirc;n biết gi&uacute;p đỡ mọi người.</p>\n\n<p><strong>H&igrave;nh ảnh minh họa đầy m&agrave;u sắc</strong><br />\nN&eacute;t vẽ đơn giản, nhưng được chăm ch&uacute;t kỹ c&agrave;ng, ph&ugrave; hợp với lứa tuổi của trẻ tiểu học. Giọng nh&acirc;n vật vui tươi, tăng th&ecirc;m t&iacute;nh sinh động cho c&acirc;u chuyện, kh&ocirc;ng khiến trẻ nh&agrave;m ch&aacute;n.</p>\n\n<p><strong>Giao diện th&acirc;n thiện, dễ d&agrave;ng sử dụng</strong><br />\nPhần mềm cho ph&eacute;p x&aacute;c định t&ecirc;n người d&ugrave;ng khi bắt đầu sử dụng; với mỗi người d&ugrave;ng, phần mềm sẽ tạo ra một file dữ liệu ri&ecirc;ng để lưu điểm số v&agrave; th&ocirc;ng tin c&aacute; nh&acirc;n. Nhờ đ&oacute;, khi nhập t&ecirc;n, phần mềm sẽ đưa trẻ đến đ&uacute;ng vị tr&iacute; b&agrave;i học m&agrave; trẻ đ&atilde; l&agrave;m lần trước.<br />\nN&uacute;t &ldquo;Thống k&ecirc;&rdquo; cho ph&eacute;p phụ huynh theo d&otilde;i những b&agrave;i học m&agrave; trẻ đ&atilde; ho&agrave;n th&agrave;nh.<br />\nPhần mềm c&oacute; thể c&agrave;i v&agrave;o đĩa cứng của m&aacute;y t&iacute;nh v&agrave; chạy ở chế độ to&agrave;n m&agrave;n h&igrave;nh.</p>\n\n<p><strong>Trọn bộ phần mềm gồm 4 đĩa</strong><br />\nTuy chia th&agrave;nh 4 đĩa tương ứng với kiến thức To&aacute;n của từng lớp, trọn bộ phần mềm <strong>Đậu L&eacute;m phi&ecirc;u lưu k&yacute;</strong> vẫn l&agrave; một c&acirc;u chuyện thống nhất với c&aacute;c bối cảnh kh&aacute;c nhau. C&aacute;ch kể chuyện n&agrave;y sẽ gi&uacute;p trẻ ph&aacute;t triển suy nghĩ logic đồng thời tăng tr&iacute; nhớ.</p>\n','EN-US',NULL),(2010,75,1,NULL,NULL,NULL,'KO-KR','Đậu Lém phiêu lưu ký (4 đĩa) – Phần mềm dạy học'),(2011,75,2,NULL,NULL,'<p><strong>Đậu L&eacute;m phi&ecirc;u lưu k&yacute;</strong> l&agrave; phần mềm gi&uacute;p học To&aacute;n cho học sinh từ lớp 1 đến lớp 4. Trẻ sẽ đ&oacute;ng vai nh&acirc;n vật Đậu L&eacute;m trải qua 4 c&acirc;u chuyện l&yacute; th&uacute;. Kh&ocirc;ng chỉ học To&aacute;n, phần mềm <strong>Đậu L&eacute;m phi&ecirc;u lưu k&yacute;</strong> c&ograve;n gi&uacute;p trẻ từng bước l&agrave;m quen với việc thao t&aacute;c tr&ecirc;n m&aacute;y t&iacute;nh, đồng thời lồng gh&eacute;p những b&agrave;i học bổ &iacute;ch về cuộc sống thường ng&agrave;y. Trẻ sẽ vừa tiếp thu nhanh vừa vui chơi thật thoải m&aacute;i.</p>\n\n<div><strong>ĐẶC ĐIỂM NỔI BẬT</strong></div>\n\n<p><strong>Lồng gh&eacute;p c&acirc;u chuyện v&agrave;o b&agrave;i học</strong><br />\nKh&ocirc;ng c&ograve;n l&agrave; những b&agrave;i học nh&agrave;m ch&aacute;n, trẻ sẽ vừa học vừa phi&ecirc;u lưu c&ugrave;ng nh&acirc;n vật Đậu L&eacute;m. Khơi gợi sự h&agrave;o hứng v&agrave; &oacute;c t&ograve; m&ograve; của trẻ, phần mềm dạy học <strong>Đậu L&eacute;m phi&ecirc;u lưu k&yacute;</strong> gi&uacute;p trẻ tiếp thu kiến thức To&aacute;n tiểu học th&ocirc;ng qua c&aacute;c c&acirc;u hỏi trong tr&ograve; chơi.</p>\n\n<p><strong>Bổ sung kiến thức x&atilde; hội cho trẻ</strong><br />\nKh&ocirc;ng chỉ l&agrave; những b&agrave;i to&aacute;n đố, phần mềm dạy học <strong>Đậu L&eacute;m phi&ecirc;u lưu k&yacute;</strong> c&ograve;n gi&uacute;p trẻ bổ sung những kiến thức kh&aacute;c, như: nhấp chuột, thao t&aacute;c tr&ecirc;n b&agrave;n ph&iacute;m m&aacute;y t&iacute;nh,... Ngo&agrave;i ra, hầu hết nh&acirc;n vật trong c&acirc;u chuyện l&agrave; c&aacute;c loại động vật, thực vật, đồ vật quen thuộc, c&aacute;c bậc phụ huynh c&oacute; thể gi&uacute;p trẻ nhớ v&agrave; gọi t&ecirc;n ch&uacute;ng. Đặc biệt hơn cả, nội dung phần mềm c&ograve;n gi&uacute;p trẻ &yacute; thức hơn về t&igrave;nh bạn, về sự tương th&acirc;n tương trợ, lu&ocirc;n biết gi&uacute;p đỡ mọi người.</p>\n\n<p><strong>H&igrave;nh ảnh minh họa đầy m&agrave;u sắc</strong><br />\nN&eacute;t vẽ đơn giản, nhưng được chăm ch&uacute;t kỹ c&agrave;ng, ph&ugrave; hợp với lứa tuổi của trẻ tiểu học. Giọng nh&acirc;n vật vui tươi, tăng th&ecirc;m t&iacute;nh sinh động cho c&acirc;u chuyện, kh&ocirc;ng khiến trẻ nh&agrave;m ch&aacute;n.</p>\n\n<p><strong>Giao diện th&acirc;n thiện, dễ d&agrave;ng sử dụng</strong><br />\nPhần mềm cho ph&eacute;p x&aacute;c định t&ecirc;n người d&ugrave;ng khi bắt đầu sử dụng; với mỗi người d&ugrave;ng, phần mềm sẽ tạo ra một file dữ liệu ri&ecirc;ng để lưu điểm số v&agrave; th&ocirc;ng tin c&aacute; nh&acirc;n. Nhờ đ&oacute;, khi nhập t&ecirc;n, phần mềm sẽ đưa trẻ đến đ&uacute;ng vị tr&iacute; b&agrave;i học m&agrave; trẻ đ&atilde; l&agrave;m lần trước.<br />\nN&uacute;t &ldquo;Thống k&ecirc;&rdquo; cho ph&eacute;p phụ huynh theo d&otilde;i những b&agrave;i học m&agrave; trẻ đ&atilde; ho&agrave;n th&agrave;nh.<br />\nPhần mềm c&oacute; thể c&agrave;i v&agrave;o đĩa cứng của m&aacute;y t&iacute;nh v&agrave; chạy ở chế độ to&agrave;n m&agrave;n h&igrave;nh.</p>\n\n<p><strong>Trọn bộ phần mềm gồm 4 đĩa</strong><br />\nTuy chia th&agrave;nh 4 đĩa tương ứng với kiến thức To&aacute;n của từng lớp, trọn bộ phần mềm <strong>Đậu L&eacute;m phi&ecirc;u lưu k&yacute;</strong> vẫn l&agrave; một c&acirc;u chuyện thống nhất với c&aacute;c bối cảnh kh&aacute;c nhau. C&aacute;ch kể chuyện n&agrave;y sẽ gi&uacute;p trẻ ph&aacute;t triển suy nghĩ logic đồng thời tăng tr&iacute; nhớ.</p>\n','KO-KR',NULL),(2012,76,1,NULL,NULL,NULL,'VN-VI','Kẹp vắt chanh Lemon Juicer'),(2013,76,18,NULL,NULL,NULL,NULL,''),(2014,76,13,12,NULL,NULL,NULL,NULL),(2015,76,34,NULL,NULL,NULL,NULL,''),(2016,76,14,0.5,NULL,NULL,NULL,NULL),(2017,76,24,NULL,26,NULL,NULL,NULL),(2018,76,31,20,NULL,NULL,NULL,NULL),(2019,76,32,3,NULL,NULL,NULL,NULL),(2020,76,33,15,NULL,NULL,NULL,NULL),(2021,76,2,NULL,NULL,'<p><span style=\"font-size:14px\"><span style=\"font-family:arial,helvetica,sans-serif\">Kẹp vắt chanh gi&uacute;p c&aacute;c b&agrave; nội trợ kh&ocirc;ng cần phải mất sức nhiều khi vắt chanh, kh&ocirc;ng bị dầu chanh ra tay l&agrave;m bẩn tay</span></span></p>\n\n<p><img alt=\"\" src=\"http://www.upsieutoc.com/images/2014/09/15/Kpvatchanh5.jpg\" style=\"height:400px; width:400px\" /></p>\n\n<p><span style=\"font-size:14px\"><span style=\"font-family:arial,helvetica,sans-serif\">Kẹp ph&ugrave; hợp với c&aacute;c loại k&iacute;ch cỡ quả chanh to -nhỏ</span></span></p>\n\n<p>&nbsp;<img alt=\"\" src=\"http://www.upsieutoc.com/images/2014/09/15/Kpvatchanh2.jpg\" style=\"height:299px; width:300px\" /></p>\n','VN-VI',NULL),(2022,76,26,NULL,NULL,'',NULL,NULL),(2023,76,27,3,NULL,NULL,NULL,NULL),(2024,76,28,7,NULL,NULL,NULL,NULL),(2025,76,29,NULL,30,NULL,NULL,NULL),(2026,76,30,NULL,30,NULL,NULL,NULL),(2027,76,21,NULL,NULL,NULL,NULL,''),(2028,76,22,NULL,NULL,'',NULL,NULL),(2029,76,23,NULL,NULL,'',NULL,NULL),(2030,76,1,NULL,NULL,NULL,'EN-US','Lemon clamp squeezed '),(2031,76,2,NULL,NULL,'<p>Super-easy to use, works with all-sized lemons</p>\n\n<p><img alt=\"\" src=\"http://www.upsieutoc.com/images/2014/09/15/Kpvatchanh5.jpg\" style=\"height:400px; width:400px\" /></p>\n','EN-US',NULL),(2032,76,1,NULL,NULL,NULL,'KO-KR','클램프 압착 레몬Lemon Juicer'),(2033,76,2,NULL,NULL,'<p><img alt=\"\" src=\"http://www.upsieutoc.com/images/2014/09/15/Kpvatchanh5.jpg\" style=\"height:400px; width:400px\" /></p>\n\n<p><img alt=\"\" src=\"http://www.upsieutoc.com/images/2014/09/15/Kpvatchanh2.jpg\" style=\"height:395px; width:396px\" /></p>\n','KO-KR',NULL),(2034,77,1,NULL,NULL,NULL,'VN-VI','Electrolux Máy pha cà phê - ECM3200'),(2035,77,18,NULL,NULL,NULL,NULL,''),(2036,77,13,3,NULL,NULL,NULL,NULL),(2037,77,34,NULL,NULL,NULL,NULL,'ELECTROLUX'),(2038,77,14,1.7,NULL,NULL,NULL,NULL),(2039,77,24,NULL,26,NULL,NULL,NULL),(2040,77,31,31,NULL,NULL,NULL,NULL),(2041,77,32,35,NULL,NULL,NULL,NULL),(2042,77,33,22,NULL,NULL,NULL,NULL),(2043,77,2,NULL,NULL,'<p><span style=\"font-size:14px\"><span style=\"font-family:arial,helvetica,sans-serif\"><strong>Tiện lợi, an to&agrave;n</strong><br />\n<span style=\"color:rgb(64, 64, 64)\">Với khả năng pha được từ 10 &ndash; 15 cốc c&agrave; ph&ecirc; cho 1 lần pha, sản phẩm th&iacute;ch hợp cho những văn ph&ograve;ng nhỏ hoặc trong gia đ&igrave;nh, c&aacute;c qu&aacute;n ăn nhỏ. B&ecirc;n cạnh đ&oacute;, vạch b&aacute;o mực nước, đ&egrave;n b&aacute;o hiệu c&ugrave;ng chức năng bảo vệ an to&agrave;n cũng l&agrave; một điểm cộng cho sản phẩm n&agrave;y. Với b&igrave;nh chứa v&agrave; t&uacute;i lọc c&oacute; thể th&aacute;o rời dễ d&agrave;ng, bạn c&oacute; thể tiết kiệm được nhiều thời gian hơn trong việc ch&ugrave;i rửa v&agrave; bảo quản sản phẩm</span></span></span></p>\n\n<p><span style=\"font-size:14px\"><span style=\"font-family:arial,helvetica,sans-serif\"><span style=\"color:rgb(64, 64, 64)\"><img alt=\"\" src=\"http://www.upsieutoc.com/images/2014/09/15/electrolux-9689-778701-1-product.jpg\" style=\"height:350px; width:350px\" /><img alt=\"\" src=\"http://www.upsieutoc.com/images/2014/09/15/electrolux-9690-778701-2-zoom.jpg\" style=\"height:350px; width:350px\" /></span></span></span></p>\n\n<p><span style=\"font-size:14px\"><span style=\"font-family:arial,helvetica,sans-serif\"><span style=\"color:rgb(64, 64, 64)\"><img alt=\"\" src=\"http://www.upsieutoc.com/images/2014/09/15/electrolux-9692-778701-3-zoom.jpg\" style=\"height:350px; width:350px\" /><img alt=\"\" src=\"http://www.upsieutoc.com/images/2014/09/15/electrolux-9693-778701-4-zoom.jpg\" style=\"height:350px; width:350px\" /></span></span></span></p>\n','VN-VI',NULL),(2044,77,26,NULL,NULL,'',NULL,NULL),(2045,77,27,3,NULL,NULL,NULL,NULL),(2046,77,28,30,NULL,NULL,NULL,NULL),(2047,77,29,NULL,0,NULL,NULL,NULL),(2048,77,30,NULL,0,NULL,NULL,NULL),(2049,77,21,NULL,NULL,NULL,NULL,''),(2050,77,22,NULL,NULL,'',NULL,NULL),(2051,77,23,NULL,NULL,'',NULL,NULL),(2052,77,1,NULL,NULL,NULL,'EN-US','Electrolux Coffee Maker - ECM3200 '),(2053,77,2,NULL,NULL,'<p>- 10 -15 cups per use</p>\n\n<p><img alt=\"\" src=\"http://www.upsieutoc.com/images/2014/09/15/electrolux-9693-778701-4-zoom.jpg\" style=\"height:400px; width:400px\" /></p>\n\n<p>- Luxury design</p>\n\n<p><img alt=\"\" src=\"http://www.upsieutoc.com/images/2014/09/15/electrolux-9690-778701-2-zoom.jpg\" style=\"height:350px; width:350px\" /><img alt=\"\" src=\"http://www.upsieutoc.com/images/2014/09/15/electrolux-9692-778701-3-zoom.jpg\" style=\"height:350px; width:350px\" /></p>\n\n<p>- Brand new Electrolux Coffee Maker ECM3200</p>\n\n<p><img alt=\"\" src=\"http://www.upsieutoc.com/images/2014/09/15/electrolux-9689-778701-1-product.jpg\" style=\"height:400px; width:400px\" /></p>\n','EN-US',NULL),(2054,77,1,NULL,NULL,NULL,'KO-KR','Electrolux 커피 메이커 - ECM3200 '),(2055,77,2,NULL,NULL,'<p>온 가족에 적합한 일렉트로 룩스 ECM3200 커피 머신</p>\n\n<p><img alt=\"\" src=\"http://www.upsieutoc.com/images/2014/09/15/electrolux-9689-778701-1-product.jpg\" style=\"height:350px; width:350px\" /><img alt=\"\" src=\"http://www.upsieutoc.com/images/2014/09/15/electrolux-9693-778701-4-zoom.jpg\" style=\"height:350px; width:350px\" /></p>\n\n<p><img alt=\"\" src=\"http://www.upsieutoc.com/images/2014/09/15/electrolux-9690-778701-2-zoom.jpg\" style=\"height:350px; width:350px\" /><img alt=\"\" src=\"http://www.upsieutoc.com/images/2014/09/15/electrolux-9692-778701-3-zoom.jpg\" style=\"height:350px; width:350px\" /></p>\n','KO-KR',NULL),(2056,78,1,NULL,NULL,NULL,'VN-VI','Magic A-03 Hộp cơm hâm nóng (cam)'),(2057,78,18,NULL,NULL,NULL,NULL,''),(2058,78,13,10,NULL,NULL,NULL,NULL),(2059,78,34,NULL,NULL,NULL,NULL,'Magic'),(2060,78,14,1,NULL,NULL,NULL,NULL),(2061,78,24,NULL,26,NULL,NULL,NULL),(2062,78,31,20,NULL,NULL,NULL,NULL),(2063,78,32,50,NULL,NULL,NULL,NULL),(2064,78,33,22,NULL,NULL,NULL,NULL),(2065,78,2,NULL,NULL,'<ul>\n	<li style=\"text-align:left\"><span style=\"color:rgb(84, 83, 81)\">H&acirc;m n&oacute;ng thưc phẩm nhanh ch&oacute;ng</span></li>\n	<li style=\"text-align:left\"><span style=\"color:rgb(84, 83, 81)\">Thiết kế thời trang v&agrave; tinh tế</span></li>\n	<li style=\"text-align:left\"><span style=\"color:rgb(84, 83, 81)\">Nhỏ gọn v&agrave; dễ di chuyển</span></li>\n	<li style=\"text-align:left\"><span style=\"color:rgb(84, 83, 81)\">Th&iacute;ch hợp mang đi du lịch v&agrave; cơm trưa văn ph&ograve;ng</span></li>\n	<li style=\"text-align:left\"><span style=\"color:rgb(84, 83, 81)\">C&ocirc;ng nghệ H&agrave;n Quốc</span></li>\n	<li style=\"text-align:left\"><span style=\"color:rgb(84, 83, 81)\">Bảo h&agrave;nh 12 th&aacute;ng</span></li>\n</ul>\n\n<p>&nbsp;</p>\n','VN-VI',NULL),(2066,78,26,NULL,NULL,'',NULL,NULL),(2067,78,27,3,NULL,NULL,NULL,NULL),(2068,78,28,30,NULL,NULL,NULL,NULL),(2069,78,29,NULL,0,NULL,NULL,NULL),(2070,78,30,NULL,0,NULL,NULL,NULL),(2071,78,21,NULL,NULL,NULL,NULL,''),(2072,78,22,NULL,NULL,'',NULL,NULL),(2073,78,23,NULL,NULL,'',NULL,NULL),(2074,78,1,NULL,NULL,NULL,'EN-US','Magic A-03 Warming Lunch Box (Orange)'),(2075,78,2,NULL,NULL,'<ul>\n	<li style=\"text-align:left\">Warm your meals fast</li>\n	<li style=\"text-align:left\">Fine design</li>\n	<li style=\"text-align:left\">Portable and easy to carry</li>\n	<li style=\"text-align:left\">Korean technology</li>\n	<li style=\"text-align:left\">12 months warranty</li>\n</ul>\n','EN-US',NULL),(2076,78,1,NULL,NULL,NULL,'KO-KR','Magic A-03 도시락 (Orange)'),(2077,78,2,NULL,NULL,'<p>Magic A-03 도시락 (Orange) from Sfriendly</p>\n\n<p><img alt=\"\" src=\"http://www.upsieutoc.com/images/2014/09/15/HopcomMagic3.jpg\" style=\"height:400px; width:400px\" /></p>\n\n<p><img alt=\"\" src=\"http://www.upsieutoc.com/images/2014/09/15/HopcomMagic1.jpg\" style=\"height:400px; width:400px\" /></p>\n','KO-KR',NULL),(2078,79,1,NULL,NULL,NULL,'VN-VI','Áo khoác bé gái PSF màu trắng thêu hình thỏ'),(2079,79,18,NULL,NULL,NULL,NULL,''),(2080,79,13,10,NULL,NULL,NULL,NULL),(2081,79,34,NULL,NULL,NULL,NULL,''),(2082,79,14,1,NULL,NULL,NULL,NULL),(2083,79,24,NULL,0,NULL,NULL,NULL),(2084,79,31,1,NULL,NULL,NULL,NULL),(2085,79,32,1,NULL,NULL,NULL,NULL),(2086,79,33,1,NULL,NULL,NULL,NULL),(2087,79,2,NULL,NULL,'<p><strong>Chất liệu vải cao cấp</strong><br />\nSản phẩm được l&agrave;m từ chất liệu vả cao cấp, &ecirc;m dịu với l&agrave;n da nhạy cảm của b&eacute;, cho b&eacute; y&ecirc;u cảm gi&aacute;c dể chịu, thoải m&aacute;i suốt cả ng&agrave;y.</p>\n\n<p><strong>Thiết kế đ&aacute;ng y&ecirc;u</strong><br />\nVới thiết kế đ&aacute;ng y&ecirc;u, sản phẩm đem lại cho b&eacute; d&aacute;ng vẻ năng động v&agrave; đ&aacute;ng y&ecirc;u.</p>\n\n<p>&nbsp;</p>\n','VN-VI',NULL),(2088,79,26,NULL,NULL,'',NULL,NULL),(2089,79,27,0,NULL,NULL,NULL,NULL),(2090,79,28,0,NULL,NULL,NULL,NULL),(2091,79,29,NULL,0,NULL,NULL,NULL),(2092,79,30,NULL,0,NULL,NULL,NULL),(2093,79,21,NULL,NULL,NULL,NULL,''),(2094,79,22,NULL,NULL,'',NULL,NULL),(2095,79,23,NULL,NULL,'',NULL,NULL),(2096,79,1,NULL,NULL,NULL,'EN-US','Áo khoác bé gái PSF màu trắng thêu hình thỏ'),(2097,79,2,NULL,NULL,'<p><strong>Chất liệu vải cao cấp</strong><br />\nSản phẩm được l&agrave;m từ chất liệu vả cao cấp, &ecirc;m dịu với l&agrave;n da nhạy cảm của b&eacute;, cho b&eacute; y&ecirc;u cảm gi&aacute;c dể chịu, thoải m&aacute;i suốt cả ng&agrave;y.</p>\n\n<p><strong>Thiết kế đ&aacute;ng y&ecirc;u</strong><br />\nVới thiết kế đ&aacute;ng y&ecirc;u, sản phẩm đem lại cho b&eacute; d&aacute;ng vẻ năng động v&agrave; đ&aacute;ng y&ecirc;u.</p>\n\n<p>&nbsp;</p>\n','EN-US',NULL),(2098,79,1,NULL,NULL,NULL,'KO-KR','Áo khoác bé gái PSF màu trắng thêu hình thỏ'),(2099,79,2,NULL,NULL,'<p><strong>Chất liệu vải cao cấp</strong><br />\nSản phẩm được l&agrave;m từ chất liệu vả cao cấp, &ecirc;m dịu với l&agrave;n da nhạy cảm của b&eacute;, cho b&eacute; y&ecirc;u cảm gi&aacute;c dể chịu, thoải m&aacute;i suốt cả ng&agrave;y.</p>\n\n<p><strong>Thiết kế đ&aacute;ng y&ecirc;u</strong><br />\nVới thiết kế đ&aacute;ng y&ecirc;u, sản phẩm đem lại cho b&eacute; d&aacute;ng vẻ năng động v&agrave; đ&aacute;ng y&ecirc;u.</p>\n\n<p>&nbsp;</p>\n','KO-KR',NULL),(2100,80,1,NULL,NULL,NULL,'VN-VI','Gymboree 240894084 – Bộ áo liền quần cho bé (Xanh)'),(2101,80,18,NULL,NULL,NULL,NULL,''),(2102,80,13,10,NULL,NULL,NULL,NULL),(2103,80,34,NULL,NULL,NULL,NULL,''),(2104,80,14,1,NULL,NULL,NULL,NULL),(2105,80,24,NULL,0,NULL,NULL,NULL),(2106,80,31,1,NULL,NULL,NULL,NULL),(2107,80,32,1,NULL,NULL,NULL,NULL),(2108,80,33,1,NULL,NULL,NULL,NULL),(2109,80,2,NULL,NULL,'<p>L&agrave;n da trẻ em vốn mỏng manh, non nớt lại v&ocirc; c&ugrave;ng nhạy cảm, v&igrave; vậy, c&aacute;c bậc phụ huynh cần cẩn trọng khi chọn lựa quần &aacute;o cho b&eacute; trong những năm th&aacute;ng đầu đời. Bộ &aacute;o liền quần cho b&eacute; <strong>Gymboree</strong> sở hữu kiểu d&aacute;ng dễ thương c&ugrave;ng m&agrave;u sắc tươi tắn, l&agrave; một sản phẩm l&yacute; tưởng gi&uacute;p thi&ecirc;n thần nhỏ nh&agrave; bạn c&agrave;ng trở n&ecirc;n đ&aacute;ng y&ecirc;u hơn. Được l&agrave;m ho&agrave;n to&agrave;n từ vải cotton cao cấp, bộ yếm tạo cho b&eacute; cảm gi&aacute;c thoải m&aacute;i v&agrave; dễ chịu khi mặc. Hơn thế nữa, chất liệu mềm mại tuyệt đối an to&agrave;n, kh&ocirc;ng g&acirc;y k&iacute;ch ứng hay độc hại n&ecirc;n bố mẹ c&oacute; thể ho&agrave;n to&agrave;n y&ecirc;n t&acirc;m.</p>\n\n<div><strong>ĐẶC ĐIỂM NỔI BẬT</strong></div>\n\n<p><strong>Chất liệu vải cao cấp</strong><br />\nSản phẩm được l&agrave;m từ chất liệu vải tho&aacute;ng m&aacute;t, thấm h&uacute;t mồ h&ocirc;i tốt, &ecirc;m dịu với l&agrave;n da nhạy cảm của b&eacute;, cho b&eacute; y&ecirc;u cảm gi&aacute;c dễ chịu, thoải m&aacute;i suốt cả ng&agrave;y.</p>\n\n<p><strong>Thiết kế đ&aacute;ng y&ecirc;u</strong><br />\nSản phẩm c&oacute; m&agrave;u sắc rất bắt mắt, gi&uacute;p t&ocirc; điểm th&ecirc;m n&eacute;t xinh xắn của b&eacute;.</p>\n\n<p><strong>Độ tuổi ph&ugrave; hợp: </strong><br />\nTrẻ 3 th&aacute;ng tuổi.</p>\n','VN-VI',NULL),(2110,80,26,NULL,NULL,'',NULL,NULL),(2111,80,27,0,NULL,NULL,NULL,NULL),(2112,80,28,0,NULL,NULL,NULL,NULL),(2113,80,29,NULL,0,NULL,NULL,NULL),(2114,80,30,NULL,0,NULL,NULL,NULL),(2115,80,21,NULL,NULL,NULL,NULL,''),(2116,80,22,NULL,NULL,'',NULL,NULL),(2117,80,23,NULL,NULL,'',NULL,NULL),(2118,80,1,NULL,NULL,NULL,'EN-US','Gymboree 240894084 – Bộ áo liền quần cho bé (Xanh)'),(2119,80,2,NULL,NULL,'<p>L&agrave;n da trẻ em vốn mỏng manh, non nớt lại v&ocirc; c&ugrave;ng nhạy cảm, v&igrave; vậy, c&aacute;c bậc phụ huynh cần cẩn trọng khi chọn lựa quần &aacute;o cho b&eacute; trong những năm th&aacute;ng đầu đời. Bộ &aacute;o liền quần cho b&eacute; <strong>Gymboree</strong> sở hữu kiểu d&aacute;ng dễ thương c&ugrave;ng m&agrave;u sắc tươi tắn, l&agrave; một sản phẩm l&yacute; tưởng gi&uacute;p thi&ecirc;n thần nhỏ nh&agrave; bạn c&agrave;ng trở n&ecirc;n đ&aacute;ng y&ecirc;u hơn. Được l&agrave;m ho&agrave;n to&agrave;n từ vải cotton cao cấp, bộ yếm tạo cho b&eacute; cảm gi&aacute;c thoải m&aacute;i v&agrave; dễ chịu khi mặc. Hơn thế nữa, chất liệu mềm mại tuyệt đối an to&agrave;n, kh&ocirc;ng g&acirc;y k&iacute;ch ứng hay độc hại n&ecirc;n bố mẹ c&oacute; thể ho&agrave;n to&agrave;n y&ecirc;n t&acirc;m.</p>\n\n<div><strong>ĐẶC ĐIỂM NỔI BẬT</strong></div>\n\n<p><strong>Chất liệu vải cao cấp</strong><br />\nSản phẩm được l&agrave;m từ chất liệu vải tho&aacute;ng m&aacute;t, thấm h&uacute;t mồ h&ocirc;i tốt, &ecirc;m dịu với l&agrave;n da nhạy cảm của b&eacute;, cho b&eacute; y&ecirc;u cảm gi&aacute;c dễ chịu, thoải m&aacute;i suốt cả ng&agrave;y.</p>\n\n<p><strong>Thiết kế đ&aacute;ng y&ecirc;u</strong><br />\nSản phẩm c&oacute; m&agrave;u sắc rất bắt mắt, gi&uacute;p t&ocirc; điểm th&ecirc;m n&eacute;t xinh xắn của b&eacute;.</p>\n\n<p><strong>Độ tuổi ph&ugrave; hợp: </strong><br />\nTrẻ 3 th&aacute;ng tuổi.</p>\n','EN-US',NULL),(2120,80,1,NULL,NULL,NULL,'KO-KR','Gymboree 240894084 – Bộ áo liền quần cho bé (Xanh)'),(2121,80,2,NULL,NULL,'<p>L&agrave;n da trẻ em vốn mỏng manh, non nớt lại v&ocirc; c&ugrave;ng nhạy cảm, v&igrave; vậy, c&aacute;c bậc phụ huynh cần cẩn trọng khi chọn lựa quần &aacute;o cho b&eacute; trong những năm th&aacute;ng đầu đời. Bộ &aacute;o liền quần cho b&eacute; <strong>Gymboree</strong> sở hữu kiểu d&aacute;ng dễ thương c&ugrave;ng m&agrave;u sắc tươi tắn, l&agrave; một sản phẩm l&yacute; tưởng gi&uacute;p thi&ecirc;n thần nhỏ nh&agrave; bạn c&agrave;ng trở n&ecirc;n đ&aacute;ng y&ecirc;u hơn. Được l&agrave;m ho&agrave;n to&agrave;n từ vải cotton cao cấp, bộ yếm tạo cho b&eacute; cảm gi&aacute;c thoải m&aacute;i v&agrave; dễ chịu khi mặc. Hơn thế nữa, chất liệu mềm mại tuyệt đối an to&agrave;n, kh&ocirc;ng g&acirc;y k&iacute;ch ứng hay độc hại n&ecirc;n bố mẹ c&oacute; thể ho&agrave;n to&agrave;n y&ecirc;n t&acirc;m.</p>\n\n<div><strong>ĐẶC ĐIỂM NỔI BẬT</strong></div>\n\n<p><strong>Chất liệu vải cao cấp</strong><br />\nSản phẩm được l&agrave;m từ chất liệu vải tho&aacute;ng m&aacute;t, thấm h&uacute;t mồ h&ocirc;i tốt, &ecirc;m dịu với l&agrave;n da nhạy cảm của b&eacute;, cho b&eacute; y&ecirc;u cảm gi&aacute;c dễ chịu, thoải m&aacute;i suốt cả ng&agrave;y.</p>\n\n<p><strong>Thiết kế đ&aacute;ng y&ecirc;u</strong><br />\nSản phẩm c&oacute; m&agrave;u sắc rất bắt mắt, gi&uacute;p t&ocirc; điểm th&ecirc;m n&eacute;t xinh xắn của b&eacute;.</p>\n\n<p><strong>Độ tuổi ph&ugrave; hợp: </strong><br />\nTrẻ 3 th&aacute;ng tuổi.</p>\n','KO-KR',NULL),(2122,81,1,NULL,NULL,NULL,'VN-VI','Hoa Kim 1242 - Bộ yếm bé trai / Xanh dương / Size 3'),(2123,81,18,NULL,NULL,NULL,NULL,''),(2124,81,13,10,NULL,NULL,NULL,NULL),(2125,81,34,NULL,NULL,NULL,NULL,''),(2126,81,14,1,NULL,NULL,NULL,NULL),(2127,81,24,NULL,0,NULL,NULL,NULL),(2128,81,31,1,NULL,NULL,NULL,NULL),(2129,81,32,1,NULL,NULL,NULL,NULL),(2130,81,33,1,NULL,NULL,NULL,NULL),(2131,81,2,NULL,NULL,'<p>L&agrave;n da trẻ em vốn mỏng manh, non nớt lại v&ocirc; c&ugrave;ng nhạy cảm, v&igrave; vậy, c&aacute;c bậc phụ huynh cần cẩn trọng khi chọn lựa quần &aacute;o cho b&eacute; trong những năm th&aacute;ng đầu đời. Bộ yếm b&eacute; trai <strong>Hoa Kim 1242</strong> sở hữu kiểu d&aacute;ng dễ thương c&ugrave;ng m&agrave;u sắc tươi tắn, l&agrave; một sản phẩm l&yacute; tưởng gi&uacute;p thi&ecirc;n thần nhỏ nh&agrave; bạn c&agrave;ng trở n&ecirc;n đ&aacute;ng y&ecirc;u hơn. Được l&agrave;m ho&agrave;n to&agrave;n từ vải cotton cao cấp, bộ yếm tạo cho b&eacute; cảm gi&aacute;c thoải m&aacute;i v&agrave; dễ chịu khi mặc. Hơn thế nữa, chất liệu mềm mại tuyệt đối an to&agrave;n, kh&ocirc;ng g&acirc;y k&iacute;ch ứng hay độc hại n&ecirc;n bố mẹ c&oacute; thể ho&agrave;n to&agrave;n y&ecirc;n t&acirc;m.</p>\n\n<div><strong>HƯỚNG DẪN CHỌN SIZE</strong></div>\n\n<p>Size 1: Trẻ từ 6 - 9 th&aacute;ng<br />\nSize 2: Trẻ từ 12 th&aacute;ng trở l&ecirc;n<br />\nSize 3: Trẻ từ 18 th&aacute;ng trở l&ecirc;n<br />\nSize 4: Trẻ từ 24 th&aacute;ng trở l&ecirc;n</p>\n\n<div><strong>ĐẶC ĐIỂM NỔI BẬT</strong></div>\n\n<p><strong>Chất liệu cao cấp</strong><br />\nSản phẩm c&oacute; chất liệu 100% cotton, mềm mại, tho&aacute;ng m&aacute;t, kh&ocirc;ng g&acirc;y độc hại, mặt vải phẳng, mịn, đẹp, độ bền tốt v&agrave; th&acirc;n thiện với cơ thể của b&eacute;.</p>\n\n<p><strong>Thiết kế đ&aacute;ng y&ecirc;u</strong><br />\nVới thiết kế dễ thương, được t&ocirc; điểm bằng những h&igrave;nh ảnh xinh xắn kết hợp c&ugrave;ng m&agrave;u sắc tươi tắn, bộ yếm gi&uacute;p thi&ecirc;n thần nhỏ của bạn tr&ocirc;ng thật đ&aacute;ng y&ecirc;u.</p>\n\n<p><strong>Dễ d&agrave;ng vệ sinh</strong><br />\nSau khi cho b&eacute; sử dụng, mẹ c&oacute; thể dễ d&agrave;ng giặt sản phẩm bằng tay hoặc m&aacute;y giặt. Chất liệu cotton giặt nhanh sạch v&agrave; mau kh&ocirc;, gi&uacute;p c&aacute;c mẹ tiết kiệm thời gian v&agrave; c&ocirc;ng sức.</p>\n','VN-VI',NULL),(2132,81,26,NULL,NULL,'',NULL,NULL),(2133,81,27,0,NULL,NULL,NULL,NULL),(2134,81,28,0,NULL,NULL,NULL,NULL),(2135,81,29,NULL,0,NULL,NULL,NULL),(2136,81,30,NULL,0,NULL,NULL,NULL),(2137,81,21,NULL,NULL,NULL,NULL,''),(2138,81,22,NULL,NULL,'',NULL,NULL),(2139,81,23,NULL,NULL,'',NULL,NULL),(2140,81,1,NULL,NULL,NULL,'EN-US','Hoa Kim 1242 - Bộ yếm bé trai / Xanh dương / Size 3'),(2141,81,2,NULL,NULL,'<p>L&agrave;n da trẻ em vốn mỏng manh, non nớt lại v&ocirc; c&ugrave;ng nhạy cảm, v&igrave; vậy, c&aacute;c bậc phụ huynh cần cẩn trọng khi chọn lựa quần &aacute;o cho b&eacute; trong những năm th&aacute;ng đầu đời. Bộ yếm b&eacute; trai <strong>Hoa Kim 1242</strong> sở hữu kiểu d&aacute;ng dễ thương c&ugrave;ng m&agrave;u sắc tươi tắn, l&agrave; một sản phẩm l&yacute; tưởng gi&uacute;p thi&ecirc;n thần nhỏ nh&agrave; bạn c&agrave;ng trở n&ecirc;n đ&aacute;ng y&ecirc;u hơn. Được l&agrave;m ho&agrave;n to&agrave;n từ vải cotton cao cấp, bộ yếm tạo cho b&eacute; cảm gi&aacute;c thoải m&aacute;i v&agrave; dễ chịu khi mặc. Hơn thế nữa, chất liệu mềm mại tuyệt đối an to&agrave;n, kh&ocirc;ng g&acirc;y k&iacute;ch ứng hay độc hại n&ecirc;n bố mẹ c&oacute; thể ho&agrave;n to&agrave;n y&ecirc;n t&acirc;m.</p>\n\n<div><strong>HƯỚNG DẪN CHỌN SIZE</strong></div>\n\n<p>Size 1: Trẻ từ 6 - 9 th&aacute;ng<br />\nSize 2: Trẻ từ 12 th&aacute;ng trở l&ecirc;n<br />\nSize 3: Trẻ từ 18 th&aacute;ng trở l&ecirc;n<br />\nSize 4: Trẻ từ 24 th&aacute;ng trở l&ecirc;n</p>\n\n<div><strong>ĐẶC ĐIỂM NỔI BẬT</strong></div>\n\n<p><strong>Chất liệu cao cấp</strong><br />\nSản phẩm c&oacute; chất liệu 100% cotton, mềm mại, tho&aacute;ng m&aacute;t, kh&ocirc;ng g&acirc;y độc hại, mặt vải phẳng, mịn, đẹp, độ bền tốt v&agrave; th&acirc;n thiện với cơ thể của b&eacute;.</p>\n\n<p><strong>Thiết kế đ&aacute;ng y&ecirc;u</strong><br />\nVới thiết kế dễ thương, được t&ocirc; điểm bằng những h&igrave;nh ảnh xinh xắn kết hợp c&ugrave;ng m&agrave;u sắc tươi tắn, bộ yếm gi&uacute;p thi&ecirc;n thần nhỏ của bạn tr&ocirc;ng thật đ&aacute;ng y&ecirc;u.</p>\n\n<p><strong>Dễ d&agrave;ng vệ sinh</strong><br />\nSau khi cho b&eacute; sử dụng, mẹ c&oacute; thể dễ d&agrave;ng giặt sản phẩm bằng tay hoặc m&aacute;y giặt. Chất liệu cotton giặt nhanh sạch v&agrave; mau kh&ocirc;, gi&uacute;p c&aacute;c mẹ tiết kiệm thời gian v&agrave; c&ocirc;ng sức.</p>\n','EN-US',NULL),(2142,81,1,NULL,NULL,NULL,'KO-KR','Hoa Kim 1242 - Bộ yếm bé trai / Xanh dương / Size 3'),(2143,81,2,NULL,NULL,'<p>L&agrave;n da trẻ em vốn mỏng manh, non nớt lại v&ocirc; c&ugrave;ng nhạy cảm, v&igrave; vậy, c&aacute;c bậc phụ huynh cần cẩn trọng khi chọn lựa quần &aacute;o cho b&eacute; trong những năm th&aacute;ng đầu đời. Bộ yếm b&eacute; trai <strong>Hoa Kim 1242</strong> sở hữu kiểu d&aacute;ng dễ thương c&ugrave;ng m&agrave;u sắc tươi tắn, l&agrave; một sản phẩm l&yacute; tưởng gi&uacute;p thi&ecirc;n thần nhỏ nh&agrave; bạn c&agrave;ng trở n&ecirc;n đ&aacute;ng y&ecirc;u hơn. Được l&agrave;m ho&agrave;n to&agrave;n từ vải cotton cao cấp, bộ yếm tạo cho b&eacute; cảm gi&aacute;c thoải m&aacute;i v&agrave; dễ chịu khi mặc. Hơn thế nữa, chất liệu mềm mại tuyệt đối an to&agrave;n, kh&ocirc;ng g&acirc;y k&iacute;ch ứng hay độc hại n&ecirc;n bố mẹ c&oacute; thể ho&agrave;n to&agrave;n y&ecirc;n t&acirc;m.</p>\n\n<div><strong>HƯỚNG DẪN CHỌN SIZE</strong></div>\n\n<p>Size 1: Trẻ từ 6 - 9 th&aacute;ng<br />\nSize 2: Trẻ từ 12 th&aacute;ng trở l&ecirc;n<br />\nSize 3: Trẻ từ 18 th&aacute;ng trở l&ecirc;n<br />\nSize 4: Trẻ từ 24 th&aacute;ng trở l&ecirc;n</p>\n\n<div><strong>ĐẶC ĐIỂM NỔI BẬT</strong></div>\n\n<p><strong>Chất liệu cao cấp</strong><br />\nSản phẩm c&oacute; chất liệu 100% cotton, mềm mại, tho&aacute;ng m&aacute;t, kh&ocirc;ng g&acirc;y độc hại, mặt vải phẳng, mịn, đẹp, độ bền tốt v&agrave; th&acirc;n thiện với cơ thể của b&eacute;.</p>\n\n<p><strong>Thiết kế đ&aacute;ng y&ecirc;u</strong><br />\nVới thiết kế dễ thương, được t&ocirc; điểm bằng những h&igrave;nh ảnh xinh xắn kết hợp c&ugrave;ng m&agrave;u sắc tươi tắn, bộ yếm gi&uacute;p thi&ecirc;n thần nhỏ của bạn tr&ocirc;ng thật đ&aacute;ng y&ecirc;u.</p>\n\n<p><strong>Dễ d&agrave;ng vệ sinh</strong><br />\nSau khi cho b&eacute; sử dụng, mẹ c&oacute; thể dễ d&agrave;ng giặt sản phẩm bằng tay hoặc m&aacute;y giặt. Chất liệu cotton giặt nhanh sạch v&agrave; mau kh&ocirc;, gi&uacute;p c&aacute;c mẹ tiết kiệm thời gian v&agrave; c&ocirc;ng sức.</p>\n','KO-KR',NULL),(2153,82,1,NULL,NULL,NULL,'VN-VI','Hoa Kim 1237 - Bộ yếm bé trai / Xanh đen / Size 2'),(2154,82,18,NULL,NULL,NULL,NULL,''),(2155,82,13,10,NULL,NULL,NULL,NULL),(2156,82,34,NULL,NULL,NULL,NULL,''),(2157,82,14,1,NULL,NULL,NULL,NULL),(2158,82,24,NULL,0,NULL,NULL,NULL),(2159,82,31,1,NULL,NULL,NULL,NULL),(2160,82,32,1,NULL,NULL,NULL,NULL),(2161,82,33,1,NULL,NULL,NULL,NULL),(2162,82,2,NULL,NULL,'<p>L&agrave;n da trẻ em vốn mỏng manh, non nớt lại v&ocirc; c&ugrave;ng nhạy cảm, v&igrave; vậy, c&aacute;c bậc phụ huynh cần cẩn trọng khi chọn lựa quần &aacute;o cho b&eacute; trong những năm th&aacute;ng đầu đời. Bộ yếm b&eacute; trai <strong>Hoa Kim 1237</strong> sở hữu kiểu d&aacute;ng dễ thương c&ugrave;ng m&agrave;u sắc tươi tắn, l&agrave; một sản phẩm l&yacute; tưởng gi&uacute;p thi&ecirc;n thần nhỏ nh&agrave; bạn c&agrave;ng trở n&ecirc;n đ&aacute;ng y&ecirc;u hơn. Được l&agrave;m ho&agrave;n to&agrave;n từ vải cotton cao cấp, bộ yếm tạo cho b&eacute; cảm gi&aacute;c thoải m&aacute;i v&agrave; dễ chịu khi mặc. Hơn thế nữa, chất liệu mềm mại tuyệt đối an to&agrave;n, kh&ocirc;ng g&acirc;y k&iacute;ch ứng hay độc hại n&ecirc;n bố mẹ c&oacute; thể ho&agrave;n to&agrave;n y&ecirc;n t&acirc;m.</p>\n\n<div><strong>HƯỚNG DẪN CHỌN SIZE</strong></div>\n\n<p>Size 1: Trẻ từ 6 - 9 th&aacute;ng<br />\nSize 2: Trẻ từ 12 th&aacute;ng trở l&ecirc;n<br />\nSize 3: Trẻ từ 18 th&aacute;ng trở l&ecirc;n<br />\nSize 4: Trẻ từ 24 th&aacute;ng trở l&ecirc;n</p>\n\n<div><strong>ĐẶC ĐIỂM NỔI BẬT</strong></div>\n\n<p><strong>Chất liệu cao cấp</strong><br />\nSản phẩm c&oacute; chất liệu 100% cotton, mềm mại, tho&aacute;ng m&aacute;t, kh&ocirc;ng g&acirc;y độc hại, mặt vải phẳng, mịn, đẹp, độ bền tốt v&agrave; th&acirc;n thiện với cơ thể của b&eacute;.</p>\n\n<p><strong>Thiết kế đ&aacute;ng y&ecirc;u</strong><br />\nVới thiết kế dễ thương, được t&ocirc; điểm bằng những h&igrave;nh ảnh xinh xắn kết hợp c&ugrave;ng m&agrave;u sắc tươi tắn, bộ yếm gi&uacute;p thi&ecirc;n thần nhỏ của bạn tr&ocirc;ng thật đ&aacute;ng y&ecirc;u.</p>\n\n<p><strong>Dễ d&agrave;ng vệ sinh</strong><br />\nSau khi cho b&eacute; sử dụng, mẹ c&oacute; thể dễ d&agrave;ng giặt sản phẩm bằng tay hoặc m&aacute;y giặt. Chất liệu cotton giặt nhanh sạch v&agrave; mau kh&ocirc;, gi&uacute;p c&aacute;c mẹ tiết kiệm thời gian v&agrave; c&ocirc;ng sức.</p>\n','VN-VI',NULL),(2163,82,26,NULL,NULL,'',NULL,NULL),(2164,82,27,0,NULL,NULL,NULL,NULL),(2165,82,28,0,NULL,NULL,NULL,NULL),(2166,82,29,NULL,0,NULL,NULL,NULL),(2167,82,30,NULL,0,NULL,NULL,NULL),(2168,82,21,NULL,NULL,NULL,NULL,''),(2169,82,22,NULL,NULL,'',NULL,NULL),(2170,82,23,NULL,NULL,'',NULL,NULL),(2171,82,1,NULL,NULL,NULL,'EN-US','Hoa Kim 1237 - Bộ yếm bé trai / Xanh đen / Size 2'),(2172,82,2,NULL,NULL,'<p>L&agrave;n da trẻ em vốn mỏng manh, non nớt lại v&ocirc; c&ugrave;ng nhạy cảm, v&igrave; vậy, c&aacute;c bậc phụ huynh cần cẩn trọng khi chọn lựa quần &aacute;o cho b&eacute; trong những năm th&aacute;ng đầu đời. Bộ yếm b&eacute; trai <strong>Hoa Kim 1237</strong> sở hữu kiểu d&aacute;ng dễ thương c&ugrave;ng m&agrave;u sắc tươi tắn, l&agrave; một sản phẩm l&yacute; tưởng gi&uacute;p thi&ecirc;n thần nhỏ nh&agrave; bạn c&agrave;ng trở n&ecirc;n đ&aacute;ng y&ecirc;u hơn. Được l&agrave;m ho&agrave;n to&agrave;n từ vải cotton cao cấp, bộ yếm tạo cho b&eacute; cảm gi&aacute;c thoải m&aacute;i v&agrave; dễ chịu khi mặc. Hơn thế nữa, chất liệu mềm mại tuyệt đối an to&agrave;n, kh&ocirc;ng g&acirc;y k&iacute;ch ứng hay độc hại n&ecirc;n bố mẹ c&oacute; thể ho&agrave;n to&agrave;n y&ecirc;n t&acirc;m.</p>\n\n<div><strong>HƯỚNG DẪN CHỌN SIZE</strong></div>\n\n<p>Size 1: Trẻ từ 6 - 9 th&aacute;ng<br />\nSize 2: Trẻ từ 12 th&aacute;ng trở l&ecirc;n<br />\nSize 3: Trẻ từ 18 th&aacute;ng trở l&ecirc;n<br />\nSize 4: Trẻ từ 24 th&aacute;ng trở l&ecirc;n</p>\n\n<div><strong>ĐẶC ĐIỂM NỔI BẬT</strong></div>\n\n<p><strong>Chất liệu cao cấp</strong><br />\nSản phẩm c&oacute; chất liệu 100% cotton, mềm mại, tho&aacute;ng m&aacute;t, kh&ocirc;ng g&acirc;y độc hại, mặt vải phẳng, mịn, đẹp, độ bền tốt v&agrave; th&acirc;n thiện với cơ thể của b&eacute;.</p>\n\n<p><strong>Thiết kế đ&aacute;ng y&ecirc;u</strong><br />\nVới thiết kế dễ thương, được t&ocirc; điểm bằng những h&igrave;nh ảnh xinh xắn kết hợp c&ugrave;ng m&agrave;u sắc tươi tắn, bộ yếm gi&uacute;p thi&ecirc;n thần nhỏ của bạn tr&ocirc;ng thật đ&aacute;ng y&ecirc;u.</p>\n\n<p><strong>Dễ d&agrave;ng vệ sinh</strong><br />\nSau khi cho b&eacute; sử dụng, mẹ c&oacute; thể dễ d&agrave;ng giặt sản phẩm bằng tay hoặc m&aacute;y giặt. Chất liệu cotton giặt nhanh sạch v&agrave; mau kh&ocirc;, gi&uacute;p c&aacute;c mẹ tiết kiệm thời gian v&agrave; c&ocirc;ng sức.</p>\n','EN-US',NULL),(2173,82,1,NULL,NULL,NULL,'KO-KR','Hoa Kim 1237 - Bộ yếm bé trai / Xanh đen / Size 2'),(2174,82,2,NULL,NULL,'<p>L&agrave;n da trẻ em vốn mỏng manh, non nớt lại v&ocirc; c&ugrave;ng nhạy cảm, v&igrave; vậy, c&aacute;c bậc phụ huynh cần cẩn trọng khi chọn lựa quần &aacute;o cho b&eacute; trong những năm th&aacute;ng đầu đời. Bộ yếm b&eacute; trai <strong>Hoa Kim 1237</strong> sở hữu kiểu d&aacute;ng dễ thương c&ugrave;ng m&agrave;u sắc tươi tắn, l&agrave; một sản phẩm l&yacute; tưởng gi&uacute;p thi&ecirc;n thần nhỏ nh&agrave; bạn c&agrave;ng trở n&ecirc;n đ&aacute;ng y&ecirc;u hơn. Được l&agrave;m ho&agrave;n to&agrave;n từ vải cotton cao cấp, bộ yếm tạo cho b&eacute; cảm gi&aacute;c thoải m&aacute;i v&agrave; dễ chịu khi mặc. Hơn thế nữa, chất liệu mềm mại tuyệt đối an to&agrave;n, kh&ocirc;ng g&acirc;y k&iacute;ch ứng hay độc hại n&ecirc;n bố mẹ c&oacute; thể ho&agrave;n to&agrave;n y&ecirc;n t&acirc;m.</p>\n\n<div><strong>HƯỚNG DẪN CHỌN SIZE</strong></div>\n\n<p>Size 1: Trẻ từ 6 - 9 th&aacute;ng<br />\nSize 2: Trẻ từ 12 th&aacute;ng trở l&ecirc;n<br />\nSize 3: Trẻ từ 18 th&aacute;ng trở l&ecirc;n<br />\nSize 4: Trẻ từ 24 th&aacute;ng trở l&ecirc;n</p>\n\n<div><strong>ĐẶC ĐIỂM NỔI BẬT</strong></div>\n\n<p><strong>Chất liệu cao cấp</strong><br />\nSản phẩm c&oacute; chất liệu 100% cotton, mềm mại, tho&aacute;ng m&aacute;t, kh&ocirc;ng g&acirc;y độc hại, mặt vải phẳng, mịn, đẹp, độ bền tốt v&agrave; th&acirc;n thiện với cơ thể của b&eacute;.</p>\n\n<p><strong>Thiết kế đ&aacute;ng y&ecirc;u</strong><br />\nVới thiết kế dễ thương, được t&ocirc; điểm bằng những h&igrave;nh ảnh xinh xắn kết hợp c&ugrave;ng m&agrave;u sắc tươi tắn, bộ yếm gi&uacute;p thi&ecirc;n thần nhỏ của bạn tr&ocirc;ng thật đ&aacute;ng y&ecirc;u.</p>\n\n<p><strong>Dễ d&agrave;ng vệ sinh</strong><br />\nSau khi cho b&eacute; sử dụng, mẹ c&oacute; thể dễ d&agrave;ng giặt sản phẩm bằng tay hoặc m&aacute;y giặt. Chất liệu cotton giặt nhanh sạch v&agrave; mau kh&ocirc;, gi&uacute;p c&aacute;c mẹ tiết kiệm thời gian v&agrave; c&ocirc;ng sức.</p>\n','KO-KR',NULL),(2175,83,1,NULL,NULL,NULL,'VN-VI','GERBER - Set 3 Áo liền quần'),(2176,83,18,NULL,NULL,NULL,NULL,''),(2177,83,13,10,NULL,NULL,NULL,NULL),(2178,83,34,NULL,NULL,NULL,NULL,''),(2179,83,14,1,NULL,NULL,NULL,NULL),(2180,83,24,NULL,0,NULL,NULL,NULL),(2181,83,31,1,NULL,NULL,NULL,NULL),(2182,83,32,1,NULL,NULL,NULL,NULL),(2183,83,33,1,NULL,NULL,NULL,NULL),(2184,83,2,NULL,NULL,'<p>Bạn lu&ocirc;n quan t&acirc;m chăm s&oacute;c đến l&agrave;n da của b&eacute;,nhất l&agrave; những năm đầu đời l&agrave;n da của b&eacute; rất mong manh v&agrave; rất nhạy cảm,c&aacute;c bộ quần &aacute;o của b&eacute; phải được đảm bảo kh&ocirc;ng g&acirc;y k&iacute;ch ứng da.Bạn c&oacute; thể y&ecirc;n t&acirc;m với <strong> Set 3 &Aacute;o liền quần -GERBER </strong>.Được thiết kế bằng vải thun 100%cotton vừa co gi&atilde;n linh hoạt vừa tho&aacute;ng m&aacute;t rất th&iacute;ch hợp d&agrave;nh cho c&aacute;c b&eacute; từ 1tuổi.C&aacute;c b&eacute; cưng sẽ rất xinh xắn đ&aacute;ng y&ecirc;u khi được Mẹ măc cho <strong> Set 3 &Aacute;o liền quần -GERBER </strong>.Bộ &aacute;o liền quần gồm c&oacute; 1mẫu m&agrave;u xanh,1 mẫu sọc năng động,1 mẫu hoạ tiết chữ rất hợp thời trang <strong> Set 3 &Aacute;o liền quần -GERBER </strong>c&oacute; những đường may chắc chắn ,lại được thiết kế kiểu cổ yếm sẽ gi&uacute;p cho mẹ rất dễ d&agrave;ng thao t&aacute;c trong việc thay &aacute;o cho b&eacute;.kiểu &aacute;o n&agrave;y rất dễ thương v&agrave; hợp thời trang,bạn c&oacute; thể mặc cho b&eacute; trong mu&agrave; h&egrave; lẫn m&ugrave;a đ&ocirc;ng.C&aacute;c mẹ c&oacute; thể y&ecirc;n t&acirc;m với <strong> Set 3 &Aacute;o liền quần -GERBER </strong>v&igrave; sản phẩm nhập khẩu từ Mỹ .</p>\n\n<p>&nbsp;</p>\n\n<div><strong>ĐẶC ĐIỂM NỔI BẬT</strong></div>\n\n<p><strong>Cảm gi&aacute;c tho&aacute;ng m&aacute;t v&agrave; thoải m&aacute;i </strong><br />\n<strong>Set 3 &Aacute;o liền quần -GERBER </strong>được l&agrave;m bằng chất liệu vải thun 100% cotton n&ecirc;n <strong> Set 3 &Aacute;o liền quần -GERBER </strong>kh&ocirc;ng g&acirc;y k&iacute;ch ứng da cho b&eacute; , đồng thời độ co gi&atilde;n cao v&agrave; thấm h&uacute;t sẽ tạo cho b&eacute; cảm gi&aacute;c tho&aacute;ng m&aacute;t thoải m&aacute;i chạy nhảy .</p>\n\n<p>&nbsp;</p>\n\n<p><strong>Hợp thời trang </strong><br />\n<strong>Set 3 &Aacute;o liền quần -GERBER </strong>đươc may tr&ecirc;n nền vải thun m&agrave;u, sọc v&agrave; hoạ tiết chữ m&agrave;u xanh khoẻ khoắn,hợp thời trang để mẹ c&oacute; thể mặc cho b&eacute; y&ecirc;u mỗi ng&agrave;y được thoải m&aacute;i v&agrave; đ&aacute;ng y&ecirc;u hơn.</p>\n\n<p>&nbsp;</p>\n\n<p><strong>An to&agrave;n</strong><br />\n<strong>Set 3 &Aacute;o liền quần -GERBER </strong>được nhập khẩu từ nước Mỹ ,mẹ c&oacute; thể ho&agrave;n to&agrave;n y&ecirc;n t&acirc;m khi sử dụng cho b&eacute; v&igrave; <strong> Set 3 &Aacute;o liền quần -GERBER </strong>được kiểm tra chất lượng rất nghi&ecirc;m ngặt trước khi đến tay người sử dụng.</p>\n','VN-VI',NULL),(2185,83,26,NULL,NULL,'',NULL,NULL),(2186,83,27,0,NULL,NULL,NULL,NULL),(2187,83,28,0,NULL,NULL,NULL,NULL),(2188,83,29,NULL,0,NULL,NULL,NULL),(2189,83,30,NULL,0,NULL,NULL,NULL),(2190,83,21,NULL,NULL,NULL,NULL,''),(2191,83,22,NULL,NULL,'',NULL,NULL),(2192,83,23,NULL,NULL,'',NULL,NULL),(2193,83,1,NULL,NULL,NULL,'EN-US','GERBER - Set 3 Áo liền quần'),(2194,83,2,NULL,NULL,'<p>Bạn lu&ocirc;n quan t&acirc;m chăm s&oacute;c đến l&agrave;n da của b&eacute;,nhất l&agrave; những năm đầu đời l&agrave;n da của b&eacute; rất mong manh v&agrave; rất nhạy cảm,c&aacute;c bộ quần &aacute;o của b&eacute; phải được đảm bảo kh&ocirc;ng g&acirc;y k&iacute;ch ứng da.Bạn c&oacute; thể y&ecirc;n t&acirc;m với <strong> Set 3 &Aacute;o liền quần -GERBER </strong>.Được thiết kế bằng vải thun 100%cotton vừa co gi&atilde;n linh hoạt vừa tho&aacute;ng m&aacute;t rất th&iacute;ch hợp d&agrave;nh cho c&aacute;c b&eacute; từ 1tuổi.C&aacute;c b&eacute; cưng sẽ rất xinh xắn đ&aacute;ng y&ecirc;u khi được Mẹ măc cho <strong> Set 3 &Aacute;o liền quần -GERBER </strong>.Bộ &aacute;o liền quần gồm c&oacute; 1mẫu m&agrave;u xanh,1 mẫu sọc năng động,1 mẫu hoạ tiết chữ rất hợp thời trang <strong> Set 3 &Aacute;o liền quần -GERBER </strong>c&oacute; những đường may chắc chắn ,lại được thiết kế kiểu cổ yếm sẽ gi&uacute;p cho mẹ rất dễ d&agrave;ng thao t&aacute;c trong việc thay &aacute;o cho b&eacute;.kiểu &aacute;o n&agrave;y rất dễ thương v&agrave; hợp thời trang,bạn c&oacute; thể mặc cho b&eacute; trong mu&agrave; h&egrave; lẫn m&ugrave;a đ&ocirc;ng.C&aacute;c mẹ c&oacute; thể y&ecirc;n t&acirc;m với <strong> Set 3 &Aacute;o liền quần -GERBER </strong>v&igrave; sản phẩm nhập khẩu từ Mỹ .</p>\n\n<p>&nbsp;</p>\n\n<div><strong>ĐẶC ĐIỂM NỔI BẬT</strong></div>\n\n<p><strong>Cảm gi&aacute;c tho&aacute;ng m&aacute;t v&agrave; thoải m&aacute;i </strong><br />\n<strong>Set 3 &Aacute;o liền quần -GERBER </strong>được l&agrave;m bằng chất liệu vải thun 100% cotton n&ecirc;n <strong> Set 3 &Aacute;o liền quần -GERBER </strong>kh&ocirc;ng g&acirc;y k&iacute;ch ứng da cho b&eacute; , đồng thời độ co gi&atilde;n cao v&agrave; thấm h&uacute;t sẽ tạo cho b&eacute; cảm gi&aacute;c tho&aacute;ng m&aacute;t thoải m&aacute;i chạy nhảy .</p>\n\n<p>&nbsp;</p>\n\n<p><strong>Hợp thời trang </strong><br />\n<strong>Set 3 &Aacute;o liền quần -GERBER </strong>đươc may tr&ecirc;n nền vải thun m&agrave;u, sọcv&agrave; hoạ tiết chữ m&agrave;u xanh khoẻ khoắn,hợp thời trang để mẹ c&oacute; thể mặc cho b&eacute; y&ecirc;u mỗi ng&agrave;y được thoải m&aacute;i v&agrave; đ&aacute;ng y&ecirc;u hơn.</p>\n\n<p>&nbsp;</p>\n\n<p><strong>An to&agrave;n</strong><br />\n<strong>Set 3 &Aacute;o liền quần -GERBER </strong>được nhập khẩu từ nước Mỹ ,mẹ c&oacute; thể ho&agrave;n to&agrave;n y&ecirc;n t&acirc;m khi sử dụng cho b&eacute; v&igrave; <strong> Set 3 &Aacute;o liền quần -GERBER </strong>được kiểm tra chất lượng rất nghi&ecirc;m ngặt trước khi đến tay người sử dụng.</p>\n','EN-US',NULL),(2195,83,1,NULL,NULL,NULL,'KO-KR','GERBER - Set 3 Áo liền quần'),(2196,83,2,NULL,NULL,'<p>Bạn lu&ocirc;n quan t&acirc;m chăm s&oacute;c đến l&agrave;n da của b&eacute;,nhất l&agrave; những năm đầu đời l&agrave;n da của b&eacute; rất mong manh v&agrave; rất nhạy cảm,c&aacute;c bộ quần &aacute;o của b&eacute; phải được đảm bảo kh&ocirc;ng g&acirc;y k&iacute;ch ứng da.Bạn c&oacute; thể y&ecirc;n t&acirc;m với <strong> Set 3 &Aacute;o liền quần -GERBER </strong>.Được thiết kế bằng vải thun 100%cotton vừa co gi&atilde;n linh hoạt vừa tho&aacute;ng m&aacute;t rất th&iacute;ch hợp d&agrave;nh cho c&aacute;c b&eacute; từ 1tuổi.C&aacute;c b&eacute; cưng sẽ rất xinh xắn đ&aacute;ng y&ecirc;u khi được Mẹ măc cho <strong> Set 3 &Aacute;o liền quần -GERBER </strong>.Bộ &aacute;o liền quần gồm c&oacute; 1mẫu m&agrave;u xanh,1 mẫu sọc năng động,1 mẫu hoạ tiết chữ rất hợp thời trang <strong> Set 3 &Aacute;o liền quần -GERBER </strong>c&oacute; những đường may chắc chắn ,lại được thiết kế kiểu cổ yếm sẽ gi&uacute;p cho mẹ rất dễ d&agrave;ng thao t&aacute;c trong việc thay &aacute;o cho b&eacute;.kiểu &aacute;o n&agrave;y rất dễ thương v&agrave; hợp thời trang,bạn c&oacute; thể mặc cho b&eacute; trong mu&agrave; h&egrave; lẫn m&ugrave;a đ&ocirc;ng.C&aacute;c mẹ c&oacute; thể y&ecirc;n t&acirc;m với <strong> Set 3 &Aacute;o liền quần -GERBER </strong>v&igrave; sản phẩm nhập khẩu từ Mỹ .</p>\n\n<p>&nbsp;</p>\n\n<div><strong>ĐẶC ĐIỂM NỔI BẬT</strong></div>\n\n<p><strong>Cảm gi&aacute;c tho&aacute;ng m&aacute;t v&agrave; thoải m&aacute;i </strong><br />\n<strong>Set 3 &Aacute;o liền quần -GERBER </strong>được l&agrave;m bằng chất liệu vải thun 100% cotton n&ecirc;n <strong> Set 3 &Aacute;o liền quần -GERBER </strong>kh&ocirc;ng g&acirc;y k&iacute;ch ứng da cho b&eacute; , đồng thời độ co gi&atilde;n cao v&agrave; thấm h&uacute;t sẽ tạo cho b&eacute; cảm gi&aacute;c tho&aacute;ng m&aacute;t thoải m&aacute;i chạy nhảy .</p>\n\n<p>&nbsp;</p>\n\n<p><strong>Hợp thời trang </strong><br />\n<strong>Set 3 &Aacute;o liền quần -GERBER </strong>đươc may tr&ecirc;n nền vải thun m&agrave;u, sọcv&agrave; hoạ tiết chữ m&agrave;u xanh khoẻ khoắn,hợp thời trang để mẹ c&oacute; thể mặc cho b&eacute; y&ecirc;u mỗi ng&agrave;y được thoải m&aacute;i v&agrave; đ&aacute;ng y&ecirc;u hơn.</p>\n\n<p>&nbsp;</p>\n\n<p><strong>An to&agrave;n</strong><br />\n<strong>Set 3 &Aacute;o liền quần -GERBER </strong>được nhập khẩu từ nước Mỹ ,mẹ c&oacute; thể ho&agrave;n to&agrave;n y&ecirc;n t&acirc;m khi sử dụng cho b&eacute; v&igrave; <strong> Set 3 &Aacute;o liền quần -GERBER </strong>được kiểm tra chất lượng rất nghi&ecirc;m ngặt trước khi đến tay người sử dụng.</p>\n','KO-KR',NULL),(2197,84,1,NULL,NULL,NULL,'VN-VI','Gymboree - Đầm thun (Hồng)'),(2198,84,18,NULL,NULL,NULL,NULL,''),(2199,84,13,10,NULL,NULL,NULL,NULL),(2200,84,34,NULL,NULL,NULL,NULL,''),(2201,84,14,1,NULL,NULL,NULL,NULL),(2202,84,24,NULL,0,NULL,NULL,NULL),(2203,84,31,1,NULL,NULL,NULL,NULL),(2204,84,32,1,NULL,NULL,NULL,NULL),(2205,84,33,1,NULL,NULL,NULL,NULL),(2206,84,2,NULL,NULL,'<p>Chiếc đầm <strong>Gymboree</strong> với thiết kế xinh xắn sẽ một m&oacute;n trang phục thật trendy, gi&uacute;p b&eacute; y&ecirc;u thể hiện gu thời trang cực đỉnh. Được l&agrave;m từ chất liệu thun cao cấp, tho&aacute;ng m&aacute;t, mềm mịn, đầm đem lại cho b&eacute; cảm gi&aacute;c thoải m&aacute;i, dễ chịu trong suốt cả ng&agrave;y. Đặc biệt, với thiết kế kiểu v&aacute;y nhiều tầng c&ugrave;ng điểm nhấn l&agrave; b&ocirc;ng hướng dương xinh xắn, b&eacute; sẽ thật tươi tắn v&agrave; đ&aacute;ng y&ecirc;u. Chiếc đầm <strong>Gymboree</strong> sẽ l&agrave; một m&oacute;n qu&agrave; l&iacute; tưởng d&agrave;nh cho b&eacute;.</p>\n\n<div><strong>ĐẶC ĐIỂM NỔI BẬT</strong></div>\n\n<p><strong>Chất liệu thun cao cấp</strong><br />\nSản phẩm được l&agrave;m từ chất liệu thun co gi&atilde;n tho&aacute;ng m&aacute;t, thấm h&uacute;t mồ h&ocirc;i tốt, &ecirc;m dịu với l&agrave;n da nhạy cảm của b&eacute;, cho b&eacute; y&ecirc;u cảm gi&aacute;c dể chịu, thoải m&aacute;i suốt cả ng&agrave;y.</p>\n\n<p><strong>Thiết kế đ&aacute;ng y&ecirc;u</strong><br />\nVới thiết kế kiểu d&aacute;ng v&aacute;y nhiều tầng thời trang, c&ugrave;ng điểm nhấn l&agrave; b&ocirc;ng hướng dương rực rỡ sản phẩm đem lại cho b&eacute; d&aacute;ng vẻ năng động v&agrave; đ&aacute;ng y&ecirc;u.</p>\n\n<p><strong>Gợi &yacute; phối trang phục</strong><br />\nBạn c&oacute; thể diện cho b&eacute; &aacute;o đầm <strong>Gymboree</strong> với một chiếc băng đ&ocirc; v&agrave; một đ&ocirc;i gi&agrave;y b&uacute;p b&ecirc;, b&eacute; sẽ rất năng động v&agrave; tươi tắn.</p>\n','VN-VI',NULL),(2207,84,26,NULL,NULL,'',NULL,NULL),(2208,84,27,0,NULL,NULL,NULL,NULL),(2209,84,28,0,NULL,NULL,NULL,NULL),(2210,84,29,NULL,0,NULL,NULL,NULL),(2211,84,30,NULL,0,NULL,NULL,NULL),(2212,84,21,NULL,NULL,NULL,NULL,''),(2213,84,22,NULL,NULL,'',NULL,NULL),(2214,84,23,NULL,NULL,'',NULL,NULL),(2215,84,1,NULL,NULL,NULL,'EN-US','Gymboree - Đầm thun (Hồng)'),(2216,84,2,NULL,NULL,'<p>Chiếc đầm <strong>Gymboree</strong> với thiết kế xinh xắn sẽ một m&oacute;n trang phục thật trendy, gi&uacute;p b&eacute; y&ecirc;u thể hiện gu thời trang cực đỉnh. Được l&agrave;m từ chất liệu thun cao cấp, tho&aacute;ng m&aacute;t, mềm mịn, đầm đem lại cho b&eacute; cảm gi&aacute;c thoải m&aacute;i, dễ chịu trong suốt cả ng&agrave;y. Đặc biệt, với thiết kế kiểu v&aacute;y nhiều tầng c&ugrave;ng điểm nhấn l&agrave; b&ocirc;ng hướng dương xinh xắn, b&eacute; sẽ thật tươi tắn v&agrave; đ&aacute;ng y&ecirc;u. Chiếc đầm <strong>Gymboree</strong> sẽ l&agrave; một m&oacute;n qu&agrave; l&iacute; tưởng d&agrave;nh cho b&eacute;.</p>\n\n<div><strong>ĐẶC ĐIỂM NỔI BẬT</strong></div>\n\n<p><strong>Chất liệu thun cao cấp</strong><br />\nSản phẩm được l&agrave;m từ chất liệu thun co gi&atilde;n tho&aacute;ng m&aacute;t, thấm h&uacute;t mồ h&ocirc;i tốt, &ecirc;m dịu với l&agrave;n da nhạy cảm của b&eacute;, cho b&eacute; y&ecirc;u cảm gi&aacute;c dể chịu, thoải m&aacute;i suốt cả ng&agrave;y.</p>\n\n<p><strong>Thiết kế đ&aacute;ng y&ecirc;u</strong><br />\nVới thiết kế kiểu d&aacute;ng v&aacute;y nhiều tầng thời trang, c&ugrave;ng điểm nhấn l&agrave; b&ocirc;ng hướng dương rực rỡ sản phẩm đem lại cho b&eacute; d&aacute;ng vẻ năng động v&agrave; đ&aacute;ng y&ecirc;u.</p>\n\n<p><strong>Gợi &yacute; phối trang phục</strong><br />\nBạn c&oacute; thể diện cho b&eacute; &aacute;o đầm <strong>Gymboree</strong> với một chiếc băng đ&ocirc; v&agrave; một đ&ocirc;i gi&agrave;y b&uacute;p b&ecirc;, b&eacute; sẽ rất năng động v&agrave; tươi tắn.</p>\n','EN-US',NULL),(2217,84,1,NULL,NULL,NULL,'KO-KR','Gymboree - Đầm thun (Hồng)'),(2218,84,2,NULL,NULL,'<p>Chiếc đầm <strong>Gymboree</strong> với thiết kế xinh xắn sẽ một m&oacute;n trang phục thật trendy, gi&uacute;p b&eacute; y&ecirc;u thể hiện gu thời trang cực đỉnh. Được l&agrave;m từ chất liệu thun cao cấp, tho&aacute;ng m&aacute;t, mềm mịn, đầm đem lại cho b&eacute; cảm gi&aacute;c thoải m&aacute;i, dễ chịu trong suốt cả ng&agrave;y. Đặc biệt, với thiết kế kiểu v&aacute;y nhiều tầng c&ugrave;ng điểm nhấn l&agrave; b&ocirc;ng hướng dương xinh xắn, b&eacute; sẽ thật tươi tắn v&agrave; đ&aacute;ng y&ecirc;u. Chiếc đầm <strong>Gymboree</strong> sẽ l&agrave; một m&oacute;n qu&agrave; l&iacute; tưởng d&agrave;nh cho b&eacute;.</p>\n\n<div><strong>ĐẶC ĐIỂM NỔI BẬT</strong></div>\n\n<p><strong>Chất liệu thun cao cấp</strong><br />\nSản phẩm được l&agrave;m từ chất liệu thun co gi&atilde;n tho&aacute;ng m&aacute;t, thấm h&uacute;t mồ h&ocirc;i tốt, &ecirc;m dịu với l&agrave;n da nhạy cảm của b&eacute;, cho b&eacute; y&ecirc;u cảm gi&aacute;c dể chịu, thoải m&aacute;i suốt cả ng&agrave;y.</p>\n\n<p><strong>Thiết kế đ&aacute;ng y&ecirc;u</strong><br />\nVới thiết kế kiểu d&aacute;ng v&aacute;y nhiều tầng thời trang, c&ugrave;ng điểm nhấn l&agrave; b&ocirc;ng hướng dương rực rỡ sản phẩm đem lại cho b&eacute; d&aacute;ng vẻ năng động v&agrave; đ&aacute;ng y&ecirc;u.</p>\n\n<p><strong>Gợi &yacute; phối trang phục</strong><br />\nBạn c&oacute; thể diện cho b&eacute; &aacute;o đầm <strong>Gymboree</strong> với một chiếc băng đ&ocirc; v&agrave; một đ&ocirc;i gi&agrave;y b&uacute;p b&ecirc;, b&eacute; sẽ rất năng động v&agrave; tươi tắn.</p>\n','KO-KR',NULL),(2219,85,1,NULL,NULL,NULL,'VN-VI','Carter 13173 - Bộ 5 quần dài'),(2220,85,18,NULL,NULL,NULL,NULL,''),(2221,85,13,10,NULL,NULL,NULL,NULL),(2222,85,34,NULL,NULL,NULL,NULL,''),(2223,85,14,1,NULL,NULL,NULL,NULL),(2224,85,24,NULL,0,NULL,NULL,NULL),(2225,85,31,1,NULL,NULL,NULL,NULL),(2226,85,32,1,NULL,NULL,NULL,NULL),(2227,85,33,1,NULL,NULL,NULL,NULL),(2228,85,2,NULL,NULL,'<p>B&eacute; y&ecirc;u của bạn đ&atilde; c&oacute; bộ quần in h&igrave;nh th&uacute; phi&aacute; sau chưa? H&atilde;y l&agrave;m cho b&eacute; nh&agrave; bạn dễ thương, xinh xắn hơn nữa với bộ 5 quần d&agrave;i <strong>Carter 13173 </strong>. Được thiết kế d&agrave;nh cho c&aacute;c b&eacute; từ 2 tuổi. C&aacute;c b&eacute; cưng sẽ rất xinh xắn đ&aacute;ng y&ecirc;u khi được mẹ măc cho một trong những chiếc quần trong bộ 5 quần d&agrave;i <strong>Carter 13173 </strong>. C&oacute; in h&igrave;nh những con th&uacute; ngộ nghĩnh ph&iacute;a sau, bộ 5 quần d&agrave;i <strong>Carter 13173 </strong>được may tr&ecirc;n chất liệu ho&agrave;n to&agrave;n bằng cotton thấm h&uacute;t, tho&aacute;ng m&aacute;t rất th&iacute;ch hợp mặc cho b&eacute; trong m&ugrave;a h&egrave; lẫn m&ugrave;a đ&ocirc;ng. C&aacute;c mẹ c&oacute; thể y&ecirc;n t&acirc;m với bộ 5 quần d&agrave;i <strong>Carter 13173 </strong> v&igrave; sản phẩm được sản xuất trong nước .</p>\n\n<div><strong>ĐẶC ĐIỂM NỔI BẬT</strong></div>\n\n<p><strong>Cảm gi&aacute;c tho&aacute;ng m&aacute;t v&agrave; thoải m&aacute;i </strong><br />\nBộ 5 quần d&agrave;i <strong>Carter 13173 </strong> được l&agrave;m bằng chất liệu vải 100% cotton n&ecirc;n kh&ocirc;ng g&acirc;y k&iacute;ch ứng da cho b&eacute;, đồng thời độ co gi&atilde;n cao sẽ tạo cho b&eacute; cảm gi&aacute;c thoải m&aacute;i chạy nhảy.</p>\n\n<p><strong>Hợp thời trang </strong><br />\nBộ 5 quần d&agrave;i <strong>Carter 13173 </strong>c&oacute; 5 m&agrave;u với 5 hoạ tiết kh&aacute;c nhau để mẹ c&oacute; thể dễ d&agrave;ng phối hợp với nhiều kiểu &aacute;o để mỗi ng&agrave;y b&eacute; y&ecirc;u được thoải m&aacute;i v&agrave; đ&aacute;ng y&ecirc;u hơn.</p>\n\n<p><strong>An to&agrave;n</strong><br />\nBộ 5 quần d&agrave;i <strong>Carter 13173 </strong> được thiết kế v&agrave; may trong nước cực kỳ an to&agrave;n n&ecirc;n mẹ c&oacute; thể ho&agrave;n to&agrave;n y&ecirc;n t&acirc;m khi sử dụng cho b&eacute;.</p>\n','VN-VI',NULL),(2229,85,26,NULL,NULL,'',NULL,NULL),(2230,85,27,0,NULL,NULL,NULL,NULL),(2231,85,28,0,NULL,NULL,NULL,NULL),(2232,85,29,NULL,0,NULL,NULL,NULL),(2233,85,30,NULL,0,NULL,NULL,NULL),(2234,85,21,NULL,NULL,NULL,NULL,''),(2235,85,22,NULL,NULL,'',NULL,NULL),(2236,85,23,NULL,NULL,'',NULL,NULL),(2237,85,1,NULL,NULL,NULL,'EN-US','Carter 13173 - Bộ 5 quần dài'),(2238,85,2,NULL,NULL,'<p>B&eacute; y&ecirc;u của bạn đ&atilde; c&oacute; bộ quần in h&igrave;nh th&uacute; phi&aacute; sau chưa? H&atilde;y l&agrave;m cho b&eacute; nh&agrave; bạn dễ thương, xinh xắn hơn nữa với bộ 5 quần d&agrave;i <strong>Carter 13173 </strong>. Được thiết kế d&agrave;nh cho c&aacute;c b&eacute; từ 2 tuổi. C&aacute;c b&eacute; cưng sẽ rất xinh xắn đ&aacute;ng y&ecirc;u khi được mẹ măc cho một trong những chiếc quần trong bộ 5 quần d&agrave;i <strong>Carter 13173 </strong>. C&oacute; in h&igrave;nh những con th&uacute; ngộ nghĩnh ph&iacute;a sau, bộ 5 quần d&agrave;i <strong>Carter 13173 </strong>được may tr&ecirc;n chất liệu ho&agrave;n to&agrave;n bằng cotton thấm h&uacute;t, tho&aacute;ng m&aacute;t rất th&iacute;ch hợp mặc cho b&eacute; trong m&ugrave;a h&egrave; lẫn m&ugrave;a đ&ocirc;ng. C&aacute;c mẹ c&oacute; thể y&ecirc;n t&acirc;m với bộ 5 quần d&agrave;i <strong>Carter 13173 </strong> v&igrave; sản phẩm được sản xuất trong nước .</p>\n\n<div><strong>ĐẶC ĐIỂM NỔI BẬT</strong></div>\n\n<p><strong>Cảm gi&aacute;c tho&aacute;ng m&aacute;t v&agrave; thoải m&aacute;i </strong><br />\nBộ 5 quần d&agrave;i <strong>Carter 13173 </strong> được l&agrave;m bằng chất liệu vải 100% cotton n&ecirc;n kh&ocirc;ng g&acirc;y k&iacute;ch ứng da cho b&eacute;, đồng thời độ co gi&atilde;n cao sẽ tạo cho b&eacute; cảm gi&aacute;c thoải m&aacute;i chạy nhảy.</p>\n\n<p><strong>Hợp thời trang </strong><br />\nBộ 5 quần d&agrave;i <strong>Carter 13173 </strong>c&oacute; 5 m&agrave;u với 5 hoạ tiết kh&aacute;c nhau để mẹ c&oacute; thể dễ d&agrave;ng phối hợp với nhiều kiểu &aacute;o để mỗi ng&agrave;y b&eacute; y&ecirc;u được thoải m&aacute;i v&agrave; đ&aacute;ng y&ecirc;u hơn.</p>\n\n<p><strong>An to&agrave;n</strong><br />\nBộ 5 quần d&agrave;i <strong>Carter 13173 </strong> được thiết kế v&agrave; may trong nước cực kỳ an to&agrave;n n&ecirc;n mẹ c&oacute; thể ho&agrave;n to&agrave;n y&ecirc;n t&acirc;m khi sử dụng cho b&eacute;.</p>\n','EN-US',NULL),(2239,85,1,NULL,NULL,NULL,'KO-KR','Carter 13173 - Bộ 5 quần dài'),(2240,85,2,NULL,NULL,'<p>B&eacute; y&ecirc;u của bạn đ&atilde; c&oacute; bộ quần in h&igrave;nh th&uacute; phi&aacute; sau chưa? H&atilde;y l&agrave;m cho b&eacute; nh&agrave; bạn dễ thương, xinh xắn hơn nữa với bộ 5 quần d&agrave;i <strong>Carter 13173 </strong>. Được thiết kế d&agrave;nh cho c&aacute;c b&eacute; từ 2 tuổi. C&aacute;c b&eacute; cưng sẽ rất xinh xắn đ&aacute;ng y&ecirc;u khi được mẹ măc cho một trong những chiếc quần trong bộ 5 quần d&agrave;i <strong>Carter 13173 </strong>. C&oacute; in h&igrave;nh những con th&uacute; ngộ nghĩnh ph&iacute;a sau, bộ 5 quần d&agrave;i <strong>Carter 13173 </strong>được may tr&ecirc;n chất liệu ho&agrave;n to&agrave;n bằng cotton thấm h&uacute;t, tho&aacute;ng m&aacute;t rất th&iacute;ch hợp mặc cho b&eacute; trong m&ugrave;a h&egrave; lẫn m&ugrave;a đ&ocirc;ng. C&aacute;c mẹ c&oacute; thể y&ecirc;n t&acirc;m với bộ 5 quần d&agrave;i <strong>Carter 13173 </strong> v&igrave; sản phẩm được sản xuất trong nước .</p>\n\n<div><strong>ĐẶC ĐIỂM NỔI BẬT</strong></div>\n\n<p><strong>Cảm gi&aacute;c tho&aacute;ng m&aacute;t v&agrave; thoải m&aacute;i </strong><br />\nBộ 5 quần d&agrave;i <strong>Carter 13173 </strong> được l&agrave;m bằng chất liệu vải 100% cotton n&ecirc;n kh&ocirc;ng g&acirc;y k&iacute;ch ứng da cho b&eacute;, đồng thời độ co gi&atilde;n cao sẽ tạo cho b&eacute; cảm gi&aacute;c thoải m&aacute;i chạy nhảy.</p>\n\n<p><strong>Hợp thời trang </strong><br />\nBộ 5 quần d&agrave;i <strong>Carter 13173 </strong>c&oacute; 5 m&agrave;u với 5 hoạ tiết kh&aacute;c nhau để mẹ c&oacute; thể dễ d&agrave;ng phối hợp với nhiều kiểu &aacute;o để mỗi ng&agrave;y b&eacute; y&ecirc;u được thoải m&aacute;i v&agrave; đ&aacute;ng y&ecirc;u hơn.</p>\n\n<p><strong>An to&agrave;n</strong><br />\nBộ 5 quần d&agrave;i <strong>Carter 13173 </strong> được thiết kế v&agrave; may trong nước cực kỳ an to&agrave;n n&ecirc;n mẹ c&oacute; thể ho&agrave;n to&agrave;n y&ecirc;n t&acirc;m khi sử dụng cho b&eacute;.</p>\n','KO-KR',NULL),(2241,86,1,NULL,NULL,NULL,'VN-VI','Miomio 12M - Bộ 5 áo nút giữa tay dài, gấu mây / Xanh'),(2242,86,18,NULL,NULL,NULL,NULL,''),(2243,86,13,10,NULL,NULL,NULL,NULL),(2244,86,34,NULL,NULL,NULL,NULL,''),(2245,86,14,1,NULL,NULL,NULL,NULL),(2246,86,24,NULL,0,NULL,NULL,NULL),(2247,86,31,1,NULL,NULL,NULL,NULL),(2248,86,32,1,NULL,NULL,NULL,NULL),(2249,86,33,1,NULL,NULL,NULL,NULL),(2250,86,2,NULL,NULL,'<pre>\n<span style=\"font-size:14px\"><span style=\"font-family:times new roman,times,serif\">Trẻ nhỏ trong giai đoạn sơ sinh cần thay đổi rất nhiều quần &aacute;o trong ng&agrave;y. Do vậy, mẹ h&atilde;y chọn cho b&eacute; c&aacute;c loại quần &aacute;o kiểu d&aacute;ng đơn giản, dễ mặc, dễ giặt, nhanh kh&ocirc; v&agrave; chất liệu tốt kh&ocirc;ng g&acirc;y k&iacute;ch ứng da cho b&eacute;. Tủ quần &aacute;o của b&eacute; giờ đ&acirc;y sẽ trở n&ecirc;n sinh động v&agrave; nhiều sự lựa chọn hơn với sản phẩm &aacute;o n&uacute;t giữa tay d&agrave;i <strong>Miomio 12M</strong> thiết kế xinh xắn v&agrave; mang lại cảm gi&aacute;c thoải m&aacute;i cho b&eacute;. Sản phẩm &aacute;o n&uacute;t giữa tay d&agrave;i <strong>Miomio 12M</strong> kh&ocirc;ng chỉ hợp thời trang m&agrave; c&ograve;n giữ ấm cho b&eacute;, cho ph&eacute;p b&eacute; được thoải m&aacute;i suốt cả ng&agrave;y.\n\n<strong>C&Aacute;CH D&Ugrave;NG</strong>: Mẹ h&atilde;y mặc cho b&eacute; chiếc &aacute;o d&agrave;i tay n&agrave;y khi cần giữ ấm cho b&eacute; hoặc cho b&eacute; ngủ trong ph&ograve;ng m&aacute;y lạnh.\n\n</span></span></pre>\n\n<div><span style=\"font-size:14px\"><span style=\"font-family:times new roman,times,serif\"><strong>ĐẶC ĐIỂM NỔI BẬT</strong></span></span></div>\n\n<p><span style=\"font-size:14px\"><span style=\"font-family:times new roman,times,serif\"><strong>Chất liệu cotton thấm h&uacute;t tốt</strong> Chất liệu cotton l&agrave; lựa chọn tốt nhất cho l&agrave;n da của b&eacute;, đặc biệt l&agrave; những th&aacute;ng đầu đời v&igrave; sợi b&ocirc;ng tự nhi&ecirc;n sẽ gi&uacute;p b&eacute; thấm mồ h&ocirc;i tốt hơn l&agrave; sợi tổng hợp, sản phẩm l&agrave;m bằng cotton gi&uacute;p cho da của b&eacute; được th&ocirc;ng tho&aacute;ng, vừa giữ ấm cho cơ thể của b&eacute;, mang lại cho b&eacute; cảm gi&aacute;c dễ chịu. </span></span></p>\n\n<p><span style=\"font-size:14px\"><span style=\"font-family:times new roman,times,serif\"><strong>Thiết kế n&uacute;t giữa xinh xắn</strong> Hầu hết trẻ con thường gh&eacute;t việc bị k&eacute;o &aacute;o qua đầu, g&acirc;y cảm gi&aacute;c ngột thở với những chiếc &aacute;o c&oacute; cổ qu&aacute; chật. Sản phẩm với thiết kế c&agrave;i n&uacute;t ph&iacute;a trước gi&uacute;p tạo cảm gi&aacute;c thoải m&aacute;i, kh&ocirc;ng g&ograve; b&oacute; cho b&eacute; vừa gi&uacute;p mẹ c&oacute; thể dễ d&agrave;ng mặc &aacute;o cho b&eacute;.</span></span></p>\n\n<p><span style=\"font-size:14px\"><span style=\"font-family:times new roman,times,serif\"><strong>Kiểu d&aacute;ng xinh xắn, nhiều m&agrave;u sắc</strong> Với bất k&igrave; thời tiết n&agrave;o b&eacute; cũng lu&ocirc;n được mẹ mặc cho những chiếc &aacute;o hợp m&ugrave;a v&agrave; xinh xắn. Với sản phẩm &aacute;o n&uacute;t giữa tay d&agrave;i giữ ấm cho b&eacute;, in h&igrave;nh gấu m&acirc;y nhiều m&agrave;u sắc, mẹ v&agrave; b&eacute; c&oacute; th&ecirc;m nhiều sự lựa chọn, để b&eacute; y&ecirc;u lu&ocirc;n ấm &aacute;p v&agrave; xinh xắn mỗi ng&agrave;y.</span></span></p>\n','VN-VI',NULL),(2251,86,26,NULL,NULL,'',NULL,NULL),(2252,86,27,0,NULL,NULL,NULL,NULL),(2253,86,28,0,NULL,NULL,NULL,NULL),(2254,86,29,NULL,0,NULL,NULL,NULL),(2255,86,30,NULL,0,NULL,NULL,NULL),(2256,86,21,NULL,NULL,NULL,NULL,''),(2257,86,22,NULL,NULL,'',NULL,NULL),(2258,86,23,NULL,NULL,'',NULL,NULL),(2259,86,1,NULL,NULL,NULL,'EN-US','Miomio 12M - Bộ 5 áo nút giữa tay dài, gấu mây / Xanh'),(2260,86,2,NULL,NULL,'<pre>\n<span style=\"font-size:14px\"><span style=\"font-family:times new roman,times,serif\">Trẻ nhỏ trong giai đoạn sơ sinh cần thay đổi rất nhiều quần &aacute;o trong ng&agrave;y. Do vậy, mẹ h&atilde;y chọn cho b&eacute; c&aacute;c loại quần &aacute;o kiểu d&aacute;ng đơn giản, dễ mặc, dễ giặt, nhanh kh&ocirc; v&agrave; chất liệu tốt kh&ocirc;ng g&acirc;y k&iacute;ch ứng da cho b&eacute;. Tủ quần &aacute;o của b&eacute; giờ đ&acirc;y sẽ trở n&ecirc;n sinh động v&agrave; nhiều sự lựa chọn hơn với sản phẩm &aacute;o n&uacute;t giữa tay d&agrave;i <strong>Miomio 12M</strong> thiết kế xinh xắn v&agrave; mang lại cảm gi&aacute;c thoải m&aacute;i cho b&eacute;. Sản phẩm &aacute;o n&uacute;t giữa tay d&agrave;i <strong>Miomio 12M</strong> kh&ocirc;ng chỉ hợp thời trang m&agrave; c&ograve;n giữ ấm cho b&eacute;, cho ph&eacute;p b&eacute; được thoải m&aacute;i suốt cả ng&agrave;y.\n\n<strong>C&Aacute;CH D&Ugrave;NG</strong>: Mẹ h&atilde;y mặc cho b&eacute; chiếc &aacute;o d&agrave;i tay n&agrave;y khi cần giữ ấm cho b&eacute; hoặc cho b&eacute; ngủ trong ph&ograve;ng m&aacute;y lạnh.\n</span></span></pre>\n\n<div><span style=\"font-size:14px\"><span style=\"font-family:times new roman,times,serif\"><strong>ĐẶC ĐIỂM NỔI BẬT</strong></span></span></div>\n\n<p><span style=\"font-size:14px\"><span style=\"font-family:times new roman,times,serif\"><strong>Chất liệu cotton thấm h&uacute;t tốt</strong> Chất liệu cotton l&agrave; lựa chọn tốt nhất cho l&agrave;n da của b&eacute;, đặc biệt l&agrave; những th&aacute;ng đầu đời v&igrave; sợi b&ocirc;ng tự nhi&ecirc;n sẽ gi&uacute;p b&eacute; thấm mồ h&ocirc;i tốt hơn l&agrave; sợi tổng hợp, sản phẩm l&agrave;m bằng cotton gi&uacute;p cho da của b&eacute; được th&ocirc;ng tho&aacute;ng, vừa giữ ấm cho cơ thể của b&eacute;, mang lại cho b&eacute; cảm gi&aacute;c dễ chịu. </span></span></p>\n\n<p><span style=\"font-size:14px\"><span style=\"font-family:times new roman,times,serif\"><strong>Thiết kế n&uacute;t giữa xinh xắn</strong> Hầu hết trẻ con thường gh&eacute;t việc bị k&eacute;o &aacute;o qua đầu, g&acirc;y cảm gi&aacute;c ngột thở với những chiếc &aacute;o c&oacute; cổ qu&aacute; chật. Sản phẩm với thiết kế c&agrave;i n&uacute;t ph&iacute;a trước gi&uacute;p tạo cảm gi&aacute;c thoải m&aacute;i, kh&ocirc;ng g&ograve; b&oacute; cho b&eacute; vừa gi&uacute;p mẹ c&oacute; thể dễ d&agrave;ng mặc &aacute;o cho b&eacute;. </span></span></p>\n\n<p><span style=\"font-size:14px\"><span style=\"font-family:times new roman,times,serif\"><strong>Kiểu d&aacute;ng xinh xắn, nhiều m&agrave;u sắc</strong> Với bất k&igrave; thời tiết n&agrave;o b&eacute; cũng lu&ocirc;n được mẹ mặc cho những chiếc &aacute;o hợp m&ugrave;a v&agrave; xinh xắn. Với sản phẩm &aacute;o n&uacute;t giữa tay d&agrave;i giữ ấm cho b&eacute;, in h&igrave;nh gấu m&acirc;y nhiều m&agrave;u sắc, mẹ v&agrave; b&eacute; c&oacute; th&ecirc;m nhiều sự lựa chọn, để b&eacute; y&ecirc;u lu&ocirc;n ấm &aacute;p v&agrave; xinh xắn mỗi ng&agrave;y.</span></span></p>\n','EN-US',NULL),(2261,86,1,NULL,NULL,NULL,'KO-KR','Miomio 12M - Bộ 5 áo nút giữa tay dài, gấu mây / Xanh'),(2262,86,2,NULL,NULL,'<pre>\n<span style=\"font-size:14px\"><span style=\"font-family:times new roman,times,serif\">Trẻ nhỏ trong giai đoạn sơ sinh cần thay đổi rất nhiều quần &aacute;o trong ng&agrave;y. Do vậy, mẹ h&atilde;y chọn cho b&eacute; c&aacute;c loại quần &aacute;o kiểu d&aacute;ng đơn giản, dễ mặc, dễ giặt, nhanh kh&ocirc; v&agrave; chất liệu tốt kh&ocirc;ng g&acirc;y k&iacute;ch ứng da cho b&eacute;. Tủ quần &aacute;o của b&eacute; giờ đ&acirc;y sẽ trở n&ecirc;n sinh động v&agrave; nhiều sự lựa chọn hơn với sản phẩm &aacute;o n&uacute;t giữa tay d&agrave;i <strong>Miomio 12M</strong> thiết kế xinh xắn v&agrave; mang lại cảm gi&aacute;c thoải m&aacute;i cho b&eacute;. Sản phẩm &aacute;o n&uacute;t giữa tay d&agrave;i <strong>Miomio 12M</strong> kh&ocirc;ng chỉ hợp thời trang m&agrave; c&ograve;n giữ ấm cho b&eacute;, cho ph&eacute;p b&eacute; được thoải m&aacute;i suốt cả ng&agrave;y.\n\n<strong>C&Aacute;CH D&Ugrave;NG</strong>: Mẹ h&atilde;y mặc cho b&eacute; chiếc &aacute;o d&agrave;i tay n&agrave;y khi cần giữ ấm cho b&eacute; hoặc cho b&eacute; ngủ trong ph&ograve;ng m&aacute;y lạnh.\n</span></span></pre>\n\n<div><span style=\"font-size:14px\"><span style=\"font-family:times new roman,times,serif\"><strong>ĐẶC ĐIỂM NỔI BẬT</strong></span></span></div>\n\n<p><span style=\"font-size:14px\"><span style=\"font-family:times new roman,times,serif\"><strong>Chất liệu cotton thấm h&uacute;t tốt</strong> Chất liệu cotton l&agrave; lựa chọn tốt nhất cho l&agrave;n da của b&eacute;, đặc biệt l&agrave; những th&aacute;ng đầu đời v&igrave; sợi b&ocirc;ng tự nhi&ecirc;n sẽ gi&uacute;p b&eacute; thấm mồ h&ocirc;i tốt hơn l&agrave; sợi tổng hợp, sản phẩm l&agrave;m bằng cotton gi&uacute;p cho da của b&eacute; được th&ocirc;ng tho&aacute;ng, vừa giữ ấm cho cơ thể của b&eacute;, mang lại cho b&eacute; cảm gi&aacute;c dễ chịu. </span></span></p>\n\n<p><span style=\"font-size:14px\"><span style=\"font-family:times new roman,times,serif\"><strong>Thiết kế n&uacute;t giữa xinh xắn</strong> Hầu hết trẻ con thường gh&eacute;t việc bị k&eacute;o &aacute;o qua đầu, g&acirc;y cảm gi&aacute;c ngột thở với những chiếc &aacute;o c&oacute; cổ qu&aacute; chật. Sản phẩm với thiết kế c&agrave;i n&uacute;t ph&iacute;a trước gi&uacute;p tạo cảm gi&aacute;c thoải m&aacute;i, kh&ocirc;ng g&ograve; b&oacute; cho b&eacute; vừa gi&uacute;p mẹ c&oacute; thể dễ d&agrave;ng mặc &aacute;o cho b&eacute;. </span></span></p>\n\n<p><span style=\"font-size:14px\"><span style=\"font-family:times new roman,times,serif\"><strong>Kiểu d&aacute;ng xinh xắn, nhiều m&agrave;u sắc</strong> Với bất k&igrave; thời tiết n&agrave;o b&eacute; cũng lu&ocirc;n được mẹ mặc cho những chiếc &aacute;o hợp m&ugrave;a v&agrave; xinh xắn. Với sản phẩm &aacute;o n&uacute;t giữa tay d&agrave;i giữ ấm cho b&eacute;, in h&igrave;nh gấu m&acirc;y nhiều m&agrave;u sắc, mẹ v&agrave; b&eacute; c&oacute; th&ecirc;m nhiều sự lựa chọn, để b&eacute; y&ecirc;u lu&ocirc;n ấm &aacute;p v&agrave; xinh xắn mỗi ng&agrave;y.</span></span></p>\n','KO-KR',NULL),(2263,87,1,NULL,NULL,NULL,'VN-VI','Nanio K0024 - Bộ 5 áo cài giữa bèo thêu tay ngắn màu / Size S4'),(2264,87,18,NULL,NULL,NULL,NULL,''),(2265,87,13,10,NULL,NULL,NULL,NULL),(2266,87,34,NULL,NULL,NULL,NULL,''),(2267,87,14,1,NULL,NULL,NULL,NULL),(2268,87,24,NULL,0,NULL,NULL,NULL),(2269,87,31,1,NULL,NULL,NULL,NULL),(2270,87,32,1,NULL,NULL,NULL,NULL),(2271,87,33,1,NULL,NULL,NULL,NULL),(2272,87,2,NULL,NULL,'<pre>\n<span style=\"font-size:14px\"><span style=\"font-family:times new roman,times,serif\">Trong qu&aacute; tr&igrave;nh chăm s&oacute;c b&eacute;, lựa chọn quần &aacute;o ph&ugrave; hợp để cho b&eacute; lu&ocirc;n được thoải m&aacute;i v&agrave; an to&agrave;n l&agrave; điều hết sức quan trọng. V&igrave; thế mẹ cần chọn những chiếc &aacute;o dễ mặc, dễ giặt, mau kh&ocirc; v&agrave; chất liệu an to&agrave;n với l&agrave;n da mỏng manh của b&eacute;. Bộ 5 &aacute;o c&agrave;i giữa b&egrave;o th&ecirc;u tay d&agrave;i m&agrave;u <strong>Nanio K0025</strong> với 100% cotton sẽ l&agrave;m thỏa m&atilde;n những mong muốn của mẹ. Bộ 5 &aacute;o c&agrave;i giữa b&egrave;o th&ecirc;u tay d&agrave;i m&agrave;u <strong>Nanio K0025</strong> kh&ocirc;ng chỉ hợp thời trang m&agrave; c&ograve;n cho b&eacute; cảm gi&aacute;c tho&aacute;ng m&aacute;t khi mặc. \n\n<strong>C&Aacute;CH D&Ugrave;NG</strong>: Trong l&uacute;c thay &aacute;o, mẹ h&atilde;y d&ugrave;ng những cử chỉ &acirc;u yếm, vuốt ve l&agrave;n da mịn m&agrave;ng của b&eacute; để tăng sự nhạy cảm của x&uacute;c gi&aacute;c. Sau đ&oacute;, mẹ h&atilde;y mặc chiếc &aacute;o ngắn tay n&agrave;y để b&eacute; lu&ocirc;n tho&aacute;ng m&aacute;t trong những ng&agrave;y h&egrave; n&oacute;ng bức.\n</span></span></pre>\n\n<div><span style=\"font-size:14px\"><span style=\"font-family:times new roman,times,serif\"><strong>ĐẶC ĐIỂM NỔI BẬT</strong></span></span></div>\n\n<p><span style=\"font-size:14px\"><span style=\"font-family:times new roman,times,serif\"><strong>Chất liệu cotton 100%</strong> Chất liệu vải cotton mềm mại, thấm h&uacute;t mồ h&ocirc;i tốt, tạo cảm gi&aacute;c thoải m&aacute;i cho b&eacute; khi mặc cũng như gi&uacute;p cho b&eacute; điều h&ograve;a nhiệt độ dễ hơn. Đồng thời, vải kh&ocirc;ng g&acirc;y dị ứng hay mẩn ngứa da b&eacute;. Hơn nữa với chất liệu vải n&agrave;y mẹ dễ d&agrave;ng giặt giũ cũng như phơi kh&ocirc;. </span></span></p>\n\n<p><span style=\"font-size:14px\"><span style=\"font-family:times new roman,times,serif\"><strong>Thiết kế n&uacute;t giữa tiện lợi</strong> Thiết kế tay d&agrave;i với đường may tỉ mỉ, vừa vặn kh&ocirc;ng l&agrave;m hằn l&agrave;n da của b&eacute;. Hầu hết trẻ con thường gh&eacute;t việc bị k&eacute;o &aacute;o qua đầu, g&acirc;y cảm gi&aacute;c ngột thở với những chiếc &aacute;o c&oacute; cổ qu&aacute; chật. Sản phẩm với thiết kế c&agrave;i n&uacute;t ph&iacute;a trước gi&uacute;p tạo cảm gi&aacute;c thoải m&aacute;i, kh&ocirc;ng g&ograve; b&oacute; cho b&eacute; vừa gi&uacute;p mẹ c&oacute; thể dễ d&agrave;ng mặc &aacute;o cho b&eacute;. </span></span></p>\n\n<p><span style=\"font-size:14px\"><span style=\"font-family:times new roman,times,serif\"><strong>Thiết kế xinh xắn, nhiều m&agrave;u sắc</strong> Bộ sản phẩm gồm 5 &aacute;o c&agrave;i giữa c&oacute; m&agrave;u sắc v&agrave; họa tiết kh&aacute;c nhau, mẹ sẽ dễ d&agrave;ng chọn lựa khi phối hợp quần &aacute;o cho b&eacute;. Kh&ocirc;ng những thế, sản phẩm c&oacute; nhiều m&agrave;u sắc tươi tắn, b&eacute; sẽ tr&ocirc;ng đ&aacute;ng y&ecirc;u v&agrave; l&agrave;m căn ph&ograve;ng bừng s&aacute;ng.</span></span></p>\n','VN-VI',NULL),(2273,87,26,NULL,NULL,'',NULL,NULL),(2274,87,27,0,NULL,NULL,NULL,NULL),(2275,87,28,0,NULL,NULL,NULL,NULL),(2276,87,29,NULL,0,NULL,NULL,NULL),(2277,87,30,NULL,0,NULL,NULL,NULL),(2278,87,21,NULL,NULL,NULL,NULL,''),(2279,87,22,NULL,NULL,'',NULL,NULL),(2280,87,23,NULL,NULL,'',NULL,NULL),(2281,87,1,NULL,NULL,NULL,'EN-US','Nanio K0024 - Bộ 5 áo cài giữa bèo thêu tay ngắn màu / Size S4'),(2282,87,2,NULL,NULL,'<pre>\n<span style=\"font-size:14px\"><span style=\"font-family:times new roman,times,serif\">Trong qu&aacute; tr&igrave;nh chăm s&oacute;c b&eacute;, lựa chọn quần &aacute;o ph&ugrave; hợp để cho b&eacute; lu&ocirc;n được thoải m&aacute;i v&agrave; an to&agrave;n l&agrave; điều hết sức quan trọng. V&igrave; thế mẹ cần chọn những chiếc &aacute;o dễ mặc, dễ giặt, mau kh&ocirc; v&agrave; chất liệu an to&agrave;n với l&agrave;n da mỏng manh của b&eacute;. Bộ 5 &aacute;o c&agrave;i giữa b&egrave;o th&ecirc;u tay d&agrave;i m&agrave;u <strong>Nanio K0025</strong> với 100% cotton sẽ l&agrave;m thỏa m&atilde;n những mong muốn của mẹ. Bộ 5 &aacute;o c&agrave;i giữa b&egrave;o th&ecirc;u tay d&agrave;i m&agrave;u <strong>Nanio K0025</strong> kh&ocirc;ng chỉ hợp thời trang m&agrave; c&ograve;n cho b&eacute; cảm gi&aacute;c tho&aacute;ng m&aacute;t khi mặc. \n\n<strong>C&Aacute;CH D&Ugrave;NG</strong>: Trong l&uacute;c thay &aacute;o, mẹ h&atilde;y d&ugrave;ng những cử chỉ &acirc;u yếm, vuốt ve l&agrave;n da mịn m&agrave;ng của b&eacute; để tăng sự nhạy cảm của x&uacute;c gi&aacute;c. Sau đ&oacute;, mẹ h&atilde;y mặc chiếc &aacute;o ngắn tay n&agrave;y để b&eacute; lu&ocirc;n tho&aacute;ng m&aacute;t trong những ng&agrave;y h&egrave; n&oacute;ng bức.\n</span></span></pre>\n\n<div><span style=\"font-size:14px\"><span style=\"font-family:times new roman,times,serif\"><strong>ĐẶC ĐIỂM NỔI BẬT</strong></span></span></div>\n\n<p><span style=\"font-size:14px\"><span style=\"font-family:times new roman,times,serif\"><strong>Chất liệu cotton 100%</strong> Chất liệu vải cotton mềm mại, thấm h&uacute;t mồ h&ocirc;i tốt, tạo cảm gi&aacute;c thoải m&aacute;i cho b&eacute; khi mặc cũng như gi&uacute;p cho b&eacute; điều h&ograve;a nhiệt độ dễ hơn. Đồng thời, vải kh&ocirc;ng g&acirc;y dị ứng hay mẩn ngứa da b&eacute;. Hơn nữa với chất liệu vải n&agrave;y mẹ dễ d&agrave;ng giặt giũ cũng như phơi kh&ocirc;. </span></span></p>\n\n<p><span style=\"font-size:14px\"><span style=\"font-family:times new roman,times,serif\"><strong>Thiết kế n&uacute;t giữa tiện lợi</strong> Thiết kế tay d&agrave;i với đường may tỉ mỉ, vừa vặn kh&ocirc;ng l&agrave;m hằn l&agrave;n da của b&eacute;. Hầu hết trẻ con thường gh&eacute;t việc bị k&eacute;o &aacute;o qua đầu, g&acirc;y cảm gi&aacute;c ngột thở với những chiếc &aacute;o c&oacute; cổ qu&aacute; chật. Sản phẩm với thiết kế c&agrave;i n&uacute;t ph&iacute;a trước gi&uacute;p tạo cảm gi&aacute;c thoải m&aacute;i, kh&ocirc;ng g&ograve; b&oacute; cho b&eacute; vừa gi&uacute;p mẹ c&oacute; thể dễ d&agrave;ng mặc &aacute;o cho b&eacute;. </span></span></p>\n\n<p><span style=\"font-size:14px\"><span style=\"font-family:times new roman,times,serif\"><strong>Thiết kế xinh xắn, nhiều m&agrave;u sắc</strong> Bộ sản phẩm gồm 5 &aacute;o c&agrave;i giữa c&oacute; m&agrave;u sắc v&agrave; họa tiết kh&aacute;c nhau, mẹ sẽ dễ d&agrave;ng chọn lựa khi phối hợp quần &aacute;o cho b&eacute;. Kh&ocirc;ng những thế, sản phẩm c&oacute; nhiều m&agrave;u sắc tươi tắn, b&eacute; sẽ tr&ocirc;ng đ&aacute;ng y&ecirc;u v&agrave; l&agrave;m căn ph&ograve;ng bừng s&aacute;ng.</span></span></p>\n','EN-US',NULL),(2283,87,1,NULL,NULL,NULL,'KO-KR','Nanio K0024 - Bộ 5 áo cài giữa bèo thêu tay ngắn màu / Size S4'),(2284,87,2,NULL,NULL,'<pre>\n<span style=\"font-size:14px\"><span style=\"font-family:times new roman,times,serif\">Trong qu&aacute; tr&igrave;nh chăm s&oacute;c b&eacute;, lựa chọn quần &aacute;o ph&ugrave; hợp để cho b&eacute; lu&ocirc;n được thoải m&aacute;i v&agrave; an to&agrave;n l&agrave; điều hết sức quan trọng. V&igrave; thế mẹ cần chọn những chiếc &aacute;o dễ mặc, dễ giặt, mau kh&ocirc; v&agrave; chất liệu an to&agrave;n với l&agrave;n da mỏng manh của b&eacute;. Bộ 5 &aacute;o c&agrave;i giữa b&egrave;o th&ecirc;u tay d&agrave;i m&agrave;u <strong>Nanio K0025</strong> với 100% cotton sẽ l&agrave;m thỏa m&atilde;n những mong muốn của mẹ. Bộ 5 &aacute;o c&agrave;i giữa b&egrave;o th&ecirc;u tay d&agrave;i m&agrave;u <strong>Nanio K0025</strong> kh&ocirc;ng chỉ hợp thời trang m&agrave; c&ograve;n cho b&eacute; cảm gi&aacute;c tho&aacute;ng m&aacute;t khi mặc. \n\n<strong>C&Aacute;CH D&Ugrave;NG</strong>: Trong l&uacute;c thay &aacute;o, mẹ h&atilde;y d&ugrave;ng những cử chỉ &acirc;u yếm, vuốt ve l&agrave;n da mịn m&agrave;ng của b&eacute; để tăng sự nhạy cảm của x&uacute;c gi&aacute;c. Sau đ&oacute;, mẹ h&atilde;y mặc chiếc &aacute;o ngắn tay n&agrave;y để b&eacute; lu&ocirc;n tho&aacute;ng m&aacute;t trong những ng&agrave;y h&egrave; n&oacute;ng bức.\n</span></span></pre>\n\n<div><span style=\"font-size:14px\"><span style=\"font-family:times new roman,times,serif\"><strong>ĐẶC ĐIỂM NỔI BẬT</strong></span></span></div>\n\n<p><span style=\"font-size:14px\"><span style=\"font-family:times new roman,times,serif\"><strong>Chất liệu cotton 100%</strong> Chất liệu vải cotton mềm mại, thấm h&uacute;t mồ h&ocirc;i tốt, tạo cảm gi&aacute;c thoải m&aacute;i cho b&eacute; khi mặc cũng như gi&uacute;p cho b&eacute; điều h&ograve;a nhiệt độ dễ hơn. Đồng thời, vải kh&ocirc;ng g&acirc;y dị ứng hay mẩn ngứa da b&eacute;. Hơn nữa với chất liệu vải n&agrave;y mẹ dễ d&agrave;ng giặt giũ cũng như phơi kh&ocirc;. </span></span></p>\n\n<p><span style=\"font-size:14px\"><span style=\"font-family:times new roman,times,serif\"><strong>Thiết kế n&uacute;t giữa tiện lợi</strong> Thiết kế tay d&agrave;i với đường may tỉ mỉ, vừa vặn kh&ocirc;ng l&agrave;m hằn l&agrave;n da của b&eacute;. Hầu hết trẻ con thường gh&eacute;t việc bị k&eacute;o &aacute;o qua đầu, g&acirc;y cảm gi&aacute;c ngột thở với những chiếc &aacute;o c&oacute; cổ qu&aacute; chật. Sản phẩm với thiết kế c&agrave;i n&uacute;t ph&iacute;a trước gi&uacute;p tạo cảm gi&aacute;c thoải m&aacute;i, kh&ocirc;ng g&ograve; b&oacute; cho b&eacute; vừa gi&uacute;p mẹ c&oacute; thể dễ d&agrave;ng mặc &aacute;o cho b&eacute;. </span></span></p>\n\n<p><span style=\"font-size:14px\"><span style=\"font-family:times new roman,times,serif\"><strong>Thiết kế xinh xắn, nhiều m&agrave;u sắc</strong> Bộ sản phẩm gồm 5 &aacute;o c&agrave;i giữa c&oacute; m&agrave;u sắc v&agrave; họa tiết kh&aacute;c nhau, mẹ sẽ dễ d&agrave;ng chọn lựa khi phối hợp quần &aacute;o cho b&eacute;. Kh&ocirc;ng những thế, sản phẩm c&oacute; nhiều m&agrave;u sắc tươi tắn, b&eacute; sẽ tr&ocirc;ng đ&aacute;ng y&ecirc;u v&agrave; l&agrave;m căn ph&ograve;ng bừng s&aacute;ng.</span></span></p>\n','KO-KR',NULL),(2285,88,1,NULL,NULL,NULL,'VN-VI','Pigeon MP22014 – Sữa tắm và gội 2 trong 1 tinh chất hoa hướng dương / 700ml'),(2286,88,18,NULL,NULL,NULL,NULL,''),(2287,88,13,10,NULL,NULL,NULL,NULL),(2288,88,34,NULL,NULL,NULL,NULL,''),(2289,88,14,1,NULL,NULL,NULL,NULL),(2290,88,24,NULL,0,NULL,NULL,NULL),(2291,88,31,1,NULL,NULL,NULL,NULL),(2292,88,32,1,NULL,NULL,NULL,NULL),(2293,88,33,1,NULL,NULL,NULL,NULL),(2294,88,2,NULL,NULL,'<p><span style=\"font-size:12px\"><strong>Pigeon MP22014</strong><span style=\"color:rgb(36, 74, 96); font-family:helvetica,arial,sans-serif\">&nbsp;l&agrave; sự kết hợp của dầu gội v&agrave; sữa tắm trong c&ugrave;ng một hợp chất nhẹ nh&agrave;ng l&agrave;m sạch t&oacute;c, da đầu v&agrave; to&agrave;n th&acirc;n b&eacute;. Tinh chất hoa hướng dương nhẹ nh&agrave;ng thẩm thấu qua da gi&uacute;p bảo vệ da b&eacute; tr&aacute;nh những t&aacute;c hại của thời tiết qu&aacute; n&oacute;ng hay qu&aacute; lạnh, v&agrave; tr&aacute;nh nhiễm tr&ugrave;ng da. Ngo&agrave;i ra c&ograve;n t&aacute;c động t&iacute;ch cực l&ecirc;n gi&aacute;c quan gi&uacute;p cho b&eacute; dễ chịu v&agrave; c&oacute; giấc ngủ ngon. Sản phẩm được đ&oacute;ng g&oacute;i dạng chai c&oacute; v&ograve;i xịt, dung t&iacute;ch 700ml.</span></span></p>\n\n<p><span style=\"font-size:12px\"><strong>ĐẶC ĐIỂM NỔI BẬT</strong></span></p>\n\n<p><span style=\"font-size:12px\"><span style=\"color:rgb(36, 74, 96); font-family:helvetica,arial,sans-serif\">- Tinh dầu hoa hướng tự nhi&ecirc;n, kh&ocirc;ng k&iacute;ch ứng v&agrave; an to&agrave;n với l&agrave;n da nhạy cảm của b&eacute;.</span><br />\n<span style=\"color:rgb(36, 74, 96); font-family:helvetica,arial,sans-serif\">- Bảo vệ da b&eacute; tr&aacute;nh những t&aacute;c hại của thời tiết qu&aacute; n&oacute;ng hay qu&aacute; lạnh, v&agrave; tr&aacute;nh nhiễm tr&ugrave;ng da.</span><br />\n<span style=\"color:rgb(36, 74, 96); font-family:helvetica,arial,sans-serif\">- M&ugrave;i hương nhẹ nh&agrave;ng thơm m&aacute;t cho b&eacute; cảm gi&aacute;c dễ chịu v&agrave; c&oacute; giấc ngủ ngon.</span><br />\n<span style=\"color:rgb(36, 74, 96); font-family:helvetica,arial,sans-serif\">- L&agrave;m sạch v&agrave; dưỡng ẩm.</span><br />\n<span style=\"color:rgb(36, 74, 96); font-family:helvetica,arial,sans-serif\">- Dễ d&agrave;ng tạo bọt v&agrave; rửa sạch.</span><br />\n<span style=\"color:rgb(36, 74, 96); font-family:helvetica,arial,sans-serif\">- Thiết kế dạng chai tiện lợi cho việc bảo quản v&agrave; sử dụng.</span></span></p>\n\n<p><span style=\"font-size:12px\"><strong>TH&Ocirc;NG TIN THƯƠNG HIỆU</strong></span></p>\n\n<p style=\"text-align:justify\"><span style=\"font-size:12px\">Ra đời năm 1957 tại Nhật, Pigeon được c&ocirc;ng nhận l&agrave; một trong những c&ocirc;ng ty h&agrave;ng đầu tr&ecirc;n thế giới về lĩnh vực sản xuất đồ d&ugrave;ng cho mẹ v&agrave; b&eacute;. Th&ocirc;ng qua việc nghi&ecirc;n cứu s&acirc;u rộng về ph&aacute;t triển sản phẩm, ứng dụng những c&ocirc;ng nghệ mới nhất v&agrave; chất liệu tốt nhất, Pigeon đ&atilde; tạo được sự tin tưởng của c&aacute;c b&agrave; mẹ tr&ecirc;n thế giới.</span></p>\n\n<p>&nbsp;</p>\n','VN-VI',NULL),(2295,88,26,NULL,NULL,'',NULL,NULL),(2296,88,27,0,NULL,NULL,NULL,NULL),(2297,88,28,0,NULL,NULL,NULL,NULL),(2298,88,29,NULL,0,NULL,NULL,NULL),(2299,88,30,NULL,0,NULL,NULL,NULL),(2300,88,21,NULL,NULL,NULL,NULL,''),(2301,88,22,NULL,NULL,'',NULL,NULL),(2302,88,23,NULL,NULL,'',NULL,NULL),(2303,88,1,NULL,NULL,NULL,'EN-US','Pigeon MP22014 – Sữa tắm và gội 2 trong 1 tinh chất hoa hướng dương / 700ml'),(2304,88,2,NULL,NULL,'<p><span style=\"font-size:12px\"><strong>Pigeon MP22014</strong><span style=\"color:rgb(36, 74, 96); font-family:helvetica,arial,sans-serif\">&nbsp;l&agrave; sự kết hợp của dầu gội v&agrave; sữa tắm trong c&ugrave;ng một hợp chất nhẹ nh&agrave;ng l&agrave;m sạch t&oacute;c, da đầu v&agrave; to&agrave;n th&acirc;n b&eacute;. Tinh chất hoa hướng dương nhẹ nh&agrave;ng thẩm thấu qua da gi&uacute;p bảo vệ da b&eacute; tr&aacute;nh những t&aacute;c hại của thời tiết qu&aacute; n&oacute;ng hay qu&aacute; lạnh, v&agrave; tr&aacute;nh nhiễm tr&ugrave;ng da. Ngo&agrave;i ra c&ograve;n t&aacute;c động t&iacute;ch cực l&ecirc;n gi&aacute;c quan gi&uacute;p cho b&eacute; dễ chịu v&agrave; c&oacute; giấc ngủ ngon. Sản phẩm được đ&oacute;ng g&oacute;i dạng chai c&oacute; v&ograve;i xịt, dung t&iacute;ch 700ml.</span></span></p>\n\n<p><span style=\"font-size:12px\"><strong>ĐẶC ĐIỂM NỔI BẬT</strong></span></p>\n\n<p><span style=\"font-size:12px\"><span style=\"color:rgb(36, 74, 96); font-family:helvetica,arial,sans-serif\">- Tinh dầu hoa hướng tự nhi&ecirc;n, kh&ocirc;ng k&iacute;ch ứng v&agrave; an to&agrave;n với l&agrave;n da nhạy cảm của b&eacute;.</span><br />\n<span style=\"color:rgb(36, 74, 96); font-family:helvetica,arial,sans-serif\">- Bảo vệ da b&eacute; tr&aacute;nh những t&aacute;c hại của thời tiết qu&aacute; n&oacute;ng hay qu&aacute; lạnh, v&agrave; tr&aacute;nh nhiễm tr&ugrave;ng da.</span><br />\n<span style=\"color:rgb(36, 74, 96); font-family:helvetica,arial,sans-serif\">- M&ugrave;i hương nhẹ nh&agrave;ng thơm m&aacute;t cho b&eacute; cảm gi&aacute;c dễ chịu v&agrave; c&oacute; giấc ngủ ngon.</span><br />\n<span style=\"color:rgb(36, 74, 96); font-family:helvetica,arial,sans-serif\">- L&agrave;m sạch v&agrave; dưỡng ẩm.</span><br />\n<span style=\"color:rgb(36, 74, 96); font-family:helvetica,arial,sans-serif\">- Dễ d&agrave;ng tạo bọt v&agrave; rửa sạch.</span><br />\n<span style=\"color:rgb(36, 74, 96); font-family:helvetica,arial,sans-serif\">- Thiết kế dạng chai tiện lợi cho việc bảo quản v&agrave; sử dụng.</span></span></p>\n\n<p><span style=\"font-size:12px\"><strong>TH&Ocirc;NG TIN THƯƠNG HIỆU</strong></span></p>\n\n<p style=\"text-align:justify\"><span style=\"font-size:12px\">Ra đời năm 1957 tại Nhật, Pigeon được c&ocirc;ng nhận l&agrave; một trong những c&ocirc;ng ty h&agrave;ng đầu tr&ecirc;n thế giới về lĩnh vực sản xuất đồ d&ugrave;ng cho mẹ v&agrave; b&eacute;. Th&ocirc;ng qua việc nghi&ecirc;n cứu s&acirc;u rộng về ph&aacute;t triển sản phẩm, ứng dụng những c&ocirc;ng nghệ mới nhất v&agrave; chất liệu tốt nhất, Pigeon đ&atilde; tạo được sự tin tưởng của c&aacute;c b&agrave; mẹ tr&ecirc;n thế giới.</span></p>\n','EN-US',NULL),(2305,88,1,NULL,NULL,NULL,'KO-KR','Pigeon MP22014 – Sữa tắm và gội 2 trong 1 tinh chất hoa hướng dương / 700ml'),(2306,88,2,NULL,NULL,'<p><span style=\"font-size:12px\"><strong>Pigeon MP22014</strong><span style=\"color:rgb(36, 74, 96); font-family:helvetica,arial,sans-serif\">&nbsp;l&agrave; sự kết hợp của dầu gội v&agrave; sữa tắm trong c&ugrave;ng một hợp chất nhẹ nh&agrave;ng l&agrave;m sạch t&oacute;c, da đầu v&agrave; to&agrave;n th&acirc;n b&eacute;. Tinh chất hoa hướng dương nhẹ nh&agrave;ng thẩm thấu qua da gi&uacute;p bảo vệ da b&eacute; tr&aacute;nh những t&aacute;c hại của thời tiết qu&aacute; n&oacute;ng hay qu&aacute; lạnh, v&agrave; tr&aacute;nh nhiễm tr&ugrave;ng da. Ngo&agrave;i ra c&ograve;n t&aacute;c động t&iacute;ch cực l&ecirc;n gi&aacute;c quan gi&uacute;p cho b&eacute; dễ chịu v&agrave; c&oacute; giấc ngủ ngon. Sản phẩm được đ&oacute;ng g&oacute;i dạng chai c&oacute; v&ograve;i xịt, dung t&iacute;ch 700ml.</span></span></p>\n\n<p><span style=\"font-size:12px\"><strong>ĐẶC ĐIỂM NỔI BẬT</strong></span></p>\n\n<p><span style=\"font-size:12px\"><span style=\"color:rgb(36, 74, 96); font-family:helvetica,arial,sans-serif\">- Tinh dầu hoa hướng tự nhi&ecirc;n, kh&ocirc;ng k&iacute;ch ứng v&agrave; an to&agrave;n với l&agrave;n da nhạy cảm của b&eacute;.</span><br />\n<span style=\"color:rgb(36, 74, 96); font-family:helvetica,arial,sans-serif\">- Bảo vệ da b&eacute; tr&aacute;nh những t&aacute;c hại của thời tiết qu&aacute; n&oacute;ng hay qu&aacute; lạnh, v&agrave; tr&aacute;nh nhiễm tr&ugrave;ng da.</span><br />\n<span style=\"color:rgb(36, 74, 96); font-family:helvetica,arial,sans-serif\">- M&ugrave;i hương nhẹ nh&agrave;ng thơm m&aacute;t cho b&eacute; cảm gi&aacute;c dễ chịu v&agrave; c&oacute; giấc ngủ ngon.</span><br />\n<span style=\"color:rgb(36, 74, 96); font-family:helvetica,arial,sans-serif\">- L&agrave;m sạch v&agrave; dưỡng ẩm.</span><br />\n<span style=\"color:rgb(36, 74, 96); font-family:helvetica,arial,sans-serif\">- Dễ d&agrave;ng tạo bọt v&agrave; rửa sạch.</span><br />\n<span style=\"color:rgb(36, 74, 96); font-family:helvetica,arial,sans-serif\">- Thiết kế dạng chai tiện lợi cho việc bảo quản v&agrave; sử dụng.</span></span></p>\n\n<p><span style=\"font-size:12px\"><strong>TH&Ocirc;NG TIN THƯƠNG HIỆU</strong></span></p>\n\n<p style=\"text-align:justify\"><span style=\"font-size:12px\">Ra đời năm 1957 tại Nhật, Pigeon được c&ocirc;ng nhận l&agrave; một trong những c&ocirc;ng ty h&agrave;ng đầu tr&ecirc;n thế giới về lĩnh vực sản xuất đồ d&ugrave;ng cho mẹ v&agrave; b&eacute;. Th&ocirc;ng qua việc nghi&ecirc;n cứu s&acirc;u rộng về ph&aacute;t triển sản phẩm, ứng dụng những c&ocirc;ng nghệ mới nhất v&agrave; chất liệu tốt nhất, Pigeon đ&atilde; tạo được sự tin tưởng của c&aacute;c b&agrave; mẹ tr&ecirc;n thế giới.</span></p>\n','KO-KR',NULL),(2307,89,1,NULL,NULL,NULL,'VN-VI','All Steel Hibachi A50 – Bếp than nướng (Đen)'),(2308,89,18,NULL,NULL,NULL,NULL,''),(2309,89,13,3,NULL,NULL,NULL,NULL),(2310,89,34,NULL,NULL,NULL,NULL,''),(2311,89,14,2,NULL,NULL,NULL,NULL),(2312,89,24,NULL,0,NULL,NULL,NULL),(2313,89,31,1,NULL,NULL,NULL,NULL),(2314,89,32,1,NULL,NULL,NULL,NULL),(2315,89,33,1,NULL,NULL,NULL,NULL),(2316,89,2,NULL,NULL,'<p><strong>M&Ocirc; TẢ</strong></p>\n\n<p><span style=\"color:rgb(64, 64, 64); font-family:helvetica,arial,sans-serif; font-size:12px\">Với chiếc bếp nướng than&nbsp;</span><strong>All Steel Hibachi A50</strong><span style=\"color:rgb(64, 64, 64); font-family:helvetica,arial,sans-serif; font-size:12px\">, bạn sẽ thoải m&aacute;i thưởng thức c&aacute;c m&oacute;n BBQ thơm ngon, b&ecirc;n gia đ&igrave;nh v&agrave; bạn b&egrave;. Th&acirc;n bếp được l&agrave;m bằng th&eacute;p chịu nhiệt chắc chắn, k&egrave;m theo hai vỉ nướng inox, cho ph&eacute;p bạn nướng được nhiều thức ăn một l&uacute;c; chất liệu n&agrave;y cũng rất dễ d&agrave;ng ch&ugrave;i rửa sau khi sử dụng, gi&uacute;p tiết kiệm được c&ocirc;ng sức cũng như thời gian của nội trợ. Bếp nướng than truyền thống&nbsp;</span><strong>All Steel Hibachi A50</strong><span style=\"color:rgb(64, 64, 64); font-family:helvetica,arial,sans-serif; font-size:12px\">&nbsp;sẽ thức ăn của bạn vẫn sẽ tươi ngon, giữ được nhiệt độ v&agrave; độ ngọt, mềm của thịt, c&aacute;... ch&iacute;n đều, m&agrave;u sắc đẹp mắt.</span></p>\n\n<div style=\"margin: 0px; padding: 0px; color: rgb(64, 64, 64); font-family: Helvetica, Arial, sans-serif; font-size: 12px; line-height: 22.7999992370605px; text-align: justify;\"><strong>ĐẶC ĐIỂM NỔI BẬT</strong></div>\n\n<p style=\"text-align:justify\"><strong>Chất liệu an to&agrave;n</strong><br />\nTh&acirc;n bếp với 2 khay lớn nhỏ được l&agrave;m từ chất liệu th&eacute;p cứng c&aacute;p, chịu nhiệt hiệu quả v&agrave; an to&agrave;n tuyệt đối cho ph&eacute;p bạn thoải m&aacute;i thao t&aacute;c dễ d&agrave;ng trong mọi kh&ocirc;ng gian bếp. Vỉ nướng inox s&aacute;ng b&oacute;ng, an to&agrave;n v&agrave; dễ d&agrave;ng về sinh sau khi sử dụng.</p>\n\n<p style=\"text-align:justify\"><strong>Kiểu d&aacute;ng hiện đại</strong><br />\nSản phẩm với thiết kế hiện đại, tối giản, k&iacute;ch thước nhỏ gọn, n&ecirc;n th&iacute;ch hợp cho c&aacute;c buổi tiệc cuối tuần hay picnic,&nbsp;&hellip; cho c&aacute;c bạn thoải m&aacute;i thưởng thức c&aacute;c m&oacute;n BBQ hấp dẫn b&ecirc;n gia đ&igrave;nh, người th&acirc;n, bạn b&egrave;&hellip;</p>\n\n<p style=\"text-align:justify\"><strong>Sử dụng dễ d&agrave;ng</strong><br />\nSản phẩm với c&aacute;c bộ phận c&oacute; thể th&aacute;o rời nhau, mang lại sự tiện lợi khi vệ sau khi sử dụng, hay lưu giữ khi kh&ocirc;ng sử dung.</p>\n\n<p style=\"text-align:justify\"><strong>Bộ sản phẩm bao gồm</strong><br />\n- 01 Khay lớn (46cm x 25cm x 3.5cm)<br />\n- 01 Khay nhỏ (29cm x 15cm x 3.5cm)<br />\n- 02 Vỉ nướng (23cm x 17.5cm)<br />\n- 02 Gi&aacute; đỡ khay (12cm x 7.5cm x 4cm)<br />\n- C&aacute;c linh kiện: 04 trụ, 02 gi&aacute; gỗ, 02 tay cầm, c&aacute;c khớp nối v&agrave; ốc v&iacute;t.</p>\n','VN-VI',NULL),(2317,89,26,NULL,NULL,'',NULL,NULL),(2318,89,27,7,NULL,NULL,NULL,NULL),(2319,89,28,15,NULL,NULL,NULL,NULL),(2320,89,29,NULL,30,NULL,NULL,NULL),(2321,89,30,NULL,30,NULL,NULL,NULL),(2322,89,21,NULL,NULL,NULL,NULL,''),(2323,89,22,NULL,NULL,'',NULL,NULL),(2324,89,23,NULL,NULL,'',NULL,NULL),(2325,89,1,NULL,NULL,NULL,'EN-US','All Steel Hibachi A50 – Charcoal Grill Bar (Black)'),(2326,89,2,NULL,NULL,'','EN-US',NULL),(2327,89,1,NULL,NULL,NULL,'KO-KR','All Steel Hibachi A50 – Charcoal Grill Bar (Black)'),(2328,89,2,NULL,NULL,'','KO-KR',NULL),(2329,90,1,NULL,NULL,NULL,'VN-VI','Bộ nồi Amberline 1L và 2L / Thủy tinh -  Luminarc LR2060'),(2330,90,18,NULL,NULL,NULL,NULL,''),(2331,90,13,2,NULL,NULL,NULL,NULL),(2332,90,34,NULL,NULL,NULL,NULL,''),(2333,90,14,2,NULL,NULL,NULL,NULL),(2334,90,24,NULL,26,NULL,NULL,NULL),(2335,90,31,1,NULL,NULL,NULL,NULL),(2336,90,32,1,NULL,NULL,NULL,NULL),(2337,90,33,1,NULL,NULL,NULL,NULL),(2338,90,2,NULL,NULL,'<p><strong>BỘ SẢN PHẨM BAO GỒM:</strong></p>\n\n<p>- 1x Nồi dung t&iacute;ch 1L</p>\n\n<p>- 1x Nồi dung t&iacute;ch 2L</p>\n\n<p><strong>CHI TIẾT SẢN PHẨM</strong></p>\n\n<p><span style=\"color:rgb(64, 64, 64); font-family:helvetica,arial,sans-serif; font-size:12px\">Với bộ nồi thủy tinh&nbsp;</span><strong>Luminarc LR2060</strong><span style=\"color:rgb(64, 64, 64); font-family:helvetica,arial,sans-serif; font-size:12px\">&nbsp;dung t&iacute;ch 1 v&agrave; 2 l&iacute;t, bạn c&oacute; thể thoải m&aacute;i chế biến v&agrave; nấu c&aacute;c m&oacute;n ăn ưa th&iacute;ch cho gia đ&igrave;nh. Thiết kế sang trọng với chất liệu thủy tinh cao cấp, chịu sốc nhiệt v&agrave; chịu va đập tốt, bộ nồi thủy tinh sẽ mang lại tiện &iacute;ch nấu ăn v&agrave; cũng như bảo đảm t&iacute;nh an to&agrave;n khi sử dụng nồi. Việc lau rửa nồi cũng ho&agrave;n to&agrave;n dễ d&agrave;ng bởi khả năng chống b&aacute;m bụi v&agrave; dễ ch&ugrave;i rửa của chất liệu. Đặc biệt, th&acirc;n nồi được bảo h&agrave;nh 10 năm để đảm bảo về độ bền v&agrave; chất lượng của nồi.</span></p>\n\n<div style=\"margin: 0px; padding: 0px; color: rgb(64, 64, 64); font-family: Helvetica, Arial, sans-serif; font-size: 12px; line-height: 22.7999992370605px; text-align: justify;\"><strong>ĐẶC ĐIỂM NỔI BẬT</strong></div>\n\n<p style=\"text-align:justify\"><strong>Thủy tinh cao cấp</strong><br />\nNồi được l&agrave;m từ chất liệu thủy tinh m&agrave;u hổ ph&aacute;ch, mang t&iacute;nh thẩm mỹ cao v&agrave; bạn cũng sẽ dễ d&agrave;ng quan s&aacute;t thực phẩm b&ecirc;n trong ngay trong khi nấu.</p>\n\n<p style=\"text-align:justify\"><strong>Chống b&aacute;m bẩn</strong><br />\nChất liệu dễ ch&ugrave;i rửa, mang t&iacute;nh an to&agrave;n vệ sinh cao. Việc vệ sinh nồi sẽ trở n&ecirc;n dễ d&agrave;ng v&agrave; nhanh ch&oacute;ng hơn với ngay cả khi chế biến thực phẩm chứa dầu mỡ, gi&uacute;p bạn tiết kiệm thời gian cọ rửa nồi mỗi ng&agrave;y.</p>\n\n<p style=\"text-align:justify\"><strong>Khả năng chịu sốc nhiệt</strong><br />\nSản phẩm c&oacute; thể chịu sự sốc nhiệt khi nhiệt độ thay đổi đột ngột (-40 độ C đến +800 độ C). Mang lại độ bền v&agrave; t&iacute;nh an to&agrave;n cao cho người sử dụng.</p>\n\n<p style=\"text-align:justify\"><strong>C&oacute; thể d&ugrave;ng với bếp ga, bếp điện v&agrave; l&ograve; vi s&oacute;ng</strong><br />\nNồi thủy tinh cao cấp c&oacute; thể d&ugrave;ng nấu ăn tr&ecirc;n bếp ga, bếp điện hoặc l&ograve; vi s&oacute;ng (lưu &yacute;: kh&ocirc;ng đậy nắp khi d&ugrave;ng l&ograve;). Sản phẩm đem lại sự tiện dụng cao khi nấu ăn.</p>\n\n<p style=\"text-align:justify\"><strong>C&oacute; thể d&ugrave;ng trong m&aacute;y rửa ch&eacute;n</strong><br />\nSản phẩm c&oacute; thể d&ugrave;ng với m&aacute;y rửa ch&eacute;n, gi&uacute;p việc ch&ugrave;i rửa trở n&ecirc;n dễ d&agrave;ng hơn.</p>\n\n<p style=\"text-align:justify\"><strong>Gồm 2 nồi k&iacute;ch thước kh&aacute;c nhau</strong><br />\nBộ nồi gồm 2 nồi k&iacute;ch thước cỡ nhỏ (dung t&iacute;ch 1 l&iacute;t) v&agrave; lớn (dung t&iacute;ch 2 l&iacute;t), bạn c&oacute; thể hầm, nấu nhiều thực phẩm kh&aacute;c nhau để tạo ra những m&oacute;n canh n&oacute;ng hổi hay m&oacute;n ch&egrave; ngọt lịm cho gia đ&igrave;nh.</p>\n\n<p style=\"text-align:justify\"><strong>Mẹo vặt cho bạn</strong><br />\nKhi đ&aacute;nh rửa cốc ch&eacute;n hay bất cứ đồ d&ugrave;ng g&igrave; bằng thủy tinh trong nh&agrave; bạn cần phải thật nhẹ nh&agrave;ng, hạn chế tối đa va chạm, cọ s&aacute;t nếu kh&ocirc;ng rất dễ bị vỡ, sứt mẻ hay rạn nứt.<br />\nSau một thời gian sử dụng, đồ thủy tinh trở n&ecirc;n xỉn m&agrave;u. Nếu bạn muốn t&igrave;m lại sự s&aacute;ng trong như ban đầu c&aacute;ch tốt nhất l&agrave; n&ecirc;n d&ugrave;ng vỏ trứng, chanh v&agrave; giấm. Bằng c&aacute;ch v&ograve; n&aacute;t khoảng 6 vỏ trứng v&agrave;o đồ d&ugrave;ng cần l&agrave;m sạch sau đ&oacute; vắt hai quả chanh hoặc một nửa cốc giấm. Ng&acirc;m qua một đ&ecirc;m đủ thời gian để cho vỏ trứng tan trong nước chanh hoặc giấm. Rửa đồ d&ugrave;ng bằng nước n&oacute;ng v&agrave; &uacute;p kh&ocirc;.</p>\n\n<div style=\"margin: 0px; padding: 0px; color: rgb(64, 64, 64); font-family: Helvetica, Arial, sans-serif; font-size: 12px; line-height: 22.7999992370605px; text-align: justify;\"><strong>TH&Ocirc;NG TIN THƯƠNG HIỆU</strong></div>\n\n<p style=\"text-align:justify\">Thương hiệu&nbsp;<strong>Luminarc</strong>&nbsp;thuộc tập đo&agrave;n ARC International được th&agrave;nh lập năm 1825 tại Ph&aacute;p, chuy&ecirc;n sản xuất c&aacute;c sản phẩm thuỷ tinh, pha l&ecirc; gia dụng phục vụ cho c&aacute;c nhu cầu hằng ng&agrave;y của người ti&ecirc;u d&ugrave;ng cũng như c&aacute;c nh&agrave; h&agrave;ng v&agrave; kh&aacute;ch sạn lớn. L&agrave; một nh&atilde;n h&agrave;ng chủ lực của ARC,&nbsp;<strong>Luminarc</strong>&nbsp;chuy&ecirc;n về c&aacute;c sản phẩm bằng thủy tinh cao cấp với kiểu d&aacute;ng v&agrave; hoa văn sang trọng. Với chất lượng bảo đảm c&ugrave;ng kỹ thuật sản xuất hiện đại,&nbsp;<strong>Luminarc</strong>&nbsp;lu&ocirc;n l&agrave;m h&agrave;i l&ograve;ng tất cả kh&aacute;ch h&agrave;ng tr&ecirc;n thế giới bằng c&aacute;c sản phẩm c&oacute; độ bền cũng như t&iacute;nh thẩm mỹ cao. Hiện nay, sản phẩm của Luminarc đ&atilde; được xuất khẩu tr&ecirc;n 180 quốc gia kh&aacute;c nhau tr&ecirc;n to&agrave;n thế giới.</p>\n','VN-VI',NULL),(2339,90,26,NULL,NULL,'',NULL,NULL),(2340,90,27,30,NULL,NULL,NULL,NULL),(2341,90,28,30,NULL,NULL,NULL,NULL),(2342,90,29,NULL,0,NULL,NULL,NULL),(2343,90,30,NULL,0,NULL,NULL,NULL),(2344,90,21,NULL,NULL,NULL,NULL,''),(2345,90,22,NULL,NULL,'',NULL,NULL),(2346,90,23,NULL,NULL,'',NULL,NULL),(2347,90,1,NULL,NULL,NULL,'EN-US','Set Glass Pots Amberline 1L and 2L -  Luminarc LR2060'),(2348,90,2,NULL,NULL,'','EN-US',NULL),(2349,90,1,NULL,NULL,NULL,'KO-KR','Set Glass Pots Amberline 1L and 2L -  Luminarc LR2060'),(2350,90,2,NULL,NULL,'','KO-KR',NULL),(2351,91,1,NULL,NULL,NULL,'VN-VI','Thớt gỗ - Gỗ Đức Thành 06471'),(2352,91,18,NULL,NULL,NULL,NULL,''),(2353,91,13,2,NULL,NULL,NULL,NULL),(2354,91,34,NULL,NULL,NULL,NULL,'Đức Thành'),(2355,91,14,1,NULL,NULL,NULL,NULL),(2356,91,24,NULL,26,NULL,NULL,NULL),(2357,91,31,1,NULL,NULL,NULL,NULL),(2358,91,32,1,NULL,NULL,NULL,NULL),(2359,91,33,1,NULL,NULL,NULL,NULL),(2360,91,2,NULL,NULL,'<div style=\"text-align: justify;\"><strong>CHI TIẾT SẢN PHẨM</strong></div>\n\n<div style=\"text-align: justify;\">&nbsp;</div>\n\n<div style=\"text-align: justify;\">Thớt <strong>Gỗ Đức Th&agrave;nh 06471</strong> h&igrave;nh chữ nhật d&agrave;y 3.3cm, bạn c&oacute; thể băm chặt xương, c&aacute;c loại thực phẩm lớn m&agrave; kh&ocirc;ng bị trơn trượt. Thớt <strong>Gỗ Đức Th&agrave;nh 06471</strong> được l&agrave;m từ những thớ gỗ c&oacute; chất lượng cao v&agrave; trải qua qu&aacute; tr&igrave;nh tẩm sấy cẩn thận, đảm bảo độ tinh sạch, kh&ocirc;ng mốc mọt, kh&ocirc;ng rạn nứt. Bề mặt thớt <strong>Gỗ Đức Th&agrave;nh 06471</strong> được gia c&ocirc;ng bằng phẳng v&agrave; kh&ocirc;ng c&oacute; kẽ li ti, do đ&oacute; khi th&aacute;i, thịt c&aacute;, rau củ sẽ kh&ocirc;ng bị dắt v&agrave;o thớt.</div>\n\n<div style=\"text-align: justify;\">&nbsp;</div>\n\n<div style=\"text-align: justify;\">&nbsp;</div>\n\n<div style=\"margin: 0px; padding: 0px;\"><strong>ĐẶC ĐIỂM SẢN PHẨM</strong></div>\n\n<p><strong>Thớt l&agrave;m bằng chất liệu gỗ cao su</strong> Thớt <strong>Gỗ Đức Th&agrave;nh 06471</strong> được gia c&ocirc;ng ho&agrave;n to&agrave;n bằng chất liệu gỗ cao su tự nhi&ecirc;n. Gỗ cao su c&oacute; đặc điểm nhẹ nhưng rất cứng, v&acirc;n gỗ d&agrave;y, m&agrave;u s&aacute;ng đẹp. Bề mặt lu&ocirc;n nhẵn b&oacute;ng, kh&ocirc;ng cong v&ecirc;nh, kh&ocirc;ng c&oacute; kẽ nứt li ti. <strong>An to&agrave;n cho sức khỏe người d&ugrave;ng</strong> Thớt <strong>Gỗ Đức Th&agrave;nh 06471</strong> trải qua quy tr&igrave;nh gồm 10 bước tẩm sấy cẩn thận để đảm bảo độ tinh sạch của sản phẩm, kh&ocirc;ng mốc, kh&ocirc;ng mọt, kh&ocirc;ng rạn nứt. Đặc biệt, kh&ocirc;ng sử dụng phẩm m&agrave;u để sơn l&ecirc;n bề mặt thớt n&ecirc;n đảm bảo an to&agrave;n khi sử dụng. <strong>Vệ sinh dễ d&agrave;ng</strong> Sau khi th&aacute;i thịt c&aacute;, rau củ, bạn chỉ cần rửa thớt bằng x&agrave; ph&ograve;ng v&agrave; treo cho r&aacute;o nước để thớt kh&ocirc;ng bị ẩm thấp, dễ dẫn đến vi khuẩn sinh s&ocirc;i. <strong>Kiểu d&aacute;ng đẹp mắt v&agrave; tiện lợi</strong> Thớt h&igrave;nh chữ nhật, v&acirc;n gỗ d&agrave;y đều, đẹp mắt, c&oacute; lỗ treo để bạn thuận tiện cất giữ. Thớt d&agrave;y, chắc chắn, k&iacute;ch thước 31x21x3.3cm, n&ecirc;n bạn c&oacute; thể chặt, th&aacute;i, băm,... thực phẩm dễ d&agrave;ng.</p>\n\n<div style=\"margin: 0px; padding: 0px;\"><strong>TH&Ocirc;NG TIN NH&Atilde;N HIỆU</strong></div>\n\n<p>Được th&agrave;nh lập năm 1991, Đức Th&agrave;nh l&agrave; một trong những c&ocirc;ng ty h&agrave;ng đầu Việt Nam chuy&ecirc;n sản xuất c&aacute;c mặt h&agrave;ng nh&agrave; bếp, h&agrave;ng gia dụng v&agrave; đồ chơi trẻ em bằng gỗ. Trong đ&oacute;, sản phẩm thớt gỗ đa dạng về mẫu m&atilde; v&agrave; vượt trội về chất lượng, l&agrave; một trong những d&ograve;ng sản phẩm nổi bật của c&ocirc;ng ty. Đức Th&agrave;nh đ&atilde; được cấp chứng chỉ chất lượng ISO 9001 : 2008, sự đảm bảo trong việc cung cấp cho kh&aacute;ch h&agrave;ng những sản phẩm v&agrave; dịch vụ tốt nhất. Với đội ngũ hơn 1000 c&ocirc;ng nh&acirc;n kỹ thuật c&oacute; tay nghề cao, m&aacute;y m&oacute;c hiện đại, mẫu m&atilde; đa dạng, sản phẩm của Đức Th&agrave;nh đ&atilde; xuất đến hơn 50 quốc gia tr&ecirc;n thế giới, v&agrave; được b&agrave;y b&aacute;n tại hơn 800 đại l&yacute;, hệ thống si&ecirc;u thị, trung t&acirc;m thương mại lớn tr&ecirc;n to&agrave;n quốc.</p>\n','VN-VI',NULL),(2361,91,26,NULL,NULL,'',NULL,NULL),(2362,91,27,3,NULL,NULL,NULL,NULL),(2363,91,28,30,NULL,NULL,NULL,NULL),(2364,91,29,NULL,0,NULL,NULL,NULL),(2365,91,30,NULL,0,NULL,NULL,NULL),(2366,91,21,NULL,NULL,NULL,NULL,''),(2367,91,22,NULL,NULL,'',NULL,NULL),(2368,91,23,NULL,NULL,'',NULL,NULL),(2369,91,1,NULL,NULL,NULL,'EN-US','Cutting Board - Đức Thành Wood 06471'),(2370,91,2,NULL,NULL,'','EN-US',NULL),(2371,91,1,NULL,NULL,NULL,'KO-KR','Cutting Board - Đức Thành Wood 06471'),(2372,91,2,NULL,NULL,'','KO-KR',NULL),(2373,92,1,NULL,NULL,NULL,'VN-VI','Nồi Hấp Philips HD9125'),(2374,92,18,NULL,NULL,NULL,NULL,''),(2375,92,13,2,NULL,NULL,NULL,NULL),(2376,92,34,NULL,NULL,NULL,NULL,'Philips'),(2377,92,14,2,NULL,NULL,NULL,NULL),(2378,92,24,NULL,26,NULL,NULL,NULL),(2379,92,31,1,NULL,NULL,NULL,NULL),(2380,92,32,1,NULL,NULL,NULL,NULL),(2381,92,33,1,NULL,NULL,NULL,NULL),(2382,92,2,NULL,NULL,'<p><strong>Giới thiệu</strong></p>\n\n<p><span style=\"font-family:arial; font-size:14px\">Kh&ocirc;ng cần phải tốn thời gian ngồi canh những m&oacute;n c&aacute; thịt đang hấp nữa. Chỉ cần đặt thực phẩm c&ugrave;ng gia vị v&agrave;o trong xửng HD9125 v&agrave; nhấn n&uacute;t l&agrave; bạn sẽ c&oacute; được những m&oacute;n ăn với hương vị thơm ngon trong thời gian ngắn.&nbsp;</span><strong>Nồi Hấp Philips HD9125&nbsp;</strong><span style=\"font-family:arial; font-size:14px\">c&oacute; dung t&iacute;ch 9L, c&ocirc;ng suất hoạt động 900W, gi&uacute;p bạn hấp được nhiều loại thực phẩm kh&aacute;c nhau như: rau, củ, c&aacute;, thịt,...Nồi c&ograve;n c&oacute; th&ecirc;m chức năng hẹn giờ tiện lợi cho từng loại thực phẩm.</span><br />\n<br />\n<strong>Ưu điểm nổi bật:</strong><br />\n<br />\n<em><strong>Chất liệu nhựa cao cấp</strong></em><br />\n<span style=\"font-family:arial; font-size:14px\">L&ograve;ng nồi hấp l&agrave;m bằng nhựa cao cấp, an to&agrave;n cho thực phẩm v&agrave; sức khỏe người d&ugrave;ng.</span><br />\n<br />\n<em><strong>Chức năng tăng hương vị độc đ&aacute;o</strong></em><br />\n<span style=\"font-family:arial; font-size:14px\">Gi&uacute;p mang đến m&ugrave;i vị thơm ngon hơn cho những m&oacute;n hấp. Chỉ cần đặt c&aacute;c loại rau thơm v&agrave; gia vị y&ecirc;u th&iacute;ch của bạn v&agrave;o trong hộp gia tăng hương vị, v&agrave; để nồi hấp thực hiện hết việc c&ograve;n lại. Nhiệt từ nồi hấp sẽ giải ph&oacute;ng hương vị tinh tế từ rau thơm v&agrave; gia vị, thấm s&acirc;u v&agrave;o trong thức ăn, mang đến hương vị thơm ngon cho m&oacute;n ăn.</span><br />\n<br />\n<em><strong>Chức năng hẹn giờ</strong></em><br />\n<strong>Nồi Hấp Philips HD9125</strong><span style=\"font-family:arial; font-size:14px\">&nbsp;c&oacute; nhiều mức hẹn giờ c&agrave;i đặt sẵn, tự động ngắt hơi hấp sau khi đạt đến thời gian hấp l&yacute; tưởng. Việc n&agrave;y sẽ gi&uacute;p bạn nấu rất nhiều loại thức ăn &ndash; gồm gạo, trứng, rau, g&agrave; v&agrave; c&aacute; &ndash; đạt được kết quả ho&agrave;n hảo, giữ lại tất cả hương vị v&agrave; vitamin.</span><br />\n<br />\n<em><strong>Đường tiếp nước v&agrave;o từ b&ecirc;n ngo&agrave;i</strong></em><br />\n<span style=\"font-family:arial; font-size:14px\">Trong qu&aacute; tr&igrave;nh hấp, bạn c&oacute; thể dễ d&agrave;ng ch&acirc;m th&ecirc;m nước v&agrave;o nồi từ b&ecirc;n ngo&agrave;i m&agrave; kh&ocirc;ng cần phải mở nắp. Hơn thế nữa, xửng hấp c&oacute; chế độ b&aacute;o mực nước xuống thấp v&agrave; cần ch&acirc;m th&ecirc;m rất tiện dụng.</span><br />\n<br />\n<em><strong>C&aacute;c tầng hấp c&oacute; thể xếp chồng l&ecirc;n nhau</strong></em><br />\n<span style=\"font-family:arial; font-size:14px\">Nhờ v&agrave;o thiết kế rời nhau, c&aacute;c tầng hấp c&oacute; thể xếp chồng l&ecirc;n nhau một c&aacute;ch gọn g&agrave;ng v&agrave; sử dụng &iacute;t kh&ocirc;ng gian bảo quản hơn.</span><br />\n<br />\n<em><strong>Dễ lau rửa, bảo quản</strong></em><br />\n<span style=\"font-family:arial; font-size:14px\">Với thiết kế th&aacute;o rời th&ocirc;ng minh, việc vệ sinh v&agrave; bảo quản xửng hấp l&agrave; ho&agrave;n to&agrave;n dễ d&agrave;ng ngay trong m&aacute;y rửa ch&eacute;n.</span><br />\n<br />\n<strong>Th&ocirc;ng số kĩ thuật:</strong><br />\n<span style=\"font-family:arial; font-size:14px\">- C&ocirc;ng suất: 900W</span><br />\n<span style=\"font-family:arial; font-size:14px\">- Dung t&iacute;ch tầng hấp: 2,6/ 2,9/ 4,5L.</span><br />\n<span style=\"font-family:arial; font-size:14px\">- Dung t&iacute;ch ngăn chứa nước: 1,1L.</span><br />\n<span style=\"font-family:arial; font-size:14px\">- Điện &aacute;p: 220V - 240V</span></p>\n\n<p><strong>Th&ocirc;ng tin chung</strong></p>\n\n<ul>\n	<li>Thương hiệu: Philips</li>\n	<li>Xuất xứ thương hiệu: H&agrave; Lan</li>\n	<li>Chất liệu: Nhựa</li>\n	<li>M&agrave;u sắc: Trắng</li>\n	<li>Khối lượng (gr): 2300</li>\n	<li>Đơn vị t&iacute;nh gi&aacute;: Bộ</li>\n	<li>Bảo h&agrave;nh: 24 th&aacute;ng</li>\n	<li>Nơi sản xuất: Trung Quốc</li>\n</ul>\n','VN-VI',NULL),(2383,92,26,NULL,NULL,'',NULL,NULL),(2384,92,27,3,NULL,NULL,NULL,NULL),(2385,92,28,30,NULL,NULL,NULL,NULL),(2386,92,29,NULL,30,NULL,NULL,NULL),(2387,92,30,NULL,30,NULL,NULL,NULL),(2388,92,21,NULL,NULL,NULL,NULL,''),(2389,92,22,NULL,NULL,'',NULL,NULL),(2390,92,23,NULL,NULL,'',NULL,NULL),(2391,92,1,NULL,NULL,NULL,'EN-US','Autoclaves Philips HD9125'),(2392,92,2,NULL,NULL,'','EN-US',NULL),(2393,92,1,NULL,NULL,NULL,'KO-KR','Autoclaves Philips HD9125'),(2394,92,2,NULL,NULL,'','KO-KR',NULL),(2395,93,1,NULL,NULL,NULL,'VN-VI','Bộ 4 dao inox CS Good 4U -  Morritalia 032296'),(2396,93,18,NULL,NULL,NULL,NULL,''),(2397,93,13,5,NULL,NULL,NULL,NULL),(2398,93,34,NULL,NULL,NULL,NULL,'Morritalia'),(2399,93,14,1,NULL,NULL,NULL,NULL),(2400,93,24,NULL,26,NULL,NULL,NULL),(2401,93,31,1,NULL,NULL,NULL,NULL),(2402,93,32,1,NULL,NULL,NULL,NULL),(2403,93,33,1,NULL,NULL,NULL,NULL),(2404,93,2,NULL,NULL,'<p style=\"text-align:justify\"><strong>BỘ SẢN PHẨM BAO GỒM</strong></p>\n\n<p style=\"text-align:justify\">- 01 dao cắt trung 13.5cm.<br />\n- 01 dao th&aacute;i 12.5 cm.<br />\n- 01 dao cắt nhỏ 11.5 cm.<br />\n- 01 dao gọt tỉa 9.5cm.</p>\n\n<p style=\"text-align:justify\"><strong>TH&Ocirc;NG TIN CHUNG</strong></p>\n\n<p style=\"text-align:justify\">Với thiết kế đa năng, bộ dao Inox&nbsp;<strong>Morritalia 032296</strong>&nbsp;l&agrave; sản phẩm kh&ocirc;ng thể thiếu cho gian bếp nh&agrave; bạn. C&aacute;c loại dao đều được l&agrave;m bằng chất liệu th&eacute;p kh&ocirc;ng gỉ v&agrave; phần lưỡi được bọc một lớp sơn chống d&iacute;nh bền bỉ, kh&ocirc;ng độc tố n&ecirc;n đảm bảo an to&agrave;n sức khỏe người ti&ecirc;u d&ugrave;ng. Th&ecirc;m v&agrave;o đ&oacute;, với những gam m&agrave;u nổi bật v&agrave; tươi s&aacute;ng, bộ dao c&ograve;n gi&uacute;p điểm th&ecirc;m n&eacute;t trẻ trung cho căn bếp nh&agrave; bạn. H&atilde;y c&ugrave;ng&nbsp;<strong>Morritalia 032296</strong>&nbsp;tận hưởng những tiện &iacute;ch của cuộc sống.</p>\n\n<p style=\"text-align:justify\"><strong>ĐẶC ĐIỂM NỔI BẬT</strong></p>\n\n<p style=\"text-align:justify\"><strong>Chất liệu cao cấp, an to&agrave;n</strong><br />\nBộ dao được cấu tạo từ chất liệu th&eacute;p kh&ocirc;ng gỉ, phần lưỡi được bọc một lớp sơn chống d&iacute;nh bền bỉ, kh&ocirc;ng độc tố n&ecirc;n tuyệt đối an to&agrave;n cho sức khỏe người ti&ecirc;u d&ugrave;ng. Th&ecirc;m v&agrave;o đ&oacute;, sản phẩm được sản xuất theo c&ocirc;ng nghệ của Đức, đảm bảo chất lượng tuyệt hảo, đem lại lợi &iacute;ch tối đa cho người sử dụng.</p>\n\n<p style=\"text-align:justify\"><strong>Thiết kế trẻ trung</strong><br />\nVới những gam m&agrave;u nổi bật v&agrave; tươi s&aacute;ng, bộ dao gi&uacute;p mang lại vẻ trẻ trung, hiện đại cho kh&ocirc;ng gian bếp nh&agrave; bạn.</p>\n\n<p style=\"text-align:justify\"><strong>M&aacute;ch nhỏ cho bạn</strong><br />\n- Rửa dao ngay lập tức sau khi sử dụng với x&agrave; ph&ograve;ng nhẹ. Tr&aacute;nh để dao tiếp x&uacute;c l&acirc;u d&agrave;i với thức ăn thừa.<br />\n- Tr&aacute;nh ch&agrave; x&aacute;t dao với c&aacute;c sản phẩm m&agrave;i m&ograve;n, vải cứng.<br />\n- Kh&ocirc;ng sử dụng thuốc tẩy, soda hoặc chất tẩy rửa c&oacute; chứa clo hoặc c&aacute;c ion clorua để vệ sinh dao bởi v&igrave; ch&uacute;ng sẽ khiến dao bị gỉ v&agrave; mất độ s&aacute;ng b&oacute;ng.</p>\n\n<div style=\"margin: 0px; padding: 0px; color: rgb(64, 64, 64); font-family: Helvetica, Arial, sans-serif; font-size: 12px; line-height: 22.7999992370605px; text-align: justify;\"><strong>TH&Ocirc;NG TIN THƯƠNG HIỆU</strong></div>\n\n<p style=\"text-align:justify\">Được Nicola Mori th&agrave;nh lập tại &Yacute; v&agrave;o năm 1829, sau hơn 180 năm h&igrave;nh th&agrave;nh v&agrave; ph&aacute;t triển,&nbsp;<strong>Moriitalia</strong>&nbsp;đ&atilde; trở th&agrave;nh nh&atilde;n hiệu sản xuất đồ d&ugrave;ng nh&agrave; bếp v&agrave; vật dụng gia đ&igrave;nh nổi tiếng khắp thế giới. C&aacute;c sản phẩm của&nbsp;<strong>Moriitalia</strong>&nbsp;được ph&aacute;t triển với trọng t&acirc;m l&agrave; s&aacute;ng tạo, chất lượng cao, dễ sử dụng, an to&agrave;n.&nbsp;<strong>Moriitalia</strong>&nbsp;c&oacute; đầy đủ c&aacute;c sản phẩm bao gồm đồ nh&agrave; bếp, dụng cụ nấu nướng, dao, k&eacute;o, bộ đồ ăn, hộp bảo quản thực phẩm, b&igrave;nh giữ nhiệt, c&aacute;c sản phẩm thủy tinh, pha l&ecirc;, sản phẩm bằng tre, ch&eacute;n b&aacute;t bằng gốm sứ v&agrave; đầy đủ c&aacute;c loại đồ gia dụng. C&aacute;c cửa h&agrave;ng&nbsp;<strong>Moriitalia</strong>&nbsp;c&oacute; mặt tại khắp nước &Yacute; v&agrave; c&aacute;c sản phẩm&nbsp;<strong>Moriitalia</strong>&nbsp;đ&atilde; c&oacute; mặt tại 78 quốc gia tr&ecirc;n thế giới.</p>\n','VN-VI',NULL),(2405,93,26,NULL,NULL,'',NULL,NULL),(2406,93,27,3,NULL,NULL,NULL,NULL),(2407,93,28,30,NULL,NULL,NULL,NULL),(2408,93,29,NULL,30,NULL,NULL,NULL),(2409,93,30,NULL,30,NULL,NULL,NULL),(2410,93,21,NULL,NULL,NULL,NULL,''),(2411,93,22,NULL,NULL,'',NULL,NULL),(2412,93,23,NULL,NULL,'',NULL,NULL),(2413,93,1,NULL,NULL,NULL,'EN-US','Set 4 knives inox CS Good 4U -  Morritalia 032296'),(2414,93,2,NULL,NULL,'','EN-US',NULL),(2415,93,1,NULL,NULL,NULL,'KO-KR','Set 4 knives inox CS Good 4U -  Morritalia 032296'),(2416,93,2,NULL,NULL,'','KO-KR',NULL),(2417,94,1,NULL,NULL,NULL,'VN-VI','Bộ dao 6 món / Inox (Đen) -  ELMICH Black White'),(2418,94,18,NULL,NULL,NULL,NULL,''),(2419,94,13,5,NULL,NULL,NULL,NULL),(2420,94,34,NULL,NULL,NULL,NULL,'ELMICH'),(2421,94,14,1,NULL,NULL,NULL,NULL),(2422,94,24,NULL,26,NULL,NULL,NULL),(2423,94,31,1,NULL,NULL,NULL,NULL),(2424,94,32,1,NULL,NULL,NULL,NULL),(2425,94,33,1,NULL,NULL,NULL,NULL),(2426,94,1,NULL,NULL,NULL,'EN-US','Set 6 knives / Inox (Black) -  ELMICH Black White'),(2427,94,2,NULL,NULL,'','EN-US',NULL),(2428,94,26,NULL,NULL,'',NULL,NULL),(2429,94,27,3,NULL,NULL,NULL,NULL),(2430,94,28,30,NULL,NULL,NULL,NULL),(2431,94,29,NULL,0,NULL,NULL,NULL),(2432,94,30,NULL,0,NULL,NULL,NULL),(2433,94,21,NULL,NULL,NULL,NULL,''),(2434,94,22,NULL,NULL,'',NULL,NULL),(2435,94,23,NULL,NULL,'',NULL,NULL),(2436,94,1,NULL,NULL,NULL,'KO-KR','Set 6 knives / Inox (Black) -  ELMICH Black White'),(2437,94,2,NULL,NULL,'','KO-KR',NULL),(2438,94,2,NULL,NULL,'<p><strong>CHI TIẾT SẢN PHẨM</strong></p>\n\n<p><span style=\"color:rgb(64, 64, 64); font-family:helvetica,arial,sans-serif; font-size:12px\">Dao l&agrave; vật dụng kh&ocirc;ng thể thiếu trong căn bếp mỗi nh&agrave;. Bộ dao&nbsp;</span><strong>Elmich Black White</strong><span style=\"color:rgb(64, 64, 64); font-family:helvetica,arial,sans-serif; font-size:12px\">&nbsp;với 6 m&oacute;n được l&agrave;m từ chất liệu inox 304 cao cấp c&oacute; độ sắc b&eacute;n v&agrave; độ bền cao.&nbsp;</span><strong>Elmich Black White</strong><span style=\"color:rgb(64, 64, 64); font-family:helvetica,arial,sans-serif; font-size:12px\">&nbsp;gồm nhiều sản phẩm với nhiều k&iacute;ch cỡ, bạn sẽ thoải m&aacute;i lựa chọn cho mỗi nhu cầu sử dụng. Ngo&agrave;i ra, m&agrave;u sắc s&aacute;ng b&oacute;ng từ inox sẽ khiến căn bếp của bạn trở n&ecirc;n thu h&uacute;t v&agrave; sang trọng hơn rất nhiều.</span></p>\n\n<div style=\"margin: 0px; padding: 0px; color: rgb(64, 64, 64); font-family: Helvetica, Arial, sans-serif; font-size: 12px; line-height: 22.7999992370605px; text-align: justify;\"><strong>ĐẶC ĐIỂM NỔI BẬT</strong></div>\n\n<p style=\"text-align:justify\"><strong>Chất liệu inox 304 kh&ocirc;ng gỉ</strong><br />\nBộ dao l&agrave;m từ chất liệu inox 304 c&oacute; độ sắc v&agrave; độ bền cao gi&uacute;p bạn cắt, gọt, chặt thực phẩm một c&aacute;ch dễ d&agrave;ng.</p>\n\n<p style=\"text-align:justify\"><strong>Bộ 6 sản phẩm</strong><br />\nBộ dao&nbsp;<strong>Elmich Black White</strong>&nbsp;bao gồm 1 dao chặt, 1 dao gọt, 2 dao th&aacute;i, 1 m&agrave;i dao v&agrave; 1 gi&aacute;. Mỗi sản phẩm được thiết kế chuy&ecirc;n dụng cho từng mục đ&iacute;ch sử dụng gi&uacute;p bạn thao t&aacute;c nhanh ch&oacute;ng v&agrave; hiệu quả.</p>\n\n<p style=\"text-align:justify\"><strong>C&aacute;n cầm an to&agrave;n</strong><br />\nPhần c&aacute;n được đ&uacute;c chắc chắn mang lại hiệu quả sử dụng cao v&agrave; an to&agrave;n.</p>\n\n<div style=\"margin: 0px; padding: 0px; color: rgb(64, 64, 64); font-family: Helvetica, Arial, sans-serif; font-size: 12px; line-height: 22.7999992370605px; text-align: justify;\"><strong>TH&Ocirc;NG TIN THƯƠNG HIỆU</strong></div>\n\n<p><span style=\"color:rgb(64, 64, 64); font-family:helvetica,arial,sans-serif; font-size:12px\">Tập đo&agrave;n Elmich th&agrave;nh lập năm 1994 tại Cộng h&ograve;a S&eacute;c. Trải qua 17 năm ph&aacute;t triển, Elmich với hệ thống văn ph&ograve;ng đại diện c&oacute; mặt tại hơn 6 quốc gia thuộc ch&acirc;u &Acirc;u, Hồng Kong v&agrave; Việt Nam. Tại Việt Nam, Elmich đ&atilde; ra mắt v&agrave;o ng&agrave;y 5/11/2011 với 2 thương hiệu l&agrave;: Elmich v&agrave; Smartcook. Elmich Việt Nam chuy&ecirc;n kinh doanh c&aacute;c sản phẩm đồ gia dụng cao cấp từ ch&acirc;u &Acirc;u như: nồi, chảo, dao, thớt &hellip; c&aacute;c loại ly, cốc, hộp bảo quản. Đặc biệt, nguy&ecirc;n liệu sản xuất ra c&aacute;c sản phẩm của Elmich đều c&oacute; nguồn gốc từ thiện nhi&ecirc;n theo ti&ecirc;u chuẩn an to&agrave;n sức khỏe của ch&acirc;u &Acirc;u. C&aacute;c sản phẩm được l&agrave;m từ chất liệu Inox 304 kh&ocirc;ng chứa chất độc hại g&acirc;y ảnh hưởng đến sức khỏe người ti&ecirc;u d&ugrave;ng. B&ecirc;n cạnh đ&oacute;, t&iacute;nh tiện lợi trong mỗi sản phẩm tạo cho người sử dụng những đam m&ecirc; v&agrave; cảm hứng khi d&ugrave;ng c&aacute;c sản phẩm của Elmich.</span></p>\n','VN-VI',NULL),(2439,95,1,NULL,NULL,NULL,'VN-VI','Dao gọt trái cây / Thép không gỉ - Omega OM-D4'),(2440,95,18,NULL,NULL,NULL,NULL,''),(2441,95,13,5,NULL,NULL,NULL,NULL),(2442,95,34,NULL,NULL,NULL,NULL,''),(2443,95,14,1,NULL,NULL,NULL,NULL),(2444,95,24,NULL,26,NULL,NULL,NULL),(2445,95,31,1,NULL,NULL,NULL,NULL),(2446,95,32,1,NULL,NULL,NULL,NULL),(2447,95,33,1,NULL,NULL,NULL,NULL),(2448,95,2,NULL,NULL,'<p style=\"text-align:justify\">Chiếc dao&nbsp;<strong>Omega OM-D4&nbsp;</strong>c&oacute; thiết kế thu&ocirc;n d&agrave;i, đầu dao nhọn, th&iacute;ch hợp cho việc cắt gọt tr&aacute;i c&acirc;y v&agrave; rau củ. Lưỡi dao được l&agrave;m bằng th&eacute;p kh&ocirc;ng gỉ s&aacute;ng b&oacute;ng, rất sắc v&agrave; cho tuổi thọ sử dụng k&eacute;o d&agrave;i. Sản phẩm ch&iacute;nh l&agrave; người bạn kh&ocirc;ng thể thiếu trong gian bếp của c&aacute;c b&agrave; nội trợ hiện đại.</p>\n\n<ul>\n	<li style=\"text-align:left\"><span style=\"color:rgb(84, 83, 81)\">Chiều d&agrave;i 25cm</span></li>\n	<li style=\"text-align:left\"><span style=\"color:rgb(84, 83, 81)\">Lưỡi th&eacute;p kh&ocirc;ng gỉ, c&aacute;n nhựa</span></li>\n</ul>\n\n<div style=\"margin: 0px; padding: 0px; color: rgb(64, 64, 64); font-family: Helvetica, Arial, sans-serif; font-size: 12px; line-height: 22.7999992370605px; text-align: justify;\"><strong>ĐẶC ĐIỂM NỔI BẬT</strong></div>\n\n<p style=\"text-align:justify\"><strong>Chất liệu th&eacute;p kh&ocirc;ng gỉ s&aacute;ng b&oacute;ng v&agrave; độ bền cao</strong><br />\nNhằm đảm bảo chất lượng cho dao, h&atilde;ng Omega đ&atilde; chọn sử dụng chất liệu th&eacute;p kh&ocirc;ng gỉ để l&agrave;m lưỡi dao. Chất liệu n&agrave;y sẽ đảm bảo độ bền, cứng cho sản phẩm. Khi bạn d&ugrave;ng dao cắt những thực phẩm c&oacute; độ cứng cũng kh&ocirc;ng bị g&atilde;y lưỡi, đảm bảo an to&agrave;n cho người sử dụng.</p>\n\n<p style=\"text-align:justify\"><strong>Thiết kế tạo sự an to&agrave;n khi sử dụng</strong><br />\nTay cầm d&agrave;i, cứng c&aacute;p, c&oacute; độ nh&aacute;m, bảo đảm cho người sử dụng cầm chắc chắn, kh&ocirc;ng bị trơn, trượt.</p>\n\n<p style=\"text-align:justify\"><strong>Một số điểm cần lưu &yacute; khi bảo quản dao</strong><br />\nKhi vệ sinh dao, bạn n&ecirc;n d&ugrave;ng miếng b&ugrave;i nh&ugrave;i lau sạch những vết bẩn b&aacute;m tr&ecirc;n lưỡi v&agrave; c&aacute;n dao. Cần vệ sinh ngay sau khi vừa sử dụng xong rồi lau kh&ocirc; bằng khăn sạch. Dao cần bảo quản ở ống cắm dao hoặc một ngăn k&eacute;o ri&ecirc;ng biệt trong tủ bếp. Kh&ocirc;ng ng&acirc;m dao v&agrave;o trong nước v&igrave; như thế c&aacute;n dao dễ bị lỏng v&agrave; xơ vữa dần theo thời gian.</p>\n','VN-VI',NULL),(2449,95,26,NULL,NULL,'',NULL,NULL),(2450,95,27,3,NULL,NULL,NULL,NULL),(2451,95,28,30,NULL,NULL,NULL,NULL),(2452,95,29,NULL,28,NULL,NULL,NULL),(2453,95,30,NULL,28,NULL,NULL,NULL),(2454,95,21,NULL,NULL,NULL,NULL,''),(2455,95,22,NULL,NULL,'',NULL,NULL),(2456,95,23,NULL,NULL,'',NULL,NULL),(2457,95,1,NULL,NULL,NULL,'EN-US','Fruit paring knife / Stainless steel - Omega OM-D4'),(2458,95,2,NULL,NULL,'','EN-US',NULL),(2459,95,1,NULL,NULL,NULL,'KO-KR','Fruit paring knife / Stainless steel - Omega OM-D4'),(2460,95,2,NULL,NULL,'','KO-KR',NULL),(2461,96,1,NULL,NULL,NULL,'VN-VI','Nồi Hấp Philips HD9125'),(2462,96,18,NULL,NULL,NULL,NULL,''),(2463,96,13,2,NULL,NULL,NULL,NULL),(2464,96,34,NULL,NULL,NULL,NULL,'Philips'),(2465,96,14,2,NULL,NULL,NULL,NULL),(2466,96,24,NULL,26,NULL,NULL,NULL),(2467,96,31,1,NULL,NULL,NULL,NULL),(2468,96,32,1,NULL,NULL,NULL,NULL),(2469,96,33,1,NULL,NULL,NULL,NULL),(2470,96,2,NULL,NULL,'<p><strong>Giới thiệu</strong></p>\n\n<p><span style=\"font-family:arial; font-size:14px\">Kh&ocirc;ng cần phải tốn thời gian ngồi canh những m&oacute;n c&aacute; thịt đang hấp nữa. Chỉ cần đặt thực phẩm c&ugrave;ng gia vị v&agrave;o trong xửng HD9125 v&agrave; nhấn n&uacute;t l&agrave; bạn sẽ c&oacute; được những m&oacute;n ăn với hương vị thơm ngon trong thời gian ngắn.&nbsp;</span><strong>Nồi Hấp Philips HD9125&nbsp;</strong><span style=\"font-family:arial; font-size:14px\">c&oacute; dung t&iacute;ch 9L, c&ocirc;ng suất hoạt động 900W, gi&uacute;p bạn hấp được nhiều loại thực phẩm kh&aacute;c nhau như: rau, củ, c&aacute;, thịt,...Nồi c&ograve;n c&oacute; th&ecirc;m chức năng hẹn giờ tiện lợi cho từng loại thực phẩm.</span><br />\n<br />\n<strong>Ưu điểm nổi bật:</strong><br />\n<br />\n<em><strong>Chất liệu nhựa cao cấp</strong></em><br />\n<span style=\"font-family:arial; font-size:14px\">L&ograve;ng nồi hấp l&agrave;m bằng nhựa cao cấp, an to&agrave;n cho thực phẩm v&agrave; sức khỏe người d&ugrave;ng.</span><br />\n<br />\n<em><strong>Chức năng tăng hương vị độc đ&aacute;o</strong></em><br />\n<span style=\"font-family:arial; font-size:14px\">Gi&uacute;p mang đến m&ugrave;i vị thơm ngon hơn cho những m&oacute;n hấp. Chỉ cần đặt c&aacute;c loại rau thơm v&agrave; gia vị y&ecirc;u th&iacute;ch của bạn v&agrave;o trong hộp gia tăng hương vị, v&agrave; để nồi hấp thực hiện hết việc c&ograve;n lại. Nhiệt từ nồi hấp sẽ giải ph&oacute;ng hương vị tinh tế từ rau thơm v&agrave; gia vị, thấm s&acirc;u v&agrave;o trong thức ăn, mang đến hương vị thơm ngon cho m&oacute;n ăn.</span><br />\n<br />\n<em><strong>Chức năng hẹn giờ</strong></em><br />\n<strong>Nồi Hấp Philips HD9125</strong><span style=\"font-family:arial; font-size:14px\">&nbsp;c&oacute; nhiều mức hẹn giờ c&agrave;i đặt sẵn, tự động ngắt hơi hấp sau khi đạt đến thời gian hấp l&yacute; tưởng. Việc n&agrave;y sẽ gi&uacute;p bạn nấu rất nhiều loại thức ăn &ndash; gồm gạo, trứng, rau, g&agrave; v&agrave; c&aacute; &ndash; đạt được kết quả ho&agrave;n hảo, giữ lại tất cả hương vị v&agrave; vitamin.</span><br />\n<br />\n<em><strong>Đường tiếp nước v&agrave;o từ b&ecirc;n ngo&agrave;i</strong></em><br />\n<span style=\"font-family:arial; font-size:14px\">Trong qu&aacute; tr&igrave;nh hấp, bạn c&oacute; thể dễ d&agrave;ng ch&acirc;m th&ecirc;m nước v&agrave;o nồi từ b&ecirc;n ngo&agrave;i m&agrave; kh&ocirc;ng cần phải mở nắp. Hơn thế nữa, xửng hấp c&oacute; chế độ b&aacute;o mực nước xuống thấp v&agrave; cần ch&acirc;m th&ecirc;m rất tiện dụng.</span><br />\n<br />\n<em><strong>C&aacute;c tầng hấp c&oacute; thể xếp chồng l&ecirc;n nhau</strong></em><br />\n<span style=\"font-family:arial; font-size:14px\">Nhờ v&agrave;o thiết kế rời nhau, c&aacute;c tầng hấp c&oacute; thể xếp chồng l&ecirc;n nhau một c&aacute;ch gọn g&agrave;ng v&agrave; sử dụng &iacute;t kh&ocirc;ng gian bảo quản hơn.</span><br />\n<br />\n<em><strong>Dễ lau rửa, bảo quản</strong></em><br />\n<span style=\"font-family:arial; font-size:14px\">Với thiết kế th&aacute;o rời th&ocirc;ng minh, việc vệ sinh v&agrave; bảo quản xửng hấp l&agrave; ho&agrave;n to&agrave;n dễ d&agrave;ng ngay trong m&aacute;y rửa ch&eacute;n.</span><br />\n<br />\n<strong>Th&ocirc;ng số kĩ thuật:</strong><br />\n<span style=\"font-family:arial; font-size:14px\">- C&ocirc;ng suất: 900W</span><br />\n<span style=\"font-family:arial; font-size:14px\">- Dung t&iacute;ch tầng hấp: 2,6/ 2,9/ 4,5L.</span><br />\n<span style=\"font-family:arial; font-size:14px\">- Dung t&iacute;ch ngăn chứa nước: 1,1L.</span><br />\n<span style=\"font-family:arial; font-size:14px\">- Điện &aacute;p: 220V - 240V</span></p>\n\n<p><strong>Th&ocirc;ng tin chung</strong></p>\n\n<ul>\n	<li>Thương hiệu: Philips</li>\n	<li>Xuất xứ thương hiệu: H&agrave; Lan</li>\n	<li>Chất liệu: Nhựa</li>\n	<li>M&agrave;u sắc: Trắng</li>\n	<li>Khối lượng (gr): 2300</li>\n	<li>Đơn vị t&iacute;nh gi&aacute;: Bộ</li>\n	<li>Bảo h&agrave;nh: 24 th&aacute;ng</li>\n	<li>Nơi sản xuất: Trung Quốc</li>\n</ul>\n','VN-VI',NULL),(2471,96,26,NULL,NULL,'',NULL,NULL),(2472,96,27,3,NULL,NULL,NULL,NULL),(2473,96,28,30,NULL,NULL,NULL,NULL),(2474,96,29,NULL,30,NULL,NULL,NULL),(2475,96,30,NULL,30,NULL,NULL,NULL),(2476,96,21,NULL,NULL,NULL,NULL,''),(2477,96,22,NULL,NULL,'',NULL,NULL),(2478,96,23,NULL,NULL,'',NULL,NULL),(2479,96,1,NULL,NULL,NULL,'EN-US','Autoclaves Philips HD9125'),(2480,96,2,NULL,NULL,'','EN-US',NULL),(2481,96,1,NULL,NULL,NULL,'KO-KR','Autoclaves Philips HD9125'),(2482,96,2,NULL,NULL,'','KO-KR',NULL),(2492,97,1,NULL,NULL,NULL,'VN-VI','Máy nướng bánh Sandwich (Đen) - NiKai SF 01A'),(2493,97,18,NULL,NULL,NULL,NULL,''),(2494,97,13,5,NULL,NULL,NULL,NULL),(2495,97,34,NULL,NULL,NULL,NULL,''),(2496,97,14,1.7,NULL,NULL,NULL,NULL),(2497,97,24,NULL,26,NULL,NULL,NULL),(2498,97,31,1,NULL,NULL,NULL,NULL),(2499,97,32,1,NULL,NULL,NULL,NULL),(2500,97,33,1,NULL,NULL,NULL,NULL),(2501,97,2,NULL,NULL,'<ul>\n	<li style=\"text-align:left\"><span style=\"color:rgb(84, 83, 81)\">C&ocirc;ng suất 700W</span></li>\n	<li style=\"text-align:left\"><span style=\"color:rgb(84, 83, 81)\">Nướng b&aacute;nh nhanh ch&oacute;ng</span></li>\n	<li style=\"text-align:left\"><span style=\"color:rgb(84, 83, 81)\">B&aacute;nh ch&iacute;n v&agrave;ng đều</span></li>\n	<li style=\"text-align:left\"><span style=\"color:rgb(84, 83, 81)\">Thiết kế th&ocirc;ng minh v&agrave; an to&agrave;n</span></li>\n	<li style=\"text-align:left\"><span style=\"color:rgb(84, 83, 81)\">C&oacute; đ&egrave;n b&aacute;o khi B&aacute;nh ch&iacute;n</span></li>\n	<li style=\"text-align:left\"><span style=\"color:rgb(84, 83, 81)\">Bảo h&agrave;nh 12 th&aacute;ng</span></li>\n</ul>\n\n<p style=\"text-align:left\"><span style=\"color:rgb(64, 64, 64); font-family:helvetica,arial,sans-serif; font-size:12px\">Những chiếc b&aacute;nh nướng thơm phức, v&agrave;ng ruộm sẽ l&agrave; một m&oacute;n ăn s&aacute;ng l&yacute; tưởng cho gia đ&igrave;nh của bạn. H&atilde;y để m&aacute;y nướng b&aacute;nh hot dog&nbsp;</span><strong>NiKai SF 01A</strong><span style=\"color:rgb(64, 64, 64); font-family:helvetica,arial,sans-serif; font-size:12px\">&nbsp;c&ugrave;ng bạn đem đến những chiếc b&aacute;nh đầy ắp y&ecirc;u thương đến cho những người th&acirc;n của bạn. Với c&ocirc;ng nghệ ti&ecirc;n tiến, bạn sẽ c&oacute; những chiếc b&aacute;nh hấp dẫn với những họa tiết xinh xắn chỉ sau 5 ph&uacute;t nướng b&aacute;nh với&nbsp;</span><strong>NiKai SF 01A</strong><span style=\"color:rgb(64, 64, 64); font-family:helvetica,arial,sans-serif; font-size:12px\">.</span></p>\n\n<div style=\"margin: 0px; padding: 0px; color: rgb(64, 64, 64); font-family: Helvetica, Arial, sans-serif; font-size: 12px; line-height: 22.7999992370605px; text-align: justify;\"><strong>T&Iacute;NH NĂNG NỔI BẬT</strong></div>\n\n<p style=\"text-align:justify\"><strong>Nướng b&aacute;nh nhanh ch&oacute;ng</strong><br />\nBạn chỉ cần một khoảng thời gian từ 5 &ndash; 7 ph&uacute;t để c&oacute; thể ho&agrave;n th&agrave;nh 4 chiếc b&aacute;nh nướng xinh xắn, thơm lừng.</p>\n\n<p style=\"text-align:justify\"><img alt=\"\" src=\"https://www.upsieutoc.com/images/2014/10/25/nikai-7289-095261-1-zoom.jpg\" style=\"height:450px; width:450px\" /></p>\n\n<p style=\"text-align:justify\"><strong>B&aacute;nh ch&iacute;nh v&agrave;ng đều</strong><br />\nB&aacute;nh c&oacute; m&agrave;u v&agrave;ng ch&iacute;n đều, bắt mắt v&agrave; kh&ocirc;ng c&oacute; hiện tượng d&iacute;nh khu&ocirc;n. Tr&ecirc;n khu&ocirc;n b&aacute;nh c&ograve;n c&oacute; những họa tiết tạo h&igrave;nh c&agrave;ng l&agrave;m cho m&oacute;n ăn ngon mắt hơn.</p>\n\n<p style=\"text-align:justify\"><strong>Thiết kế an to&agrave;n</strong><br />\nTr&ecirc;n tay cầm, nh&agrave; sản xuất bố tr&iacute; kh&oacute;a chốt, gi&uacute;p giữ hai nắp của khu&ocirc;n b&aacute;nh &eacute;p chặt v&agrave;o nhau khi nướng.</p>\n\n<p style=\"text-align:justify\"><strong>Th&ocirc;ng số kỹ thuật</strong><br />\n- Điện &aacute;p: 230V/50Hz.<br />\n- C&ocirc;ng suất: 700W.<br />\n- Bảo h&agrave;nh: 12 th&aacute;ng.</p>\n','VN-VI',NULL),(2502,97,26,NULL,NULL,'',NULL,NULL),(2503,97,27,3,NULL,NULL,NULL,NULL),(2504,97,28,30,NULL,NULL,NULL,NULL),(2505,97,29,NULL,0,NULL,NULL,NULL),(2506,97,30,NULL,0,NULL,NULL,NULL),(2507,97,21,NULL,NULL,NULL,NULL,''),(2508,97,22,NULL,NULL,'',NULL,NULL),(2509,97,23,NULL,NULL,'',NULL,NULL),(2510,97,1,NULL,NULL,NULL,'EN-US','Sandwich Toaster (Black) - NiKai SF 01A'),(2511,97,2,NULL,NULL,'','EN-US',NULL),(2512,97,1,NULL,NULL,NULL,'KO-KR','Sandwich Toaster (Black) - NiKai SF 01A'),(2513,97,2,NULL,NULL,'','KO-KR',NULL),(2514,98,1,NULL,NULL,NULL,'VN-VI','Máy xay đa năng (Đen) - Magic Bullet N763'),(2515,98,18,NULL,NULL,NULL,NULL,''),(2516,98,13,5,NULL,NULL,NULL,NULL),(2517,98,34,NULL,NULL,NULL,NULL,'Magic Bullet'),(2518,98,14,3.5,NULL,NULL,NULL,NULL),(2519,98,24,NULL,26,NULL,NULL,NULL),(2520,98,31,1,NULL,NULL,NULL,NULL),(2521,98,32,1,NULL,NULL,NULL,NULL),(2522,98,33,1,NULL,NULL,NULL,NULL),(2523,98,2,NULL,NULL,'<ul>\n	<li style=\"text-align:left\"><span style=\"color:rgb(84, 83, 81)\">Thiết kế độc đ&aacute;o</span></li>\n	<li style=\"text-align:left\"><span style=\"color:rgb(84, 83, 81)\">C&ocirc;ng Suất 250W</span></li>\n	<li style=\"text-align:left\"><span style=\"color:rgb(84, 83, 81)\">Nguồn điện 220-240 VAC</span></li>\n	<li style=\"text-align:left\"><span style=\"color:rgb(84, 83, 81)\">50Hz</span></li>\n	<li style=\"text-align:left\"><span style=\"color:rgb(84, 83, 81)\">Thời hạn bảo h&agrave;nh 12 th&aacute;ng (phiếu bảo h&agrave;nh)</span></li>\n</ul>\n\n<div style=\"margin: 0px; padding: 0px; color: rgb(64, 64, 64); font-family: Helvetica, Arial, sans-serif; font-size: 12px; line-height: 22.7999992370605px; text-align: justify;\"><strong>T&Iacute;NH NĂNG NỔI BẬT</strong></div>\n\n<p><span style=\"color:rgb(64, 64, 64); font-family:helvetica,arial,sans-serif; font-size:12px\">- Nếu như trước đ&acirc;y, bạn phải tốn h&agrave;ng giờ để tự pha chế cho m&igrave;nh một ly Caf&eacute; thơm ngon, một ly Cappucino đậm đ&agrave; hay chỉ đơn giản l&agrave; sơ chế thực phẩm để chuẩn bị một bữa ăn ngon cho gia đ&igrave;nh.</span><br />\n<span style=\"color:rgb(64, 64, 64); font-family:helvetica,arial,sans-serif; font-size:12px\">- Nhưng giờ đ&acirc;y với sự trợ gi&uacute;p của bộ sản phẩm m&aacute;y xay &eacute;p thực phẩm đa năng Magic Bullet những c&ocirc;ng việc m&agrave; bạn phải l&agrave;m l&uacute;c n&agrave;y chỉ cần t&iacute;nh bằng gi&acirc;y.</span><br />\n<span style=\"color:rgb(64, 64, 64); font-family:helvetica,arial,sans-serif; font-size:12px\">- Được thiết kế, t&iacute;ch hợp hai lưỡi dao ph&ugrave; hợp chế biến tất cả c&aacute;c loại thực phẩm, m&aacute;y xay Magic Bullet l&agrave; một dụng cụ tuyệt vời cho bạn để chế biến thực phẩm.</span><br />\n<span style=\"color:rgb(64, 64, 64); font-family:helvetica,arial,sans-serif; font-size:12px\">Chỉ cần chiếc m&aacute;y xay đa năng Magic Bullet l&agrave; bạn c&oacute; thể thay thế cho c&aacute;c loại m&aacute;y như xay sinh tố, &eacute;p tr&agrave;i c&acirc;y, xay thịt, xay c&aacute;, xay c&agrave; ph&ecirc;, đ&aacute;nh kem, đ&aacute;nh trứng, nh&agrave;o bột, xay/băm nhuyễn c&aacute;c loại gia vị thảo mộc...</span><br />\n<span style=\"color:rgb(64, 64, 64); font-family:helvetica,arial,sans-serif; font-size:12px\">- Sử dụng dễ d&agrave;ng v&agrave; nhanh ch&oacute;ng</span><br />\n<span style=\"color:rgb(64, 64, 64); font-family:helvetica,arial,sans-serif; font-size:12px\">- Thời gian thực hiện chỉ t&iacute;nh bằng gi&acirc;y</span><br />\n<span style=\"color:rgb(64, 64, 64); font-family:helvetica,arial,sans-serif; font-size:12px\">- L&agrave; dụng cụ chế biến thực phẩm v&ocirc; c&ugrave;ng tuyệt vời</span><br />\n<span style=\"color:rgb(64, 64, 64); font-family:helvetica,arial,sans-serif; font-size:12px\">- Thay thế cho m&aacute;y xay sinh tố v&agrave; m&aacute;y &eacute;p thực phẩm.</span><br />\n<span style=\"color:rgb(64, 64, 64); font-family:helvetica,arial,sans-serif; font-size:12px\">- Xay c&agrave; ph&ecirc;, đ&aacute;nh kem, đ&aacute;nh trứng, nh&agrave;o bột,Xay/băm nhuyễn c&aacute;c loại gia vị thảo mộc...</span><br />\n<span style=\"color:rgb(64, 64, 64); font-family:helvetica,arial,sans-serif; font-size:12px\">- M&aacute;y c&oacute; hai lưỡi dao ph&ugrave; hợp chế biến tất cả c&aacute;c loại thực phẩm</span><br />\n<span style=\"color:rgb(64, 64, 64); font-family:helvetica,arial,sans-serif; font-size:12px\">- Nghi&ecirc;n cứu thiết kế tại Mỹ, lắp r&aacute;p tại Trung Quốc</span><br />\n<span style=\"color:rgb(64, 64, 64); font-family:helvetica,arial,sans-serif; font-size:12px\">- Nguồn điện: 220-240 Vac, 50Hz, C&ocirc;ng Suất: 250W</span><br />\n<span style=\"color:rgb(64, 64, 64); font-family:helvetica,arial,sans-serif; font-size:12px\">- Trọng lượng trọn bộ: 3.5 Kg</span><br />\n<span style=\"color:rgb(64, 64, 64); font-family:helvetica,arial,sans-serif; font-size:12px\">- K&iacute;ch thước vỏ hộp: 27 X 27 X 34 (cm).</span><br />\n<span style=\"color:rgb(64, 64, 64); font-family:helvetica,arial,sans-serif; font-size:12px\">-Thời hạn Bảo H&agrave;nh: 12 th&aacute;ng ( kể từ ng&agrave;y mua)</span></p>\n\n<p><br />\n<strong>C&Aacute;CH SỬ DỤNG:</strong><br />\n<span style=\"color:rgb(64, 64, 64); font-family:helvetica,arial,sans-serif; font-size:12px\">- Rất đơn giản: Chỉ cần cho c&aacute;c nguy&ecirc;n liệu, thực phẩm v&agrave;o trong c&aacute;c phụ kiện ph&ugrave; hợp (Cốc, Ca, B&igrave;nh, Bộ &eacute;p&hellip;) c&ugrave;ng với lưỡi dao th&iacute;ch hợp v&agrave; đặt l&ecirc;n đế động cơ rồi vỗ nhẹ trong v&agrave;i gi&acirc;y l&agrave; bạn thực hiện xong m&oacute;n ăn bạn ưa th&iacute;ch.</span><br />\n<span style=\"color:rgb(64, 64, 64); font-family:helvetica,arial,sans-serif; font-size:12px\">Nhanh tay đặt h&agrave;ng để sở hữu chiếc m&aacute;y xay đa năng n&agrave;y bạn nh&eacute;!</span></p>\n\n<p style=\"text-align:justify\"><span style=\"font-size:14px\">Bộ sản phẩm bao gồm:</span></p>\n\n<ul>\n	<li style=\"text-align:left\">1 x Đế động cơ</li>\n	<li style=\"text-align:left\">1 x Cốc cao</li>\n	<li style=\"text-align:left\">1 x Cốc thấp</li>\n	<li style=\"text-align:left\">1 x Dao thẳng</li>\n	<li style=\"text-align:left\">1 x Dao chữ thập</li>\n	<li style=\"text-align:left\">4 x Ca chứa</li>\n	<li style=\"text-align:left\">4 x Nắp đậy</li>\n	<li style=\"text-align:left\">2 x Nắp giữ k&iacute;n</li>\n	<li style=\"text-align:left\">1 x Nắp tho&aacute;t hơi</li>\n	<li style=\"text-align:left\">1 x Nắp gạn lọc</li>\n	<li style=\"text-align:left\">1 x phiếu bảo h&agrave;nh</li>\n</ul>\n','VN-VI',NULL),(2524,98,26,NULL,NULL,'',NULL,NULL),(2525,98,27,3,NULL,NULL,NULL,NULL),(2526,98,28,30,NULL,NULL,NULL,NULL),(2527,98,29,NULL,0,NULL,NULL,NULL),(2528,98,30,NULL,0,NULL,NULL,NULL),(2529,98,21,NULL,NULL,NULL,NULL,''),(2530,98,22,NULL,NULL,'',NULL,NULL),(2531,98,23,NULL,NULL,'',NULL,NULL),(2532,98,1,NULL,NULL,NULL,'EN-US','Blender (Black) - Magic Bullet'),(2533,98,2,NULL,NULL,'','EN-US',NULL),(2534,98,1,NULL,NULL,NULL,'KO-KR','Blender (Black) - Magic Bullet'),(2535,98,2,NULL,NULL,'','KO-KR',NULL),(2536,99,1,NULL,NULL,NULL,'VN-VI','Máy ép trái cây (Trắng phối xanh Lá) - Supor ZS10VN-230'),(2537,99,18,NULL,NULL,NULL,NULL,''),(2538,99,13,5,NULL,NULL,NULL,NULL),(2539,99,34,NULL,NULL,NULL,NULL,'Supor'),(2540,99,14,3.7,NULL,NULL,NULL,NULL),(2541,99,24,NULL,26,NULL,NULL,NULL),(2542,99,31,1,NULL,NULL,NULL,NULL),(2543,99,32,1,NULL,NULL,NULL,NULL),(2544,99,33,1,NULL,NULL,NULL,NULL),(2545,99,2,NULL,NULL,'<p style=\"text-align:justify\"><strong>CHI TIẾT SẢN PHẨM</strong></p>\n\n<p style=\"text-align:justify\">M&aacute;y &eacute;p tr&aacute;i c&acirc;y&nbsp;<strong>Supor ZS10VN-230</strong>&nbsp;l&agrave; sản phẩm mang đến cho bạn c&aacute;c loại nước &eacute;p tr&aacute;i c&acirc;y thơm ngon v&agrave; nhiều vitamin. Hoạt động với c&ocirc;ng suất 230W, n&uacute;t bấm điều chỉnh dễ d&agrave;ng, lưỡi dao inox sắc b&eacute;n v&agrave; bền l&acirc;u, cho khả năng &eacute;p nhiều loại tr&aacute;i c&acirc;y từ mềm đến cứng. Hơn nữa, thiết kế tiện lợi khi c&aacute;c bộ phận của m&aacute;y c&oacute; thể th&aacute;o lắp để vệ sinh dễ d&agrave;ng, kh&ocirc;ng l&agrave;m mất thời gian của c&aacute;c b&agrave; nội trợ.</p>\n\n<p><img alt=\"May xay Supor\" class=\"productlazyimage\" src=\"http://hcm.lazada.vn/static/content/Home-Appliances/May-xay-supor-1.jpg\" style=\"border:0px; display:inline; margin:0px; padding:0px; vertical-align:middle\" /></p>\n\n<div style=\"margin: 0px; padding: 0px; color: rgb(64, 64, 64); font-family: Helvetica, Arial, sans-serif; font-size: 12px; line-height: 22.7999992370605px; text-align: justify;\"><strong>T&Iacute;NH NĂNG NỔI BẬT</strong></div>\n\n<p style=\"text-align:justify\">- Chất liệu an to&agrave;n<br />\n- Th&acirc;n m&aacute;y bằng nhựa cao cấp.<br />\n- Dao &eacute;p v&agrave; lọc bằng inox.<br />\n- Th&ugrave;ng đựng b&atilde; bằng nhựa.<br />\n- V&ograve;i chảy dễ d&agrave;ng th&aacute;o lắp để vệ sinh.</p>\n','VN-VI',NULL),(2546,99,26,NULL,NULL,'',NULL,NULL),(2547,99,27,3,NULL,NULL,NULL,NULL),(2548,99,28,30,NULL,NULL,NULL,NULL),(2549,99,29,NULL,28,NULL,NULL,NULL),(2550,99,30,NULL,28,NULL,NULL,NULL),(2551,99,21,NULL,NULL,NULL,NULL,''),(2552,99,22,NULL,NULL,'',NULL,NULL),(2553,99,23,NULL,NULL,'',NULL,NULL),(2554,99,1,NULL,NULL,NULL,'EN-US','Juicer (White and Green) - Supor ZS10VN-230'),(2555,99,2,NULL,NULL,'','EN-US',NULL),(2556,99,1,NULL,NULL,NULL,'KO-KR','Juicer (White and Green) - Supor ZS10VN-230'),(2557,99,2,NULL,NULL,'','KO-KR',NULL),(2558,100,1,NULL,NULL,NULL,'VN-VI','Máy xay cầm tay (Trắng) - Bosch MSM64110'),(2559,100,18,NULL,NULL,NULL,NULL,''),(2560,100,13,5,NULL,NULL,NULL,NULL),(2561,100,34,NULL,NULL,NULL,NULL,''),(2562,100,14,1.2,NULL,NULL,NULL,NULL),(2563,100,24,NULL,26,NULL,NULL,NULL),(2564,100,31,1,NULL,NULL,NULL,NULL),(2565,100,32,1,NULL,NULL,NULL,NULL),(2566,100,33,1,NULL,NULL,NULL,NULL),(2567,100,1,NULL,NULL,NULL,'EN-US','Hand Blender (White) - Bosch MSM64110'),(2568,100,2,NULL,NULL,'','EN-US',NULL),(2569,100,26,NULL,NULL,'',NULL,NULL),(2570,100,27,3,NULL,NULL,NULL,NULL),(2571,100,28,30,NULL,NULL,NULL,NULL),(2572,100,29,NULL,0,NULL,NULL,NULL),(2573,100,30,NULL,0,NULL,NULL,NULL),(2574,100,21,NULL,NULL,NULL,NULL,''),(2575,100,22,NULL,NULL,'',NULL,NULL),(2576,100,23,NULL,NULL,'',NULL,NULL),(2577,100,1,NULL,NULL,NULL,'KO-KR','Hand Blender (White) - Bosch MSM64110'),(2578,100,2,NULL,NULL,'','KO-KR',NULL),(2579,101,1,NULL,NULL,NULL,'VN-VI','Cây lau sàn hơi nước - OMI SM1'),(2580,101,18,NULL,NULL,NULL,NULL,''),(2581,101,13,5,NULL,NULL,NULL,NULL),(2582,101,34,NULL,NULL,NULL,NULL,''),(2583,101,14,2.5,NULL,NULL,NULL,NULL),(2584,101,24,NULL,26,NULL,NULL,NULL),(2585,101,31,1,NULL,NULL,NULL,NULL),(2586,101,32,1,NULL,NULL,NULL,NULL),(2587,101,33,1,NULL,NULL,NULL,NULL),(2588,101,2,NULL,NULL,'<ul>\n	<li style=\"text-align:left\"><span style=\"color:rgb(84, 83, 81)\">C&ocirc;ng suất 1300W</span></li>\n	<li style=\"text-align:left\"><span style=\"color:rgb(84, 83, 81)\">Dung t&iacute;ch b&igrave;nh chứa nước 0.35L</span></li>\n	<li style=\"text-align:left\"><span style=\"color:rgb(84, 83, 81)\">H&oacute;a hơi nhanh, l&agrave;m sạch hiệu quả</span></li>\n	<li style=\"text-align:left\"><span style=\"color:rgb(84, 83, 81)\">Đầu xoay 180 độ, trọng lượng chỉ 2.5kg</span></li>\n</ul>\n\n<p><span style=\"color:rgb(64, 64, 64); font-family:helvetica,arial,sans-serif; font-size:12px\">C&acirc;y lau s&agrave;n bằng hơi nước&nbsp;</span><strong>OMI SM1</strong><span style=\"color:rgb(64, 64, 64); font-family:helvetica,arial,sans-serif; font-size:12px\">&nbsp;l&agrave; giải ph&aacute;p th&ocirc;ng minh trong việc lau dọn hằng ng&agrave;y. Với thiết kế nhỏ gọn, c&ocirc;ng nghệ l&agrave;m sạch bằng hơi nước n&oacute;ng v&agrave; c&ocirc;ng suất 1300W mạnh mẽ, c&acirc;y lau s&agrave;n&nbsp;</span><strong>OMI SM1</strong><span style=\"color:rgb(64, 64, 64); font-family:helvetica,arial,sans-serif; font-size:12px\">&nbsp;gi&uacute;p việc vệ sinh s&agrave;n nh&agrave; trở n&ecirc;n nhanh ch&oacute;ng hơn, dễ d&agrave;ng hơn v&agrave; sạch hơn.</span></p>\n\n<p><img alt=\"Cây lau nhà hoi nước Anaconda-Steam Mop \" class=\"productlazyimage\" src=\"http://hcm.lazada.vn/static/content/Home-Appliances/cay-lau-nha-hoi-n%C6%B0%C6%A1c-Anaconda-Steam-Mop-01.jpg\" style=\"border:0px; display:inline; margin:0px; padding:0px; vertical-align:middle\" /></p>\n\n<div style=\"margin: 0px; padding: 0px; color: rgb(64, 64, 64); font-family: Helvetica, Arial, sans-serif; font-size: 12px; line-height: 22.7999992370605px; text-align: justify;\"><strong>T&Iacute;NH NĂNG NỔI BẬT</strong></div>\n\n<p style=\"text-align:justify\"><strong>B&igrave;nh chứa dung t&iacute;ch 350ml</strong><br />\nVới dung t&iacute;ch b&igrave;nh chứa 350ml, bạn c&oacute; 15 ph&uacute;t sử dụng sản phẩm để lau s&agrave;n chỉ sau một lần ch&acirc;m đầy nước v&agrave;o b&igrave;nh.</p>\n\n<p><img alt=\"\" class=\"productlazyimage\" src=\"http://hcm.lazada.vn/static/content/Home-Appliances/steam-mop-1300w-01.jpg\" style=\"border:0px; display:inline; margin:0px; padding:0px; vertical-align:middle\" /></p>\n\n<p style=\"text-align:justify\"><strong>C&ocirc;ng nghệ l&agrave;m sạch bằng hơi nước</strong><br />\nCho khả năng l&agrave;m sạch nhanh, diệt khuẩn, tiết kiệm thời gian v&agrave; c&ocirc;ng sức. Thời gian m&aacute;y tự đun s&ocirc;i v&agrave; h&oacute;a hơi nước chỉ mất 10 gi&acirc;y!</p>\n\n<p><img alt=\"\" class=\"productlazyimage\" src=\"http://hcm.lazada.vn/static/content/Home-Appliances/steam-mop-1300w-02.jpg\" style=\"border:0px; display:inline; margin:0px; padding:0px; vertical-align:middle\" /></p>\n\n<p style=\"text-align:justify\"><strong>Thiết kế nhỏ gọn, ph&ugrave; hợp nhiều bề mặt tiếp x&uacute;c</strong><br />\nC&acirc;y lau s&agrave;n&nbsp;<strong>OMI SM1</strong>&nbsp;c&oacute; kiểu d&aacute;ng nhỏ gọn, trọng lượng 2.5kg c&ugrave;ng đầu lau xoay 180 độ cho ph&eacute;p lau nhanh ch&oacute;ng, linh hoạt theo sự điều khiển của người d&ugrave;ng. Sản phẩm c&oacute; thể được sử dụng tr&ecirc;n c&aacute;c bề mặt tiếp x&uacute;c kh&aacute;c nhau như gạch men, s&agrave;n gỗ, ...</p>\n\n<p><img alt=\"\" class=\"productlazyimage\" src=\"http://hcm.lazada.vn/static/content/Home-Appliances/steam-mop-1300w-03.jpg\" style=\"border:0px; display:inline; margin:0px; padding:0px; vertical-align:middle\" /></p>\n\n<p style=\"text-align:justify\"><strong>Chất liệu tốt, độ bền cao</strong><br />\nSản phẩm được l&agrave;m từ nhựa ABS th&acirc;n thiện với m&ocirc;i trường, kh&ocirc;ng g&acirc;y độc hại cho người d&ugrave;ng v&agrave; đảm bảo độ bền cao.</p>\n\n<p><img alt=\"\" class=\"productlazyimage\" src=\"http://hcm.lazada.vn/static/content/Home-Appliances/steam-mop-1300w-04.jpg\" style=\"border:0px; display:inline; margin:0px; padding:0px; vertical-align:middle\" /></p>\n','VN-VI',NULL),(2589,101,26,NULL,NULL,'',NULL,NULL),(2590,101,27,3,NULL,NULL,NULL,NULL),(2591,101,28,30,NULL,NULL,NULL,NULL),(2592,101,29,NULL,30,NULL,NULL,NULL),(2593,101,21,NULL,NULL,NULL,NULL,''),(2594,101,22,NULL,NULL,'',NULL,NULL),(2595,101,23,NULL,NULL,'',NULL,NULL),(2596,101,1,NULL,NULL,NULL,'EN-US','Steam Mop - OMI SM1'),(2597,101,2,NULL,NULL,'','EN-US',NULL),(2598,101,1,NULL,NULL,NULL,'KO-KR','Steam Mop - OMI SM1'),(2599,101,2,NULL,NULL,'','KO-KR',NULL),(2600,102,1,NULL,NULL,NULL,'VN-VI','Đèn sưởi nhà tắm 3 bóng (Vàng) -  Braun BU03G'),(2601,102,18,NULL,NULL,NULL,NULL,''),(2602,102,13,5,NULL,NULL,NULL,NULL),(2603,102,34,NULL,NULL,NULL,NULL,'Braun'),(2604,102,14,2.1,NULL,NULL,NULL,NULL),(2605,102,24,NULL,26,NULL,NULL,NULL),(2606,102,31,1,NULL,NULL,NULL,NULL),(2607,102,32,1,NULL,NULL,NULL,NULL),(2608,102,33,1,NULL,NULL,NULL,NULL),(2609,102,2,NULL,NULL,'<ul>\n	<li style=\"text-align:left\"><span style=\"color:rgb(84, 83, 81)\">C&ocirc;ng suất sưởi ấm 850W</span></li>\n	<li style=\"text-align:left\"><span style=\"color:rgb(84, 83, 81)\">Ti&ecirc;u chuẩn AN/NZS60335.2.330.2009IncA1</span></li>\n	<li style=\"text-align:left\"><span style=\"color:rgb(84, 83, 81)\">Ti&ecirc;u chuẩn chống nước IPX2; chống chập điện</span></li>\n	<li style=\"text-align:left\"><span style=\"color:rgb(84, 83, 81)\">D&acirc;y d&agrave;i 4m</span></li>\n	<li style=\"text-align:left\"><span style=\"color:rgb(84, 83, 81)\">Bảo h&agrave;nh 5 năm (Bằng phiếu bảo h&agrave;nh)</span></li>\n</ul>\n\n<p style=\"text-align:justify\">Nh&agrave; tắm của bạn sẽ kh&ocirc;ng c&ograve;n qu&aacute; lạnh lẽo với đ&egrave;n sưởi&nbsp;<strong>Braun BU03G</strong>. Đ&egrave;n sưởi nh&agrave; tắm&nbsp;<strong>Braun BU03G</strong>&nbsp;được thiết kế với lớp phủ mạ v&agrave;ng gi&uacute;p l&agrave;m giảm độ ch&oacute;i nhưng vẫn giữ được hiệu quả l&agrave;m ấm. &Aacute;nh đ&egrave;n v&agrave;ng v&agrave; bức xạ hồng ngoại kh&ocirc;ng l&agrave;m ảnh hưởng ti&ecirc;u cực đến mắt v&agrave; da. Sản phẩm đặc biệt c&oacute; lợi cho sức khỏe nhất l&agrave; đối với người gi&agrave; v&agrave; trẻ em.</p>\n\n<div style=\"margin: 0px; padding: 0px; color: rgb(64, 64, 64); font-family: Helvetica, Arial, sans-serif; font-size: 12px; line-height: 22.7999992370605px; text-align: justify;\"><span style=\"font-family:tahoma,geneva,sans-serif; font-size:18px\"><a href=\"http://dienmaygiadinh.net/wp-content/uploads/2013/11/den-suoi-hong-ngoai-nha-tam-braun-3-bong-vang.jpg\" style=\"margin: 0px; padding: 0px; text-decoration: none; color: rgb(25, 156, 183); font-family: Arial, Helvetica, sans-serif; font-size: 14px; line-height: 20px; background: transparent;\"><img alt=\"den-suoi-hong-ngoai-nha-tam-braun-3-bong\" class=\"productlazyimage\" src=\"http://dienmaygiadinh.net/wp-content/uploads/2013/11/den-suoi-hong-ngoai-nha-tam-braun-3-bong-vang.jpg\" style=\"border-width:0px; display:inline; height:auto; margin:0px; padding:0px; vertical-align:middle\" /></a></span></div>\n\n<p style=\"text-align:justify\">&nbsp;</p>\n\n<div style=\"margin: 0px; padding: 0px; color: rgb(64, 64, 64); font-family: Helvetica, Arial, sans-serif; font-size: 12px; line-height: 22.7999992370605px; text-align: justify;\"><strong>T&Iacute;NH NĂNG NỔI BẬT</strong></div>\n\n<p><strong>Thiết kế hiện đại v&agrave; tiện dụng</strong><br />\n<span style=\"color:rgb(64, 64, 64); font-family:helvetica,arial,sans-serif; font-size:12px\">Được thiết kế với c&ocirc;ng nghệ hiện đại của Đức, đ&egrave;n sưởi&nbsp;</span><strong>Braun BU03G</strong><span style=\"color:rgb(64, 64, 64); font-family:helvetica,arial,sans-serif; font-size:12px\">&nbsp;c&oacute; khả năng tiết kiệm điện tối ưu, trung b&igrave;nh chỉ mất tiền điện khoảng 100đ/lần tắm. Ứng dụng nguy&ecirc;n l&yacute; bức xạ hồng ngoại n&ecirc;n c&oacute; thể gi&uacute;p kh&ocirc;ng kh&iacute; ấm l&ecirc;n ngay lập tức v&agrave; nhanh ch&oacute;ng, c&oacute; thể đạt được nhiệt độ 30&ordm;C chỉ sau khoảng 30 gi&acirc;y. Đặc biệt, chức năng ion &acirc;m gi&uacute;p khử sạch kh&ocirc;ng kh&iacute; ph&ograve;ng tắm. Sản phẩm c&oacute; thể lắp đặt nhiều nơi trong nh&agrave; từ treo trong ph&ograve;ng tắm, ph&ograve;ng ngủ, ph&ograve;ng kh&aacute;ch cho tới bếp t&ugrave;y thuộc v&agrave;o nhu cầu sử dụng.</span></p>\n\n<p style=\"text-align:justify\">&nbsp;</p>\n\n<p style=\"text-align:justify\"><strong>An to&agrave;n cho người sử dụng</strong><br />\nThiết kế mạ v&agrave;ng gi&uacute;p kh&ocirc;ng ch&oacute;i mắt, cũng kh&ocirc;ng đốt ch&aacute;y oxy, b&oacute;ng đ&egrave;n m&agrave;u v&agrave;ng gi&uacute;p hạn chế việc g&acirc;y ch&oacute;i mắt so với c&aacute;c d&ograve;ng sản phẩm kh&aacute;c. Đ&egrave;n c&oacute; thiết kế đẹp mắt, m&agrave;u sắc trang nh&atilde; n&ecirc;n c&oacute; thể sử dụng để trang tr&iacute; ph&ograve;ng tắm, ph&ograve;ng kh&aacute;ch, nh&agrave; bếp. Bộ sản phẩm sẽ ph&ugrave; hợp hơn với ph&ograve;ng tắm c&oacute; diện t&iacute;ch nhỏ từ 3 - 6 m2 v&agrave; c&oacute; bộ phụ kiện k&egrave;m theo đầy đủ. Mỗi b&oacute;ng sưởi đều c&oacute; điều khiển c&ocirc;ng tắc ri&ecirc;ng biệt n&ecirc;n điều khiển dễ d&agrave;ng hơn.</p>\n','VN-VI',NULL),(2610,102,26,NULL,NULL,'',NULL,NULL),(2611,102,27,3,NULL,NULL,NULL,NULL),(2612,102,28,30,NULL,NULL,NULL,NULL),(2613,102,29,NULL,30,NULL,NULL,NULL),(2614,102,21,NULL,NULL,NULL,NULL,''),(2615,102,22,NULL,NULL,'',NULL,NULL),(2616,102,23,NULL,NULL,'',NULL,NULL),(2617,102,1,NULL,NULL,NULL,'EN-US','Heating lamp for bathroom (Gold color) -  Braun BU03G'),(2618,102,2,NULL,NULL,'','EN-US',NULL),(2619,102,1,NULL,NULL,NULL,'KO-KR','Heating lamp for bathroom (Gold color) -  Braun BU03G'),(2620,102,2,NULL,NULL,'','KO-KR',NULL),(2621,103,1,NULL,NULL,NULL,'VN-VI','Robot hút bụi (Xám trắng) - Omi Nanny RV1'),(2622,103,18,NULL,NULL,NULL,NULL,''),(2623,103,13,5,NULL,NULL,NULL,NULL),(2624,103,34,NULL,NULL,NULL,NULL,'Omi'),(2625,103,14,2,NULL,NULL,NULL,NULL),(2626,103,24,NULL,0,NULL,NULL,NULL),(2627,103,31,1,NULL,NULL,NULL,NULL),(2628,103,32,1,NULL,NULL,NULL,NULL),(2629,103,33,1,NULL,NULL,NULL,NULL),(2630,103,2,NULL,NULL,'<p class=\"txtLight\" style=\"margin: 0px; padding: 0px; color: rgb(153, 153, 153); font-family: Helvetica, Arial, sans-serif; font-size: 12px; line-height: 22.7999992370605px; text-align: justify;\"><strong><span style=\"color:#000000\"><span style=\"font-size:14px\">Bộ sản phẩm bao gồm:</span></span></strong></p>\n\n<ul>\n	<li style=\"text-align:left\">1 x M&aacute;y</li>\n	<li style=\"text-align:left\">1 x Pin sạc</li>\n	<li style=\"text-align:left\">1 x Bộ nối</li>\n	<li style=\"text-align:left\">1 x Bộ lọc</li>\n	<li style=\"text-align:left\">1 x Khay đựng giấy lọc bụi</li>\n	<li style=\"text-align:left\">1 x Giấy lọc bụi</li>\n	<li style=\"text-align:left\">1 x HDSD</li>\n	<li style=\"text-align:left\">1 x B&agrave;n chải qu&eacute;t b&ecirc;n h&ocirc;ng</li>\n	<li style=\"text-align:left\">Bảo h&agrave;nh 12 th&aacute;ng theo h&oacute;a đơn t&iacute;nh từ ng&agrave;y mua h&agrave;ng</li>\n</ul>\n\n<p><strong>Omi Nanny Robot Vacuum Cleaner RV1</strong><span style=\"color:rgb(64, 64, 64); font-family:helvetica,arial,sans-serif; font-size:12px\">&nbsp;l&agrave; robot h&uacute;t bụi nhỏ gọn nhưng cho khả năng l&agrave;m việc thật hiệu quả. Với thiết kế như một chiếc đĩa c&oacute; b&aacute;nh xe, kh&ocirc;ng g&acirc;y vướng v&iacute;u nhờ sử dụng pin sạc t&iacute;ch hợp c&ugrave;ng với chức năng l&agrave;m sạch bụi theo nhiều hướng di chuyển kh&aacute;c nhau, sản phẩm n&agrave;y gi&uacute;p tiết kiệm cho bạn nhiều thời gian cho c&ocirc;ng việc dọn dẹp hằng ng&agrave;y, giữ kh&ocirc;ng gian sống lu&ocirc;n được sạch sẽ, vệ sinh.</span></p>\n\n<div style=\"margin: 0px; padding: 0px; color: rgb(64, 64, 64); font-family: Helvetica, Arial, sans-serif; font-size: 12px; line-height: 22.7999992370605px; text-align: justify;\"><strong>T&Iacute;NH NĂNG NỔI BẬT</strong></div>\n\n<p style=\"text-align:justify\"><strong>Di chuyển mọi hướng, l&agrave;m sạch mọi vị tr&iacute;</strong><br />\nChỉ việc k&iacute;ch hoạt n&uacute;t nguồn v&agrave; đặt m&aacute;y xuống s&agrave;n nh&agrave; l&agrave; bạn đ&atilde; c&oacute; thể sử dụng m&aacute;y. Robot h&uacute;t bụi n&agrave;y c&oacute; thể di chuyển theo nhiều hướng kh&aacute;c nhau như: di chuyển tự do, xoay v&ograve;ng xoắn ốc, di chuyển dọc v&aacute;ch tường. Nhờ đ&oacute;, to&agrave;n bộ bề mặt s&agrave;n nh&agrave; sẽ được l&agrave;m sạch bụi thật hiệu quả.</p>\n\n<p><img alt=\"\" class=\"productlazyimage\" src=\"http://hcm.lazada.vn/static/content/Home-Appliances/robot-hut-bui-omi-rv1-01.jpg\" style=\"border:0px; display:inline; margin:0px; padding:0px; vertical-align:middle\" /></p>\n\n<p style=\"text-align:justify\"><strong>Ngăn chứa bụi tiện dụng</strong><br />\nVới ngăn chứa bụi nhỏ b&ecirc;n trong c&ugrave;ng giấy lọc bụi, c&aacute;c hạt bụi sẽ được giữ lại thật chặt, tr&aacute;nh t&igrave;nh trạng r&ograve; rỉ bụi ra bề mặt vừa được l&agrave;m sạch. Khi bụi đầy, bạn c&oacute; th&aacute;o ngăn chứa n&agrave;y ra để đổ bụi v&agrave; rửa sạch cho lần sử dụng tiếp theo.</p>\n\n<p style=\"text-align:justify\"><strong>Thiết kế th&ocirc;ng minh</strong><br />\nM&aacute;y h&uacute;t bụi&nbsp;<strong>Omi Nanny Robot Vacuum Cleaner RV1</strong>&nbsp;được trang bị 3 b&aacute;nh xe di chuyển gi&uacute;p m&aacute;y kh&ocirc;ng bị ng&atilde; hay mắc kẹt khi chuyển hướng h&uacute;t bụi. B&ecirc;n cạnh đ&oacute;, c&aacute;c b&agrave;n chải b&ecirc;n h&ocirc;ng m&aacute;y gi&uacute;p việc qu&eacute;t c&aacute;c hạt bụi từ c&aacute;c g&oacute;c nhỏ nhất trong nh&agrave; diễn ra thật dễ d&agrave;ng, cho hiệu quả l&agrave;m sạch cao. M&aacute;y sử dụng pin sạc t&iacute;ch hợp, loại bỏ sự vướng v&iacute;u khi sử d&ugrave;ng so với c&aacute;c loại m&aacute;y h&uacute;t bụi kh&aacute;c tr&ecirc;n thị trường.</p>\n\n<p style=\"text-align:justify\">&nbsp;</p>\n','VN-VI',NULL),(2631,103,26,NULL,NULL,'',NULL,NULL),(2632,103,27,3,NULL,NULL,NULL,NULL),(2633,103,28,30,NULL,NULL,NULL,NULL),(2634,103,29,NULL,0,NULL,NULL,NULL),(2635,103,21,NULL,NULL,NULL,NULL,''),(2636,103,22,NULL,NULL,'',NULL,NULL),(2637,103,23,NULL,NULL,'',NULL,NULL),(2638,103,1,NULL,NULL,NULL,'EN-US','Robot Vacuum Cleaner (White/Grey) - Omi Nanny RV1'),(2639,103,2,NULL,NULL,'','EN-US',NULL),(2640,103,1,NULL,NULL,NULL,'KO-KR','Robot Vacuum Cleaner (White/Grey) - Omi Nanny RV1'),(2641,103,2,NULL,NULL,'','KO-KR',NULL),(2642,104,1,NULL,NULL,NULL,'VN-VI','Bàn ủi hơi nước đứng / Trắng - Salav GS11-DJ'),(2643,104,18,NULL,NULL,NULL,NULL,''),(2644,104,13,5,NULL,NULL,NULL,NULL),(2645,104,34,NULL,NULL,NULL,NULL,'Salav'),(2646,104,14,3,NULL,NULL,NULL,NULL),(2647,104,24,NULL,26,NULL,NULL,NULL),(2648,104,31,1,NULL,NULL,NULL,NULL),(2649,104,32,1,NULL,NULL,NULL,NULL),(2650,104,33,1,NULL,NULL,NULL,NULL),(2651,104,2,NULL,NULL,'<ul>\n	<li style=\"text-align:left\"><span style=\"color:rgb(84, 83, 81)\">C&ocirc;ng suất 1260W &ndash; 1500W</span></li>\n	<li style=\"text-align:left\"><span style=\"color:rgb(84, 83, 81)\">Dung t&iacute;ch 1.6L</span></li>\n	<li style=\"text-align:left\"><span style=\"color:rgb(84, 83, 81)\">Ph&ugrave; hợp mọi loại vải, ngắt điện an to&agrave;n</span></li>\n	<li style=\"text-align:left\"><span style=\"color:rgb(84, 83, 81)\">Thương hiệu Ph&aacute;p</span></li>\n</ul>\n\n<div style=\"text-align: justify;\"><strong>TH&Ocirc;NG TIN CHUNG</strong></div>\n\n<p style=\"text-align:justify\">Chăm s&oacute;c những bộ trang phục y&ecirc;u th&iacute;ch của bạn với chiếc b&agrave;n l&agrave; hơi nước&nbsp;<strong>Salav GS11-DJ</strong>&nbsp;đến từ thương hiệu Salav nổi tiếng của Ph&aacute;p. Với c&aacute;c t&iacute;nh năng đặc biệt được cấp bằng s&aacute;ng chế, thiết kế nhỏ gọn, kiểu d&aacute;ng sang trọng, b&agrave;n l&agrave; hơi nước&nbsp;<strong>Salav GS11-DJ</strong>ph&ugrave; hợp với mọi chất liệu vải. Sản phẩm l&agrave; sự lựa chọn số một của c&aacute;c chị em s&agrave;nh điệu.</p>\n\n<div style=\"margin: 0px; padding: 0px; color: rgb(64, 64, 64); font-family: Helvetica, Arial, sans-serif; font-size: 12px; line-height: 22.7999992370605px; text-align: justify;\"><strong>T&Iacute;NH NĂNG NỔI BẬT</strong></div>\n\n<p><img alt=\"Bàn ủi hơi nước GS11-DJ\" class=\"productlazyimage\" src=\"http://hcm.lazada.vn/static/content/Home-Appliances/ban-ui-hoi-nuoc-salav-gs11-dj-01.jpg\" style=\"border:0px; display:inline; margin:0px; padding:0px; vertical-align:middle; width:100%\" /></p>\n\n<p style=\"text-align:justify\"><strong>Đầu phun hơi đa năng</strong><br />\nĐầu phun hơi của b&agrave;n l&agrave; hơi nước&nbsp;<strong>Salav GS11-DJ</strong>&nbsp;ngo&agrave;i chức năng ủi quần &aacute;o c&ograve;n gi&uacute;p tăng độ ẩm trong ph&ograve;ng.</p>\n\n<p><img alt=\"Bàn ủi hơi nước GS11-DJ\" class=\"productlazyimage\" src=\"http://hcm.lazada.vn/static/content/Home-Appliances/ban-ui-hoi-nuoc-salav-gs11-dj-02.jpg\" style=\"border:0px; display:inline; margin:0px; padding:0px; vertical-align:middle; width:100%\" /></p>\n\n<p style=\"text-align:justify\"><strong>Van tho&aacute;t nước dễ sử dụng, tiện &iacute;ch cao</strong><br />\nB&agrave;n l&agrave; hơi nước&nbsp;<strong>Salav GS11-DJ</strong>&nbsp;được trang bị van tho&aacute;t nước nhỏ ph&iacute;a trước, gi&uacute;p r&uacute;t hết nước trong b&igrave;nh chứa để dễ d&agrave;ng l&agrave;m vệ sinh cũng như bảo dưỡng sản phẩm.</p>\n\n<p style=\"text-align:justify\"><strong>B&igrave;nh chứa dung t&iacute;ch 1.6L</strong><br />\nB&igrave;nh chứa nước trong suốt, dễ ch&acirc;m nước v&agrave; theo d&otilde;i mực nước, dung t&iacute;ch 1.6L cung cấp hơi nước cho 60 ph&uacute;t ủi đồ li&ecirc;n tục.</p>\n\n<p><img alt=\"Bàn ủi hơi nước GS11-DJ\" class=\"productlazyimage\" src=\"http://hcm.lazada.vn/static/content/Home-Appliances/ban-ui-hoi-nuoc-salav-gs11-dj-03.jpg\" style=\"border:0px; display:inline; margin:0px; padding:0px; vertical-align:middle; width:100%\" /></p>\n\n<p style=\"text-align:justify\"><strong>An to&agrave;n, tiện lợi</strong><br />\nB&agrave;n l&agrave; hơi nước&nbsp;<strong>Salav GS11-DJ</strong>&nbsp;c&oacute; khả năng tự động ngắt điện khi qu&aacute; nhiệt hoặc khi cạn nước, tự động khởi động lại. Ph&iacute;ch cắm được thiết kế tiện lợi, dễ d&agrave;ng bảo tr&igrave; v&agrave; vệ sinh.</p>\n\n<p style=\"text-align:justify\"><strong>Nhỏ gọn, hiệu suất cao</strong><br />\nB&agrave;n l&agrave; hơi nước&nbsp;<strong>Salav GS11-DJ</strong>&nbsp;với c&ocirc;ng suất dao động từ 1260 &ndash; 1500W cho khả năng l&agrave;m việc mạnh mẽ, giữ quần &aacute;o tươi mới v&agrave; sạch sẽ m&agrave; kh&ocirc;ng cần bất kỳ ho&aacute; chất n&agrave;o. Sản phẩm c&oacute; k&iacute;ch thước nhỏ gọn, gi&uacute;p bạn dễ di chuyển v&agrave; cất giữ. B&ecirc;n cạnh đ&oacute;, b&agrave;n l&agrave; hơi nước&nbsp;<strong>Salav GS11-DJ</strong>&nbsp;được thiết kế với c&aacute;c lỗ tho&aacute;t hơi &quot;cool-touch&quot; th&ocirc;ng minh k&iacute;ch thước 5mm, cho khả năng giảm thiểu nhiệt động tr&ecirc;n bề mặt quần &aacute;o.</p>\n\n<div style=\"margin: 0px; padding: 0px; color: rgb(64, 64, 64); font-family: Helvetica, Arial, sans-serif; font-size: 12px; line-height: 22.7999992370605px; text-align: justify;\"><strong>TH&Ocirc;NG SỐ KỸ THUẬT</strong></div>\n\n<p style=\"text-align:justify\">D&ograve;ng điện 220-240V/50Hz<br />\nC&ocirc;ng suất: 1260-1500W<br />\nDung t&iacute;ch b&igrave;nh nước: 1.6L</p>\n\n<div style=\"margin: 0px; padding: 0px; color: rgb(64, 64, 64); font-family: Helvetica, Arial, sans-serif; font-size: 12px; line-height: 22.7999992370605px; text-align: justify;\"><strong>TH&Ocirc;NG TIN THƯƠNG HIỆU</strong></div>\n\n<p style=\"text-align:justify\">C&aacute;i t&ecirc;n&nbsp;<strong>Salav</strong>&nbsp;được lấy cảm hứng d&ograve;ng s&ocirc;ng Seine nổi tiếng với &yacute; nghĩa &quot;Cuộc sống!&quot; trong tiếng Ph&aacute;p (&quot;C&#39;est la vie!&quot;). Với quan niệm tận hưởng trọn vẹn một cuộc sống tự do v&agrave; thanh lịch ch&iacute;nh l&agrave; điều l&yacute; tưởng nhất,&nbsp;<strong>Salav</strong>&nbsp;đ&atilde; cho ra đời h&agrave;ng loạt sản phẩm mang đậm n&eacute;t thời trang cũng như sự tiện &iacute;ch, hướng con người đến một cuộc sống tiện nghi hơn, thoải m&aacute;i hơn. Cuộc c&aacute;ch mạng c&ocirc;ng nghiệp bắt nguồn từ nước Anh suốt c&aacute;c thế kỷ XVII, XVIII, XIX c&ugrave;ng c&aacute;c t&ecirc;n tuổi Thomas Savory, Thomas Newcomen, James Watt, ...từ đ&oacute;, sức mạnh của d&ograve;ng hơi nước n&oacute;ng đ&atilde; trở th&agrave;nh nguồn năng lượng ch&iacute;nh kh&ocirc;ng chỉ trong ng&agrave;nh c&ocirc;ng nghiệp cơ kh&iacute; - chế tạo m&agrave; c&ograve;n trong n&ocirc;ng nghiệp v&agrave; c&ocirc;ng nghiệp h&agrave;ng hải, thay thế sức lao động của con người bằng sức lao động của m&aacute;y m&oacute;c. Bắt đầu từ thế kỷ XX, c&aacute;c sản phẩm m&aacute;y m&oacute;c phục vụ con người ng&agrave;y c&agrave;ng trở n&ecirc;n phổ biến v&agrave; hiện diện nhiều hơn trong cuộc sống với ti&ecirc;u ch&iacute; xanh, sạch &amp; hiệu quả. C&ugrave;ng với sự gia tăng nhu cầu tiết kiệm thời gian l&agrave;m việc của con người, n&acirc;ng cao chất lượng cuộc sống,&nbsp;<strong>Salav</strong>&nbsp;đ&atilde; mang đến nhiều sản phẩm kh&ocirc;ng chỉ đ&aacute;p ứng nhu cầu về thẩm mỹ m&agrave; c&ograve;n về hiệu quả hoạt động, điển h&igrave;nh l&agrave; d&ograve;ng sản phẩm b&agrave;n ủi hơi nước mang thương hiệu&nbsp;<strong>Salav</strong>&nbsp;nổi tiếng thế giới v&agrave; được rất nhiều người ti&ecirc;u d&ugrave;ng chọn lựa.</p>\n\n<p style=\"text-align:justify\">&nbsp;</p>\n','VN-VI',NULL),(2652,104,26,NULL,NULL,'',NULL,NULL),(2653,104,27,3,NULL,NULL,NULL,NULL),(2654,104,28,30,NULL,NULL,NULL,NULL),(2655,104,29,NULL,30,NULL,NULL,NULL),(2656,104,21,NULL,NULL,NULL,NULL,''),(2657,104,22,NULL,NULL,'',NULL,NULL),(2658,104,23,NULL,NULL,'',NULL,NULL),(2659,104,1,NULL,NULL,NULL,'EN-US','Garment Steamer / White - Salav GS11-DJ'),(2660,104,2,NULL,NULL,'','EN-US',NULL),(2661,104,1,NULL,NULL,NULL,'KO-KR','Garment Steamer / White - Salav GS11-DJ'),(2662,104,2,NULL,NULL,'','KO-KR',NULL),(2663,105,1,NULL,NULL,NULL,'VN-VI','Bàn ủi khô - Philips GC160'),(2664,105,18,NULL,NULL,NULL,NULL,''),(2665,105,13,5,NULL,NULL,NULL,NULL),(2666,105,34,NULL,NULL,NULL,NULL,'Philips'),(2667,105,14,1,NULL,NULL,NULL,NULL),(2668,105,24,NULL,26,NULL,NULL,NULL),(2669,105,31,1,NULL,NULL,NULL,NULL),(2670,105,32,1,NULL,NULL,NULL,NULL),(2671,105,33,1,NULL,NULL,NULL,NULL),(2672,105,2,NULL,NULL,'<ul>\n	<li style=\"text-align:left\">\n	<p><strong><span style=\"font-size:14px\">Th&ocirc;ng tin sản phẩm Philips GC160 &ndash; B&agrave;n ủi kh&ocirc;</span></strong></p>\n\n	<table class=\"prd-attributes ui-grid ui-gridFull\" style=\"border-collapse:collapse; border-spacing:0px; border:0px; color:rgb(64, 64, 64); font-family:helvetica,arial,sans-serif; font-size:12px; line-height:14.3999996185303px; margin:0px; padding:0px; width:956px\">\n		<tbody>\n			<tr>\n				<td style=\"vertical-align:top\">&nbsp;</td>\n				<td style=\"vertical-align:top\">&nbsp;</td>\n			</tr>\n			<tr>\n				<td style=\"vertical-align:top\"><span style=\"font-size:12px\">Gi&aacute;</span></td>\n				<td style=\"vertical-align:top\">\n				<div id=\"pdtprice\" style=\"margin: 0px; padding: 0px;\"><span style=\"font-size:12px\">389.000 VND</span></div>\n				</td>\n			</tr>\n			<tr>\n				<th><span style=\"font-size:12px\">Model</span></th>\n				<td style=\"vertical-align:top\"><span style=\"font-size:12px\">GC160</span></td>\n			</tr>\n			<tr>\n				<th><span style=\"font-size:12px\">Sản xuất tại</span></th>\n				<td style=\"vertical-align:top\"><span style=\"font-size:12px\">Indonesia</span></td>\n			</tr>\n			<tr>\n				<th><span style=\"font-size:12px\">K&iacute;ch thước sản phẩm (D x R x C cm)</span></th>\n				<td style=\"vertical-align:top\"><span style=\"font-size:12px\">25.5 x 12.8 x 11.1 cm</span></td>\n			</tr>\n			<tr>\n				<th><span style=\"font-size:12px\">Trọng lượng (KG)</span></th>\n				<td style=\"vertical-align:top\"><span style=\"font-size:12px\">0.788</span></td>\n			</tr>\n			<tr>\n				<th><span style=\"font-size:12px\">Chứng nhận</span></th>\n				<td style=\"vertical-align:top\"><span style=\"font-size:12px\">Chứng nhận h&agrave;ng ch&iacute;nh h&atilde;ng</span></td>\n			</tr>\n			<tr>\n				<th><span style=\"font-size:12px\">M&agrave;u</span></th>\n				<td style=\"vertical-align:top\"><span style=\"font-size:12px\">Xanh Đen</span></td>\n			</tr>\n			<tr>\n				<th><span style=\"font-size:12px\">Chất liệu</span></th>\n				<td style=\"vertical-align:top\"><span style=\"font-size:12px\">Mặt đế chống d&iacute;nh</span></td>\n			</tr>\n			<tr>\n				<th><span style=\"font-size:12px\">Loại</span></th>\n				<td style=\"vertical-align:top\"><span style=\"font-size:12px\">B&agrave;n ủi kh&ocirc;</span></td>\n			</tr>\n			<tr>\n				<th><span style=\"font-size:12px\">Bảo h&agrave;nh</span></th>\n				<td style=\"vertical-align:top\"><span style=\"font-size:12px\">24 th&aacute;ng</span></td>\n			</tr>\n			<tr>\n				<th><span style=\"font-size:12px\">C&ocirc;ng suất (W)</span></th>\n				<td style=\"vertical-align:top\"><span style=\"font-size:12px\">1000</span></td>\n			</tr>\n			<tr>\n				<th><span style=\"font-size:12px\">Bảo h&agrave;nh ch&iacute;nh h&atilde;ng</span></th>\n				<td style=\"vertical-align:top\"><span style=\"font-size:12px\">24 th&aacute;ng</span></td>\n			</tr>\n		</tbody>\n	</table>\n	</li>\n</ul>\n\n<p style=\"text-align:justify\">B&agrave;n ủi kh&ocirc;&nbsp;<strong>Philips GC160</strong>&nbsp;thiết kế nhỏ gọn, mặt đế chống d&iacute;nh dễ d&agrave;ng lướt &ecirc;m tr&ecirc;n mọi chất liệu vải v&agrave; ủi phẳng c&aacute;c vết nhăn cứng đầu. B&agrave;n ủi sản xuất tại Indonesia, theo c&aacute;c ti&ecirc;u chuẩn nghi&ecirc;m ngặt của Philips, xứng đ&aacute;ng l&agrave; sản phẩm gia dụng chất lượng m&agrave; bạn tin d&ugrave;ng.</p>\n\n<div style=\"margin: 0px; padding: 0px; color: rgb(64, 64, 64); font-family: Helvetica, Arial, sans-serif; font-size: 12px; line-height: 22.7999992370605px; text-align: justify;\"><strong>T&Iacute;NH NĂNG NỔI BẬT</strong></div>\n\n<p style=\"text-align:justify\"><strong>Mặt đế chống d&iacute;nh</strong><br />\nThiết kế rộng gi&uacute;p lướt &ecirc;m tr&ecirc;n bề mặt tất cả c&aacute;c loại vải, l&agrave;m việc ủi quần &aacute;o trở n&ecirc;n nhanh ch&oacute;ng hơn.</p>\n\n<p style=\"text-align:justify\"><strong>Thiết kế tiện lợi</strong><br />\nD&acirc;y linh hoạt gi&uacute;p qu&aacute; tr&igrave;nh ủi kh&ocirc;ng bị việc vướng d&acirc;y v&agrave;o &aacute;o cản trở.<br />\nTay cầm vừa phải, kh&ocirc;ng mỏi.</p>\n\n<p style=\"text-align:justify\"><strong>Th&ocirc;ng số kỹ thuật</strong><br />\nC&ocirc;ng suất &ndash; 1000W<br />\nChất liệu &ndash; Mặt đế chống d&iacute;nh</p>\n\n<div style=\"margin: 0px; padding: 0px; color: rgb(64, 64, 64); font-family: Helvetica, Arial, sans-serif; font-size: 12px; line-height: 22.7999992370605px; text-align: justify;\"><strong>TH&Ocirc;NG TIN THƯƠNG HIỆU</strong></div>\n\n<p style=\"text-align:justify\">Tập đo&agrave;n Điện tử Ho&agrave;ng gia&nbsp;<strong>Philips</strong>&nbsp;nổi tiếng thế giới được th&agrave;nh lập năm 1891 đại Amsterdam - H&agrave; Lan chuy&ecirc;n sản xuất v&agrave; ph&acirc;n phối c&aacute;c sản phẩm thuộc ng&agrave;nh chăm s&oacute;c y tế, chiếu s&aacute;ng, đặc biệt l&agrave; ng&agrave;nh điện gia dụng v&agrave; điện tử ti&ecirc;u d&ugrave;ng.&nbsp;<strong>Philips</strong>&nbsp;ch&iacute;nh thức hoạt động kinh doanh tại Việt Nam v&agrave;o năm 2002 bằng việc x&acirc;y dựng nh&agrave; m&aacute;y sản xuất tại Khu c&ocirc;ng nghiệp Bi&ecirc;n H&ograve;a II. Với mục ti&ecirc;u cải thiện cuộc sống con người, c&ocirc;ng ty đưa mọi kỹ thuật tối t&acirc;n v&agrave; tiết kiệm nhất v&agrave;o những d&ograve;ng sản phẩm đa dạng. Qua nhiều năm hoạt động, đến nay&nbsp;<strong>Philips</strong>&nbsp;được người ti&ecirc;u d&ugrave;ng Việt Nam đ&aacute;nh gi&aacute; cao v&agrave; tin tưởng sử dụng.</p>\n','VN-VI',NULL),(2673,105,26,NULL,NULL,'',NULL,NULL),(2674,105,27,3,NULL,NULL,NULL,NULL),(2675,105,28,30,NULL,NULL,NULL,NULL),(2676,105,29,NULL,0,NULL,NULL,NULL),(2677,105,21,NULL,NULL,NULL,NULL,''),(2678,105,22,NULL,NULL,'',NULL,NULL),(2679,105,23,NULL,NULL,'',NULL,NULL),(2680,105,1,NULL,NULL,NULL,'EN-US','Irons - Philips GC160'),(2681,105,2,NULL,NULL,'','EN-US',NULL),(2682,105,1,NULL,NULL,NULL,'KO-KR','Irons - Philips GC160'),(2683,105,2,NULL,NULL,'','KO-KR',NULL),(2684,106,1,NULL,NULL,NULL,'VN-VI','Bộ 6 ly Conique Thủy tinh - Luminarc H6739 '),(2685,106,18,NULL,NULL,NULL,NULL,''),(2686,106,13,2,NULL,NULL,NULL,NULL),(2687,106,34,NULL,NULL,NULL,NULL,'Luminarc'),(2688,106,14,1,NULL,NULL,NULL,NULL),(2689,106,24,NULL,26,NULL,NULL,NULL),(2690,106,31,30,NULL,NULL,NULL,NULL),(2691,106,32,10,NULL,NULL,NULL,NULL),(2692,106,33,10,NULL,NULL,NULL,NULL),(2693,106,2,NULL,NULL,'<ul>\n	<li style=\"text-align:left\"><span style=\"color:rgb(84, 83, 81)\">Bộ 6 ly</span></li>\n	<li style=\"text-align:left\"><span style=\"color:rgb(84, 83, 81)\">Dung t&iacute;ch 280ml x 6</span></li>\n	<li style=\"text-align:left\"><span style=\"color:rgb(84, 83, 81)\">Thương hiệu Ph&aacute;p</span></li>\n	<li style=\"text-align:left\"><span style=\"color:rgb(84, 83, 81)\">Xuất xứ Ả Rập</span></li>\n</ul>\n\n<p><span style=\"color:rgb(64, 64, 64); font-family:helvetica,arial,sans-serif; font-size:12px\">Bộ ly Conique&nbsp;</span><strong>Luminarc 13824</strong><span style=\"color:rgb(64, 64, 64); font-family:helvetica,arial,sans-serif; font-size:12px\">&nbsp;l&agrave; sản phẩm của nh&atilde;n hiệu thủy tinh, pha l&ecirc; nổi tiếng của Ph&aacute;p &ndash; ARC International. Bộ gồm 6 ly, dung t&iacute;ch 280ml / ly, l&agrave;m bằng thủy tinh cao cấp n&ecirc;n c&oacute; độ trong v&agrave; s&aacute;ng b&oacute;ng đẹp mắt, khả năng chịu nhiệt, chống b&aacute;m bẩn, lau ch&ugrave;i dễ d&agrave;ng v&agrave; an to&agrave;n khi d&ugrave;ng với m&aacute;y rửa ch&eacute;n. Thiết kế đơn giản, tinh tế v&agrave; tiện dụng, bộ ly thủy tinh cao cấp Conique&nbsp;</span><strong>Luminarc H6739</strong><span style=\"color:rgb(64, 64, 64); font-family:helvetica,arial,sans-serif; font-size:12px\">&nbsp;ph&ugrave; hợp cho gia đ&igrave;nh sử dụng hoặc bạn c&oacute; thể gắn th&ecirc;m logo c&ocirc;ng ty để tặng cho kh&aacute;ch h&agrave;ng, đối t&aacute;c.</span></p>\n\n<div style=\"margin: 0px; padding: 0px; color: rgb(64, 64, 64); font-family: Helvetica, Arial, sans-serif; font-size: 12px; line-height: 22.7999992370605px; text-align: justify;\"><strong>ĐẶC ĐIỂM NỔI BẬT</strong></div>\n\n<p style=\"text-align:justify\"><strong>Chất liệu thủy tinh cao cấp</strong><br />\nBộ ly Vigne&nbsp;<strong>Luminarc H6739</strong>&nbsp;được l&agrave;m từ thủy tinh cao cấp với độ tinh khiết cao, s&aacute;ng đẹp. Chất liệu n&agrave;y c&ograve;n c&oacute; khả năng chống b&aacute;m bẩn, dễ ch&ugrave;i rửa, d&ugrave;ng được cho m&aacute;y rửa ch&eacute;n; đồng thời chịu được nhiệt độ cao, hạn chế sự nứt vỡ do t&aacute;c động của nhiệt, an to&agrave;n cho sức khỏe người d&ugrave;ng.</p>\n\n<p style=\"text-align:justify\"><strong>Thiết kế hiện đại v&agrave; tiện dụng</strong><br />\nBộ ly Vigne&nbsp;<strong>Luminarc H6739</strong>&nbsp;thiết kế trơn đơn giản nhưng tinh tế nhờ v&agrave;o độ s&aacute;ng b&oacute;ng v&agrave; trong suốt của thủy tinh cao cấp. Ly được thiết kế vừa tay, mang lại cảm gi&aacute;c chắc chắn, kh&ocirc;ng trơn trượt khi sử dụng.</p>\n\n<p style=\"text-align:justify\"><strong>Bộ sản phẩm đa dụng</strong><br />\nBộ sản phẩm gồm 6 ly, dung t&iacute;ch 280ml / ly, ph&ugrave; hợp sử dụng trong ph&ograve;ng kh&aacute;ch gia đ&igrave;nh cho c&aacute;c mục đ&iacute;ch kh&aacute;c nhau như uống nước, nước tr&aacute;i c&acirc;y... hay để trang tr&iacute; tong tủ.</p>\n\n<p style=\"text-align:justify\"><strong>Mẹo vặt cho bạn</strong><br />\nKhi đ&aacute;nh rửa cốc ch&eacute;n hay bất cứ đồ d&ugrave;ng g&igrave; bằng thủy tinh trong nh&agrave; bạn cần phải thật nhẹ nh&agrave;ng, hạn chế tối đa va chạm, cọ s&aacute;t nếu kh&ocirc;ng rất dễ bị vỡ, sứt mẻ hay rạn nứt.<br />\nSau một thời gian sử dụng, đồ thủy tinh trở n&ecirc;n xỉn m&agrave;u. Nếu bạn muốn t&igrave;m lại sự s&aacute;ng trong như ban đầu c&aacute;ch tốt nhất l&agrave; n&ecirc;n d&ugrave;ng vỏ trứng, chanh v&agrave; giấm. Bằng c&aacute;ch v&ograve; n&aacute;t khoảng 6 vỏ trứng v&agrave;o đồ d&ugrave;ng cần l&agrave;m sạch sau đ&oacute; vắt hai quả chanh hoặc một nửa cốc giấm. Ng&acirc;m qua một đ&ecirc;m đủ thời gian để cho vỏ trứng tan trong nước chanh hoặc giấm. Rửa đồ d&ugrave;ng bằng nước n&oacute;ng v&agrave; &uacute;p kh&ocirc;.</p>\n\n<div style=\"margin: 0px; padding: 0px; color: rgb(64, 64, 64); font-family: Helvetica, Arial, sans-serif; font-size: 12px; line-height: 22.7999992370605px; text-align: justify;\"><strong>TH&Ocirc;NG TIN THƯƠNG HIỆU</strong></div>\n\n<p style=\"text-align:justify\">Thương hiệu&nbsp;<strong>Luminarc</strong>&nbsp;thuộc tập đo&agrave;n ARC International được th&agrave;nh lập năm 1825 tại Ph&aacute;p, chuy&ecirc;n sản xuất c&aacute;c sản phẩm thuỷ tinh, pha l&ecirc; gia dụng phục vụ cho c&aacute;c nhu cầu hằng ng&agrave;y của người ti&ecirc;u d&ugrave;ng cũng như c&aacute;c nh&agrave; h&agrave;ng v&agrave; kh&aacute;ch sạn lớn. L&agrave; một nh&atilde;n h&agrave;ng chủ lực của ARC,&nbsp;<strong>Luminarc</strong>&nbsp;chuy&ecirc;n về c&aacute;c sản phẩm bằng thủy tinh cao cấp với kiểu d&aacute;ng v&agrave; hoa văn sang trọng. Với chất lượng bảo đảm c&ugrave;ng kỹ thuật sản xuất hiện đại,&nbsp;<strong>Luminarc</strong>&nbsp;lu&ocirc;n l&agrave;m h&agrave;i l&ograve;ng tất cả kh&aacute;ch h&agrave;ng tr&ecirc;n thế giới bằng c&aacute;c sản phẩm c&oacute; độ bền cũng như t&iacute;nh thẩm mỹ cao. Hiện nay, sản phẩm của&nbsp;<strong>Luminarc</strong>&nbsp;đ&atilde; được xuất khẩu tr&ecirc;n 180 quốc gia kh&aacute;c nhau tr&ecirc;n to&agrave;n thế giới.</p>\n','VN-VI',NULL),(2694,106,26,NULL,NULL,'',NULL,NULL),(2695,106,27,3,NULL,NULL,NULL,NULL),(2696,106,28,30,NULL,NULL,NULL,NULL),(2697,106,29,NULL,0,NULL,NULL,NULL),(2698,106,21,NULL,NULL,NULL,NULL,''),(2699,106,22,NULL,NULL,'',NULL,NULL),(2700,106,23,NULL,NULL,'',NULL,NULL),(2701,106,1,NULL,NULL,NULL,'EN-US','Set 6 Conique glass - Luminarc H6739 '),(2702,106,2,NULL,NULL,'','EN-US',NULL),(2703,106,1,NULL,NULL,NULL,'KO-KR','Set 6 Conique glass - Luminarc H6739 '),(2704,106,2,NULL,NULL,'','KO-KR',NULL),(2705,107,1,NULL,NULL,NULL,'VN-VI','Nồi Blooming Vitro / Gốm thủy tinh - Luminarc H6009LR'),(2706,107,18,NULL,NULL,NULL,NULL,''),(2707,107,13,5,NULL,NULL,NULL,NULL),(2708,107,34,NULL,NULL,NULL,NULL,'Luminarc'),(2709,107,14,1,NULL,NULL,NULL,NULL),(2710,107,24,NULL,27,NULL,NULL,NULL),(2711,107,31,1,NULL,NULL,NULL,NULL),(2712,107,32,1,NULL,NULL,NULL,NULL),(2713,107,33,1,NULL,NULL,NULL,NULL),(2714,107,1,NULL,NULL,NULL,'EN-US','Blooming Vitro Pot/ Ceramic glass - Luminarc H6009LR'),(2715,107,2,NULL,NULL,'','EN-US',NULL),(2716,107,26,NULL,NULL,'',NULL,NULL),(2717,107,27,3,NULL,NULL,NULL,NULL),(2718,107,28,30,NULL,NULL,NULL,NULL),(2719,107,29,NULL,0,NULL,NULL,NULL),(2720,107,21,NULL,NULL,NULL,NULL,''),(2721,107,22,NULL,NULL,'',NULL,NULL),(2722,107,23,NULL,NULL,'',NULL,NULL),(2723,107,1,NULL,NULL,NULL,'KO-KR','Blooming Vitro Pot/ Ceramic glass - Luminarc H6009LR'),(2724,107,2,NULL,NULL,'','KO-KR',NULL),(2725,107,2,NULL,NULL,'<ul>\n	<li style=\"text-align:left\"><span style=\"color:rgb(84, 83, 81)\">Dung t&iacute;ch 1L</span></li>\n	<li style=\"text-align:left\"><span style=\"color:rgb(84, 83, 81)\">Chất liệu gốm thủy tinh</span></li>\n	<li style=\"text-align:left\"><span style=\"color:rgb(84, 83, 81)\">Thương hiệu Ph&aacute;p</span></li>\n	<li style=\"text-align:left\"><span style=\"color:rgb(84, 83, 81)\">Bảo h&agrave;nh 10 năm</span></li>\n</ul>\n\n<p><span style=\"color:rgb(64, 64, 64); font-family:helvetica,arial,sans-serif; font-size:12px\">Nồi Blooming Vitro&nbsp;</span><strong>Luminarc H6009LR</strong><span style=\"color:rgb(64, 64, 64); font-family:helvetica,arial,sans-serif; font-size:12px\">&nbsp;c&oacute; dung t&iacute;ch 1L gi&uacute;p bạn chế biến những m&oacute;n ăn ngon hơn cho cả gia đ&igrave;nh. Được l&agrave;m từ chất liệu gốm thủy tinh,&nbsp;</span><strong>Blooming Vitro H6009LR</strong><span style=\"color:rgb(64, 64, 64); font-family:helvetica,arial,sans-serif; font-size:12px\">&nbsp;c&oacute; khả năng chịu nhiệt cao, tiết kiệm nhi&ecirc;n liệu v&agrave; sử dụng được tr&ecirc;n nhiều loại bếp kh&aacute;c nhau. Thiết kế đẹp, hiện đại,&nbsp;</span><strong>Luminarc H6009LR</strong><span style=\"color:rgb(64, 64, 64); font-family:helvetica,arial,sans-serif; font-size:12px\">&nbsp;g&oacute;p phần l&agrave;m cho gian bếp nh&agrave; bạn th&ecirc;m tiện nghi v&agrave; bắt mắt.</span></p>\n\n<div style=\"margin: 0px; padding: 0px; color: rgb(64, 64, 64); font-family: Helvetica, Arial, sans-serif; font-size: 12px; line-height: 22.7999992370605px; text-align: justify;\"><strong>ĐẶC ĐIỂM NỔI BẬT</strong></div>\n\n<p style=\"text-align:justify\"><strong>Chất liệu cao cấp, chịu nhiệt tốt</strong><br />\nNồi&nbsp;được l&agrave;m từ chất liệu gốm thủy tinh c&oacute; khả năng chịu nhiệt cao, th&iacute;ch ứng khi thay đổi nhiệt độ n&oacute;ng lạnh đột ngột. Giữ nhiệt tốt, tiết kiệm nhi&ecirc;n liệu. Thuận tiện khi nấu c&aacute;c m&oacute;n c&oacute; nước như s&uacute;p v&agrave; c&agrave;-ri&hellip;Đun nấu được tr&ecirc;n c&aacute;c loại bếp ga, bếp điện.</p>\n\n<p style=\"text-align:justify\"><strong>Chống b&aacute;m bẩn</strong><br />\nChất liệu gốm thủy tinh dễ ch&ugrave;i rửa, kh&ocirc;ng g&acirc;y &aacute;m m&ugrave;i thực phẩm như chất liệu nhựa. Việc vệ sinh nồi sẽ trở n&ecirc;n dễ d&agrave;ng v&agrave; nhanh ch&oacute;ng hơn với ngay cả những thức ăn chứa dầu mỡ, gi&uacute;p bạn tiết kiệm thời gian rửa ch&eacute;n mỗi ng&agrave;y.</p>\n\n<p style=\"text-align:justify\"><strong>C&oacute; thể d&ugrave;ng trong m&aacute;y rửa ch&eacute;n</strong><br />\nSản phẩm c&oacute; thể d&ugrave;ng với m&aacute;y rửa ch&eacute;n, gi&uacute;p việc ch&ugrave;i rửa trở n&ecirc;n dễ d&agrave;ng hơn.</p>\n\n<p style=\"text-align:justify\"><strong>Mẹo vặt cho bạn</strong><br />\nKhi đ&aacute;nh rửa cốc ch&eacute;n hay bất cứ đồ d&ugrave;ng g&igrave; bằng thủy tinh trong nh&agrave; bạn cần phải thật nhẹ nh&agrave;ng, hạn chế tối đa va chạm, cọ s&aacute;t nếu kh&ocirc;ng rất dễ bị vỡ, sứt mẻ hay rạn nứt.<br />\nSau một thời gian sử dụng, đồ thủy tinh trở n&ecirc;n xỉn m&agrave;u. Nếu bạn muốn t&igrave;m lại sự s&aacute;ng trong như ban đầu c&aacute;ch tốt nhất l&agrave; n&ecirc;n d&ugrave;ng vỏ trứng, chanh v&agrave; giấm. Bằng c&aacute;ch v&ograve; n&aacute;t khoảng 6 vỏ trứng v&agrave;o đồ d&ugrave;ng cần l&agrave;m sạch sau đ&oacute; vắt hai quả chanh hoặc một nửa cốc giấm. Ng&acirc;m qua một đ&ecirc;m đủ thời gian để cho vỏ trứng tan trong nước chanh hoặc giấm. Rửa đồ d&ugrave;ng bằng nước n&oacute;ng v&agrave; &uacute;p kh&ocirc;.</p>\n\n<div style=\"margin: 0px; padding: 0px; color: rgb(64, 64, 64); font-family: Helvetica, Arial, sans-serif; font-size: 12px; line-height: 22.7999992370605px; text-align: justify;\"><strong>TH&Ocirc;NG TIN THƯƠNG HIỆU</strong></div>\n\n<p style=\"text-align:justify\">Thương hiệu&nbsp;<strong>Luminarc</strong>&nbsp;thuộc tập đo&agrave;n ARC International được th&agrave;nh lập năm 1825 tại Ph&aacute;p, chuy&ecirc;n sản xuất c&aacute;c sản phẩm thuỷ tinh, pha l&ecirc; gia dụng phục vụ cho c&aacute;c nhu cầu hằng ng&agrave;y của người ti&ecirc;u d&ugrave;ng cũng như c&aacute;c nh&agrave; h&agrave;ng v&agrave; kh&aacute;ch sạn lớn. L&agrave; một nh&atilde;n h&agrave;ng chủ lực của ARC,&nbsp;<strong>Luminarc</strong>&nbsp;chuy&ecirc;n về c&aacute;c sản phẩm bằng thủy tinh cao cấp với kiểu d&aacute;ng v&agrave; hoa văn sang trọng. Với chất lượng bảo đảm c&ugrave;ng kỹ thuật sản xuất hiện đại,&nbsp;<strong>Luminarc</strong>&nbsp;lu&ocirc;n l&agrave;m h&agrave;i l&ograve;ng tất cả kh&aacute;ch h&agrave;ng tr&ecirc;n thế giới bằng c&aacute;c sản phẩm c&oacute; độ bền cũng như t&iacute;nh thẩm mỹ cao. Hiện nay, sản phẩm của&nbsp;<strong>Luminarc</strong>&nbsp;đ&atilde; được xuất khẩu tr&ecirc;n 180 quốc gia kh&aacute;c nhau tr&ecirc;n to&agrave;n thế giới.</p>\n','VN-VI',NULL),(2726,108,1,NULL,NULL,NULL,'VN-VI','Bình đựng nước Octime Thủy tinh - Luminarc G2664'),(2727,108,18,NULL,NULL,NULL,NULL,''),(2728,108,13,5,NULL,NULL,NULL,NULL),(2729,108,34,NULL,NULL,NULL,NULL,''),(2730,108,14,1.1,NULL,NULL,NULL,NULL),(2731,108,24,NULL,27,NULL,NULL,NULL),(2732,108,31,1,NULL,NULL,NULL,NULL),(2733,108,32,1,NULL,NULL,NULL,NULL),(2734,108,33,1,NULL,NULL,NULL,NULL),(2735,108,2,NULL,NULL,'<ul>\n	<li style=\"text-align:left\"><span style=\"color:rgb(84, 83, 81)\">Dung t&iacute;ch 1.1L</span></li>\n	<li style=\"text-align:left\"><span style=\"color:rgb(84, 83, 81)\">Thủy tinh cao cấp</span></li>\n	<li style=\"text-align:left\"><span style=\"color:rgb(84, 83, 81)\">Thiết kế hiện đại</span></li>\n	<li style=\"text-align:left\"><span style=\"color:rgb(84, 83, 81)\">Thương hiệu Ph&aacute;p</span></li>\n</ul>\n\n<p style=\"text-align:left\"><span style=\"color:rgb(64, 64, 64); font-family:helvetica,arial,sans-serif; font-size:12px\">Sở hữu thiết kế trơn kh&ocirc;ng hoa văn, đơn giản nhưng kh&ocirc;ng k&eacute;m phần tinh tế, b&igrave;nh nước Octime&nbsp;</span><strong>Luminarc G2664</strong><span style=\"color:rgb(64, 64, 64); font-family:helvetica,arial,sans-serif; font-size:12px\">&nbsp;kh&ocirc;ng chỉ l&agrave; m&oacute;n đồ mang lại tiện &iacute;ch cho cuộc sống, m&agrave; c&ograve;n l&agrave; vật trong tr&iacute; đầy tinh tế cho kh&ocirc;ng gian sống của bạn. Sản phẩm được l&agrave;m từ chất liệu thủy tinh cao cấp đạt chất lượng cao theo ti&ecirc;u chuẩn của nh&agrave; sản xuất n&ecirc;n đặc biệt an to&agrave;n cho sức khỏe của người sử dụng v&agrave; cho thời gian sử dụng l&acirc;u bền; chất liệu n&agrave;y c&ograve;n dễ ch&ugrave;i rửa, chống b&aacute;m bụi v&agrave; an to&agrave;n khi d&ugrave;ng trong m&aacute;y rửa ch&eacute;n, đem lại sự tiện lợi tối đa cho người d&ugrave;ng.</span></p>\n\n<div style=\"margin: 0px; padding: 0px; color: rgb(64, 64, 64); font-family: Helvetica, Arial, sans-serif; font-size: 12px; line-height: 22.7999992370605px; text-align: justify;\"><strong>ĐẶC ĐIỂM NỔI BẬT</strong></div>\n\n<p style=\"text-align:justify\"><strong>Chất liệu thủy tinh cao cấp</strong><br />\nSản phẩm được l&agrave;m từ chất liệu thủy tinh cao cấp với độ tinh khiết cao, s&aacute;ng đẹp. Chất liệu n&agrave;y c&ograve;n c&oacute; khả năng chống b&aacute;m bẩn, dễ ch&ugrave;i rửa, d&ugrave;ng được cho m&aacute;y rửa ch&eacute;n; đồng thời chịu được nhiệt độ cao, hạn chế được sự nứt vỡ do t&aacute;c động của nhiệt, v&agrave; đặc biệt an to&agrave;n cho sức khỏe của người sử dụng.</p>\n\n<p style=\"text-align:justify\"><strong>Kiểu d&aacute;ng hiện đại, tinh tế</strong><br />\n<strong>Luminarc G2664</strong>&nbsp;với thiết kế đơn giản với quai cầm đem lại cho người d&ugrave;ng cảm gi&aacute;c ho&agrave;n to&agrave;n chắc tay; kh&ocirc;ng hoa văn, đơn giản nhưng rất tinh tế. B&igrave;nh đựng nước trong suốt n&ecirc;n kh&ocirc;ng chỉ để đựng nước lọc hay nước &eacute;p tr&aacute;i c&acirc;y m&agrave; c&ograve;n trở th&agrave;nh vật trang tr&iacute; cho kh&ocirc;ng gian sống của bạn.</p>\n\n<p style=\"text-align:justify\"><strong>Mẹo vặt cho bạn</strong><br />\nKhi đ&aacute;nh rửa cốc ch&eacute;n hay bất cứ đồ d&ugrave;ng g&igrave; bằng thủy tinh trong nh&agrave; bạn cần phải thật nhẹ nh&agrave;ng, hạn chế tối đa va chạm, cọ s&aacute;t nếu kh&ocirc;ng rất dễ bị vỡ, sứt mẻ hay rạn nứt.<br />\nSau một thời gian sử dụng, đồ thủy tinh trở n&ecirc;n xỉn m&agrave;u. Nếu bạn muốn t&igrave;m lại sự s&aacute;ng trong như ban đầu c&aacute;ch tốt nhất l&agrave; n&ecirc;n d&ugrave;ng vỏ trứng, chanh v&agrave; giấm. Bằng c&aacute;ch v&ograve; n&aacute;t khoảng 6 vỏ trứng v&agrave;o đồ d&ugrave;ng cần l&agrave;m sạch sau đ&oacute; vắt hai quả chanh hoặc một nửa cốc giấm. Ng&acirc;m qua một đ&ecirc;m đủ thời gian để cho vỏ trứng tan trong nước chanh hoặc giấm. Rửa đồ d&ugrave;ng bằng nước n&oacute;ng v&agrave; &uacute;p kh&ocirc;.</p>\n\n<div style=\"margin: 0px; padding: 0px; color: rgb(64, 64, 64); font-family: Helvetica, Arial, sans-serif; font-size: 12px; line-height: 22.7999992370605px; text-align: justify;\"><strong>TH&Ocirc;NG TIN THƯƠNG HIỆU</strong></div>\n\n<p style=\"text-align:justify\">Thương hiệu Luminarc thuộc tập đo&agrave;n ARC International được th&agrave;nh lập năm 1825 tại Ph&aacute;p, chuy&ecirc;n sản xuất c&aacute;c sản phẩm thuỷ tinh, pha l&ecirc; gia dụng phục vụ cho c&aacute;c nhu cầu hằng ng&agrave;y của người ti&ecirc;u d&ugrave;ng cũng như c&aacute;c nh&agrave; h&agrave;ng v&agrave; kh&aacute;ch sạn lớn. L&agrave; một nh&atilde;n h&agrave;ng chủ lực của ARC, Luminarc chuy&ecirc;n về c&aacute;c sản phẩm bằng thủy tinh cao cấp với kiểu d&aacute;ng v&agrave; hoa văn sang trọng. Với chất lượng bảo đảm c&ugrave;ng kỹ thuật sản xuất hiện đại, Luminarc lu&ocirc;n l&agrave;m h&agrave;i l&ograve;ng tất cả kh&aacute;ch h&agrave;ng tr&ecirc;n thế giới bằng c&aacute;c sản phẩm c&oacute; độ bền cũng như t&iacute;nh thẩm mỹ cao. Hiện nay, sản phẩm của Luminarc đ&atilde; được xuất khẩu tr&ecirc;n 180 quốc gia kh&aacute;c nhau tr&ecirc;n to&agrave;n thế giới.</p>\n','VN-VI',NULL),(2736,108,26,NULL,NULL,'',NULL,NULL),(2737,108,27,3,NULL,NULL,NULL,NULL),(2738,108,28,30,NULL,NULL,NULL,NULL),(2739,108,29,NULL,0,NULL,NULL,NULL),(2740,108,21,NULL,NULL,NULL,NULL,''),(2741,108,22,NULL,NULL,'',NULL,NULL),(2742,108,23,NULL,NULL,'',NULL,NULL),(2743,108,1,NULL,NULL,NULL,'EN-US','Glass Water Jug Octime - Luminarc G2664'),(2744,108,2,NULL,NULL,'','EN-US',NULL),(2745,108,1,NULL,NULL,NULL,'KO-KR','Glass Water Jug Octime - Luminarc G2664'),(2746,108,2,NULL,NULL,'','KO-KR',NULL),(2747,109,1,NULL,NULL,NULL,'VN-VI','Vỉ nướng chống dính / Nhôm (Đen) - Happy Cook VCD32'),(2748,109,18,NULL,NULL,NULL,NULL,''),(2749,109,13,3,NULL,NULL,NULL,NULL),(2750,109,34,NULL,NULL,NULL,NULL,''),(2751,109,14,1,NULL,NULL,NULL,NULL),(2752,109,24,NULL,26,NULL,NULL,NULL),(2753,109,31,1,NULL,NULL,NULL,NULL),(2754,109,32,1,NULL,NULL,NULL,NULL),(2755,109,33,1,NULL,NULL,NULL,NULL),(2756,109,1,NULL,NULL,NULL,'EN-US','Non-stick grill / Alumi (Black) - Happy Cook VCD32'),(2757,109,2,NULL,NULL,'','EN-US',NULL),(2758,109,26,NULL,NULL,'',NULL,NULL),(2759,109,27,3,NULL,NULL,NULL,NULL),(2760,109,28,30,NULL,NULL,NULL,NULL),(2761,109,29,NULL,28,NULL,NULL,NULL),(2762,109,21,NULL,NULL,NULL,NULL,''),(2763,109,22,NULL,NULL,'',NULL,NULL),(2764,109,23,NULL,NULL,'',NULL,NULL),(2765,109,1,NULL,NULL,NULL,'KO-KR','Non-stick grill / Alumi (Black) - Happy Cook VCD32'),(2766,109,2,NULL,NULL,'','KO-KR',NULL),(2767,109,2,NULL,NULL,'<p style=\"text-align: justify;\"><span style=\"font-size:12px; line-height:1.6\">Bộ hộp vu&ocirc;ng&nbsp;</span><strong style=\"font-size:12px; line-height:1.6\">Glasslock GL - 155</strong><span style=\"font-size:12px; line-height:1.6\">&nbsp;l&agrave; sản phẩm chất lượng với mẫu m&atilde; đa dạng, chất liệu thủy tinh cường lực si&ecirc;u bền, kh&ocirc;ng độc hại, kh&ocirc;ng g&acirc;y &ocirc; nhiễm m&ocirc;i trường. Sản phẩm bộ hộp vu&ocirc;ng&nbsp;</span><strong style=\"font-size:12px; line-height:1.6\">Glasslock GL - 155</strong><span style=\"font-size:12px; line-height:1.6\">&nbsp;lu&ocirc;n l&agrave; sự lựa chọn ưu ti&ecirc;n của c&aacute;c chị em nội trợ hiện nay. Với nhiều t&iacute;nh năng tiện dụng như gioăng silicon v&agrave; nắp đậy bốn khớp kh&oacute;a k&iacute;n gi&uacute;p bạn an t&acirc;m khi bảo quản hay di chuyển m&agrave; kh&ocirc;ng lo thức ăn đổ hay rơi ra ngo&agrave;i. Ngo&agrave;i ra, bộ hộp vu&ocirc;ng&nbsp;</span><strong style=\"font-size:12px; line-height:1.6\">Glasslock GL - 155</strong><span style=\"font-size:12px; line-height:1.6\">&nbsp;l&agrave; một sản phẩm c&oacute; thể dễ d&agrave;ng sử dụng trong nhiều m&ocirc;i trường kh&aacute;c nhau như tủ lạnh, l&ograve; vi s&oacute;ng hay m&aacute;y rửa ch&eacute;n đĩa. H&atilde;y sở hữu ngay bộ hộp vu&ocirc;ng&nbsp;</span><strong style=\"font-size:12px; line-height:1.6\">Glasslock GL - 155</strong><span style=\"font-size:12px; line-height:1.6\">&nbsp;v&agrave;o bộ sưu tập đồ bếp th&ocirc;ng minh của bạn để tận hưởng cuộc sống tiện nghi, th&uacute; vị hơn. Bộ sản phẩm gồm 3 hộp dung t&iacute;ch 0.49 l&iacute;t, 1.2 l&iacute;t v&agrave; 2.6 l&iacute;t.</span></p>\n\n<p style=\"text-align:justify\">&nbsp;</p>\n\n<div style=\"margin: 0px; padding: 0px; color: rgb(64, 64, 64); font-family: Helvetica, Arial, sans-serif; font-size: 12px; line-height: 22.7999992370605px; text-align: justify;\"><strong>ĐẶC ĐIỂM NỔI BẬT</strong></div>\n\n<p><strong>Chất liệu cao cấp</strong><br />\n<span style=\"color:rgb(64, 64, 64); font-family:helvetica,arial,sans-serif; font-size:12px\">Bộ hộp vu&ocirc;ng&nbsp;</span><strong>Glasslock GL - 155</strong><span style=\"color:rgb(64, 64, 64); font-family:helvetica,arial,sans-serif; font-size:12px\">&nbsp;được sản xuất bằng thủy tinh cường lực, kh&oacute; bể vỡ ngay cả khi rơi từ độ cao 1.5m, bền gấp ba lần so với thủy tinh th&ocirc;ng thường. Ngo&agrave;i ra, nắp hộp được sản xu&acirc;t từ nhựa P.P c&oacute; khả năng chịu nhiệt v&agrave; t&aacute;c động của ngoại lực cao, kh&ocirc;ng bị biến dạng khi sử dụng trong l&ograve; vi s&oacute;ng, th&acirc;n thiện với m&ocirc;i trường cũng như an to&agrave;n cho sức khỏe người d&ugrave;ng.</span></p>\n\n<p style=\"text-align:justify\"><strong>T&iacute;nh năng tiện dụng</strong><br />\nBộ hộp vu&ocirc;ng&nbsp;<strong>Glasslock GL - 155</strong>&nbsp;c&oacute; thể sử dụng bảo quản thức ăn cả trong m&ocirc;i trường tủ lạnh, l&ograve; vi s&oacute;ng,... Ngo&agrave;i ra, đ&acirc;y l&agrave; sản phẩm l&agrave;m từ thủy tinh cường lực n&ecirc;n rất dễ lau ch&ugrave;i kh&ocirc;ng bị b&aacute;m m&ugrave;i, bạn c&oacute; thể sử dụng m&aacute;y rửa ch&eacute;n để l&agrave;m sạch, điều đ&oacute; đem lại sự tiện lợi khi sử dụng sản phẩm.</p>\n\n<p style=\"text-align:justify\"><strong>Khả năng giữ k&iacute;n tuyệt đối</strong><br />\nĐược trang bị gioăng silicon v&agrave; nắp đậy bốn khớp kh&oacute;a đậy k&iacute;n hộp, kh&ocirc;ng để thức ăn rơi rớt. B&ecirc;n cạnh đ&oacute;, bộ hộp vu&ocirc;ng&nbsp;<strong>Glasslock GL - 155</strong>&nbsp;c&ograve;n giữ tr&aacute;i c&acirc;y tươi l&acirc;u v&igrave; kh&ocirc;ng tiếp x&uacute;c với kh&ocirc;ng kh&iacute;.</p>\n\n<p style=\"text-align:justify\"><strong>An to&agrave;n cho sức khỏe</strong><br />\nHộp thủy tinh l&agrave;m từ c&aacute;t tự nhi&ecirc;n, kh&ocirc;ng chứa BPA (Bisphenol-A), do đ&oacute; sản phẩm an to&agrave;n cho sức khỏe v&agrave; c&oacute; thể t&aacute;i chế, g&oacute;p phần bảo vệ m&ocirc;i trường.</p>\n\n<p style=\"text-align:justify\"><strong>Lưu &yacute;:</strong><br />\nMở nắp khi sử dụng trong l&ograve; vi s&oacute;ng.</p>\n','VN-VI',NULL),(2768,110,1,NULL,NULL,NULL,'VN-VI','Bộ nồi canh chống dính sắc màu Fruits - Supor S08A-T3 '),(2769,110,18,NULL,NULL,NULL,NULL,''),(2770,110,13,3,NULL,NULL,NULL,NULL),(2771,110,34,NULL,NULL,NULL,NULL,''),(2772,110,14,3,NULL,NULL,NULL,NULL),(2773,110,24,NULL,26,NULL,NULL,NULL),(2774,110,31,1,NULL,NULL,NULL,NULL),(2775,110,32,1,NULL,NULL,NULL,NULL),(2776,110,33,1,NULL,NULL,NULL,NULL),(2777,110,2,NULL,NULL,'<p><strong>Bộ nồi gồm ba chiếc</strong></p>\n\n<p>1x đường k&iacute;nh 16cm (dung t&iacute;ch 1.7L)</p>\n\n<p>1x đường k&iacute;nh 20cm (dung t&iacute;ch 2.7L)</p>\n\n<p>1x đường k&iacute;nh 24cm (dung t&iacute;ch 4.8L)</p>\n\n<p><span style=\"color:rgb(64, 64, 64); font-family:helvetica,arial,sans-serif; font-size:12px\">Được sản xuất theo c&ocirc;ng nghệ Ch&acirc;u &Acirc;u ti&ecirc;n tiến nhất v&agrave; gồm 3 sản phẩm với k&iacute;ch thước kh&aacute;c nhau, bộ nồi&nbsp;</span><strong>Supor S08A-T3</strong><span style=\"color:rgb(64, 64, 64); font-family:helvetica,arial,sans-serif; font-size:12px\">&nbsp;phục vụ tốt nhất cho mọi nhu cầu nấu nướng của gia đ&igrave;nh bạn. Bộ nồi&nbsp;</span><strong>Supor S08A-T3</strong><span style=\"color:rgb(64, 64, 64); font-family:helvetica,arial,sans-serif; font-size:12px\">&nbsp;sử dụng chất liệu hợp kim nh&ocirc;m oxy h&oacute;a cao cấp, kh&ocirc;ng ra ten v&agrave; c&oacute; khả năng thu nhiệt tốt, kh&ocirc;ng chỉ gi&uacute;p nấu ch&iacute;n thực phẩm nhanh m&agrave; c&ograve;n bảo vệ sức khỏe của bạn v&agrave; những người th&acirc;n y&ecirc;u. C&ugrave;ng thiết kế quai c&aacute;ch nhiệt v&agrave; nắp k&iacute;nh tiện dụng, bộ nồi&nbsp;</span><strong>Supor S08A-T3</strong><span style=\"color:rgb(64, 64, 64); font-family:helvetica,arial,sans-serif; font-size:12px\">&nbsp;ch&iacute;nh l&agrave; sản phẩm thiết thực cho gian bếp hiện đại.</span></p>\n\n<div style=\"margin: 0px; padding: 0px; color: rgb(64, 64, 64); font-family: Helvetica, Arial, sans-serif; font-size: 12px; line-height: 22.7999992370605px; text-align: justify;\"><strong>ĐẶC ĐIỂM NỔI BẬT</strong></div>\n\n<p style=\"text-align:justify\"><strong>Chất liệu hợp kim nh&ocirc;m được xử l&yacute; oxy h&oacute;a mềm</strong><br />\nNồi được l&agrave;m bằng chất liệu hợp kim nh&ocirc;m d&agrave;y, dẫn nhiệt nhanh, tỏa nhiệt đều gi&uacute;p c&aacute;c m&oacute;n ăn nhanh ch&iacute;n v&agrave; tiết kiệm gas. Kỹ thuật oxy h&oacute;a mềm theo c&ocirc;ng nghệ ti&ecirc;n tiến quốc tế, tạo th&agrave;nh 3 lớp vững chắc quanh th&agrave;nh nồi, gi&uacute;p nồi c&oacute; độ bền cao v&agrave; c&aacute;ch ly thực phẩm tiếp x&uacute;c trực tiếp với nh&ocirc;m n&ecirc;n đảm bảo an to&agrave;n cho sức khỏe người d&ugrave;ng.</p>\n\n<p style=\"text-align:justify\"><strong>Tay cầm v&agrave; quai nắp bằng nhựa c&aacute;ch nhiệt</strong><br />\nSản phẩm được trang bị tay cầm v&agrave; quai nắp bằng chất liệu nhựa tổng hợp c&aacute;ch nhiệt gi&uacute;p bạn dễ cầm nắm, di chuyển nồi m&agrave; kh&ocirc;ng lo bị bỏng.</p>\n\n<p style=\"text-align:justify\"><strong>Nắp nồi bằng k&iacute;nh</strong><br />\nNắp nồi bằng k&iacute;nh trong suốt gi&uacute;p bạn c&oacute; thể quan s&aacute;t trong suốt qu&aacute; tr&igrave;nh nấu nướng, tr&aacute;nh được việc thức ăn bị s&ocirc;i tr&agrave;o hay kh&ocirc; cạn nước. Khả năng chịu nhiệt gi&uacute;p nắp kh&ocirc;ng bị biến dạng ở nhiệt độ cao, đậy k&iacute;n nồi v&agrave; giữ nhiệt thức ăn tốt.</p>\n\n<p style=\"text-align:justify\"><strong>Bộ nồi gồm ba chiếc</strong><br />\nVới 3 k&iacute;ch cỡ kh&aacute;c nhau đường k&iacute;nh 16cm (dung t&iacute;ch 1.7 l&iacute;t), 20cm (dung t&iacute;ch 2.7 l&iacute;t) v&agrave; 24cm (dung t&iacute;ch 4.8 l&iacute;t), bộ nồi đ&aacute;p ứng mọi nhu cầu nấu ăn của gia đ&igrave;nh.</p>\n','VN-VI',NULL),(2778,110,26,NULL,NULL,'',NULL,NULL),(2779,110,27,3,NULL,NULL,NULL,NULL),(2780,110,28,30,NULL,NULL,NULL,NULL),(2781,110,29,NULL,28,NULL,NULL,NULL),(2782,110,21,NULL,NULL,NULL,NULL,''),(2783,110,22,NULL,NULL,'',NULL,NULL),(2784,110,23,NULL,NULL,'',NULL,NULL),(2785,110,1,NULL,NULL,NULL,'EN-US','Set 3 Non-stick Colorful Pots - Supor S08A-T3 '),(2786,110,2,NULL,NULL,'','EN-US',NULL),(2787,110,1,NULL,NULL,NULL,'KO-KR','Set 3 Non-stick Colorful Pots - Supor S08A-T3 '),(2788,110,2,NULL,NULL,'','KO-KR',NULL),(2789,111,1,NULL,NULL,NULL,'VN-VI','Bộ nhà tắm (Trắng in hoa) - XD 7419-2'),(2790,111,18,NULL,NULL,NULL,NULL,''),(2791,111,13,3,NULL,NULL,NULL,NULL),(2792,111,34,NULL,NULL,NULL,NULL,''),(2793,111,14,0.8,NULL,NULL,NULL,NULL),(2794,111,24,NULL,26,NULL,NULL,NULL),(2795,111,31,1,NULL,NULL,NULL,NULL),(2796,111,32,1,NULL,NULL,NULL,NULL),(2797,111,33,1,NULL,NULL,NULL,NULL),(2798,111,2,NULL,NULL,'<ul>\n	<li style=\"text-align:left\"><span style=\"color:rgb(84, 83, 81)\">Bộ 4 sản phẩm</span></li>\n	<li style=\"text-align:left\"><span style=\"color:rgb(84, 83, 81)\">Chất liệu sứ ceramics</span></li>\n	<li style=\"text-align:left\"><span style=\"color:rgb(84, 83, 81)\">Hoa văn tinh tế</span></li>\n	<li style=\"text-align:left\"><span style=\"color:rgb(84, 83, 81)\">Kh&ocirc;ng bảo h&agrave;nh</span></li>\n</ul>\n','VN-VI',NULL),(2799,111,26,NULL,NULL,'',NULL,NULL),(2800,111,27,3,NULL,NULL,NULL,NULL),(2801,111,28,30,NULL,NULL,NULL,NULL),(2802,111,29,NULL,30,NULL,NULL,NULL),(2803,111,21,NULL,NULL,NULL,NULL,''),(2804,111,22,NULL,NULL,'',NULL,NULL),(2805,111,23,NULL,NULL,'',NULL,NULL),(2806,111,1,NULL,NULL,NULL,'EN-US','Set Bathroom (White/Pink)  - XD 7419-2'),(2807,111,2,NULL,NULL,'','EN-US',NULL),(2808,111,1,NULL,NULL,NULL,'KO-KR','Set Bathroom (White/Pink)  - XD 7419-2'),(2809,111,2,NULL,NULL,'','KO-KR',NULL),(2810,112,1,NULL,NULL,NULL,'VN-VI','Bộ nhà tắm (Trắng in hoa) - XD 7419-4'),(2811,112,18,NULL,NULL,NULL,NULL,''),(2812,112,13,3,NULL,NULL,NULL,NULL),(2813,112,34,NULL,NULL,NULL,NULL,''),(2814,112,14,0.8,NULL,NULL,NULL,NULL),(2815,112,24,NULL,26,NULL,NULL,NULL),(2816,112,31,1,NULL,NULL,NULL,NULL),(2817,112,32,1,NULL,NULL,NULL,NULL),(2818,112,33,1,NULL,NULL,NULL,NULL),(2819,112,2,NULL,NULL,'<p><span style=\"color:rgb(64, 64, 64); font-family:helvetica,arial,sans-serif; font-size:12px\">Sản phẩm bộ nh&agrave; tắm sứ được chế t&aacute;c từ sứ Ceramics, nung với nhiệt độ tr&ecirc;n 1200 độ C, tạo n&ecirc;n sự bền chắc đồng thời vẫn giữ được sự thanh tho&aacute;t của gốm sứ hiện đại. Sản phẩm được d&ugrave;ng l&agrave;m đồ trưng b&agrave;y, trang tr&iacute; nội thất hoặc l&agrave;m qu&agrave; tặng trong c&aacute;c dịp sự kiện. Sản phẩm sứ đạt ti&ecirc;u chuẩn an to&agrave;n vệ sinh thực phẩm (do Viện kiểm nghiệm VSATTP &ndash; BỘ Y TẾ cấp: http://minhgialoiglass.com/vi/gioi-thieu/tccl.html), kh&ocirc;ng g&acirc;y hại cho sức khoẻ, mỏng, nhẹ, bền, đẹp, mẫu m&atilde; hoa văn đa dạng, ph&ugrave; hợp với mọi gia đ&igrave;nh v&agrave; c&ocirc;ng sở.&nbsp;</span></p>\n\n<p style=\"text-align:center\"><span style=\"color:rgb(64, 64, 64); font-family:helvetica,arial,sans-serif; font-size:12px\"><img alt=\"\" src=\"http://upanh.biz/images/2014/10/27/xd-6193-878162-1-zoom.jpg\" style=\"height:450px; width:450px\" /></span></p>\n','VN-VI',NULL),(2820,112,26,NULL,NULL,'',NULL,NULL),(2821,112,27,3,NULL,NULL,NULL,NULL),(2822,112,28,30,NULL,NULL,NULL,NULL),(2823,112,29,NULL,30,NULL,NULL,NULL),(2824,112,21,NULL,NULL,NULL,NULL,''),(2825,112,22,NULL,NULL,'',NULL,NULL),(2826,112,23,NULL,NULL,'',NULL,NULL),(2827,112,1,NULL,NULL,NULL,'EN-US','Set Bathroom (White/Orange)  - XD 7419-4'),(2828,112,2,NULL,NULL,'','EN-US',NULL),(2829,112,1,NULL,NULL,NULL,'KO-KR','Set Bathroom (White/Orange)  - XD 7419-4'),(2830,112,2,NULL,NULL,'','KO-KR',NULL),(2831,113,1,NULL,NULL,NULL,'VN-VI','Bộ nhà tắm (Trắng in hoa) - XD 7419-3'),(2832,113,18,NULL,NULL,NULL,NULL,''),(2833,113,13,3,NULL,NULL,NULL,NULL),(2834,113,34,NULL,NULL,NULL,NULL,''),(2835,113,14,0.8,NULL,NULL,NULL,NULL),(2836,113,24,NULL,26,NULL,NULL,NULL),(2837,113,31,1,NULL,NULL,NULL,NULL),(2838,113,32,1,NULL,NULL,NULL,NULL),(2839,113,33,1,NULL,NULL,NULL,NULL),(2840,113,2,NULL,NULL,'<p><span style=\"color:rgb(64, 64, 64); font-family:helvetica,arial,sans-serif; font-size:12px\">Sản phẩm bộ nh&agrave; tắm sứ được chế t&aacute;c từ sứ Ceramics, nung với nhiệt độ tr&ecirc;n 1200 độ C, tạo n&ecirc;n sự bền chắc đồng thời vẫn giữ được sự thanh tho&aacute;t của gốm sứ hiện đại. Sản phẩm được d&ugrave;ng l&agrave;m đồ trưng b&agrave;y, trang tr&iacute; nội thất hoặc l&agrave;m qu&agrave; tặng trong c&aacute;c dịp sự kiện. Sản phẩm sứ đạt ti&ecirc;u chuẩn an to&agrave;n vệ sinh thực phẩm (do Viện kiểm nghiệm VSATTP &ndash; BỘ Y TẾ cấp: http://minhgialoiglass.com/vi/gioi-thieu/tccl.html), kh&ocirc;ng g&acirc;y hại cho sức khoẻ, mỏng, nhẹ, bền, đẹp, mẫu m&atilde; hoa văn đa dạng, ph&ugrave; hợp với mọi gia đ&igrave;nh v&agrave; c&ocirc;ng sở.&nbsp;</span></p>\n\n<p style=\"text-align:center\"><span style=\"color:rgb(64, 64, 64); font-family:helvetica,arial,sans-serif; font-size:12px\"><img alt=\"\" src=\"http://upanh.biz/images/2014/10/27/xd-6269-588162-1-zoom_1.jpg\" style=\"height:450px; width:450px\" /></span></p>\n','VN-VI',NULL),(2841,113,26,NULL,NULL,'',NULL,NULL),(2842,113,27,3,NULL,NULL,NULL,NULL),(2843,113,28,30,NULL,NULL,NULL,NULL),(2844,113,29,NULL,30,NULL,NULL,NULL),(2845,113,21,NULL,NULL,NULL,NULL,''),(2846,113,22,NULL,NULL,'',NULL,NULL),(2847,113,23,NULL,NULL,'',NULL,NULL),(2848,113,1,NULL,NULL,NULL,'EN-US','Set Bathroom (White/Blue)  - XD 7419-3'),(2849,113,2,NULL,NULL,'','EN-US',NULL),(2850,113,1,NULL,NULL,NULL,'KO-KR','Set Bathroom (White/Blue)  - XD 7419-3'),(2851,113,2,NULL,NULL,'','KO-KR',NULL),(2862,114,1,NULL,NULL,NULL,'VN-VI','Đồng hồ tranh Bọ đỏ - Vicdecor DHT0214 '),(2863,114,18,NULL,NULL,NULL,NULL,''),(2864,114,13,3,NULL,NULL,NULL,NULL),(2865,114,34,NULL,NULL,NULL,NULL,'Vicdecor'),(2866,114,14,0.1,NULL,NULL,NULL,NULL),(2867,114,24,NULL,26,NULL,NULL,NULL),(2868,114,31,1,NULL,NULL,NULL,NULL),(2869,114,32,1,NULL,NULL,NULL,NULL),(2870,114,33,1,NULL,NULL,NULL,NULL),(2871,114,2,NULL,NULL,'<ul>\n	<li style=\"text-align:left\"><span style=\"color:rgb(84, 83, 81)\">K&iacute;ch thước 30 x 30cm</span></li>\n	<li style=\"text-align:left\"><span style=\"color:rgb(84, 83, 81)\">Chất liệu gỗ MDF phủ Melamine</span></li>\n	<li style=\"text-align:left\"><span style=\"color:rgb(84, 83, 81)\">Sản xuất Việt Nam</span></li>\n	<li style=\"text-align:left\"><span style=\"color:rgb(84, 83, 81)\">Bảo h&agrave;nh 12 th&aacute;ng</span></li>\n</ul>\n\n<p style=\"text-align:justify\"><span style=\"font-size:12px\">Đ&atilde; từ l&acirc;u, đồng hồ trở th&agrave;nh một vật kh&ocirc;ng thể thiếu trong đời sống của mọi người. Tuy nhi&ecirc;n, theo nhu cầu của cuộc sống, chiếc đồng hồ ngo&agrave;i chức năng ch&iacute;nh l&agrave; xem giờ th&igrave; nay đ&atilde; c&oacute; th&ecirc;m nhiều lợi &iacute;ch kh&aacute;c như trở th&agrave;nh qu&agrave; tặng, vật trang tr&iacute;, t&ocirc; điểm cho kh&ocirc;ng gian sống th&ecirc;m sinh động v&agrave; sang trọng. Hiểu được t&acirc;m l&yacute; đ&oacute;,&nbsp;<strong>Vicdecor</strong>&nbsp;gửi đến bạn bộ đồng hồ tranh nhiều miếng gh&eacute;p như một m&oacute;n qu&agrave; tặng &yacute; nghĩa d&agrave;nh cho cuộc sống.</span></p>\n\n<div style=\"text-align: justify;\">&nbsp;</div>\n\n<div style=\"margin: 0px; padding: 0px; color: rgb(64, 64, 64); font-family: Helvetica, Arial, sans-serif; font-size: 12px; line-height: 22.7999992370605px; text-align: justify;\"><strong>TH&Ocirc;NG TIN SẢN PHẨM</strong></div>\n\n<p style=\"text-align:justify\"><strong>Chất liệu tốt</strong><br />\nSản phẩm được l&agrave;m từ những loại gỗ mịn cao cấp (gỗ MDF Malaysia), phủ melamine c&oacute; t&iacute;nh năng chống trầy cao, kh&ocirc;ng bị biến dạng. Song song đ&oacute;, giấy in lụa l&agrave; loại giấy cao cấp, in ảnh chất lượng cao, kh&ocirc;ng bị nh&ograve;e ảnh hay bể ảnh, m&agrave;ng bảo vệ b&oacute;ng, mờ chịu nước v&agrave; chống bay m&agrave;u tốt, đem lại cho bạn một sản phẩm kh&ocirc;ng chỉ độc đ&aacute;o về h&igrave;nh ảnh m&agrave; c&ograve;n tốt về chất lượng.</p>\n\n<p style=\"text-align:justify\"><strong>Nhiều chức năng</strong><br />\nC&ugrave;ng chức năng xem giờ nhưng bộ tranh đồng hồ nhiều miếng gh&eacute;p lại c&oacute; khả năng mang đến cho bạn nhiều cảm x&uacute;c nhờ những th&ocirc;ng điệp được chuyển tải qua những h&igrave;nh họa tr&ecirc;n sản phẩm. Những th&ocirc;ng điệp y&ecirc;u thương, những h&igrave;nh ảnh đầy kỉ niệm hay những ch&ugrave;m hoa nhiều m&agrave;u sắc&hellip; tất cả sẽ đ&aacute;nh thức x&uacute;c cảm tận s&acirc;u trong l&ograve;ng bạn.</p>\n\n<p style=\"text-align:justify\"><strong>T&ocirc; điểm kh&ocirc;ng gian nội thất</strong><br />\nBạn c&oacute; thể treo tranh trong ph&ograve;ng kh&aacute;ch, ph&ograve;ng ngủ, ph&ograve;ng ăn&hellip; hoặc những nơi bạn cảm thấy đẹp nhất để kh&ocirc;ng gian th&ecirc;m phần sống động v&agrave; đầy sắc m&agrave;u của cuộc sống.<br />\nĐặc biệt, tranh đồng hồ nhiều miếng gh&eacute;p c&ograve;n l&agrave; một sản phẩm tuyệt vời để c&aacute;c doanh nghiệp quảng b&aacute; thương hiệu tới tay người ti&ecirc;u d&ugrave;ng v&agrave; l&agrave; một m&oacute;n qu&agrave; đầy bất ngờ, &yacute; nghĩa gửi đến những người thương y&ecirc;u.</p>\n','VN-VI',NULL),(2872,114,26,NULL,NULL,'',NULL,NULL),(2873,114,27,3,NULL,NULL,NULL,NULL),(2874,114,28,30,NULL,NULL,NULL,NULL),(2875,114,29,NULL,28,NULL,NULL,NULL),(2876,114,21,NULL,NULL,NULL,NULL,''),(2877,114,22,NULL,NULL,'',NULL,NULL),(2878,114,23,NULL,NULL,'',NULL,NULL),(2879,114,1,NULL,NULL,NULL,'EN-US','3 pieces Clock - Vicdecor DHT0214 '),(2880,114,2,NULL,NULL,'','EN-US',NULL),(2881,114,1,NULL,NULL,NULL,'KO-KR','3 pieces Clock - Vicdecor DHT0214 '),(2882,114,2,NULL,NULL,'','KO-KR',NULL),(2883,115,1,NULL,NULL,NULL,'VN-VI','Đồng hồ tranh Tươi mát - Vicdecor DHT0088'),(2884,115,18,NULL,NULL,NULL,NULL,''),(2885,115,13,3,NULL,NULL,NULL,NULL),(2886,115,34,NULL,NULL,NULL,NULL,'Vicdecor'),(2887,115,14,0.1,NULL,NULL,NULL,NULL),(2888,115,24,NULL,26,NULL,NULL,NULL),(2889,115,31,1,NULL,NULL,NULL,NULL),(2890,115,32,1,NULL,NULL,NULL,NULL),(2891,115,33,1,NULL,NULL,NULL,NULL),(2892,115,2,NULL,NULL,'<ul>\n	<li style=\"text-align:left\"><span style=\"color:rgb(84, 83, 81)\">Chất liệu gỗ MDF phủ Melamine</span></li>\n	<li style=\"text-align:left\"><span style=\"color:rgb(84, 83, 81)\">Sản xuất Việt Nam</span></li>\n	<li style=\"text-align:left\"><span style=\"color:rgb(84, 83, 81)\">Bảo h&agrave;nh 12 th&aacute;ng</span></li>\n</ul>\n\n<p style=\"text-align:justify\"><span style=\"font-size:12px\">Đ&atilde; từ l&acirc;u, đồng hồ trở th&agrave;nh một vật kh&ocirc;ng thể thiếu trong đời sống của mọi người. Tuy nhi&ecirc;n, theo nhu cầu của cuộc sống, chiếc đồng hồ ngo&agrave;i chức năng ch&iacute;nh l&agrave; xem giờ th&igrave; nay đ&atilde; c&oacute; th&ecirc;m nhiều lợi &iacute;ch kh&aacute;c như trở th&agrave;nh qu&agrave; tặng, vật trang tr&iacute;, t&ocirc; điểm cho kh&ocirc;ng gian sống th&ecirc;m sinh động v&agrave; sang trọng. Hiểu được t&acirc;m l&yacute; đ&oacute;,&nbsp;<strong>Vicdecor</strong>&nbsp;gửi đến bạn bộ đồng hồ tranh nhiều miếng gh&eacute;p như một m&oacute;n qu&agrave; tặng &yacute; nghĩa d&agrave;nh cho cuộc sống.</span></p>\n\n<div style=\"text-align: justify;\">&nbsp;</div>\n\n<div style=\"margin: 0px; padding: 0px; color: rgb(64, 64, 64); font-family: Helvetica, Arial, sans-serif; font-size: 12px; line-height: 22.7999992370605px; text-align: justify;\"><strong>TH&Ocirc;NG TIN SẢN PHẨM</strong></div>\n\n<p style=\"text-align:justify\"><strong>Chất liệu tốt</strong><br />\nSản phẩm được l&agrave;m từ những loại gỗ mịn cao cấp (gỗ MDF Malaysia), phủ melamine c&oacute; t&iacute;nh năng chống trầy cao, kh&ocirc;ng bị biến dạng. Song song đ&oacute;, giấy in lụa l&agrave; loại giấy cao cấp, in ảnh chất lượng cao, kh&ocirc;ng bị nh&ograve;e ảnh hay bể ảnh, m&agrave;ng bảo vệ b&oacute;ng, mờ chịu nước v&agrave; chống bay m&agrave;u tốt, đem lại cho bạn một sản phẩm kh&ocirc;ng chỉ độc đ&aacute;o về h&igrave;nh ảnh m&agrave; c&ograve;n tốt về chất lượng.</p>\n\n<p style=\"text-align:justify\"><strong>Nhiều chức năng</strong><br />\nC&ugrave;ng chức năng xem giờ nhưng bộ tranh đồng hồ nhiều miếng gh&eacute;p lại c&oacute; khả năng mang đến cho bạn nhiều cảm x&uacute;c nhờ những th&ocirc;ng điệp được chuyển tải qua những h&igrave;nh họa tr&ecirc;n sản phẩm. Những th&ocirc;ng điệp y&ecirc;u thương, những h&igrave;nh ảnh đầy kỉ niệm hay những ch&ugrave;m hoa nhiều m&agrave;u sắc&hellip; tất cả sẽ đ&aacute;nh thức x&uacute;c cảm tận s&acirc;u trong l&ograve;ng bạn.</p>\n\n<p style=\"text-align:justify\"><strong>T&ocirc; điểm kh&ocirc;ng gian nội thất</strong><br />\nBạn c&oacute; thể treo tranh trong ph&ograve;ng kh&aacute;ch, ph&ograve;ng ngủ, ph&ograve;ng ăn&hellip; hoặc những nơi bạn cảm thấy đẹp nhất để kh&ocirc;ng gian th&ecirc;m phần sống động v&agrave; đầy sắc m&agrave;u của cuộc sống.<br />\nĐặc biệt, tranh đồng hồ nhiều miếng gh&eacute;p c&ograve;n l&agrave; một sản phẩm tuyệt vời để c&aacute;c doanh nghiệp quảng b&aacute; thương hiệu tới tay người ti&ecirc;u d&ugrave;ng v&agrave; l&agrave; một m&oacute;n qu&agrave; đầy bất ngờ, &yacute; nghĩa gửi đến những người thương y&ecirc;u.</p>\n','VN-VI',NULL),(2893,115,26,NULL,NULL,'',NULL,NULL),(2894,115,27,3,NULL,NULL,NULL,NULL),(2895,115,28,30,NULL,NULL,NULL,NULL),(2896,115,29,NULL,28,NULL,NULL,NULL),(2897,115,21,NULL,NULL,NULL,NULL,''),(2898,115,22,NULL,NULL,'',NULL,NULL),(2899,115,23,NULL,NULL,'',NULL,NULL),(2900,115,1,NULL,NULL,NULL,'EN-US','3 Pieces Painting Clock - Fresh - Vicdecor DHT0088'),(2901,115,2,NULL,NULL,'','EN-US',NULL),(2902,115,1,NULL,NULL,NULL,'KO-KR','3 Pieces Painting Clock - Fresh - Vicdecor DHT0088'),(2903,115,2,NULL,NULL,'','KO-KR',NULL),(2914,116,1,NULL,NULL,NULL,'VN-VI',' Đồng hồ tranh Sao biển 1 - Vicdecor DHT0036'),(2915,116,18,NULL,NULL,NULL,NULL,''),(2916,116,13,3,NULL,NULL,NULL,NULL),(2917,116,34,NULL,NULL,NULL,NULL,'Vicdecor'),(2918,116,14,0.1,NULL,NULL,NULL,NULL),(2919,116,24,NULL,26,NULL,NULL,NULL),(2920,116,31,1,NULL,NULL,NULL,NULL),(2921,116,32,1,NULL,NULL,NULL,NULL),(2922,116,33,1,NULL,NULL,NULL,NULL),(2923,116,2,NULL,NULL,'<ul>\n	<li style=\"text-align:left\"><span style=\"color:rgb(84, 83, 81)\">Chất liệu gỗ MDF phủ Melamine</span></li>\n	<li style=\"text-align:left\"><span style=\"color:rgb(84, 83, 81)\">Sản xuất Việt Nam</span></li>\n	<li style=\"text-align:left\"><span style=\"color:rgb(84, 83, 81)\">Bảo h&agrave;nh 12 th&aacute;ng</span></li>\n</ul>\n\n<p style=\"text-align:justify\"><span style=\"font-size:12px\">Đ&atilde; từ l&acirc;u, đồng hồ trở th&agrave;nh một vật kh&ocirc;ng thể thiếu trong đời sống của mọi người. Tuy nhi&ecirc;n, theo nhu cầu của cuộc sống, chiếc đồng hồ ngo&agrave;i chức năng ch&iacute;nh l&agrave; xem giờ th&igrave; nay đ&atilde; c&oacute; th&ecirc;m nhiều lợi &iacute;ch kh&aacute;c như trở th&agrave;nh qu&agrave; tặng, vật trang tr&iacute;, t&ocirc; điểm cho kh&ocirc;ng gian sống th&ecirc;m sinh động v&agrave; sang trọng. Hiểu được t&acirc;m l&yacute; đ&oacute;,&nbsp;<strong>Vicdecor</strong>&nbsp;gửi đến bạn bộ đồng hồ tranh nhiều miếng gh&eacute;p như một m&oacute;n qu&agrave; tặng &yacute; nghĩa d&agrave;nh cho cuộc sống.</span></p>\n\n<div style=\"text-align: justify;\">&nbsp;</div>\n\n<div style=\"margin: 0px; padding: 0px; color: rgb(64, 64, 64); font-family: Helvetica, Arial, sans-serif; font-size: 12px; line-height: 22.7999992370605px; text-align: justify;\"><strong>TH&Ocirc;NG TIN SẢN PHẨM</strong></div>\n\n<p style=\"text-align:justify\"><strong>Chất liệu tốt</strong><br />\nSản phẩm được l&agrave;m từ những loại gỗ mịn cao cấp (gỗ MDF Malaysia), phủ melamine c&oacute; t&iacute;nh năng chống trầy cao, kh&ocirc;ng bị biến dạng. Song song đ&oacute;, giấy in lụa l&agrave; loại giấy cao cấp, in ảnh chất lượng cao, kh&ocirc;ng bị nh&ograve;e ảnh hay bể ảnh, m&agrave;ng bảo vệ b&oacute;ng, mờ chịu nước v&agrave; chống bay m&agrave;u tốt, đem lại cho bạn một sản phẩm kh&ocirc;ng chỉ độc đ&aacute;o về h&igrave;nh ảnh m&agrave; c&ograve;n tốt về chất lượng.</p>\n\n<p style=\"text-align:justify\"><strong>Nhiều chức năng</strong><br />\nC&ugrave;ng chức năng xem giờ nhưng bộ tranh đồng hồ nhiều miếng gh&eacute;p lại c&oacute; khả năng mang đến cho bạn nhiều cảm x&uacute;c nhờ những th&ocirc;ng điệp được chuyển tải qua những h&igrave;nh họa tr&ecirc;n sản phẩm. Những th&ocirc;ng điệp y&ecirc;u thương, những h&igrave;nh ảnh đầy kỉ niệm hay những ch&ugrave;m hoa nhiều m&agrave;u sắc&hellip; tất cả sẽ đ&aacute;nh thức x&uacute;c cảm tận s&acirc;u trong l&ograve;ng bạn.</p>\n\n<p style=\"text-align:justify\"><strong>T&ocirc; điểm kh&ocirc;ng gian nội thất</strong><br />\nBạn c&oacute; thể treo tranh trong ph&ograve;ng kh&aacute;ch, ph&ograve;ng ngủ, ph&ograve;ng ăn&hellip; hoặc những nơi bạn cảm thấy đẹp nhất để kh&ocirc;ng gian th&ecirc;m phần sống động v&agrave; đầy sắc m&agrave;u của cuộc sống.<br />\nĐặc biệt, tranh đồng hồ nhiều miếng gh&eacute;p c&ograve;n l&agrave; một sản phẩm tuyệt vời để c&aacute;c doanh nghiệp quảng b&aacute; thương hiệu tới tay người ti&ecirc;u d&ugrave;ng v&agrave; l&agrave; một m&oacute;n qu&agrave; đầy bất ngờ, &yacute; nghĩa gửi đến những người thương y&ecirc;u.</p>\n','VN-VI',NULL),(2924,116,26,NULL,NULL,'',NULL,NULL),(2925,116,27,3,NULL,NULL,NULL,NULL),(2926,116,28,30,NULL,NULL,NULL,NULL),(2927,116,29,NULL,28,NULL,NULL,NULL),(2928,116,21,NULL,NULL,NULL,NULL,''),(2929,116,22,NULL,NULL,'',NULL,NULL),(2930,116,23,NULL,NULL,'',NULL,NULL),(2931,116,1,NULL,NULL,NULL,'EN-US','3 Pieces Painting Clock - Starfish 1 - Vicdecor DHT0036'),(2932,116,2,NULL,NULL,'','EN-US',NULL),(2933,116,1,NULL,NULL,NULL,'KO-KR','3 Pieces Painting Clock - Starfish 1 - Vicdecor DHT0036'),(2934,116,2,NULL,NULL,'','KO-KR',NULL),(2945,117,1,NULL,NULL,NULL,'VN-VI','Đồng hồ tranh Chiếc cốc tình yêu - Vicdecor DHT0086'),(2946,117,18,NULL,NULL,NULL,NULL,''),(2947,117,13,3,NULL,NULL,NULL,NULL),(2948,117,34,NULL,NULL,NULL,NULL,'Vicdecor'),(2949,117,14,0.1,NULL,NULL,NULL,NULL),(2950,117,24,NULL,26,NULL,NULL,NULL),(2951,117,31,1,NULL,NULL,NULL,NULL),(2952,117,32,1,NULL,NULL,NULL,NULL),(2953,117,33,1,NULL,NULL,NULL,NULL),(2954,117,2,NULL,NULL,'<ul>\n	<li style=\"text-align:left\"><span style=\"color:rgb(84, 83, 81)\">Chất liệu gỗ MDF phủ Melamine</span></li>\n	<li style=\"text-align:left\"><span style=\"color:rgb(84, 83, 81)\">Sản xuất Việt Nam</span></li>\n	<li style=\"text-align:left\"><span style=\"color:rgb(84, 83, 81)\">Bảo h&agrave;nh 12 th&aacute;ng</span></li>\n</ul>\n\n<p style=\"text-align:justify\"><span style=\"font-size:12px\">Đ&atilde; từ l&acirc;u, đồng hồ trở th&agrave;nh một vật kh&ocirc;ng thể thiếu trong đời sống của mọi người. Tuy nhi&ecirc;n, theo nhu cầu của cuộc sống, chiếc đồng hồ ngo&agrave;i chức năng ch&iacute;nh l&agrave; xem giờ th&igrave; nay đ&atilde; c&oacute; th&ecirc;m nhiều lợi &iacute;ch kh&aacute;c như trở th&agrave;nh qu&agrave; tặng, vật trang tr&iacute;, t&ocirc; điểm cho kh&ocirc;ng gian sống th&ecirc;m sinh động v&agrave; sang trọng. Hiểu được t&acirc;m l&yacute; đ&oacute;,&nbsp;<strong>Vicdecor</strong>&nbsp;gửi đến bạn bộ đồng hồ tranh nhiều miếng gh&eacute;p như một m&oacute;n qu&agrave; tặng &yacute; nghĩa d&agrave;nh cho cuộc sống.</span></p>\n\n<div style=\"text-align: justify;\">&nbsp;</div>\n\n<div style=\"margin: 0px; padding: 0px; color: rgb(64, 64, 64); font-family: Helvetica, Arial, sans-serif; font-size: 12px; line-height: 22.7999992370605px; text-align: justify;\"><strong>TH&Ocirc;NG TIN SẢN PHẨM</strong></div>\n\n<p style=\"text-align:justify\"><strong>Chất liệu tốt</strong><br />\nSản phẩm được l&agrave;m từ những loại gỗ mịn cao cấp (gỗ MDF Malaysia), phủ melamine c&oacute; t&iacute;nh năng chống trầy cao, kh&ocirc;ng bị biến dạng. Song song đ&oacute;, giấy in lụa l&agrave; loại giấy cao cấp, in ảnh chất lượng cao, kh&ocirc;ng bị nh&ograve;e ảnh hay bể ảnh, m&agrave;ng bảo vệ b&oacute;ng, mờ chịu nước v&agrave; chống bay m&agrave;u tốt, đem lại cho bạn một sản phẩm kh&ocirc;ng chỉ độc đ&aacute;o về h&igrave;nh ảnh m&agrave; c&ograve;n tốt về chất lượng.</p>\n\n<p style=\"text-align:justify\"><strong>Nhiều chức năng</strong><br />\nC&ugrave;ng chức năng xem giờ nhưng bộ tranh đồng hồ nhiều miếng gh&eacute;p lại c&oacute; khả năng mang đến cho bạn nhiều cảm x&uacute;c nhờ những th&ocirc;ng điệp được chuyển tải qua những h&igrave;nh họa tr&ecirc;n sản phẩm. Những th&ocirc;ng điệp y&ecirc;u thương, những h&igrave;nh ảnh đầy kỉ niệm hay những ch&ugrave;m hoa nhiều m&agrave;u sắc&hellip; tất cả sẽ đ&aacute;nh thức x&uacute;c cảm tận s&acirc;u trong l&ograve;ng bạn.</p>\n\n<p style=\"text-align:justify\"><strong>T&ocirc; điểm kh&ocirc;ng gian nội thất</strong><br />\nBạn c&oacute; thể treo tranh trong ph&ograve;ng kh&aacute;ch, ph&ograve;ng ngủ, ph&ograve;ng ăn&hellip; hoặc những nơi bạn cảm thấy đẹp nhất để kh&ocirc;ng gian th&ecirc;m phần sống động v&agrave; đầy sắc m&agrave;u của cuộc sống.<br />\nĐặc biệt, tranh đồng hồ nhiều miếng gh&eacute;p c&ograve;n l&agrave; một sản phẩm tuyệt vời để c&aacute;c doanh nghiệp quảng b&aacute; thương hiệu tới tay người ti&ecirc;u d&ugrave;ng v&agrave; l&agrave; một m&oacute;n qu&agrave; đầy bất ngờ, &yacute; nghĩa gửi đến những người thương y&ecirc;u.</p>\n','VN-VI',NULL),(2955,117,26,NULL,NULL,'',NULL,NULL),(2956,117,27,3,NULL,NULL,NULL,NULL),(2957,117,28,30,NULL,NULL,NULL,NULL),(2958,117,29,NULL,28,NULL,NULL,NULL),(2959,117,21,NULL,NULL,NULL,NULL,''),(2960,117,22,NULL,NULL,'',NULL,NULL),(2961,117,23,NULL,NULL,'',NULL,NULL),(2962,117,1,NULL,NULL,NULL,'EN-US','3 Pieces Painting Clock - Love - Vicdecor DHT0086'),(2963,117,2,NULL,NULL,'','EN-US',NULL),(2964,117,1,NULL,NULL,NULL,'KO-KR','3 Pieces Painting Clock - Love- Vicdecor DHT0086'),(2965,117,2,NULL,NULL,'','KO-KR',NULL),(2976,118,1,NULL,NULL,NULL,'VN-VI','Đồng hồ để bàn Trái Tim Cafe - Dyvina B1525-32'),(2977,118,18,NULL,NULL,NULL,NULL,''),(2978,118,13,3,NULL,NULL,NULL,NULL),(2979,118,34,NULL,NULL,NULL,NULL,'Dyvina'),(2980,118,14,0.4,NULL,NULL,NULL,NULL),(2981,118,24,NULL,26,NULL,NULL,NULL),(2982,118,31,1,NULL,NULL,NULL,NULL),(2983,118,32,1,NULL,NULL,NULL,NULL),(2984,118,33,1,NULL,NULL,NULL,NULL),(2985,118,2,NULL,NULL,'<ul>\n	<li style=\"text-align:left\"><span style=\"color:rgb(84, 83, 81)\">Chất liệu gỗ MDF</span></li>\n	<li style=\"text-align:left\"><span style=\"color:rgb(84, 83, 81)\">Thiết kế đẹp mắt</span></li>\n	<li style=\"text-align:left\"><span style=\"color:rgb(84, 83, 81)\">K&iacute;ch thước 15 x 25cm</span></li>\n	<li style=\"text-align:left\"><span style=\"color:rgb(84, 83, 81)\">Xuất xứ Việt Nam</span></li>\n	<li style=\"text-align:left\"><span style=\"color:rgb(84, 83, 81)\">Bảo h&agrave;nh 12 th&aacute;ng</span></li>\n</ul>\n\n<p style=\"text-align:left\"><span style=\"color:rgb(64, 64, 64); font-family:helvetica,arial,sans-serif; font-size:12px\">Một bức tranh kh&ocirc;ng chỉ t&ocirc; điểm ng&ocirc;i nh&agrave; bạn th&ecirc;m xinh m&agrave; c&ograve;n ki&ecirc;m lu&ocirc;n cả vật b&aacute;o thức, xem giờ. Đồng hồ tranh ch&iacute;nh l&agrave; thứ m&agrave; ng&ocirc;i nh&agrave; bạn c&ograve;n thiếu. Vừa tiết kiệm diện t&iacute;ch lại tăng t&iacute;nh thẩm mỹ v&agrave; tạo cho căn ph&ograve;ng vẻ đẹp ri&ecirc;ng, rất độc đ&aacute;o, để lại ấn tượng từ c&aacute;i nh&igrave;n đầu ti&ecirc;n cho những quan kh&aacute;ch đến thăm nh&agrave; bạn. L&agrave; một thể loại mới lạ, vừa ra mắt tr&ecirc;n thị trường đồng hồ tranh&nbsp;</span><strong>Dyvina</strong><span style=\"color:rgb(64, 64, 64); font-family:helvetica,arial,sans-serif; font-size:12px\">&nbsp;đ&atilde; được sự ủng hộ của nhiều chuy&ecirc;n gia cũng như người thưởng thức tranh ảnh nghệ thuật.&nbsp;</span><strong>Dyvina</strong><span style=\"color:rgb(64, 64, 64); font-family:helvetica,arial,sans-serif; font-size:12px\">&nbsp;nh&agrave; sản xuất v&agrave; ph&acirc;n ph&ocirc;i đồng hồ tranh uy t&iacute;n, chất lượng, phong ph&uacute; về thể loại v&agrave; đa dạng về mẩu m&atilde;. Bạn c&oacute; thể thỏa th&iacute;ch lựa chọn những bức tranh đồng hồ ph&ugrave; hợp với nội thất, k&iacute;ch thước của ng&ocirc;i nh&agrave; cũng như thỏa m&atilde;n được sở th&iacute;ch với gi&aacute; cả hợp l&yacute; nhất thị trường.</span></p>\n\n<div style=\"margin: 0px; padding: 0px; color: rgb(64, 64, 64); font-family: Helvetica, Arial, sans-serif; font-size: 12px; line-height: 22.7999992370605px; text-align: justify;\"><strong>ĐẶC ĐIỂM NỔI BẬT</strong></div>\n\n<p style=\"text-align:justify\"><strong>Sản phẩm Dyvina tốt nhất &ndash; tự h&agrave;o h&agrave;ng Việt</strong><br />\nĐồng hồ tranh l&agrave; sản phẩm tốt nhất hiện nay với độ bền cao, được l&agrave;m từ những người thợ Việt Nam kh&eacute;o tay, được gia c&ocirc;ng để chống mối mọt v&agrave; phủ melamine, gi&uacute;p tranh c&oacute; độ bền, chống trầy, chống biến dạng, chịu được độ ẩm. Mực in chất lượng v&agrave; h&igrave;nh ảnh full HD được c&aacute;n l&ecirc;n bề mặt gỗ, gi&uacute;p tuổi thọ tranh bền bỉ v&agrave; c&oacute; thể lau ch&ugrave;i được bằng khăn ẩm một c&aacute;ch dễ d&agrave;ng.</p>\n\n<p style=\"text-align:justify\"><strong>M&oacute;n qu&agrave; Dyvina &yacute; nghĩa</strong><br />\nĐồng hồ tranh ph&ugrave; hợp với vị tr&iacute; treo tranh ở ph&ograve;ng kh&aacute;ch, ph&ograve;ng ngủ, hay được d&ugrave;ng để l&agrave;m qu&agrave; tặng cho bạn b&egrave; người th&acirc;n trong những dịp đặc biệt. C&aacute;c sản phẩm của Dyvina đều được kiểm tra kỹ lưỡng từ kim đồng hồ, cho đến bề mặt tranh, từng g&oacute;c cạnh v&agrave; thậm ch&iacute; mặt sau của tranh, tất cả phải đảm bảo độ nhẵn, b&oacute;ng v&agrave; ph&ugrave; hợp với ti&ecirc;u ch&iacute; chất lượng của c&ocirc;ng ty.</p>\n\n<p style=\"text-align:justify\"><strong>Tiện dụng Dyvina</strong><br />\nĐược thiết kế nhằm gi&uacute;p người sử dụng c&oacute; thể dễ d&agrave;ng tự lắp r&aacute;p v&agrave; tự treo, với c&aacute;c khung tranh được bắt sẵn m&oacute;c ph&iacute;a sau c&oacute; thể treo dễ d&agrave;ng bằng m&oacute;c d&aacute;n tường hoặc đinh th&ocirc;ng thường, kh&ocirc;ng cần phải khoan đục tường. Đồng hồ tranh Dyvina sử dụng pin tiểu 3A. Hộp v&agrave; bao b&igrave; được thiết kế trang nh&atilde;, tinh tế gi&uacute;p bảo quản sản phẩm v&agrave; sẵn s&agrave;ng để l&agrave;m qu&agrave; tặng người th&acirc;n, bạn b&egrave; v&agrave; kh&aacute;ch h&agrave;ng.</p>\n','VN-VI',NULL),(2986,118,26,NULL,NULL,'',NULL,NULL),(2987,118,27,3,NULL,NULL,NULL,NULL),(2988,118,28,30,NULL,NULL,NULL,NULL),(2989,118,29,NULL,28,NULL,NULL,NULL),(2990,118,21,NULL,NULL,NULL,NULL,''),(2991,118,22,NULL,NULL,'',NULL,NULL),(2992,118,23,NULL,NULL,'',NULL,NULL),(2993,118,1,NULL,NULL,NULL,'EN-US','Table Clock - Heart/Coffee - Dyvina B1525-32'),(2994,118,2,NULL,NULL,'','EN-US',NULL),(2995,118,1,NULL,NULL,NULL,'KO-KR','Table Clock - Heart/Coffee - Dyvina B1525-32'),(2996,118,2,NULL,NULL,'','KO-KR',NULL),(2997,119,1,NULL,NULL,NULL,'VN-VI','Đồng hồ tranh Cá Vàng - Dyvina 1T3030-44'),(2998,119,18,NULL,NULL,NULL,NULL,''),(2999,119,13,3,NULL,NULL,NULL,NULL),(3000,119,34,NULL,NULL,NULL,NULL,''),(3001,119,14,0.8,NULL,NULL,NULL,NULL),(3002,119,24,NULL,26,NULL,NULL,NULL),(3003,119,31,1,NULL,NULL,NULL,NULL),(3004,119,32,1,NULL,NULL,NULL,NULL),(3005,119,33,1,NULL,NULL,NULL,NULL),(3006,119,2,NULL,NULL,'<ul>\n	<li style=\"text-align:left\"><span style=\"color:rgb(84, 83, 81)\">Chất liệu cao cấp</span></li>\n	<li style=\"text-align:left\"><span style=\"color:rgb(84, 83, 81)\">Nước sơn bền</span></li>\n	<li style=\"text-align:left\"><span style=\"color:rgb(84, 83, 81)\">Chống trầy</span></li>\n	<li style=\"text-align:left\"><span style=\"color:rgb(84, 83, 81)\">K&iacute;ch thước 30 x 30 x 0.9 cm</span></li>\n	<li style=\"text-align:left\"><span style=\"color:rgb(84, 83, 81)\">Xuất xứ Việt Nam</span></li>\n	<li style=\"text-align:left\"><span style=\"color:rgb(84, 83, 81)\">Bảo h&agrave;nh 12 th&aacute;ng</span></li>\n</ul>\n\n<p style=\"text-align:justify\">Một bức tranh kh&ocirc;ng chỉ t&ocirc; điểm ng&ocirc;i nh&agrave; bạn th&ecirc;m xinh m&agrave; c&ograve;n ki&ecirc;m lu&ocirc;n cả vật b&aacute;o thức, đồng hồ tranh&nbsp;<strong>DYVINA</strong>&nbsp;l&agrave; sản phẩm trang tr&iacute; cho ng&ocirc;i nh&agrave; th&ecirc;m sinh động. Vừa tiết kiệm diện t&iacute;ch lại tăng t&iacute;nh thẩm mỹ v&agrave; tạo cho căn ph&ograve;ng với vẻ đẹp ri&ecirc;ng, rất độc đ&aacute;o, để lại ấn tượng từ c&aacute;i nh&igrave;n đầu ti&ecirc;n cho những quan kh&aacute;ch đến thăm nh&agrave; bạn. L&agrave; một thể loại mới lạ, vừa ra mắt tr&ecirc;n thị trường, đồng hồ tranh&nbsp;<strong>DYVINA</strong>&nbsp;đ&atilde; được sự ủng hộ của nhiều chuy&ecirc;n gia cũng như người thưởng thức tranh ảnh nghệ thuật.</p>\n\n<div style=\"margin: 0px; padding: 0px; color: rgb(64, 64, 64); font-family: Helvetica, Arial, sans-serif; font-size: 12px; line-height: 22.7999992370605px; text-align: justify;\"><strong>ĐẶC ĐIỂM NỔI BẬT</strong></div>\n\n<p style=\"text-align:justify\"><strong>Chất liệu cao cấp</strong><br />\nĐồng hồ tranh&nbsp;<strong>DYVINA</strong>&nbsp;l&agrave; sản phẩm tốt nhất hiện nay với độ bền cao, được l&agrave;m từ nhung người thợ Việt Nam kh&eacute;o tay, được gia c&ocirc;ng để chống mối mọt v&agrave; phủ melamine, gi&uacute;p tranh c&oacute; độ bền, chống trầy, chống biến dạng, chịu được độ ẩm. Mực in chất lượng v&agrave; h&igrave;nh ảnh full HD được c&aacute;n l&ecirc;n bề mặt gỗ, gi&uacute;p tuổi thọ tranh bền bỉ v&agrave; c&oacute; thể lau ch&ugrave;i được bằng khăn ẩm một c&aacute;ch dễ d&agrave;ng. Ch&iacute;nh v&agrave; thế&nbsp;<strong>DYVINA</strong>&nbsp;lu&ocirc;n tự h&agrave;o mang đến cho kh&aacute;ch h&agrave;ng những sản phẩm chất lượng với gi&aacute; th&agrave;nh phải chăng.</p>\n\n<p style=\"text-align:justify\"><strong>M&oacute;n qu&agrave; &yacute; nghĩa</strong><br />\nĐồng hồ tranh&nbsp;<strong>DYVINA</strong>&nbsp;ph&ugrave; hợp với vị tr&iacute; treo tranh ở ph&ograve;ng kh&aacute;ch, ph&ograve;ng ngủ, hay được d&ugrave;ng để l&agrave;m qu&agrave; tặng cho bạn b&egrave; người th&acirc;n trong những dịp đặc biệt. C&aacute;c sản phẩm của&nbsp;<strong>DYVINA</strong>&nbsp;đều được kiểm tra kỹ lưỡng từ kim đồng hồ, cho đến bề mặt tranh, từng g&oacute;c cạnh v&agrave; thậm ch&iacute; mặt sau của tranh, tất cả phải đảm bảo độ nhẵn, b&oacute;ng v&agrave; ph&ugrave; hợp với ti&ecirc;u ch&iacute; chất lượng của c&ocirc;ng ty.</p>\n\n<p style=\"text-align:justify\"><strong>Tiện dụng</strong><br />\n<strong>DYVINA</strong>&nbsp;được thiết kế nhằm gi&uacute;p người sử dụng c&oacute; thể dễ d&agrave;ng tự lắp r&aacute;p v&agrave; tự treo, với c&aacute;c khung tranh được bắt sẵn m&oacute;c ph&iacute;a sau c&oacute; thể treo dễ d&agrave;ng bằng m&oacute;c d&aacute;n tường hoặc đinh th&ocirc;ng thường, kh&ocirc;ng cần phải khoan đục tường. Đồng hồ tranh&nbsp;<strong>DYVINA</strong>&nbsp;sử dụng pin tiểu 3A. Hộp v&agrave; bao b&igrave; được thiết kế trang nh&atilde;, tinh tế gi&uacute;p bảo quản sản phẩm v&agrave; sẵn s&agrave;ng để l&agrave;m qu&agrave; tặng người th&acirc;n, bạn b&egrave; v&agrave; kh&aacute;ch h&agrave;ng.</p>\n','VN-VI',NULL),(3007,119,26,NULL,NULL,'',NULL,NULL),(3008,119,27,3,NULL,NULL,NULL,NULL),(3009,119,28,30,NULL,NULL,NULL,NULL),(3010,119,29,NULL,28,NULL,NULL,NULL),(3011,119,21,NULL,NULL,NULL,NULL,''),(3012,119,22,NULL,NULL,'',NULL,NULL),(3013,119,23,NULL,NULL,'',NULL,NULL),(3014,119,1,NULL,NULL,NULL,'EN-US','Painting Clock - Golden Fish - Dyvina 1T3030-44'),(3015,119,2,NULL,NULL,'','EN-US',NULL),(3016,119,1,NULL,NULL,NULL,'KO-KR','Painting Clock - Golden Fish - Dyvina 1T3030-44'),(3017,119,2,NULL,NULL,'','KO-KR',NULL),(3018,120,1,NULL,NULL,NULL,'VN-VI','Bộ 4 lọ cói hoa cẩm tú cầu tươi mãi mãi - Elle Flora LOVE'),(3019,120,18,NULL,NULL,NULL,NULL,''),(3020,120,13,3,NULL,NULL,NULL,NULL),(3021,120,34,NULL,NULL,NULL,NULL,''),(3022,120,14,0.48,NULL,NULL,NULL,NULL),(3023,120,24,NULL,26,NULL,NULL,NULL),(3024,120,31,8,NULL,NULL,NULL,NULL),(3025,120,32,24,NULL,NULL,NULL,NULL),(3026,120,33,8,NULL,NULL,NULL,NULL),(3027,120,2,NULL,NULL,'<div style=\"margin: 0px; padding: 0px; color: rgb(64, 64, 64); font-family: Helvetica, Arial, sans-serif; font-size: 12px; line-height: 22.7999992370605px; text-align: justify;\">\n<ul>\n	<li style=\"text-align:left\"><span style=\"color:rgb(84, 83, 81)\">Hoa tươi l&acirc;u đến 3 năm</span></li>\n	<li style=\"text-align:left\"><span style=\"color:rgb(84, 83, 81)\">Kh&ocirc;ng cần tưới nước</span></li>\n	<li style=\"text-align:left\"><span style=\"color:rgb(84, 83, 81)\">Xuất xứ Việt Nam</span></li>\n	<li style=\"text-align:left\"><span style=\"color:rgb(84, 83, 81)\">Bảo h&agrave;nh 7 ng&agrave;y sau khi nhận h&agrave;ng</span></li>\n</ul>\n</div>\n\n<div style=\"margin: 0px; padding: 0px; color: rgb(64, 64, 64); font-family: Helvetica, Arial, sans-serif; font-size: 12px; line-height: 22.7999992370605px; text-align: justify;\"><strong>TH&Ocirc;NG TIN SẢN PHẨM</strong></div>\n\n<p style=\"text-align:justify\">- Loại sản phẩm: Lọ c&oacute;i hoa trang tr&iacute;.<br />\n- Hoa tươi m&atilde;i m&atilde;i.</p>\n\n<p style=\"text-align: center;\"><img alt=\"Sfriendly Forever Flower.jpg\" class=\"productlazyimage\" src=\"http://upanh.biz/images/2014/10/27/elle-flora-5980-284922-1-zoom.jpg\" style=\"border:0px; display:inline; height:400px; margin:0px; padding:0px; vertical-align:middle; width:400px\" /></p>\n\n<p style=\"text-align:justify\">- Được sản xuất bằng c&ocirc;ng nghệ hiện đại Nhật Bản, những c&aacute;nh hoa kh&ocirc;ng chỉ đơn thuần được sấy kh&ocirc;, m&agrave; c&ograve;n được giữ ấm để tạo độ mềm mại, tự nhi&ecirc;n như hoa thật v&agrave; được giữ tươi đ&ecirc;́n 3 năm.<br />\n- Bộ lọ c&oacute;i chữ &quot;LOVE&quot; nhắn gởi trọn vẹn th&ocirc;ng điệp y&ecirc;u thương m&agrave; bạn muốn b&agrave;y tỏ. M&agrave;u sắc hoa t&ugrave;y chọn theo sở th&iacute;ch v&agrave; t&iacute;nh c&aacute;ch của mỗi người.</p>\n','VN-VI',NULL),(3028,120,26,NULL,NULL,'',NULL,NULL),(3029,120,27,3,NULL,NULL,NULL,NULL),(3030,120,28,7,NULL,NULL,NULL,NULL),(3031,120,29,NULL,28,NULL,NULL,NULL),(3032,120,21,NULL,NULL,NULL,NULL,''),(3033,120,22,NULL,NULL,'',NULL,NULL),(3034,120,23,NULL,NULL,'',NULL,NULL),(3035,120,1,NULL,NULL,NULL,'EN-US','Set 4 Hydrangeas Seagrass Pots - Elle Flora LOVE'),(3036,120,2,NULL,NULL,'','EN-US',NULL),(3037,120,1,NULL,NULL,NULL,'KO-KR','Set 4 Hydrangeas Seagrass Pots - Elle Flora LOVE'),(3038,120,2,NULL,NULL,'','KO-KR',NULL),(3039,121,1,NULL,NULL,NULL,'VN-VI','Bộ 4 lọ hoa - Elle Flora L100C – LOVE'),(3040,121,18,NULL,NULL,NULL,NULL,''),(3041,121,13,3,NULL,NULL,NULL,NULL),(3042,121,34,NULL,NULL,NULL,NULL,''),(3043,121,14,0.46,NULL,NULL,NULL,NULL),(3044,121,24,NULL,26,NULL,NULL,NULL),(3045,121,31,15,NULL,NULL,NULL,NULL),(3046,121,32,6,NULL,NULL,NULL,NULL),(3047,121,33,6,NULL,NULL,NULL,NULL),(3048,121,2,NULL,NULL,'<ul>\n	<li style=\"text-align:left\"><span style=\"color:rgb(84, 83, 81)\">Hoa tươi l&acirc;u đến 3 năm</span></li>\n	<li style=\"text-align:left\"><span style=\"color:rgb(84, 83, 81)\">Kh&ocirc;ng cần tưới nước</span></li>\n	<li style=\"text-align:left\"><span style=\"color:rgb(84, 83, 81)\">Xuất xứ Việt Nam</span></li>\n	<li style=\"text-align:left\"><span style=\"color:rgb(84, 83, 81)\">Bảo h&agrave;nh 7 ng&agrave;y sau khi nhận h&agrave;ng</span></li>\n</ul>\n\n<div style=\"margin: 0px; padding: 0px; color: rgb(64, 64, 64); font-family: Helvetica, Arial, sans-serif; font-size: 12px; line-height: 22.7999992370605px; text-align: justify;\"><strong>ĐẶC ĐIỂM NỔI BẬT</strong></div>\n\n<p style=\"text-align:justify\">- Được sản xuất bằng c&ocirc;ng nghệ hiện đại Nhật Bản, những c&aacute;nh hoa kh&ocirc;ng chỉ đơn thuần được sấy kh&ocirc;, m&agrave; c&ograve;n được giữ ấm để tạo độ mềm mại, tự nhi&ecirc;n như hoa thật v&agrave; được giữ tươi đ&ecirc;́n 3 năm.<br />\n- T&iacute;m l&atilde;ng mạn cho n&agrave;ng mơ mộng, t&iacute;m y&ecirc;u thương nồng n&agrave;n d&agrave;nh cho nửa kia</p>\n\n<p style=\"text-align:center\"><img alt=\"\" src=\"http://upanh.biz/images/2014/10/27/elle-flora-1052-492922-1-zoom.jpg\" style=\"height:400px; width:400px\" /></p>\n','VN-VI',NULL),(3049,121,26,NULL,NULL,'',NULL,NULL),(3050,121,27,3,NULL,NULL,NULL,NULL),(3051,121,28,7,NULL,NULL,NULL,NULL),(3052,121,29,NULL,28,NULL,NULL,NULL),(3053,121,21,NULL,NULL,NULL,NULL,''),(3054,121,22,NULL,NULL,'',NULL,NULL),(3055,121,23,NULL,NULL,'',NULL,NULL),(3056,121,1,NULL,NULL,NULL,'EN-US','Set 4 Flower Pots- Elle Flora L100C – LOVE'),(3057,121,2,NULL,NULL,'','EN-US',NULL),(3058,121,1,NULL,NULL,NULL,'KO-KR','Set 4 Flower Pots- Elle Flora L100C – LOVE'),(3059,121,2,NULL,NULL,'','KO-KR',NULL),(3060,122,1,NULL,NULL,NULL,'VN-VI','Thảm nhà tắm (Kẻ sọc hồng) - UMA Sun'),(3061,122,18,NULL,NULL,NULL,NULL,''),(3062,122,13,3,NULL,NULL,NULL,NULL),(3063,122,34,NULL,NULL,NULL,NULL,''),(3064,122,14,0.25,NULL,NULL,NULL,NULL),(3065,122,24,NULL,26,NULL,NULL,NULL),(3066,122,31,1,NULL,NULL,NULL,NULL),(3067,122,32,1,NULL,NULL,NULL,NULL),(3068,122,33,1,NULL,NULL,NULL,NULL),(3069,122,2,NULL,NULL,'<ul>\n	<li style=\"text-align:left\"><span style=\"color:rgb(84, 83, 81)\">M&agrave;u sắc tươi s&aacute;ng</span></li>\n	<li style=\"text-align:left\"><span style=\"color:rgb(84, 83, 81)\">Thấm nhanh</span></li>\n	<li style=\"text-align:left\"><span style=\"color:rgb(84, 83, 81)\">57 x 57 cm</span></li>\n	<li style=\"text-align:left\"><span style=\"color:rgb(84, 83, 81)\">Chống trơn; trượt</span></li>\n</ul>\n\n<p style=\"text-align:justify\">Thảm nh&agrave; tắm&nbsp;<strong>UMA SUN</strong>&nbsp;l&agrave; sản phẩm được thiết kế chuy&ecirc;n d&ugrave;ng gi&uacute;p bạn kh&ocirc;ng c&ograve;n lo lắng về những tai nạn do v&ocirc; &yacute; trượt ng&atilde; trong ph&ograve;ng tắm vốn lu&ocirc;n ẩm ướt, trơn trượt. Thảm nh&agrave; tắm&nbsp;<strong>UMA SUN</strong>&nbsp;được l&agrave;m từ chất liệu Propylene cao cấp c&oacute; đặc điểm thấm h&uacute;t nhanh l&agrave;m cho ph&ograve;ng tắm của bạn lu&ocirc;n sạch sẽ, kh&ocirc; r&aacute;o. Th&ecirc;m v&agrave;o đ&oacute;, thảm c&ograve;n thiết kế mặt chống trơn trợt để đảm bảo an to&agrave;n tuyệt đối cho người sử dụng, bạn sẽ y&ecirc;n t&acirc;m hơn khi trang bị sản phẩm n&agrave;y cho ph&ograve;ng tắm, nhất l&agrave; nững gia đ&igrave;nh c&oacute; người gi&agrave; đi đứng kh&ocirc;ng linh hoạt v&agrave; trẻ em hay chạy nhảy. Với m&agrave;u sắc tươi tắn, nổi bật, thảm nh&agrave; tắm&nbsp;<strong>UMA SUN</strong>&nbsp;c&ograve;n c&oacute; t&aacute;c dụng trang tr&iacute; gi&uacute;p căn ph&ograve;ng th&ecirc;m phần trẻ trung, hiện đại.</p>\n\n<p style=\"text-align:justify\">&nbsp;</p>\n\n<div style=\"margin: 0px; padding: 0px; color: rgb(64, 64, 64); font-family: Helvetica, Arial, sans-serif; font-size: 12px; line-height: 22.7999992370605px; text-align: justify;\"><strong>ĐẶC ĐIỂM NỔI BẬT</strong></div>\n\n<p><strong>Chất liệu cao cấp</strong><br />\n<span style=\"color:rgb(64, 64, 64); font-family:helvetica,arial,sans-serif; font-size:12px\">Sản phẩm được l&agrave;m từ chất liệu Propylene n&ecirc;n c&oacute; khả năng thấm h&uacute;t nhanh, bền bỉ, cho thời gian sử dụng rất d&agrave;i. Ngo&agrave;i ra, chất liệu c&ograve;n c&oacute; ưu điểm l&agrave; dễ giặt v&agrave; mau kh&ocirc;, rất th&iacute;ch hợp cho những người bận rộn, c&oacute; &iacute;t thời gian để giặt giũ.</span></p>\n\n<p style=\"text-align:justify\">&nbsp;</p>\n\n<p style=\"text-align:justify\"><strong>Thiết kế chuy&ecirc;n dụng</strong><br />\nThảm nh&agrave; tắm&nbsp;<strong>UMA SUN</strong>&nbsp;được thiết kế chuy&ecirc;n dụng d&ugrave;ng để chống trơn trượt g&acirc;y t&eacute; ng&atilde;, tai nạn trong ph&ograve;ng tắm. Thảm l&agrave;m bằng chất liệu cao cấp c&oacute; đặc điểm thấm h&uacute;t nhanh v&agrave; mau kh&ocirc; gi&uacute;p cho ph&ograve;ng tắm của bạn lu&ocirc;n kh&ocirc; r&aacute;o, sạch sẽ. Ngo&agrave;i ra, thiết kế th&ocirc;ng minh với mặt chống trơn trượt sẽ bảo đảm an to&agrave;n tuyệt đối cho bạn v&agrave; gia đ&igrave;nh.</p>\n\n<p style=\"text-align:justify\"><strong>M&agrave;u sắc nổi bật</strong><br />\nSản phẩm c&oacute; m&agrave;u sắc tươi tắn, nổi bật nhưng cũng kh&ocirc;ng k&eacute;m phần sang trọng sẽ l&agrave; vật dụng trang tr&iacute; rất đặc biệt cho ph&ograve;ng tắm nh&agrave; bạn. Thảm mang đến n&eacute;t hiện đại, c&aacute; t&iacute;nh v&agrave; l&agrave;m s&aacute;ng bừng cả kh&ocirc;ng gian ph&ograve;ng tắm.</p>\n','VN-VI',NULL),(3070,122,26,NULL,NULL,'',NULL,NULL),(3071,122,27,3,NULL,NULL,NULL,NULL),(3072,122,28,7,NULL,NULL,NULL,NULL),(3073,122,29,NULL,0,NULL,NULL,NULL),(3074,122,21,NULL,NULL,NULL,NULL,''),(3075,122,22,NULL,NULL,'',NULL,NULL),(3076,122,23,NULL,NULL,'',NULL,NULL),(3077,122,1,NULL,NULL,NULL,'EN-US','Bathroom Carpet (Pink Plaid) - UMA Sun'),(3078,122,2,NULL,NULL,'','EN-US',NULL),(3079,122,1,NULL,NULL,NULL,'KO-KR','Bathroom Carpet (Pink Plaid) - UMA Sun'),(3080,122,2,NULL,NULL,'','KO-KR',NULL),(3081,123,1,NULL,NULL,NULL,'VN-VI','Bộ áo quần thun thể thao MU (Đỏ) - Figo Sport - Size M'),(3082,123,18,NULL,NULL,NULL,NULL,''),(3083,123,13,2,NULL,NULL,NULL,NULL),(3084,123,34,NULL,NULL,NULL,NULL,''),(3085,123,14,0.2,NULL,NULL,NULL,NULL),(3086,123,24,NULL,26,NULL,NULL,NULL),(3087,123,31,1,NULL,NULL,NULL,NULL),(3088,123,32,1,NULL,NULL,NULL,NULL),(3089,123,33,1,NULL,NULL,NULL,NULL),(3090,123,2,NULL,NULL,'<ul>\n	<li style=\"text-align:left\"><strong>Size M - Ph&ugrave; hợp với Nam 1m65 với c&acirc;n nặng&nbsp;60kg ;&nbsp;Nữ 1m50 - 1m60 với c&acirc;n nặng&nbsp;46kg - 55kg</strong></li>\n	<li style=\"text-align:left\"><span style=\"color:rgb(84, 83, 81)\">Chất liệu thun</span></li>\n	<li style=\"text-align:left\"><span style=\"color:rgb(84, 83, 81)\">&Aacute;o cổ tr&ograve;n</span></li>\n	<li style=\"text-align:left\"><span style=\"color:rgb(84, 83, 81)\">Thiết kế tay ngắn</span></li>\n	<li style=\"text-align:left\"><span style=\"color:rgb(84, 83, 81)\">H&agrave;ng Việt Nam</span></li>\n</ul>\n\n<p style=\"text-align:justify\">Bộ &aacute;o quần thun thể thao&nbsp;<strong>Figo Sport MU - Đỏ</strong>&nbsp;chắc chắn sẽ l&agrave;m h&agrave;i l&ograve;ng những fan h&acirc;m mộ. &Aacute;o c&oacute; thiết kế khỏe khoắn v&agrave; năng động, được lấy cảm hứng từ đồng phục của đội b&oacute;ng trong m&ugrave;a b&oacute;ng năm nay. Chiếc &aacute;o ph&ugrave; hợp cho những buổi hoạt động thể thao với cường độ cao. Chất liệu thun lạnh co gi&atilde;n v&agrave; tho&aacute;ng m&aacute;t của&nbsp;<strong>Figo Sport MU - Đỏ</strong>&nbsp;tạo cảm gi&aacute;c thoải m&aacute;i cho người mặc, gi&uacute;p bạn dễ d&agrave;ng tham gia c&aacute;c hoạt động thể dục thể thao.</p>\n\n<div style=\"margin: 0px; padding: 0px; color: rgb(64, 64, 64); font-family: Helvetica, Arial, sans-serif; font-size: 12px; line-height: 22.7999992370605px; text-align: justify;\"><strong>ĐẶC ĐIỂM NỔI BẬT</strong></div>\n\n<p style=\"text-align:justify\"><strong>Loại sản phẩm:</strong>&nbsp;Bộ &aacute;o quần thun thể thao<br />\n<strong>Chất liệu:</strong>&nbsp;Thun lạnh<br />\n<strong>Thiết kế:</strong>&nbsp;Năng động, khỏe khoắn<br />\n<strong>Ph&ugrave; hợp mọi ho&agrave;n cảnh:</strong>&nbsp;C&oacute; thể mặc khi chơi thể thao, đi chơi, du lịch, d&atilde; ngoại...</p>\n','VN-VI',NULL),(3091,123,26,NULL,NULL,'',NULL,NULL),(3092,123,27,0,NULL,NULL,NULL,NULL),(3093,123,28,7,NULL,NULL,NULL,NULL),(3094,123,29,NULL,28,NULL,NULL,NULL),(3095,123,21,NULL,NULL,NULL,NULL,''),(3096,123,22,NULL,NULL,'',NULL,NULL),(3097,123,23,NULL,NULL,'',NULL,NULL),(3098,123,1,NULL,NULL,NULL,'EN-US','MU Uniform (Red) - Figo Sport - Size M'),(3099,123,2,NULL,NULL,'<ul>\n	<li style=\"text-align:left\"><strong>Size M - Fit&nbsp;with&nbsp;Male&nbsp;1m65 and 60kg ;&nbsp;Female&nbsp;1m50 - 1m60 and 46kg - 55kg</strong></li>\n	<li style=\"text-align:left\"><span style=\"color:rgb(84, 83, 81)\">Made in Vietnam</span></li>\n</ul>\n','EN-US',NULL),(3100,123,1,NULL,NULL,NULL,'KO-KR','MU Uniform (Red) - Figo Sport - Size M'),(3101,123,2,NULL,NULL,'<ul>\n	<li style=\"text-align:left\"><strong>Size M - Fit&nbsp;with&nbsp;Male&nbsp;1m65 and 60kg ;&nbsp;Female&nbsp;1m50 - 1m60 and 46kg - 55kg</strong></li>\n	<li style=\"text-align:left\"><span style=\"color:rgb(84, 83, 81)\">Made in Vietnam</span></li>\n</ul>\n','KO-KR',NULL),(3102,124,1,NULL,NULL,NULL,'VN-VI','Bộ áo quần thun thể thao Real (Trắng) - Figo Sport - Size M'),(3103,124,18,NULL,NULL,NULL,NULL,''),(3104,124,13,2,NULL,NULL,NULL,NULL),(3105,124,34,NULL,NULL,NULL,NULL,''),(3106,124,14,0.2,NULL,NULL,NULL,NULL),(3107,124,24,NULL,26,NULL,NULL,NULL),(3108,124,31,1,NULL,NULL,NULL,NULL),(3109,124,32,1,NULL,NULL,NULL,NULL),(3110,124,33,1,NULL,NULL,NULL,NULL),(3111,124,2,NULL,NULL,'<ul>\n	<li style=\"text-align:left\"><strong>Size M - Ph&ugrave; hợp với Nam 1m65 với c&acirc;n nặng&nbsp;60kg ;&nbsp;Nữ 1m50 - 1m60 với c&acirc;n nặng&nbsp;46kg - 55kg</strong></li>\n	<li style=\"text-align:left\"><span style=\"color:rgb(84, 83, 81)\">Chất liệu thun</span></li>\n	<li style=\"text-align:left\"><span style=\"color:rgb(84, 83, 81)\">&Aacute;o cổ tr&ograve;n</span></li>\n	<li style=\"text-align:left\"><span style=\"color:rgb(84, 83, 81)\">Thiết kế tay ngắn</span></li>\n	<li style=\"text-align:left\"><span style=\"color:rgb(84, 83, 81)\">H&agrave;ng Việt Nam</span></li>\n</ul>\n\n<p style=\"text-align:justify\">Bộ &aacute;o quần thun thể thao&nbsp;<strong>Figo Sport REAL - Trắng</strong>&nbsp;chắc chắn sẽ l&agrave;m h&agrave;i l&ograve;ng những fan h&acirc;m mộ của c&uacute;p UEFA. &Aacute;o c&oacute; thiết kế khỏe khoắn v&agrave; năng động, được lấy cảm hứng từ đồng phục của đội b&oacute;ng Real Madrid trong m&ugrave;a b&oacute;ng năm nay. Chiếc &aacute;o ph&ugrave; hợp cho những buổi hoạt động thể thao với cường độ cao. Chất liệu thun lạnh co gi&atilde;n v&agrave; tho&aacute;ng m&aacute;t của&nbsp;<strong>Figo Sport REAL - Trắng&nbsp;</strong>tạo cảm gi&aacute;c thoải m&aacute;i cho người mặc, gi&uacute;p bạn dễ d&agrave;ng tham gia c&aacute;c hoạt động thể dục thể thao.</p>\n\n<div style=\"margin: 0px; padding: 0px; color: rgb(64, 64, 64); font-family: Helvetica, Arial, sans-serif; font-size: 12px; line-height: 22.7999992370605px; text-align: justify;\"><strong>ĐẶC ĐIỂM NỔI BẬT</strong></div>\n\n<p style=\"text-align:justify\"><strong>Loại sản phẩm:</strong>&nbsp;Bộ &aacute;o quần thun thể thao<br />\n<strong>Chất liệu:</strong>&nbsp;Thun lạnh<br />\n<strong>Thiết kế:</strong>&nbsp;Năng động, khỏe khoắn<br />\n<strong>Ph&ugrave; hợp mọi ho&agrave;n cảnh:</strong>&nbsp;C&oacute; thể mặc khi chơi thể thao, đi chơi, du lịch, d&atilde; ngoại...</p>\n','VN-VI',NULL),(3112,124,26,NULL,NULL,'',NULL,NULL),(3113,124,27,0,NULL,NULL,NULL,NULL),(3114,124,28,7,NULL,NULL,NULL,NULL),(3115,124,29,NULL,28,NULL,NULL,NULL),(3116,124,21,NULL,NULL,NULL,NULL,''),(3117,124,22,NULL,NULL,'',NULL,NULL),(3118,124,23,NULL,NULL,'',NULL,NULL),(3119,124,1,NULL,NULL,NULL,'EN-US','REAL Uniform (White) - Figo Sport - Size M'),(3120,124,2,NULL,NULL,'<ul>\n	<li style=\"text-align:left\"><strong>Size M - Fit&nbsp;with&nbsp;Male&nbsp;1m65 and 60kg ;&nbsp;Female&nbsp;1m50 - 1m60 and 46kg - 55kg</strong></li>\n	<li style=\"text-align:left\"><span style=\"color:rgb(84, 83, 81)\">Made in Vietnam</span></li>\n</ul>\n','EN-US',NULL),(3121,124,1,NULL,NULL,NULL,'KO-KR','REAL Uniform (White) - Figo Sport - Size M'),(3122,124,2,NULL,NULL,'<ul>\n	<li style=\"text-align:left\"><strong>Size M - Fit&nbsp;with&nbsp;Male&nbsp;1m65 and 60kg ;&nbsp;Female&nbsp;1m50 - 1m60 and 46kg - 55kg</strong></li>\n	<li style=\"text-align:left\"><span style=\"color:rgb(84, 83, 81)\">Made in Vietnam</span></li>\n</ul>\n','KO-KR',NULL),(3133,125,1,NULL,NULL,NULL,'VN-VI','Bộ áo quần thun thể thao Đức (Trắng) - Figo Sport - Size M'),(3134,125,18,NULL,NULL,NULL,NULL,''),(3135,125,13,2,NULL,NULL,NULL,NULL),(3136,125,34,NULL,NULL,NULL,NULL,''),(3137,125,14,0.2,NULL,NULL,NULL,NULL),(3138,125,24,NULL,26,NULL,NULL,NULL),(3139,125,31,1,NULL,NULL,NULL,NULL),(3140,125,32,1,NULL,NULL,NULL,NULL),(3141,125,33,1,NULL,NULL,NULL,NULL),(3142,125,2,NULL,NULL,'<ul>\n	<li style=\"text-align:left\"><strong>Size M - Ph&ugrave; hợp với Nam 1m65 với c&acirc;n nặng&nbsp;60kg ;&nbsp;Nữ 1m50 - 1m60 với c&acirc;n nặng&nbsp;46kg - 55kg</strong></li>\n	<li style=\"text-align:left\"><span style=\"color:rgb(84, 83, 81)\">Chất liệu thun</span></li>\n	<li style=\"text-align:left\"><span style=\"color:rgb(84, 83, 81)\">&Aacute;o cổ tr&ograve;n</span></li>\n	<li style=\"text-align:left\"><span style=\"color:rgb(84, 83, 81)\">Thiết kế tay ngắn</span></li>\n	<li style=\"text-align:left\"><span style=\"color:rgb(84, 83, 81)\">H&agrave;ng Việt Nam</span></li>\n</ul>\n\n<p style=\"text-align:justify\">Bộ &aacute;o quần thun thể thao&nbsp;<strong>Figo Sport Đức&nbsp;- Trắng</strong>&nbsp;chắc chắn sẽ l&agrave;m h&agrave;i l&ograve;ng những fan h&acirc;m mộ. &Aacute;o c&oacute; thiết kế khỏe khoắn v&agrave; năng động, được lấy cảm hứng từ đồng phục của đội b&oacute;ng trong m&ugrave;a b&oacute;ng năm nay. Chiếc &aacute;o ph&ugrave; hợp cho những buổi hoạt động thể thao với cường độ cao. Chất liệu thun lạnh co gi&atilde;n v&agrave; tho&aacute;ng m&aacute;t của&nbsp;<strong>Figo Sport Đức&nbsp;- Trắng&nbsp;</strong>tạo cảm gi&aacute;c thoải m&aacute;i cho người mặc, gi&uacute;p bạn dễ d&agrave;ng tham gia c&aacute;c hoạt động thể dục thể thao.</p>\n\n<div style=\"margin: 0px; padding: 0px; color: rgb(64, 64, 64); font-family: Helvetica, Arial, sans-serif; font-size: 12px; line-height: 22.7999992370605px; text-align: justify;\"><strong>ĐẶC ĐIỂM NỔI BẬT</strong></div>\n\n<p style=\"text-align:justify\"><strong>Loại sản phẩm:</strong>&nbsp;Bộ &aacute;o quần thun thể thao<br />\n<strong>Chất liệu:</strong>&nbsp;Thun lạnh<br />\n<strong>Thiết kế:</strong>&nbsp;Năng động, khỏe khoắn<br />\n<strong>Ph&ugrave; hợp mọi ho&agrave;n cảnh:</strong>&nbsp;C&oacute; thể mặc khi chơi thể thao, đi chơi, du lịch, d&atilde; ngoại...</p>\n','VN-VI',NULL),(3143,125,26,NULL,NULL,'',NULL,NULL),(3144,125,27,0,NULL,NULL,NULL,NULL),(3145,125,28,7,NULL,NULL,NULL,NULL),(3146,125,29,NULL,28,NULL,NULL,NULL),(3147,125,21,NULL,NULL,NULL,NULL,''),(3148,125,22,NULL,NULL,'',NULL,NULL),(3149,125,23,NULL,NULL,'',NULL,NULL),(3150,125,1,NULL,NULL,NULL,'EN-US','Germany Uniform (White) - Figo Sport - Size M'),(3151,125,2,NULL,NULL,'<ul>\n	<li style=\"text-align:left\"><strong>Size M - Fit&nbsp;with&nbsp;Male&nbsp;1m65 and 60kg ;&nbsp;Female&nbsp;1m50 - 1m60 and 46kg - 55kg</strong></li>\n	<li style=\"text-align:left\"><span style=\"color:rgb(84, 83, 81)\">Made in Vietnam</span></li>\n</ul>\n','EN-US',NULL),(3152,125,1,NULL,NULL,NULL,'KO-KR','Germany Uniform (White) - Figo Sport - Size M'),(3153,125,2,NULL,NULL,'<ul>\n	<li style=\"text-align:left\"><strong>Size M - Fit&nbsp;with&nbsp;Male&nbsp;1m65 and 60kg ;&nbsp;Female&nbsp;1m50 - 1m60 and 46kg - 55kg</strong></li>\n	<li style=\"text-align:left\"><span style=\"color:rgb(84, 83, 81)\">Made in Vietnam</span></li>\n</ul>\n','KO-KR',NULL),(3164,126,1,NULL,NULL,NULL,'VN-VI','Bộ áo quần thun thể thao Barca (Đỏ sọc xanh) - Figo Sport - Size M'),(3165,126,18,NULL,NULL,NULL,NULL,''),(3166,126,13,2,NULL,NULL,NULL,NULL),(3167,126,34,NULL,NULL,NULL,NULL,''),(3168,126,14,0.2,NULL,NULL,NULL,NULL),(3169,126,24,NULL,26,NULL,NULL,NULL),(3170,126,31,1,NULL,NULL,NULL,NULL),(3171,126,32,1,NULL,NULL,NULL,NULL),(3172,126,33,1,NULL,NULL,NULL,NULL),(3173,126,2,NULL,NULL,'<ul>\n	<li style=\"text-align:left\"><strong>Size M - Ph&ugrave; hợp với Nam 1m65 với c&acirc;n nặng&nbsp;60kg ;&nbsp;Nữ 1m50 - 1m60 với c&acirc;n nặng&nbsp;46kg - 55kg</strong></li>\n	<li style=\"text-align:left\"><span style=\"color:rgb(84, 83, 81)\">Chất liệu thun</span></li>\n	<li style=\"text-align:left\"><span style=\"color:rgb(84, 83, 81)\">&Aacute;o cổ tr&ograve;n</span></li>\n	<li style=\"text-align:left\"><span style=\"color:rgb(84, 83, 81)\">Thiết kế tay ngắn</span></li>\n	<li style=\"text-align:left\"><span style=\"color:rgb(84, 83, 81)\">H&agrave;ng Việt Nam</span></li>\n</ul>\n\n<p style=\"text-align:justify\">Bộ &aacute;o quần thun thể thao&nbsp;<strong>Figo Sport Barca (Đỏ sọc xanh)</strong>&nbsp;chắc chắn sẽ l&agrave;m h&agrave;i l&ograve;ng những fan h&acirc;m mộ. &Aacute;o c&oacute; thiết kế khỏe khoắn v&agrave; năng động, được lấy cảm hứng từ đồng phục của đội b&oacute;ng trong m&ugrave;a b&oacute;ng năm nay. Chiếc &aacute;o ph&ugrave; hợp cho những buổi hoạt động thể thao với cường độ cao. Chất liệu thun lạnh co gi&atilde;n v&agrave; tho&aacute;ng m&aacute;t của&nbsp;<strong>Figo Sport Barca (Đỏ sọc xanh)</strong><strong>&nbsp;</strong>tạo cảm gi&aacute;c thoải m&aacute;i cho người mặc, gi&uacute;p bạn dễ d&agrave;ng tham gia c&aacute;c hoạt động thể dục thể thao.</p>\n\n<div style=\"margin: 0px; padding: 0px; color: rgb(64, 64, 64); font-family: Helvetica, Arial, sans-serif; font-size: 12px; line-height: 22.7999992370605px; text-align: justify;\"><strong>ĐẶC ĐIỂM NỔI BẬT</strong></div>\n\n<p style=\"text-align:justify\"><strong>Loại sản phẩm:</strong>&nbsp;Bộ &aacute;o quần thun thể thao<br />\n<strong>Chất liệu:</strong>&nbsp;Thun lạnh<br />\n<strong>Thiết kế:</strong>&nbsp;Năng động, khỏe khoắn<br />\n<strong>Ph&ugrave; hợp mọi ho&agrave;n cảnh:</strong>&nbsp;C&oacute; thể mặc khi chơi thể thao, đi chơi, du lịch, d&atilde; ngoại...</p>\n','VN-VI',NULL),(3174,126,26,NULL,NULL,'',NULL,NULL),(3175,126,27,0,NULL,NULL,NULL,NULL),(3176,126,28,7,NULL,NULL,NULL,NULL),(3177,126,29,NULL,28,NULL,NULL,NULL),(3178,126,21,NULL,NULL,NULL,NULL,''),(3179,126,22,NULL,NULL,'',NULL,NULL),(3180,126,23,NULL,NULL,'',NULL,NULL),(3181,126,1,NULL,NULL,NULL,'EN-US','Barca Uniform (Home) - Figo Sport - Size M'),(3182,126,2,NULL,NULL,'<ul>\n	<li style=\"text-align:left\"><strong>Size M - Fit&nbsp;with&nbsp;Male&nbsp;1m65 and 60kg ;&nbsp;Female&nbsp;1m50 - 1m60 and 46kg - 55kg</strong></li>\n	<li style=\"text-align:left\"><span style=\"color:rgb(84, 83, 81)\">Made in Vietnam</span></li>\n</ul>\n','EN-US',NULL),(3183,126,1,NULL,NULL,NULL,'KO-KR','Barca Uniform (Home) - Figo Sport - Size M'),(3184,126,2,NULL,NULL,'<ul>\n	<li style=\"text-align:left\"><strong>Size M - Fit&nbsp;with&nbsp;Male&nbsp;1m65 and 60kg ;&nbsp;Female&nbsp;1m50 - 1m60 and 46kg - 55kg</strong></li>\n	<li style=\"text-align:left\"><span style=\"color:rgb(84, 83, 81)\">Made in Vietnam</span></li>\n</ul>\n','KO-KR',NULL),(3195,127,1,NULL,NULL,NULL,'VN-VI','Bộ áo quần thun thể thao ITALY (Xanh) - Figo Sport - Size M'),(3196,127,18,NULL,NULL,NULL,NULL,''),(3197,127,13,2,NULL,NULL,NULL,NULL),(3198,127,34,NULL,NULL,NULL,NULL,''),(3199,127,14,0.2,NULL,NULL,NULL,NULL),(3200,127,24,NULL,26,NULL,NULL,NULL),(3201,127,31,1,NULL,NULL,NULL,NULL),(3202,127,32,1,NULL,NULL,NULL,NULL),(3203,127,33,1,NULL,NULL,NULL,NULL),(3204,127,2,NULL,NULL,'<ul>\n	<li style=\"text-align:left\"><strong>Size M - Ph&ugrave; hợp với Nam 1m65 với c&acirc;n nặng&nbsp;60kg ;&nbsp;Nữ 1m50 - 1m60 với c&acirc;n nặng&nbsp;46kg - 55kg</strong></li>\n	<li style=\"text-align:left\"><span style=\"color:rgb(84, 83, 81)\">Chất liệu thun</span></li>\n	<li style=\"text-align:left\"><span style=\"color:rgb(84, 83, 81)\">&Aacute;o cổ tr&ograve;n</span></li>\n	<li style=\"text-align:left\"><span style=\"color:rgb(84, 83, 81)\">Thiết kế tay ngắn</span></li>\n	<li style=\"text-align:left\"><span style=\"color:rgb(84, 83, 81)\">H&agrave;ng Việt Nam</span></li>\n</ul>\n\n<p style=\"text-align:justify\">Bộ &aacute;o quần thun thể thao&nbsp;<strong>Figo Sport ITALY (xanh)</strong>&nbsp;chắc chắn sẽ l&agrave;m h&agrave;i l&ograve;ng những fan h&acirc;m mộ. &Aacute;o c&oacute; thiết kế khỏe khoắn v&agrave; năng động, được lấy cảm hứng từ đồng phục của đội b&oacute;ng trong m&ugrave;a b&oacute;ng năm nay. Chiếc &aacute;o ph&ugrave; hợp cho những buổi hoạt động thể thao với cường độ cao. Chất liệu thun lạnh co gi&atilde;n v&agrave; tho&aacute;ng m&aacute;t của&nbsp;<strong>Figo Sport&nbsp;ITALY (xanh)&nbsp;</strong>tạo cảm gi&aacute;c thoải m&aacute;i cho người mặc, gi&uacute;p bạn dễ d&agrave;ng tham gia c&aacute;c hoạt động thể dục thể thao.</p>\n\n<div style=\"margin: 0px; padding: 0px; color: rgb(64, 64, 64); font-family: Helvetica, Arial, sans-serif; font-size: 12px; line-height: 22.7999992370605px; text-align: justify;\"><strong>ĐẶC ĐIỂM NỔI BẬT</strong></div>\n\n<p style=\"text-align:justify\"><strong>Loại sản phẩm:</strong>&nbsp;Bộ &aacute;o quần thun thể thao<br />\n<strong>Chất liệu:</strong>&nbsp;Thun lạnh<br />\n<strong>Thiết kế:</strong>&nbsp;Năng động, khỏe khoắn<br />\n<strong>Ph&ugrave; hợp mọi ho&agrave;n cảnh:</strong>&nbsp;C&oacute; thể mặc khi chơi thể thao, đi chơi, du lịch, d&atilde; ngoại...</p>\n','VN-VI',NULL),(3205,127,26,NULL,NULL,'',NULL,NULL),(3206,127,27,0,NULL,NULL,NULL,NULL),(3207,127,28,7,NULL,NULL,NULL,NULL),(3208,127,29,NULL,28,NULL,NULL,NULL),(3209,127,21,NULL,NULL,NULL,NULL,''),(3210,127,22,NULL,NULL,'',NULL,NULL),(3211,127,23,NULL,NULL,'',NULL,NULL),(3212,127,1,NULL,NULL,NULL,'EN-US','ITALY Uniform (Home) - Figo Sport - Size M'),(3213,127,2,NULL,NULL,'<ul>\n	<li style=\"text-align:left\"><strong>Size M - Fit&nbsp;with&nbsp;Male&nbsp;1m65 and 60kg ;&nbsp;Female&nbsp;1m50 - 1m60 and 46kg - 55kg</strong></li>\n	<li style=\"text-align:left\"><span style=\"color:rgb(84, 83, 81)\">Made in Vietnam</span></li>\n</ul>\n','EN-US',NULL),(3214,127,1,NULL,NULL,NULL,'KO-KR','ITALY Uniform (Home) - Figo Sport - Size M'),(3215,127,2,NULL,NULL,'<ul>\n	<li style=\"text-align:left\"><strong>Size M - Fit&nbsp;with&nbsp;Male&nbsp;1m65 and 60kg ;&nbsp;Female&nbsp;1m50 - 1m60 and 46kg - 55kg</strong></li>\n	<li style=\"text-align:left\"><span style=\"color:rgb(84, 83, 81)\">Made in Vietnam</span></li>\n</ul>\n','KO-KR',NULL),(3226,128,1,NULL,NULL,NULL,'VN-VI','Bộ áo quần thun thể thao Vietnam (Trắng) - Figo Sport - Size M'),(3227,128,18,NULL,NULL,NULL,NULL,''),(3228,128,13,2,NULL,NULL,NULL,NULL),(3229,128,34,NULL,NULL,NULL,NULL,''),(3230,128,14,0.2,NULL,NULL,NULL,NULL),(3231,128,24,NULL,26,NULL,NULL,NULL),(3232,128,31,1,NULL,NULL,NULL,NULL),(3233,128,32,1,NULL,NULL,NULL,NULL),(3234,128,33,1,NULL,NULL,NULL,NULL),(3235,128,2,NULL,NULL,'<ul>\n	<li style=\"text-align:left\"><strong>Size M - Ph&ugrave; hợp với Nam 1m65 với c&acirc;n nặng&nbsp;60kg ;&nbsp;Nữ 1m50 - 1m60 với c&acirc;n nặng&nbsp;46kg - 55kg</strong></li>\n	<li style=\"text-align:left\"><span style=\"color:rgb(84, 83, 81)\">Chất liệu thun</span></li>\n	<li style=\"text-align:left\"><span style=\"color:rgb(84, 83, 81)\">&Aacute;o cổ tr&ograve;n</span></li>\n	<li style=\"text-align:left\"><span style=\"color:rgb(84, 83, 81)\">Thiết kế tay ngắn</span></li>\n	<li style=\"text-align:left\"><span style=\"color:rgb(84, 83, 81)\">H&agrave;ng Việt Nam</span></li>\n</ul>\n\n<p style=\"text-align:justify\">Bộ &aacute;o quần thun thể thao&nbsp;<strong>Figo Sport Vietnam (Trắng)</strong>&nbsp;chắc chắn sẽ l&agrave;m h&agrave;i l&ograve;ng những fan h&acirc;m mộ. &Aacute;o c&oacute; thiết kế khỏe khoắn v&agrave; năng động, được lấy cảm hứng từ đồng phục của đội b&oacute;ng&nbsp;trong m&ugrave;a b&oacute;ng năm nay. Chiếc &aacute;o ph&ugrave; hợp cho những buổi hoạt động thể thao với cường độ cao. Chất liệu thun lạnh co gi&atilde;n v&agrave; tho&aacute;ng m&aacute;t của&nbsp;<strong>Figo Sport&nbsp;Vietnam (Trắng)&nbsp;</strong>tạo cảm gi&aacute;c thoải m&aacute;i cho người mặc, gi&uacute;p bạn dễ d&agrave;ng tham gia c&aacute;c hoạt động thể dục thể thao.</p>\n\n<div style=\"margin: 0px; padding: 0px; color: rgb(64, 64, 64); font-family: Helvetica, Arial, sans-serif; font-size: 12px; line-height: 22.7999992370605px; text-align: justify;\"><strong>ĐẶC ĐIỂM NỔI BẬT</strong></div>\n\n<p style=\"text-align:justify\"><strong>Loại sản phẩm:</strong>&nbsp;Bộ &aacute;o quần thun thể thao<br />\n<strong>Chất liệu:</strong>&nbsp;Thun lạnh<br />\n<strong>Thiết kế:</strong>&nbsp;Năng động, khỏe khoắn<br />\n<strong>Ph&ugrave; hợp mọi ho&agrave;n cảnh:</strong>&nbsp;C&oacute; thể mặc khi chơi thể thao, đi chơi, du lịch, d&atilde; ngoại...</p>\n','VN-VI',NULL),(3236,128,26,NULL,NULL,'',NULL,NULL),(3237,128,27,0,NULL,NULL,NULL,NULL),(3238,128,28,7,NULL,NULL,NULL,NULL),(3239,128,29,NULL,28,NULL,NULL,NULL),(3240,128,21,NULL,NULL,NULL,NULL,''),(3241,128,22,NULL,NULL,'',NULL,NULL),(3242,128,23,NULL,NULL,'',NULL,NULL),(3243,128,1,NULL,NULL,NULL,'EN-US','Vietnam Uniform (White) - Figo Sport - Size M'),(3244,128,2,NULL,NULL,'<ul>\n	<li style=\"text-align:left\"><strong>Size M - Fit&nbsp;with&nbsp;Male&nbsp;1m65 and 60kg ;&nbsp;Female&nbsp;1m50 - 1m60 and 46kg - 55kg</strong></li>\n	<li style=\"text-align:left\"><span style=\"color:rgb(84, 83, 81)\">Made in Vietnam</span></li>\n</ul>\n','EN-US',NULL),(3245,128,1,NULL,NULL,NULL,'KO-KR','Vietnam Uniform (White) - Figo Sport - Size M'),(3246,128,2,NULL,NULL,'<ul>\n	<li style=\"text-align:left\"><strong>Size M - Fit&nbsp;with&nbsp;Male&nbsp;1m65 and 60kg ;&nbsp;Female&nbsp;1m50 - 1m60 and 46kg - 55kg</strong></li>\n	<li style=\"text-align:left\"><span style=\"color:rgb(84, 83, 81)\">Made in Vietnam</span></li>\n</ul>\n','KO-KR',NULL),(3257,129,1,NULL,NULL,NULL,'VN-VI','Redbull Thái 6 lon x 250 mL/lon '),(3258,129,18,NULL,NULL,NULL,NULL,''),(3259,129,13,10,NULL,NULL,NULL,NULL),(3260,129,34,NULL,NULL,NULL,NULL,''),(3261,129,14,1.5,NULL,NULL,NULL,NULL),(3262,129,24,NULL,26,NULL,NULL,NULL),(3263,129,31,1,NULL,NULL,NULL,NULL),(3264,129,32,1,NULL,NULL,NULL,NULL),(3265,129,33,1,NULL,NULL,NULL,NULL),(3266,129,2,NULL,NULL,'<p>Xuất xứ&nbsp;Th&aacute;i Lan</p>\n\n<p>Dung t&iacute;ch: 250 ml / lon x 6 lon</p>\n\n<p>&nbsp;</p>\n','VN-VI',NULL),(3267,129,26,NULL,NULL,'',NULL,NULL),(3268,129,27,0,NULL,NULL,NULL,NULL),(3269,129,28,15,NULL,NULL,NULL,NULL),(3270,129,29,NULL,0,NULL,NULL,NULL),(3271,129,21,NULL,NULL,NULL,NULL,''),(3272,129,22,NULL,NULL,'',NULL,NULL),(3273,129,23,NULL,NULL,'',NULL,NULL),(3274,129,1,NULL,NULL,NULL,'EN-US','Redbull Thailand 6 cans x 250 mL per can'),(3275,129,2,NULL,NULL,'<p>Made from Thailand</p>\n\n<p>Package included 6 Redbull Thai&nbsp;cans of 250 mL per can</p>\n','EN-US',NULL),(3276,129,1,NULL,NULL,NULL,'KO-KR','Redbull Thailand 6 cans x 250 mL per can'),(3277,129,2,NULL,NULL,'<p>Made from Thailand</p>\n\n<p>Package included 6 Redbull Thai&nbsp;cans of 250 mL per can</p>\n','KO-KR',NULL),(3278,130,1,NULL,NULL,NULL,'VN-VI','Trà xanh hương chanh C2 360 mL'),(3279,130,18,NULL,NULL,NULL,NULL,''),(3280,130,13,100,NULL,NULL,NULL,NULL),(3281,130,34,NULL,NULL,NULL,NULL,'C2'),(3282,130,14,0.36,NULL,NULL,NULL,NULL),(3283,130,24,NULL,27,NULL,NULL,NULL),(3284,130,31,1,NULL,NULL,NULL,NULL),(3285,130,32,1,NULL,NULL,NULL,NULL),(3286,130,33,1,NULL,NULL,NULL,NULL),(3287,130,2,NULL,NULL,'<p><strong>Giới thiệu</strong></p>\n\n<p><span style=\"color:rgb(85, 84, 83); font-family:tahoma,geneva,sans-serif; font-size:12px\">Được chế biến 100% từ tr&agrave; xanh TH&Aacute;I NGUY&Ecirc;N tự nhi&ecirc;n, c&oacute; hương vị thanh tho&aacute;t, thơm ngon nhờ được chắt lọ từ những b&uacute;p tr&agrave; tươi non cho chất lượng tuyệt vời nhất. Tr&agrave; xanh C2 m&aacute;t lạnh v&agrave; thanh khiết, đem lại cảm gi&aacute;c sảng kho&aacute;i v&agrave; bỗ dưỡng cho cơ thể.</span></p>\n\n<p><strong>Th&agrave;nh phần:</strong><br />\n<span style=\"color:rgb(85, 84, 83); font-family:tahoma,geneva,sans-serif; font-size:12px\">Nước, l&aacute; tr&agrave; xanh (5g/l), đường tinh luyện, chất điều chỉnh độ axit (axit xitric (330), axit malic (296), trinatri xitrat (331iii)), hương chanh tổng hợp, chất chống oxy h&oacute;a: vitamin C (300).</span><br />\n<br />\n<strong>Th&agrave;nh phần dinh dưỡng 360ml:</strong><br />\n<span style=\"color:rgb(85, 84, 83); font-family:tahoma,geneva,sans-serif; font-size:12px\">Calories 110, Calories from fat 0, Sodium 55mg, Total carbohydrate 27g, Sugar 27g, Protein 0g</span><br />\n<br />\n<strong>C&aacute;ch sử dụng:</strong><br />\n<span style=\"color:rgb(85, 84, 83); font-family:tahoma,geneva,sans-serif; font-size:12px\">Ngon hơn khi d&ugrave;ng lạnh. Lắc đều trước khi d&ugrave;ng. Giữ lạnh sau khi mở nắp</span><br />\n<br />\n<strong>C&aacute;ch bảo quản:</strong><br />\n<span style=\"color:rgb(85, 84, 83); font-family:tahoma,geneva,sans-serif; font-size:12px\">Bảo quản nơi kh&ocirc; r&aacute;o v&agrave; tho&aacute;ng m&aacute;t. Tr&aacute;nh &aacute;nh nắng trực tiếp</span><br />\n<br />\n<strong>Sản xuất tại:</strong><br />\n<span style=\"color:rgb(85, 84, 83); font-family:tahoma,geneva,sans-serif; font-size:12px\">CTY TNHH URC Việt Nam.</span></p>\n','VN-VI',NULL),(3288,130,26,NULL,NULL,'',NULL,NULL),(3289,130,27,0,NULL,NULL,NULL,NULL),(3290,130,28,9999,NULL,NULL,NULL,NULL),(3291,130,29,NULL,28,NULL,NULL,NULL),(3292,130,21,NULL,NULL,NULL,NULL,''),(3293,130,22,NULL,NULL,'',NULL,NULL),(3294,130,23,NULL,NULL,'',NULL,NULL),(3295,130,1,NULL,NULL,NULL,'EN-US','Green Tea with Lemon flavor C2 360 mL'),(3296,130,2,NULL,NULL,'<p><strong>Nutritions 360ml:</strong><br />\n<span style=\"color:rgb(85, 84, 83); font-family:tahoma,geneva,sans-serif; font-size:12px\">Calories 110, Calories from fat 0, Sodium 55mg, Total carbohydrate 27g, Sugar 27g, Protein 0g</span></p>\n\n<p><strong>Manufactured in:</strong><br />\n<span style=\"color:rgb(85, 84, 83); font-family:tahoma,geneva,sans-serif; font-size:12px\">URC Vietnam Co., Ltd.</span></p>\n\n<p><strong><span style=\"color:rgb(85, 84, 83); font-family:tahoma,geneva,sans-serif; font-size:12px\">Product of Vietnam</span></strong></p>\n','EN-US',NULL),(3297,130,1,NULL,NULL,NULL,'KO-KR','Green Tea with Lemon flavor C2 360 mL'),(3298,130,2,NULL,NULL,'<p><strong>Nutritions 360ml:</strong><br />\n<span style=\"color:rgb(85, 84, 83); font-family:tahoma,geneva,sans-serif; font-size:12px\">Calories 110, Calories from fat 0, Sodium 55mg, Total carbohydrate 27g, Sugar 27g, Protein 0g</span></p>\n\n<p><strong>Manufactured in:</strong><br />\n<span style=\"color:rgb(85, 84, 83); font-family:tahoma,geneva,sans-serif; font-size:12px\">URC Vietnam Co., Ltd.</span></p>\n\n<p><strong><span style=\"color:rgb(85, 84, 83); font-family:tahoma,geneva,sans-serif; font-size:12px\">Product of Vietnam</span></strong></p>\n','KO-KR',NULL),(3299,131,1,NULL,NULL,NULL,'VN-VI','Nước cam ép Twister 330 mL/lon - 1 Thùng 24 lon'),(3300,131,18,NULL,NULL,NULL,NULL,''),(3301,131,13,10,NULL,NULL,NULL,NULL),(3302,131,34,NULL,NULL,NULL,NULL,''),(3303,131,14,3,NULL,NULL,NULL,NULL),(3304,131,24,NULL,26,NULL,NULL,NULL),(3305,131,31,1,NULL,NULL,NULL,NULL),(3306,131,32,1,NULL,NULL,NULL,NULL),(3307,131,33,1,NULL,NULL,NULL,NULL),(3308,131,2,NULL,NULL,'<p style=\"text-align:center\"><strong><span style=\"font-size:14px\">Twister nước cam &eacute;p 330ml - 1 TH&Ugrave;NG 24 lon</span></strong></p>\n\n<p style=\"text-align:justify\"><span style=\"font-size:14px\">Nước &eacute;p TWISTER 330ml CAM PET l&agrave; sản phẩm được chiết xuất từ nước cam tươi nguy&ecirc;n chất, c&oacute; chứa canxi, vitaminA, nhiều dinh dưỡng, ph&ugrave; hợp với nhu cầu năng động, tiện dụng.</span></p>\n\n<p style=\"text-align:justify\"><span style=\"font-size:14px\"><strong>Số lượng:&nbsp;</strong> &nbsp; &nbsp; &nbsp; &nbsp; &nbsp;24 lon/01 th&ugrave;ng</span></p>\n\n<p style=\"text-align:justify\"><span style=\"font-size:14px\"><span style=\"color:rgb(77, 77, 77)\"><strong>Th&agrave;nh phần:&nbsp;</strong> &nbsp; &nbsp;Nước, đường m&iacute;a, nước cam h&ograve;a nguy&ecirc;n từ cốt cam c&ocirc; đặc 65% (159/l), chất điều chỉnh độ axit (330, 3331 iii), chất ổn định (415, 414, 327), chất chống oxy h&oacute;a (Vitamin C), hỗn hợp hương cam tự nhi&ecirc;n v&agrave; giống tự nhi&ecirc;n, chất bảo quản (202), m&agrave;u tổng hợp (16ai), sản phẩm c&oacute; chứa Vitamin C (144mg/L), Vitamin A(0,7 mg RE/L), v&agrave; Canxi (15,6mg/L).</span></span></p>\n\n<p style=\"text-align:justify\"><br />\n<span style=\"font-size:14px\"><span style=\"color:rgb(77, 77, 77)\">- Sản phẩm của c&ocirc;ng ty PepsiCo Việt Nam.</span><br />\n<span style=\"color:rgb(77, 77, 77)\">- Lắc đều trước khi sử dụng</span><br />\n<span style=\"color:rgb(77, 77, 77)\">- Bảo quản nơi tho&aacute;ng m&aacute;t</span></span></p>\n','VN-VI',NULL),(3309,131,26,NULL,NULL,'',NULL,NULL),(3310,131,27,0,NULL,NULL,NULL,NULL),(3311,131,28,9999,NULL,NULL,NULL,NULL),(3312,131,29,NULL,28,NULL,NULL,NULL),(3313,131,21,NULL,NULL,NULL,NULL,''),(3314,131,22,NULL,NULL,'',NULL,NULL),(3315,131,23,NULL,NULL,'',NULL,NULL),(3316,131,1,NULL,NULL,NULL,'EN-US','Orange Juice Twister 330 mL/can x 24 Cans'),(3317,131,2,NULL,NULL,'<p>1 package includes 24 cans of&nbsp;Twister Orange Juice 330mL per can</p>\n\n<p>Manufactured in Vietnam</p>\n\n<p>A Product of Pepsi Co. Vietnam</p>\n','EN-US',NULL),(3318,131,1,NULL,NULL,NULL,'KO-KR','Orange Juice Twister 330 mL/can x 24 Cans'),(3319,131,2,NULL,NULL,'<p>1 package includes 24 cans of&nbsp;Twister Orange Juice 330mL per can</p>\n\n<p>Manufactured in Vietnam</p>\n\n<p>A Product of Pepsi Co. Vietnam</p>\n','KO-KR',NULL),(3320,135,1,NULL,NULL,NULL,'VN-VI','Thùng Trà xanh hương chanh C2  - 24 chai - 360 mL/chai'),(3321,135,18,NULL,NULL,NULL,NULL,''),(3322,135,13,100,NULL,NULL,NULL,NULL),(3323,135,34,NULL,NULL,NULL,NULL,'C2'),(3324,135,14,3,NULL,NULL,NULL,NULL),(3325,135,24,NULL,26,NULL,NULL,NULL),(3326,135,31,1,NULL,NULL,NULL,NULL),(3327,135,32,1,NULL,NULL,NULL,NULL),(3328,135,33,1,NULL,NULL,NULL,NULL),(3329,135,2,NULL,NULL,'<p style=\"text-align:center\"><strong>1 Th&ugrave;ng - 24 chai</strong> tr&agrave; xanh hương chanh C2 360 mL/chai</p>\n\n<p><strong>Giới thiệu</strong></p>\n\n<p><span style=\"color:rgb(85, 84, 83); font-family:tahoma,geneva,sans-serif; font-size:12px\">Được chế biến 100% từ tr&agrave; xanh TH&Aacute;I NGUY&Ecirc;N tự nhi&ecirc;n, c&oacute; hương vị thanh tho&aacute;t, thơm ngon nhờ được chắt lọ từ những b&uacute;p tr&agrave; tươi non cho chất lượng tuyệt vời nhất. Tr&agrave; xanh C2 m&aacute;t lạnh v&agrave; thanh khiết, đem lại cảm gi&aacute;c sảng kho&aacute;i v&agrave; bỗ dưỡng cho cơ thể.</span></p>\n\n<p><strong>Th&agrave;nh phần:</strong><br />\n<span style=\"color:rgb(85, 84, 83); font-family:tahoma,geneva,sans-serif; font-size:12px\">Nước, l&aacute; tr&agrave; xanh (5g/l), đường tinh luyện, chất điều chỉnh độ axit (axit xitric (330), axit malic (296), trinatri xitrat (331iii)), hương chanh tổng hợp, chất chống oxy h&oacute;a: vitamin C (300).</span><br />\n<br />\n<strong>Th&agrave;nh phần dinh dưỡng 360ml:</strong><br />\n<span style=\"color:rgb(85, 84, 83); font-family:tahoma,geneva,sans-serif; font-size:12px\">Calories 110, Calories from fat 0, Sodium 55mg, Total carbohydrate 27g, Sugar 27g, Protein 0g</span><br />\n<br />\n<strong>C&aacute;ch sử dụng:</strong><br />\n<span style=\"color:rgb(85, 84, 83); font-family:tahoma,geneva,sans-serif; font-size:12px\">Ngon hơn khi d&ugrave;ng lạnh. Lắc đều trước khi d&ugrave;ng. Giữ lạnh sau khi mở nắp</span><br />\n<br />\n<strong>C&aacute;ch bảo quản:</strong><br />\n<span style=\"color:rgb(85, 84, 83); font-family:tahoma,geneva,sans-serif; font-size:12px\">Bảo quản nơi kh&ocirc; r&aacute;o v&agrave; tho&aacute;ng m&aacute;t. Tr&aacute;nh &aacute;nh nắng trực tiếp</span><br />\n<br />\n<strong>Sản xuất tại:</strong><br />\n<span style=\"color:rgb(85, 84, 83); font-family:tahoma,geneva,sans-serif; font-size:12px\">CTY TNHH URC Việt Nam.</span></p>\n\n<p style=\"text-align:center\"><img alt=\"\" src=\"http://upanh.biz/images/2014/10/29/20-16.jpg\" style=\"height:272px; width:630px\" /></p>\n','VN-VI',NULL),(3330,135,26,NULL,NULL,'',NULL,NULL),(3331,135,27,0,NULL,NULL,NULL,NULL),(3332,135,28,9999,NULL,NULL,NULL,NULL),(3333,135,29,NULL,28,NULL,NULL,NULL),(3334,135,21,NULL,NULL,NULL,NULL,''),(3335,135,22,NULL,NULL,'',NULL,NULL),(3336,135,23,NULL,NULL,'',NULL,NULL),(3337,135,1,NULL,NULL,NULL,'EN-US','24 Bottles x Green Tea with Lemon flavor C2 360 mL/bottle'),(3338,135,2,NULL,NULL,'<p style=\"text-align: center;\"><strong>1 package includes 24 bottles</strong> of Green Tea with Lemon flavor C2&nbsp;</p>\n\n<p><strong>Nutritions 360ml:</strong><br />\n<span style=\"color:rgb(85, 84, 83); font-family:tahoma,geneva,sans-serif; font-size:12px\">Calories 110, Calories from fat 0, Sodium 55mg, Total carbohydrate 27g, Sugar 27g, Protein 0g</span></p>\n\n<p><strong>Manufactured in:</strong><br />\n<span style=\"color:rgb(85, 84, 83); font-family:tahoma,geneva,sans-serif; font-size:12px\">URC Vietnam Co., Ltd.</span></p>\n\n<p><strong><span style=\"color:rgb(85, 84, 83); font-family:tahoma,geneva,sans-serif; font-size:12px\">Product of Vietnam</span></strong></p>\n\n<p style=\"text-align: center;\"><strong><span style=\"color:rgb(85, 84, 83); font-family:tahoma,geneva,sans-serif; font-size:12px\"><img alt=\"\" src=\"http://upanh.biz/images/2014/10/29/20-16.jpg\" style=\"height:295px; width:650px\" /></span></strong></p>\n','EN-US',NULL),(3339,135,1,NULL,NULL,NULL,'KO-KR','24 Bottles x Green Tea with Lemon flavor C2 360 mL/bottle'),(3340,135,2,NULL,NULL,'<p style=\"text-align:center\"><strong>1 package includes 24 bottles</strong>&nbsp;of Green Tea with Lemon flavor C2&nbsp;</p>\n\n<p><strong>Nutritions 360ml:</strong><br />\n<span style=\"color:rgb(85, 84, 83); font-family:tahoma,geneva,sans-serif; font-size:12px\">Calories 110, Calories from fat 0, Sodium 55mg, Total carbohydrate 27g, Sugar 27g, Protein 0g</span></p>\n\n<p><strong>Manufactured in:</strong><br />\n<span style=\"color:rgb(85, 84, 83); font-family:tahoma,geneva,sans-serif; font-size:12px\">URC Vietnam Co., Ltd.</span></p>\n\n<p><strong><span style=\"color:rgb(85, 84, 83); font-family:tahoma,geneva,sans-serif; font-size:12px\">Product of Vietnam</span></strong></p>\n','KO-KR',NULL),(3351,136,1,NULL,NULL,NULL,'VN-VI','Máy hút sữa điện Avent SCF312/01'),(3352,136,18,NULL,NULL,NULL,NULL,''),(3353,136,13,10,NULL,NULL,NULL,NULL),(3354,136,34,NULL,NULL,NULL,NULL,''),(3355,136,14,1,NULL,NULL,NULL,NULL),(3356,136,24,NULL,0,NULL,NULL,NULL),(3357,136,31,1,NULL,NULL,NULL,NULL),(3358,136,32,1,NULL,NULL,NULL,NULL),(3359,136,33,1,NULL,NULL,NULL,NULL),(3360,136,2,NULL,NULL,'<div><strong>M&aacute;y h&uacute;t sữa bằng điện Avent l&agrave; sản phẩm được nhiều b&agrave; mẹ ưa chuộng l&agrave; lựa chọn sử dụng. M&aacute;y h&uacute;t sữa điện Avent SCF312/01 đơn được thiết kế với một bộ nhớ điện tử c&oacute; thể lập lại thao t&aacute;c h&uacute;t sữa v&agrave; duy tr&igrave; nhịp độ h&uacute;t n&agrave;y.</strong></div>\n\n<div>&nbsp;</div>\n\n<div style=\"text-align: justify;\"><span style=\"font-size:18px\"><span style=\"font-family:times new roman,times,serif\"><strong>Đặc trưng sản phẩm m&aacute;y h&uacute;t sữa điện Avent</strong></span></span></div>\n\n<div style=\"text-align: justify;\"><span style=\"font-size:18px\"><span style=\"font-family:times new roman,times,serif\">Tiện lợi v&agrave; đơn giản.</span></span></div>\n\n<div style=\"text-align: justify;\"><span style=\"font-size:18px\"><span style=\"font-family:times new roman,times,serif\">M&aacute;y h&uacute;t sữa bằng điện Avent SCF312/01 PP</span></span></div>\n\n<div style=\"text-align: justify;\"><span style=\"font-size:18px\"><span style=\"font-family:times new roman,times,serif\">Đệm xoa b&oacute;p Tiết sữa m&ocirc; phỏng kiểu m&uacute;t của em b&eacute;.</span></span></div>\n\n<div style=\"text-align: justify;\"><span style=\"font-size:18px\"><span style=\"font-family:times new roman,times,serif\">Sử dụng s&aacute;ng chế độc quyền đệm xoa b&oacute;p tiết sữa nhẹ nh&agrave;ng co gi&atilde;n m&ocirc; phỏng theo kiểu m&uacute;t của em b&eacute; nhằm h&uacute;t được nhiều sữa hơn v&agrave; gần giống tự nhi&ecirc;n hơn.</span></span></div>\n\n<div style=\"text-align: justify;\"><span style=\"font-size:18px\"><span style=\"font-family:times new roman,times,serif\">V&ugrave;ng ch&acirc;n kh&ocirc;ng được kiểm so&aacute;t bởi lực đẩy nhẹ bắt chước theo kiểu m&uacute;t của em b&eacute; sẽ tạo được một d&ograve;ng sữa đều đặn.<br />\nGi&uacute;p bạn cho trẻ thưởng thức sữa mẹ l&acirc;u hơn nữa</span></span></div>\n\n<div style=\"text-align: justify;\"><span style=\"font-size:18px\"><span style=\"font-family:times new roman,times,serif\">Nhiều sữa hơn một c&aacute;ch tự nhi&ecirc;n.</span></span></div>\n\n<div style=\"text-align: justify;\"><span style=\"font-size:18px\"><span style=\"font-family:times new roman,times,serif\">Với việc d&ugrave;ng m&aacute;y h&uacute;t sữa đơn n&agrave;y, trẻ vẫn c&oacute; thể b&uacute; được sữa mẹ kể cả những l&uacute;c bạn kh&ocirc;ng c&oacute; ở b&ecirc;n cạnh để tự m&igrave;nh cho trẻ b&uacute;.</span></span></div>\n\n<div>\n<p style=\"text-align: justify;\"><span style=\"font-size:18px\"><span style=\"font-family:times new roman,times,serif\"><strong>T&iacute;nh năng vượt trội</strong></span></span></p>\n\n<p style=\"text-align: justify;\"><span style=\"font-size:18px\"><span style=\"font-family:times new roman,times,serif\">Bộ nhớ điện tử của m&aacute;y h&uacute;t sữa bằng điện avent c&oacute; thể lập lại v&agrave; duy tr&igrave; nhịp độ h&uacute;t của bạn chỉ bởi một n&uacute;t bấm tr&ecirc;n tay cầm.</span></span></p>\n\n<p style=\"text-align: justify;\"><span style=\"font-size:18px\"><span style=\"font-family:times new roman,times,serif\">C&ocirc;ng suất: 3-4 WH, 110-240V, 50-60HZ.</span></span></p>\n\n<p style=\"text-align: justify;\"><span style=\"font-size:18px\"><span style=\"font-family:times new roman,times,serif\">Bộ nhớ điện tử.</span></span></p>\n\n<p><span style=\"font-size:18px\"><span style=\"font-family:times new roman,times,serif\">Xuất xứ ở Anh.</span></span></p>\n\n<p><span style=\"font-size:18px\"><span style=\"font-family:times new roman,times,serif\">Bảo h&agrave;nh 02 năm.</span></span></p>\n</div>\n','VN-VI',NULL),(3361,136,26,NULL,NULL,'',NULL,NULL),(3362,136,27,0,NULL,NULL,NULL,NULL),(3363,136,28,0,NULL,NULL,NULL,NULL),(3364,136,29,NULL,0,NULL,NULL,NULL),(3365,136,21,NULL,NULL,NULL,NULL,''),(3366,136,22,NULL,NULL,'',NULL,NULL),(3367,136,23,NULL,NULL,'',NULL,NULL),(3368,136,1,NULL,NULL,NULL,'EN-US','Máy hút sữa điện Avent SCF312/01'),(3369,136,2,NULL,NULL,'<p><strong>M&aacute;y h&uacute;t sữa bằng điện Avent l&agrave; sản phẩm được nhiều b&agrave; mẹ ưa chuộng l&agrave; lựa chọn sử dụng. M&aacute;y h&uacute;t sữa điện Avent SCF312/01 đơn được thiết kế với một bộ nhớ điện tử c&oacute; thể lập lại thao t&aacute;c h&uacute;t sữa v&agrave; duy tr&igrave; nhịp độ h&uacute;t n&agrave;y.</strong></p>\n\n<p><strong>Đặc trưng sản phẩm m&aacute;y h&uacute;t sữa điện Avent</strong></p>\n\n<p>Tiện lợi v&agrave; đơn giản.</p>\n\n<p>M&aacute;y h&uacute;t sữa bằng điện Avent SCF312/01 PP</p>\n\n<p>Đệm xoa b&oacute;p Tiết sữa m&ocirc; phỏng kiểu m&uacute;t của em b&eacute;.</p>\n\n<p>Sử dụng s&aacute;ng chế độc quyền đệm xoa b&oacute;p tiết sữa nhẹ nh&agrave;ng co gi&atilde;n m&ocirc; phỏng theo kiểu m&uacute;t của em b&eacute; nhằm h&uacute;t được nhiều sữa hơn v&agrave; gần giống tự nhi&ecirc;n hơn.</p>\n\n<p>V&ugrave;ng ch&acirc;n kh&ocirc;ng được kiểm so&aacute;t bởi lực đẩy nhẹ bắt chước theo kiểu m&uacute;t của em b&eacute; sẽ tạo được một d&ograve;ng sữa đều đặn.<br />\nGi&uacute;p bạn cho trẻ thưởng thức sữa mẹ l&acirc;u hơn nữa</p>\n\n<p>Nhiều sữa hơn một c&aacute;ch tự nhi&ecirc;n.</p>\n\n<p>Với việc d&ugrave;ng m&aacute;y h&uacute;t sữa đơn n&agrave;y, trẻ vẫn c&oacute; thể b&uacute; được sữa mẹ kể cả những l&uacute;c bạn kh&ocirc;ng c&oacute; ở b&ecirc;n cạnh để tự m&igrave;nh cho trẻ b&uacute;.</p>\n\n<p><strong>T&iacute;nh năng vượt trội</strong></p>\n\n<p>Bộ nhớ điện tử của m&aacute;y h&uacute;t sữa bằng điện avent c&oacute; thể lập lại v&agrave; duy tr&igrave; nhịp độ h&uacute;t của bạn chỉ bởi một n&uacute;t bấm tr&ecirc;n tay cầm.</p>\n\n<p>C&ocirc;ng suất: 3-4 WH, 110-240V, 50-60HZ.</p>\n\n<p>Bộ nhớ điện tử.</p>\n\n<p>Xuất xứ ở Anh.</p>\n\n<p>Bảo h&agrave;nh 02 năm.</p>\n','EN-US',NULL),(3370,136,1,NULL,NULL,NULL,'KO-KR','Máy hút sữa điện Avent SCF312/01'),(3371,136,2,NULL,NULL,'<p><strong>M&aacute;y h&uacute;t sữa bằng điện Avent l&agrave; sản phẩm được nhiều b&agrave; mẹ ưa chuộng l&agrave; lựa chọn sử dụng. M&aacute;y h&uacute;t sữa điện Avent SCF312/01 đơn được thiết kế với một bộ nhớ điện tử c&oacute; thể lập lại thao t&aacute;c h&uacute;t sữa v&agrave; duy tr&igrave; nhịp độ h&uacute;t n&agrave;y.</strong></p>\n\n<p><strong>Đặc trưng sản phẩm m&aacute;y h&uacute;t sữa điện Avent</strong></p>\n\n<p>Tiện lợi v&agrave; đơn giản.</p>\n\n<p>M&aacute;y h&uacute;t sữa bằng điện Avent SCF312/01 PP</p>\n\n<p>Đệm xoa b&oacute;p Tiết sữa m&ocirc; phỏng kiểu m&uacute;t của em b&eacute;.</p>\n\n<p>Sử dụng s&aacute;ng chế độc quyền đệm xoa b&oacute;p tiết sữa nhẹ nh&agrave;ng co gi&atilde;n m&ocirc; phỏng theo kiểu m&uacute;t của em b&eacute; nhằm h&uacute;t được nhiều sữa hơn v&agrave; gần giống tự nhi&ecirc;n hơn.</p>\n\n<p>V&ugrave;ng ch&acirc;n kh&ocirc;ng được kiểm so&aacute;t bởi lực đẩy nhẹ bắt chước theo kiểu m&uacute;t của em b&eacute; sẽ tạo được một d&ograve;ng sữa đều đặn.<br />\nGi&uacute;p bạn cho trẻ thưởng thức sữa mẹ l&acirc;u hơn nữa</p>\n\n<p>Nhiều sữa hơn một c&aacute;ch tự nhi&ecirc;n.</p>\n\n<p>Với việc d&ugrave;ng m&aacute;y h&uacute;t sữa đơn n&agrave;y, trẻ vẫn c&oacute; thể b&uacute; được sữa mẹ kể cả những l&uacute;c bạn kh&ocirc;ng c&oacute; ở b&ecirc;n cạnh để tự m&igrave;nh cho trẻ b&uacute;.</p>\n\n<p><strong>T&iacute;nh năng vượt trội</strong></p>\n\n<p>Bộ nhớ điện tử của m&aacute;y h&uacute;t sữa bằng điện avent c&oacute; thể lập lại v&agrave; duy tr&igrave; nhịp độ h&uacute;t của bạn chỉ bởi một n&uacute;t bấm tr&ecirc;n tay cầm.</p>\n\n<p>C&ocirc;ng suất: 3-4 WH, 110-240V, 50-60HZ.</p>\n\n<p>Bộ nhớ điện tử.</p>\n\n<p>Xuất xứ ở Anh.</p>\n\n<p>Bảo h&agrave;nh 02 năm.</p>\n','KO-KR',NULL),(3372,137,1,NULL,NULL,NULL,'VN-VI','Sữa tắm tinh chất Dê - Ngọc Trai - Thebol Professional'),(3373,137,18,NULL,NULL,NULL,NULL,''),(3374,137,13,10,NULL,NULL,NULL,NULL),(3375,137,34,NULL,NULL,NULL,NULL,'Thebol Professional'),(3376,137,14,0.7,NULL,NULL,NULL,NULL),(3377,137,24,NULL,26,NULL,NULL,NULL),(3378,137,31,1,NULL,NULL,NULL,NULL),(3379,137,32,1,NULL,NULL,NULL,NULL),(3380,137,33,1,NULL,NULL,NULL,NULL),(3381,138,1,NULL,NULL,NULL,'VN-VI','Sữa tắm tinh chất Dê - Ngọc Trai - Thebol Professional'),(3382,138,18,NULL,NULL,NULL,NULL,''),(3383,138,13,10,NULL,NULL,NULL,NULL),(3384,138,34,NULL,NULL,NULL,NULL,'Thebol Professional'),(3385,138,14,0.7,NULL,NULL,NULL,NULL),(3386,138,24,NULL,26,NULL,NULL,NULL),(3387,138,31,1,NULL,NULL,NULL,NULL),(3388,138,32,1,NULL,NULL,NULL,NULL),(3389,138,33,1,NULL,NULL,NULL,NULL),(3390,139,1,NULL,NULL,NULL,'VN-VI','Sữa tắm tinh chất Dê - Ngọc Trai - Thebol Professional'),(3391,139,18,NULL,NULL,NULL,NULL,''),(3392,139,13,10,NULL,NULL,NULL,NULL),(3393,139,34,NULL,NULL,NULL,NULL,'Thebol Professional'),(3394,139,14,0.7,NULL,NULL,NULL,NULL),(3395,139,24,NULL,26,NULL,NULL,NULL),(3396,139,31,1,NULL,NULL,NULL,NULL),(3397,139,32,1,NULL,NULL,NULL,NULL),(3398,139,33,1,NULL,NULL,NULL,NULL),(3399,140,1,NULL,NULL,NULL,'VN-VI','Sữa tắm tinh chất Dê - Ngọc Trai - Thebol Professional'),(3400,140,18,NULL,NULL,NULL,NULL,''),(3401,140,13,10,NULL,NULL,NULL,NULL),(3402,140,34,NULL,NULL,NULL,NULL,'Thebol Professional'),(3403,140,14,0.7,NULL,NULL,NULL,NULL),(3404,140,24,NULL,26,NULL,NULL,NULL),(3405,140,31,1,NULL,NULL,NULL,NULL),(3406,140,32,1,NULL,NULL,NULL,NULL),(3407,140,33,1,NULL,NULL,NULL,NULL),(3408,141,1,NULL,NULL,NULL,'VN-VI','Sữa tắm tinh chất Dê - Ngọc Trai - Thebol Professional'),(3409,141,18,NULL,NULL,NULL,NULL,''),(3410,141,13,10,NULL,NULL,NULL,NULL),(3411,141,34,NULL,NULL,NULL,NULL,'Thebol Professional'),(3412,141,14,0.7,NULL,NULL,NULL,NULL),(3413,141,24,NULL,26,NULL,NULL,NULL),(3414,141,31,1,NULL,NULL,NULL,NULL),(3415,141,32,1,NULL,NULL,NULL,NULL),(3416,141,33,1,NULL,NULL,NULL,NULL),(3417,141,2,NULL,NULL,'<p><strong>Chi tiết sản phẩm d&ograve;ng sản phẩm&nbsp;Thebol Professional - Sữa tắm tinh chất sữa d&ecirc; - ngọc trai - Sfriendly</strong></p>\n\n<p><span style=\"color:rgb(89, 88, 88); font-family:arial; font-size:12px\">Sữa tắm trắng đẹp tinh chất sữa d&ecirc; với c&ocirc;ng thức Pro đặc biệt bổ sung: Tinh chất Sữa D&ecirc; v&agrave; bột Ngọc Trai, chiết xuất Cam Thảo, Vitamin C-B3-E nu&ocirc;i dưỡng bảo vệ da, x&oacute;a tan hắc tố đen, l&agrave;m sạch tế b&agrave;o chết c&ugrave;ng với hợp chất c&acirc;n bằng độ ẩm da, gi&uacute;p t&aacute;i sinh tế b&agrave;o da mới s&aacute;ng đẹp mịn m&agrave;ng. Hương nước hoa tinh tế gợi cảm</span><br />\n<br />\n<span style=\"color:rgb(89, 88, 88); font-family:arial; font-size:12px\">Sữa tắm Thebol Em Tắm Anh Y&ecirc;u</span><br />\n<strong>C&aacute;ch d&ugrave;ng:</strong><br />\n<span style=\"color:rgb(89, 88, 88); font-family:arial; font-size:12px\">L&agrave;m ướt người, cho sữa tắm v&agrave;o l&ograve;ng b&agrave;n tay hoặc b&ocirc;ng tắm tạo bọt v&agrave; thoa đều l&ecirc;n da, massage nhẹ nh&agrave;ng cho dưỡng chất thấm đều l&ecirc;n da, rồi xả sạch với nước</span><br />\n<br />\n<strong>C&ocirc;ng dụng:</strong><br />\n<span style=\"color:rgb(89, 88, 88); font-family:arial; font-size:12px\">L&agrave;m sạch cơ thể, c&acirc;n bằng độ ẩm, l&agrave;m mềm mịn da</span><br />\n<br />\n<strong>Th&agrave;nh phần:</strong><br />\n<span style=\"color:rgb(89, 88, 88); font-family:arial; font-size:12px\">Water, Sodium Laureth Sulfate, Sodium Chloride, Fragrance, Glycerin, Cocamidopropyl Betaine, Caprae Lac (Goat Milk), Pearl Powder, Glycynhiza Glabra Root Extract (Licorice Extract), Tocopheryl Acetate (Vitamin E), Ascorbyl Palmitate (Vitamin C), Nicotinamide (Vitamin B3), DmDm Hydantoin, Sodium Dodecylbenzensulfonate, Glycol Stearate, Sodium Salicylate, Xanthan Gum, Guar Hydroxypropyltrimonium Chloride, Sodium Benzoate, Sodium Citrate, Sodium Lactate, Disodium Edta</span><br />\n<br />\n<strong>Bảo quản:</strong><br />\n<span style=\"color:rgb(89, 88, 88); font-family:arial; font-size:12px\">Để nơi kh&ocirc; r&aacute;o, tho&aacute;ng m&aacute;t</span><br />\n<span style=\"color:rgb(89, 88, 88); font-family:arial; font-size:12px\">Tr&aacute;nh &aacute;nh nắng trực tiếp</span><br />\n<br />\n<strong>Chỉ ti&ecirc;u k&iacute;ch ứng da:</strong><br />\n<span style=\"color:rgb(89, 88, 88); font-family:arial; font-size:12px\">Kh&ocirc;ng qu&aacute; mức k&iacute;ch ứng da nhẹ (kh&ocirc;ng sử dụng cho trẻ em dưới 3 tuổi)</span><br />\n<br />\n<strong>Ng&agrave;y sản xuất v&agrave; hạn sử dụng:</strong><br />\n<span style=\"color:rgb(89, 88, 88); font-family:arial; font-size:12px\">In tr&ecirc;n bao b&igrave; sản phẩm</span><br />\n<br />\n<strong>Hạn sử dụng:</strong><br />\n<span style=\"color:rgb(89, 88, 88); font-family:arial; font-size:12px\">3 năm kể từ ng&agrave;y sản xuất</span><br />\n<br />\n<strong>Sản phẩm của:</strong><br />\n<span style=\"color:rgb(89, 88, 88); font-family:arial; font-size:12px\">C&ocirc;ng ty TNHH SX &amp; TM Tổng Hợp Việt My</span></p>\n','VN-VI',NULL),(3418,141,26,NULL,NULL,'',NULL,NULL),(3419,141,27,3,NULL,NULL,NULL,NULL),(3420,141,28,9999,NULL,NULL,NULL,NULL),(3421,141,29,NULL,28,NULL,NULL,NULL),(3422,141,21,NULL,NULL,NULL,NULL,''),(3423,141,22,NULL,NULL,'',NULL,NULL),(3424,141,23,NULL,NULL,'',NULL,NULL),(3425,141,1,NULL,NULL,NULL,'EN-US','Shower cream Goat Milk - Pearl - Thebol Professional'),(3426,141,2,NULL,NULL,'<p><strong>Intended use:</strong><span style=\"font-family:arial,helvetica,sans-serif; font-size:14px\">&nbsp;Cleansing body, provides skin moisturization, smoothing, (Pro Formula, harmonious combination of natural nutrients from: Goat&#39;s Milk, Pearl, Licoricc extract, Vitamin E-C...care to protect the skin becomes smooth cute white, Scented flowers with lovely noble feel.)</span><br />\n<strong>How to use:&nbsp;</strong><span style=\"font-family:arial,helvetica,sans-serif; font-size:14px\">With your body been wetted, pour milk, pour milk shower cream on hands or absorbent cotton for creating foam and gently rub on your skin to allow the nutritional substances to penetrate into the skin, rinse thoroughly with water.</span><br />\n<strong>Ingrendients:&nbsp;</strong><span style=\"font-family:arial,helvetica,sans-serif; font-size:14px\">Aqua, &nbsp;Lauryl Glucoside, Glycerin, Sodium Chloride, Sodium Laureth Sulfate, Cocamidopropyl Betaine, Fragrance, Glycol Distearate, Sodium Lauryl Sulfate, Sodium Benzoate, Xanthan Gum, Allantoin, Lactic Acid, Caprae, Disodium Edta, Glycyrrhiza Glabra Root Extract, Tocopheryl Acetate, Ascorbic Acid, Pearl Powder.</span><br />\n<strong>Storage Conditions:&nbsp;</strong><span style=\"font-family:arial,helvetica,sans-serif; font-size:14px\">Store in dry, cool place. Protected from sunlight.</span><br />\n<strong>Skin irritation:&nbsp;</strong><span style=\"font-family:arial,helvetica,sans-serif; font-size:14px\">Just slight skin irritation. (Not to be used for children under three years of age).</span></p>\n','EN-US',NULL),(3427,141,1,NULL,NULL,NULL,'KO-KR','Shower cream Goat Milk - Pearl - Thebol Professional'),(3428,141,2,NULL,NULL,'<p><strong>Intended use:</strong><span style=\"font-family:arial,helvetica,sans-serif; font-size:14px\">&nbsp;Cleansing body, provides skin moisturization, smoothing, (Pro Formula, harmonious combination of natural nutrients from: Goat&#39;s Milk, Pearl, Licoricc extract, Vitamin E-C...care to protect the skin becomes smooth cute white, Scented flowers with lovely noble feel.)</span><br />\n<strong>How to use:&nbsp;</strong><span style=\"font-family:arial,helvetica,sans-serif; font-size:14px\">With your body been wetted, pour milk, pour milk shower cream on hands or absorbent cotton for creating foam and gently rub on your skin to allow the nutritional substances to penetrate into the skin, rinse thoroughly with water.</span><br />\n<strong>Ingrendients:&nbsp;</strong><span style=\"font-family:arial,helvetica,sans-serif; font-size:14px\">Aqua, &nbsp;Lauryl Glucoside, Glycerin, Sodium Chloride, Sodium Laureth Sulfate, Cocamidopropyl Betaine, Fragrance, Glycol Distearate, Sodium Lauryl Sulfate, Sodium Benzoate, Xanthan Gum, Allantoin, Lactic Acid, Caprae, Disodium Edta, Glycyrrhiza Glabra Root Extract, Tocopheryl Acetate, Ascorbic Acid, Pearl Powder.</span><br />\n<strong>Storage Conditions:&nbsp;</strong><span style=\"font-family:arial,helvetica,sans-serif; font-size:14px\">Store in dry, cool place. Protected from sunlight.</span><br />\n<strong>Skin irritation:&nbsp;</strong><span style=\"font-family:arial,helvetica,sans-serif; font-size:14px\">Just slight skin irritation. (Not to be used for children under three years of age).</span></p>\n','KO-KR',NULL),(3429,142,1,NULL,NULL,NULL,'VN-VI','IQ Toys HTP001'),(3430,142,18,NULL,NULL,NULL,NULL,''),(3431,142,13,10,NULL,NULL,NULL,NULL),(3432,142,34,NULL,NULL,NULL,NULL,''),(3433,142,14,1,NULL,NULL,NULL,NULL),(3434,142,24,NULL,0,NULL,NULL,NULL),(3435,142,31,1,NULL,NULL,NULL,NULL),(3436,142,32,1,NULL,NULL,NULL,NULL),(3437,142,33,1,NULL,NULL,NULL,NULL),(3438,142,1,NULL,NULL,NULL,'EN-US','IQ Toys HTP001'),(3439,142,2,NULL,NULL,'','EN-US',NULL),(3440,142,26,NULL,NULL,'',NULL,NULL),(3441,142,27,0,NULL,NULL,NULL,NULL),(3442,142,28,0,NULL,NULL,NULL,NULL),(3443,142,29,NULL,28,NULL,NULL,NULL),(3444,142,21,NULL,NULL,NULL,NULL,''),(3445,142,22,NULL,NULL,'',NULL,NULL),(3446,142,23,NULL,NULL,'',NULL,NULL),(3447,142,1,NULL,NULL,NULL,'KO-KR','IQ Toys HTP001'),(3448,142,2,NULL,NULL,'','KO-KR',NULL),(3449,143,1,NULL,NULL,NULL,'VN-VI','Bugaboo Donkey Base Stroller - Sand'),(3450,143,18,NULL,NULL,NULL,NULL,''),(3451,143,13,10,NULL,NULL,NULL,NULL),(3452,143,34,NULL,NULL,NULL,NULL,''),(3453,143,14,1,NULL,NULL,NULL,NULL),(3454,143,24,NULL,0,NULL,NULL,NULL),(3455,143,31,1,NULL,NULL,NULL,NULL),(3456,143,32,1,NULL,NULL,NULL,NULL),(3457,143,33,1,NULL,NULL,NULL,NULL),(3458,143,1,NULL,NULL,NULL,'EN-US','Bugaboo Donkey Base Stroller - Sand'),(3459,143,2,NULL,NULL,'','EN-US',NULL),(3460,143,26,NULL,NULL,'',NULL,NULL),(3461,143,27,0,NULL,NULL,NULL,NULL),(3462,143,28,0,NULL,NULL,NULL,NULL),(3463,143,29,NULL,0,NULL,NULL,NULL),(3464,143,21,NULL,NULL,NULL,NULL,''),(3465,143,22,NULL,NULL,'',NULL,NULL),(3466,143,23,NULL,NULL,'',NULL,NULL),(3467,143,2,NULL,NULL,'','VN-VI',NULL),(3468,143,1,NULL,NULL,NULL,'KO-KR','Bugaboo Donkey Base Stroller - Sand'),(3469,143,2,NULL,NULL,'','KO-KR',NULL),(3470,144,1,NULL,NULL,NULL,'VN-VI','Sữa tắm tinh chất hoa hồng- Thebol Professional'),(3471,144,18,NULL,NULL,NULL,NULL,''),(3472,144,13,10,NULL,NULL,NULL,NULL),(3473,144,34,NULL,NULL,NULL,NULL,'Thebol Professional'),(3474,144,14,0.7,NULL,NULL,NULL,NULL),(3475,144,24,NULL,26,NULL,NULL,NULL),(3476,144,31,1,NULL,NULL,NULL,NULL),(3477,144,32,1,NULL,NULL,NULL,NULL),(3478,144,33,1,NULL,NULL,NULL,NULL),(3479,144,2,NULL,NULL,'<p><strong>Chi tiết sản phẩm Sữa tắm tinh chất hoa hồng&nbsp;- D&ograve;ng sản phẩm&nbsp;Thebol Professional -&nbsp;Sfriendly</strong></p>\n\n<p><span style=\"color:rgb(89, 88, 88); font-family:arial; font-size:12px\">Sữa tắm trắng đẹp tinh chất hoa hồng với c&ocirc;ng thức Pro phối hợp h&agrave;i h&ograve;a dưỡng chất từ thi&ecirc;n nhi&ecirc;n tinh chất hoa hồnng, Chiết xuất cam thảo, c&aacute;c Vitamin C - B3 &ndash; E nu&ocirc;i dưỡng bảo vệ da, x&oacute;a tan hắc tố đen, l&agrave;m sạch tế b&agrave;o chết c&ugrave;ng với hỗn hợp chất c&acirc;n bằng độ ẩm da, gi&uacute;p t&aacute;i sinh tế b&agrave;o da mới s&aacute;ng đẹp mịn m&agrave;ng. Hương nước hoa qu&yacute; ph&aacute;i tinh khiết.</span><br />\n<br />\n<strong>Th&agrave;nh phần:</strong><br />\n<span style=\"color:rgb(89, 88, 88); font-family:arial; font-size:12px\">Water, Sodium Laureth Sulfate, Sodium Chloride, Fragrance, Glycerin, Cocamidopropyl Betaine, Rose Extract, Glycyrrhiza Glabra Root Extract (Licorice Extract), Tocopheryl Acetate (Vitamin E), Ascorbyl Palmitate (Vitamin C), Nicotinamide (Vitamin B3), DMDM Hydantoin, Sodium Dodecylbenzensulfonatre, Glycol Stearate, Sodium Salicylate, Xanthan Gum, Guar Hydroxypropyltrimonium Chloride, Sodium Benzoate, Sodium Citrate, Sodium Lactate, Allantoin, Disodium Edta.</span><br />\n<br />\n<strong>C&aacute;ch d&ugrave;ng:</strong><br />\n<span style=\"color:rgb(89, 88, 88); font-family:arial; font-size:12px\">L&agrave;m ướt người, cho sữa tắm v&agrave;o l&ograve;ng b&agrave;n tay hoặc b&ocirc;ng tắm tạo bọt v&agrave; thoa đều l&ecirc;n da, massage nhẹ nh&agrave;ng cho dưỡng chất thấm đều l&ecirc;n da, rồi xả sạch với nước.</span><br />\n<br />\n<strong>C&ocirc;ng dụng:</strong><br />\n<span style=\"color:rgb(89, 88, 88); font-family:arial; font-size:12px\">L&agrave;m sạch cơ thể, c&acirc;n bằng độ ẩm, l&agrave;m mềm mịn da&hellip;</span><br />\n<br />\n<strong>Bảo quản:</strong><br />\n<span style=\"color:rgb(89, 88, 88); font-family:arial; font-size:12px\">Để nơi kh&ocirc; r&aacute;o, tho&aacute;ng m&aacute;t.</span><br />\n<span style=\"color:rgb(89, 88, 88); font-family:arial; font-size:12px\">Tr&aacute;nh &aacute;nh nắng trực tiếp.</span><br />\n<br />\n<strong>Chỉ ti&ecirc;u k&iacute;ch ứng da:</strong><br />\n<span style=\"color:rgb(89, 88, 88); font-family:arial; font-size:12px\">Kh&ocirc;ng qu&aacute; mức k&iacute;ch ứng da nhẹ.</span><br />\n<span style=\"color:rgb(89, 88, 88); font-family:arial; font-size:12px\">(kh&ocirc;ng sử dụng cho trẻ em dưới 3 năm tuổi)</span><br />\n<br />\n<strong>Sản phẩm của:</strong><br />\n<span style=\"color:rgb(89, 88, 88); font-family:arial; font-size:12px\">C&ocirc;ng ty TNHH SX &amp; TM Tổng Hợp Việt My.</span><br />\n<br />\n<strong>Ng&agrave;y sản xuất v&agrave; hạn sử dụng:</strong><br />\n<span style=\"color:rgb(89, 88, 88); font-family:arial; font-size:12px\">In tr&ecirc;n bao b&igrave; sản phẩm.</span><br />\n<br />\n<strong>Hạn sử dụng:</strong><br />\n<span style=\"color:rgb(89, 88, 88); font-family:arial; font-size:12px\">3 năm kể từ ng&agrave;y sản xuất.</span></p>\n','VN-VI',NULL),(3480,144,26,NULL,NULL,'',NULL,NULL),(3481,144,27,3,NULL,NULL,NULL,NULL),(3482,144,28,9999,NULL,NULL,NULL,NULL),(3483,144,29,NULL,28,NULL,NULL,NULL),(3484,144,21,NULL,NULL,NULL,NULL,''),(3485,144,22,NULL,NULL,'',NULL,NULL),(3486,144,23,NULL,NULL,'',NULL,NULL),(3487,144,1,NULL,NULL,NULL,'EN-US','Shower cream rose extract - Thebol Professional'),(3488,144,2,NULL,NULL,'<p><strong><span style=\"color:#FFFFFF\"><span style=\"background-color:#800080\">Intended use:</span></span>&nbsp;</strong><span style=\"font-family:arial,helvetica,sans-serif; font-size:14px\">Cleansing body, provides skin moisturization, smoothing. (Pro &nbsp;Formula &nbsp;with massage beads, harmonious combination of natural nutrients from: Rose - Licorice extracts, Vitamin E - C...to remove dead skin cells, care to protect the skin becomes smooth cute white. Scented flowers with pure noble feel.)</span><br />\n<span style=\"color:#FFFFFF\"><strong><span style=\"background-color:#800080\">How to use:&nbsp;</span></strong></span><span style=\"font-family:arial,helvetica,sans-serif; font-size:14px\">With your body been wetted, pour milk, pour milk shower cream on hands or absorbent cotton for creating foam and gently rub on your skin to allow the nutritional substances to penetrate into the skin, rinse thoroughly with water.</span><br />\n<strong><span style=\"color:#FFFFFF\"><span style=\"background-color:#800080\">Ingrendients:</span></span>&nbsp;</strong><span style=\"font-family:arial,helvetica,sans-serif; font-size:14px\">Aqua, Lauryl Glucoside, Glycerin, Sodium Chloride, Sodium Laureth Sulfate, Luffa Cylindrica, Fruit Powder, Cocamidopropyl Betaine, Fragrance, Glycol Distearate, Sodium Lauryl, Sulfate, Sodium Benzoate, Xanhthan Gum, Allantoin, Lactic Acid, Disodium Edta, Glycyrrhiza Glabra Root Extract, Tocopheryl Acetale, Ascorbic Acid, Rosa Centifolia Flower Water.</span><br />\n<strong><span style=\"color:#FFFFFF\"><span style=\"background-color:#800080\">Storage Conditions:</span></span>&nbsp;</strong><span style=\"font-family:arial,helvetica,sans-serif; font-size:14px\">Store in dry, cool place. Protected from sunlight.</span><br />\n<span style=\"color:#FFFFFF\"><strong><span style=\"background-color:#800080\">Skin irritation:</span></strong></span><span style=\"font-family:arial,helvetica,sans-serif; font-size:14px\">&nbsp;Just slight skin irritation. (Not to be used for children under three years of age).</span></p>\n','EN-US',NULL),(3489,144,1,NULL,NULL,NULL,'KO-KR','Shower cream rose extract - Thebol Professional'),(3490,144,2,NULL,NULL,'<p><strong><span style=\"color:rgb(255, 255, 255)\"><span style=\"background-color:rgb(128, 0, 128)\">Intended use:</span></span>&nbsp;</strong><span style=\"font-family:arial,helvetica,sans-serif; font-size:14px\">Cleansing body, provides skin moisturization, smoothing. (Pro &nbsp;Formula &nbsp;with massage beads, harmonious combination of natural nutrients from: Rose - Licorice extracts, Vitamin E - C...to remove dead skin cells, care to protect the skin becomes smooth cute white. Scented flowers with pure noble feel.)</span><br />\n<span style=\"color:rgb(255, 255, 255)\"><strong><span style=\"background-color:rgb(128, 0, 128)\">How to use:&nbsp;</span></strong></span><span style=\"font-family:arial,helvetica,sans-serif; font-size:14px\">With your body been wetted, pour milk, pour milk shower cream on hands or absorbent cotton for creating foam and gently rub on your skin to allow the nutritional substances to penetrate into the skin, rinse thoroughly with water.</span><br />\n<strong><span style=\"color:rgb(255, 255, 255)\"><span style=\"background-color:rgb(128, 0, 128)\">Ingrendients:</span></span>&nbsp;</strong><span style=\"font-family:arial,helvetica,sans-serif; font-size:14px\">Aqua, Lauryl Glucoside, Glycerin, Sodium Chloride, Sodium Laureth Sulfate, Luffa Cylindrica, Fruit Powder, Cocamidopropyl Betaine, Fragrance, Glycol Distearate, Sodium Lauryl, Sulfate, Sodium Benzoate, Xanhthan Gum, Allantoin, Lactic Acid, Disodium Edta, Glycyrrhiza Glabra Root Extract, Tocopheryl Acetale, Ascorbic Acid, Rosa Centifolia Flower Water.</span><br />\n<strong><span style=\"color:rgb(255, 255, 255)\"><span style=\"background-color:rgb(128, 0, 128)\">Storage Conditions:</span></span>&nbsp;</strong><span style=\"font-family:arial,helvetica,sans-serif; font-size:14px\">Store in dry, cool place. Protected from sunlight.</span><br />\n<span style=\"color:rgb(255, 255, 255)\"><strong><span style=\"background-color:rgb(128, 0, 128)\">Skin irritation:</span></strong></span><span style=\"font-family:arial,helvetica,sans-serif; font-size:14px\">&nbsp;Just slight skin irritation. (Not to be used for children under three years of age).</span></p>\n','KO-KR',NULL),(3501,145,1,NULL,NULL,NULL,'VN-VI','Xếp chồng Fisher-Price Brilliant Basics Rock-a-Stack'),(3502,145,18,NULL,NULL,NULL,NULL,''),(3503,145,13,10,NULL,NULL,NULL,NULL),(3504,145,34,NULL,NULL,NULL,NULL,''),(3505,145,14,1,NULL,NULL,NULL,NULL),(3506,145,24,NULL,0,NULL,NULL,NULL),(3507,145,31,1,NULL,NULL,NULL,NULL),(3508,145,32,1,NULL,NULL,NULL,NULL),(3509,145,33,1,NULL,NULL,NULL,NULL),(3510,145,2,NULL,NULL,'','VN-VI',NULL),(3511,145,26,NULL,NULL,'',NULL,NULL),(3512,145,27,0,NULL,NULL,NULL,NULL),(3513,145,28,0,NULL,NULL,NULL,NULL),(3514,145,29,NULL,0,NULL,NULL,NULL),(3515,145,21,NULL,NULL,NULL,NULL,''),(3516,145,22,NULL,NULL,'',NULL,NULL),(3517,145,23,NULL,NULL,'',NULL,NULL),(3518,145,1,NULL,NULL,NULL,'EN-US','Fisher-Price Brilliant Basics Rock-a-Stack'),(3519,145,2,NULL,NULL,'','EN-US',NULL),(3520,145,1,NULL,NULL,NULL,'KO-KR','Fisher-Price Brilliant Basics Rock-a-Stack'),(3521,145,2,NULL,NULL,'','KO-KR',NULL),(3522,146,1,NULL,NULL,NULL,'VN-VI','Bộ đường đua Fisher-Price Wheelies Loops \'n Swoops Amusement Park'),(3523,146,18,NULL,NULL,NULL,NULL,''),(3524,146,13,10,NULL,NULL,NULL,NULL),(3525,146,34,NULL,NULL,NULL,NULL,''),(3526,146,14,1,NULL,NULL,NULL,NULL),(3527,146,24,NULL,0,NULL,NULL,NULL),(3528,146,31,1,NULL,NULL,NULL,NULL),(3529,146,32,1,NULL,NULL,NULL,NULL),(3530,146,33,1,NULL,NULL,NULL,NULL),(3531,146,1,NULL,NULL,NULL,'EN-US','Fisher-Price Wheelies Loops \'n Swoops Amusement Park'),(3532,146,2,NULL,NULL,'','EN-US',NULL),(3533,146,26,NULL,NULL,'',NULL,NULL),(3534,146,27,0,NULL,NULL,NULL,NULL),(3535,146,28,0,NULL,NULL,NULL,NULL),(3536,146,29,NULL,0,NULL,NULL,NULL),(3537,146,21,NULL,NULL,NULL,NULL,''),(3538,146,22,NULL,NULL,'',NULL,NULL),(3539,146,23,NULL,NULL,'',NULL,NULL),(3540,146,2,NULL,NULL,'','VN-VI',NULL),(3541,146,1,NULL,NULL,NULL,'KO-KR','Fisher-Price Wheelies Loops \'n Swoops Amusement Park'),(3542,146,2,NULL,NULL,'','KO-KR',NULL),(3543,147,1,NULL,NULL,NULL,'VN-VI','Dầu gội đầu - X-men for Boss - Đỏ - 380g'),(3544,147,18,NULL,NULL,NULL,NULL,''),(3545,147,13,10,NULL,NULL,NULL,NULL),(3546,147,34,NULL,NULL,NULL,NULL,'X-men'),(3547,147,14,0.38,NULL,NULL,NULL,NULL),(3548,147,24,NULL,26,NULL,NULL,NULL),(3549,147,31,1,NULL,NULL,NULL,NULL),(3550,147,32,1,NULL,NULL,NULL,NULL),(3551,147,33,1,NULL,NULL,NULL,NULL),(3552,147,2,NULL,NULL,'<p><strong><span style=\"font-size:10.5pt\">Dầu gội nước hoa nam cao cấp X-men For Boss 180g</span></strong></p>\n\n<p><em><span style=\"font-size:10.5pt\">Xuất xứ:</span></em><samp><span style=\"font-family:times new roman,serif; font-size:10.5pt\">&nbsp;Việt Nam</span></samp></p>\n\n<p><em><span style=\"font-size:10.5pt\">Sản xuất:</span></em><samp><span style=\"font-family:times new roman,serif; font-size:10.5pt\">&nbsp;X-men</span></samp></p>\n\n<p><samp><span style=\"font-family:times new roman,serif; font-size:10.5pt\">Nổi bật với hương nước hoa độc đ&aacute;o v&agrave; qu&yacute; ph&aacute;i, dầu gội &nbsp;</span></samp><strong><span style=\"font-size:10.5pt\">X-Men for Boss&nbsp;</span></strong><samp><span style=\"font-family:times new roman,serif; font-size:10.5pt\">sẽ cho bạn một vẻ lịch l&atilde;m, sang trọng của người đ&agrave;n &ocirc;ng th&agrave;nh đạt v&agrave; khẳng định một c&aacute; t&iacute;nh, một c&aacute;ch xứng tầm.</span></samp><br />\n<br />\n<span style=\"font-size:10.5pt\"><strong>C&aacute;ch sử dụng:</strong><br />\n<samp><span style=\"font-family:times new roman,serif\">Thoa đều&nbsp;</span></samp><strong>X-Men&nbsp;for Boss</strong><samp><span style=\"font-family:times new roman,serif\">&nbsp;l&ecirc;n t&oacute;c ướt. Xoa nhẹ nh&agrave;ng rồi gội sạch với nước.</span></samp><br />\n<br />\n<strong>Ch&uacute; &yacute;:</strong><br />\n<samp><span style=\"font-family:times new roman,serif\">Để xa tầm với trẻ em. Tr&aacute;nh tiếp x&uacute;c với mắt, nếu sản phẩm d&iacute;nh v&agrave;o mắt, h&atilde;y rửa kỹ với nước</span></samp><br />\n<br />\n<strong>Chỉ ti&ecirc;u k&iacute;ch ứng da:</strong><br />\n<samp><span style=\"font-family:times new roman,serif\">Kh&ocirc;ng qu&aacute; mức k&iacute;ch ứng da nhẹ</span></samp><br />\n<br />\n<strong>C&aacute;ch bảo quản:</strong><br />\n<samp><span style=\"font-family:times new roman,serif\">Để nơi kh&ocirc; r&aacute;o, tho&aacute;ng m&aacute;t</span></samp></span></p>\n','VN-VI',NULL),(3553,147,26,NULL,NULL,'',NULL,NULL),(3554,147,27,3,NULL,NULL,NULL,NULL),(3555,147,28,9999,NULL,NULL,NULL,NULL),(3556,147,29,NULL,28,NULL,NULL,NULL),(3557,147,21,NULL,NULL,NULL,NULL,''),(3558,147,22,NULL,NULL,'',NULL,NULL),(3559,147,23,NULL,NULL,'',NULL,NULL),(3560,147,1,NULL,NULL,NULL,'EN-US','Men Shampoo - X-men for Boss - Red - 380g'),(3561,147,2,NULL,NULL,'<p><strong>Shampoo for men - Top Class Shampoo&nbsp;- X-men for Boss - Red - 380g</strong></p>\n\n<p>Formulated with premium ingredients and fine fragrances, X-Men for Boss will ensure that you stand out among others. This original line doesn&rsquo;t just take care of your body; it brings out the style and spirit of a leader in you.</p>\n\n<p><strong>Ingredients:</strong>&nbsp;Aqua, Ammunium, Launeth Sulfate, Ammonium Lauryl Sulfate, Dimethicone (and) Cocamidopropyl Betaine (and) Laureth-3 (and) Guar Hydroxypropyltrimonium Chloride, Acrylates Copolymer, Polyquaternium-7, Glycerine, Sodium Lactate, Dimethiconal (and) TEA-Dodecylbenzenesulfonate, Parfum, Ethylene Glycol Distearate, PEG-7 Glyceryl Cocoate, Cocamide Monoethanotamine, Cetyl Alcohol, Hydrogenated Polydecence, Sodium Cilrate, Guar Hydroxypropyltrimonium Chloride, Citric Acid, Trimethylolpropane Tricaprylate/Captate, Polyquatemium-10, PEG-45M, Tetrasodium EDTA, Sodium Hydroxide, Mothylchloroisothiazolinone, Methylisothiazolinone, Cl 42090, Cl 19140.</p>\n\n<p><strong>How to use:</strong><br />\nApply X-Men for Boss&nbsp;onto damp hair. Rub gently and then wash with water.</p>\n\n<p><strong>Note:</strong><br />\nKeep out of the reach of children. Avoid contact with eyes, if product contact with eyes, rinse thoroughly with water</p>\n\n<p><strong>Preservation:</strong><br />\nTo a dry, cool place.</p>\n','EN-US',NULL),(3562,147,1,NULL,NULL,NULL,'KO-KR','Men Shampoo - X-men for Boss - Red - 380g'),(3563,147,2,NULL,NULL,'<p><strong>Shampoo for men - Top Class Shampoo&nbsp;- X-men for Boss - Red - 380g</strong></p>\n\n<p>Formulated with premium ingredients and fine fragrances, X-Men for Boss will ensure that you stand out among others. This original line doesn&rsquo;t just take care of your body; it brings out the style and spirit of a leader in you.</p>\n\n<p><strong>Ingredients:</strong>&nbsp;Aqua, Ammunium, Launeth Sulfate, Ammonium Lauryl Sulfate, Dimethicone (and) Cocamidopropyl Betaine (and) Laureth-3 (and) Guar Hydroxypropyltrimonium Chloride, Acrylates Copolymer, Polyquaternium-7, Glycerine, Sodium Lactate, Dimethiconal (and) TEA-Dodecylbenzenesulfonate, Parfum, Ethylene Glycol Distearate, PEG-7 Glyceryl Cocoate, Cocamide Monoethanotamine, Cetyl Alcohol, Hydrogenated Polydecence, Sodium Cilrate, Guar Hydroxypropyltrimonium Chloride, Citric Acid, Trimethylolpropane Tricaprylate/Captate, Polyquatemium-10, PEG-45M, Tetrasodium EDTA, Sodium Hydroxide, Mothylchloroisothiazolinone, Methylisothiazolinone, Cl 42090, Cl 19140.</p>\n\n<p><strong>How to use:</strong><br />\nApply X-Men for Boss&nbsp;onto damp hair. Rub gently and then wash with water.</p>\n\n<p><strong>Note:</strong><br />\nKeep out of the reach of children. Avoid contact with eyes, if product contact with eyes, rinse thoroughly with water</p>\n\n<p><strong>Preservation:</strong><br />\nTo a dry, cool place.</p>\n','KO-KR',NULL);

/*Table structure for table `t_product_attribute_type` */

DROP TABLE IF EXISTS `t_product_attribute_type`;

CREATE TABLE `t_product_attribute_type` (
  `id` int(11) NOT NULL AUTO_INCREMENT,
  `codename` varchar(50) COLLATE utf8_unicode_ci DEFAULT NULL,
  `datatype` enum('number','enum','text','varchar','file') COLLATE utf8_unicode_ci DEFAULT NULL,
  `fk_enum_ref` int(11) DEFAULT NULL,
  `multi_language` tinyint(4) DEFAULT '0',
  `repeating_group` tinyint(4) DEFAULT '0',
  `weight` int(11) DEFAULT '0',
  `default` text COLLATE utf8_unicode_ci,
  `required` tinyint(4) DEFAULT '0',
  PRIMARY KEY (`id`)
) ENGINE=InnoDB AUTO_INCREMENT=35 DEFAULT CHARSET=utf8 COLLATE=utf8_unicode_ci;

/*Data for the table `t_product_attribute_type` */

insert  into `t_product_attribute_type`(`id`,`codename`,`datatype`,`fk_enum_ref`,`multi_language`,`repeating_group`,`weight`,`default`,`required`) values (1,'name','varchar',NULL,1,0,0,NULL,1),(2,'description','text',NULL,1,0,0,NULL,0),(3,'tag','varchar',NULL,1,1,0,NULL,0),(7,'material','enum',1,0,1,0,NULL,0),(8,'gift_target','enum',2,0,1,0,NULL,0),(9,'category','number',NULL,0,0,0,NULL,0),(10,'occasion','enum',3,0,1,0,NULL,0),(13,'quantity','number',NULL,0,0,0,NULL,1),(14,'weight','number',NULL,0,0,0,NULL,1),(15,'source','enum',NULL,0,0,0,NULL,0),(16,'shipping_method','enum',6,0,1,0,NULL,0),(17,'payment_method','enum',7,0,1,0,NULL,0),(18,'storage_code','varchar',NULL,0,0,0,NULL,0),(19,'sales','number',NULL,0,0,0,NULL,0),(20,'storage_code_type','enum',8,0,0,0,NULL,0),(21,'meta_title','varchar',NULL,0,0,0,NULL,0),(22,'meta_keywords','text',NULL,0,0,0,NULL,0),(23,'meta_description','text',NULL,0,0,0,NULL,0),(24,'weight_unit','enum',9,0,0,0,NULL,1),(26,'note','text',NULL,0,0,0,NULL,0),(27,'return_policy','number',NULL,0,0,0,'0',0),(28,'warranty_policy','number',NULL,0,0,0,'0',0),(29,'made_in','enum',12,0,0,0,NULL,0),(31,'dimension_width','number',NULL,0,0,0,'-1',1),(32,'dimension_height','number',NULL,0,0,0,'-1',1),(33,'dimension_depth','number',NULL,0,0,0,'-1',1),(34,'brand','varchar',NULL,0,0,0,NULL,0);

/*Table structure for table `t_product_comment` */

DROP TABLE IF EXISTS `t_product_comment`;

CREATE TABLE `t_product_comment` (
  `id` int(11) NOT NULL AUTO_INCREMENT,
  `fk_product` int(11) DEFAULT NULL,
  `fk_user` int(11) DEFAULT NULL,
  `fk_parent` int(11) DEFAULT '0',
  `body` text COLLATE utf8_unicode_ci,
  `date_created` datetime DEFAULT NULL,
  PRIMARY KEY (`id`)
) ENGINE=InnoDB DEFAULT CHARSET=utf8 COLLATE=utf8_unicode_ci;

/*Data for the table `t_product_comment` */

/*Table structure for table `t_product_image` */

DROP TABLE IF EXISTS `t_product_image`;

CREATE TABLE `t_product_image` (
  `fk_product` int(11) NOT NULL DEFAULT '0',
  `fk_file` int(11) NOT NULL DEFAULT '0',
  `sort` tinyint(4) DEFAULT NULL,
  `thumbnail` tinyint(4) DEFAULT '0',
  `base_image` tinyint(4) DEFAULT '1',
  `small_image` tinyint(4) DEFAULT '0',
  `facebook_image` tinyint(4) DEFAULT '0',
  `width` int(11) DEFAULT NULL,
  PRIMARY KEY (`fk_product`,`fk_file`)
) ENGINE=InnoDB DEFAULT CHARSET=utf8 COLLATE=utf8_unicode_ci;

/*Data for the table `t_product_image` */

insert  into `t_product_image`(`fk_product`,`fk_file`,`sort`,`thumbnail`,`base_image`,`small_image`,`facebook_image`,`width`) values (1,1,NULL,1,1,0,1,1000),(2,1,NULL,1,1,0,1,1000),(3,1,NULL,1,1,0,1,1000),(4,1,NULL,1,1,0,1,1000),(5,1,NULL,1,1,0,1,1000),(6,1,NULL,1,1,0,1,1000),(7,1,NULL,1,1,0,1,1000),(8,1,NULL,1,1,0,1,1000),(9,1,NULL,1,1,0,1,1000),(10,1,NULL,1,1,0,1,1000),(11,1,NULL,1,1,0,1,1000),(12,1,NULL,1,1,0,1,1000),(14,7,2,1,1,1,1,1000),(14,8,0,0,1,1,0,1000),(15,9,0,1,1,1,0,1000),(20,11,0,1,1,1,1,1000),(20,13,0,0,1,1,0,1000),(20,14,0,0,1,1,0,1000),(20,15,0,0,1,1,0,1000),(24,16,NULL,0,1,0,0,1000),(24,17,NULL,0,1,0,0,1000),(25,18,0,1,1,1,1,1000),(26,33,0,0,1,1,0,257),(26,35,0,0,1,1,0,611),(27,34,0,0,1,1,0,1047),(28,36,0,1,1,1,0,1921),(29,37,NULL,0,1,0,0,952),(31,38,NULL,0,1,0,0,1367),(55,39,0,0,1,1,0,180),(59,93,0,0,1,1,0,500),(59,94,0,0,1,1,0,500),(59,95,0,1,1,1,0,500),(60,96,0,0,1,1,0,500),(60,97,0,1,1,1,0,800),(61,98,0,1,1,1,0,652),(61,99,0,0,1,1,0,480),(62,131,2,0,1,1,0,999),(62,132,1,0,1,1,0,500),(63,113,NULL,0,1,0,0,850),(64,106,0,0,1,1,0,355),(65,156,0,0,1,1,0,800),(66,111,0,0,1,1,0,400),(67,157,0,0,1,1,0,1000),(68,107,0,0,1,1,0,670),(69,110,0,0,1,1,0,500),(70,112,0,0,1,1,0,600),(71,115,0,0,1,1,0,600),(72,108,0,0,1,1,0,850),(73,65,0,0,1,1,0,160),(74,120,0,0,1,1,0,450),(75,119,0,0,1,1,0,225),(76,124,3,0,1,1,0,396),(76,125,2,0,1,1,0,400),(76,126,1,0,1,1,0,400),(77,102,4,0,1,1,0,340),(77,103,3,0,1,1,0,850),(77,104,2,0,1,1,0,850),(77,105,1,1,1,1,1,850),(78,127,2,0,1,1,0,850),(78,128,1,0,1,1,0,850),(78,129,3,0,1,1,0,340),(78,130,4,0,1,1,0,850),(79,84,0,0,1,1,0,800),(80,101,0,0,1,1,0,571),(81,86,0,0,1,1,0,236),(82,87,0,0,1,1,0,355),(83,88,0,0,1,1,0,215),(84,163,NULL,0,1,0,0,275),(85,118,NULL,0,1,0,0,250),(86,91,0,0,1,1,0,173),(87,116,NULL,0,1,0,0,400),(88,164,NULL,0,1,0,0,1000),(89,123,0,0,1,1,0,850),(90,133,1,1,1,1,0,850),(90,134,2,0,1,1,0,340),(91,135,0,0,1,1,0,850),(92,136,2,0,1,1,0,1000),(92,137,3,0,1,1,0,1000),(92,138,1,1,1,1,0,1000),(92,139,4,0,1,1,0,1000),(93,140,1,1,1,1,0,850),(93,141,2,0,1,1,0,850),(94,142,0,0,1,1,0,850),(95,143,2,0,1,1,0,728),(95,144,1,1,1,1,0,728),(96,145,3,0,1,1,0,1000),(96,146,4,0,1,1,0,1000),(96,147,1,0,1,1,0,1000),(96,153,2,0,1,1,0,1000),(97,154,1,0,1,1,0,850),(97,155,2,1,1,1,0,850),(98,158,1,1,1,1,0,850),(98,159,2,0,1,1,0,850),(98,160,3,0,1,1,0,850),(99,161,0,0,1,1,0,850),(100,162,0,0,1,1,0,850),(101,165,0,0,1,1,0,850),(101,166,0,0,1,1,0,850),(101,167,0,0,1,1,0,850),(101,168,0,0,1,1,0,850),(101,169,0,0,1,1,0,850),(101,170,0,0,1,1,0,850),(101,171,0,1,1,1,0,850),(102,172,0,0,1,1,0,2481),(103,173,0,0,1,1,0,850),(104,174,0,1,1,1,0,728),(104,175,0,0,1,1,0,728),(104,176,0,0,1,1,0,728),(104,177,0,0,1,1,0,728),(104,178,0,0,1,1,0,728),(105,179,0,1,1,1,0,728),(105,180,0,0,1,1,0,728),(106,181,0,0,1,1,0,850),(107,182,0,0,1,1,0,850),(108,183,0,1,1,1,0,850),(108,184,0,0,1,1,0,850),(109,185,3,0,1,1,0,850),(109,186,2,0,1,1,0,850),(109,187,1,1,1,1,0,850),(110,188,0,1,1,1,0,850),(110,189,0,0,1,1,0,850),(110,190,0,0,1,1,0,850),(111,191,0,0,1,1,0,850),(112,192,0,0,1,1,0,850),(113,197,0,0,1,1,0,850),(114,198,0,0,1,1,0,850),(115,199,NULL,0,1,0,0,728),(116,200,0,0,1,1,0,728),(117,201,NULL,0,1,0,0,728),(118,202,0,1,1,1,0,850),(118,203,0,0,1,1,0,850),(119,204,0,0,1,1,0,850),(120,205,0,0,1,1,0,850),(121,206,0,0,1,1,0,850),(122,207,0,0,1,1,0,850),(123,209,0,0,1,1,0,751),(124,210,0,0,1,1,0,783),(125,211,0,0,1,1,0,765),(126,212,0,0,1,1,0,762),(127,213,0,0,1,1,0,759),(128,215,0,0,1,1,0,758),(129,216,0,0,1,1,0,800),(129,217,0,1,1,1,0,720),(130,219,0,0,1,1,0,1000),(131,220,1,1,1,1,0,300),(131,224,3,0,1,1,0,318),(131,225,2,0,1,1,0,600),(135,222,2,1,1,1,0,650),(135,223,1,0,1,1,0,1000),(136,226,0,0,1,1,0,1333),(141,247,2,0,1,1,0,1000),(141,248,3,0,1,1,0,1500),(141,249,1,1,1,1,0,1800),(142,228,0,0,1,1,0,728),(142,229,0,0,1,1,0,728),(142,230,0,0,1,1,0,728),(143,231,0,0,1,1,0,1024),(144,253,3,0,1,1,0,1500),(144,254,1,1,1,1,0,1500),(144,256,2,0,1,1,0,1284),(145,237,0,0,1,1,0,1000),(145,238,0,0,1,1,0,1000),(145,239,0,0,1,1,0,1000),(146,240,0,0,1,1,0,273),(146,241,0,0,1,1,0,340),(146,242,0,0,1,1,0,425),(146,243,0,0,1,1,0,355),(146,244,0,0,1,1,0,355),(147,257,2,0,1,1,0,848),(147,258,1,1,1,1,0,1024);

/*Table structure for table `t_product_tag` */

DROP TABLE IF EXISTS `t_product_tag`;

CREATE TABLE `t_product_tag` (
  `fk_product` int(11) NOT NULL,
  `fk_tag` int(11) NOT NULL
) ENGINE=InnoDB DEFAULT CHARSET=utf8 COLLATE=utf8_unicode_ci;

/*Data for the table `t_product_tag` */

/*Table structure for table `t_product_tax` */

DROP TABLE IF EXISTS `t_product_tax`;

CREATE TABLE `t_product_tax` (
  `id` int(11) NOT NULL AUTO_INCREMENT,
  `fk_product` int(11) DEFAULT NULL,
  `fk_tax` int(11) DEFAULT NULL,
  PRIMARY KEY (`id`)
) ENGINE=InnoDB AUTO_INCREMENT=19 DEFAULT CHARSET=utf8 COLLATE=utf8_unicode_ci;

/*Data for the table `t_product_tax` */

insert  into `t_product_tax`(`id`,`fk_product`,`fk_tax`) values (15,14,1),(16,15,1),(17,20,1),(18,78,0);

/*Table structure for table `t_product_view` */

DROP TABLE IF EXISTS `t_product_view`;

CREATE TABLE `t_product_view` (
  `id` int(11) NOT NULL AUTO_INCREMENT,
  `fk_product` int(11) DEFAULT NULL,
  `fk_user` int(11) DEFAULT NULL,
  `count_view` int(11) DEFAULT NULL,
  PRIMARY KEY (`id`)
) ENGINE=InnoDB AUTO_INCREMENT=22 DEFAULT CHARSET=utf8 COLLATE=utf8_unicode_ci;

/*Data for the table `t_product_view` */

insert  into `t_product_view`(`id`,`fk_product`,`fk_user`,`count_view`) values (1,2,0,44),(2,1,0,13),(3,3,0,9),(4,4,0,5),(5,5,0,4),(6,10,0,1),(7,8,0,1),(8,1,1,1),(9,14,1,1),(10,15,1,2),(11,14,5,2),(12,20,5,6),(13,15,5,1),(14,20,0,7),(15,14,0,4),(16,15,0,2),(17,25,5,1),(18,26,5,18),(19,26,0,11),(20,27,5,3),(21,27,0,1);

/*Table structure for table `t_rating` */

DROP TABLE IF EXISTS `t_rating`;

CREATE TABLE `t_rating` (
  `id` int(11) NOT NULL AUTO_INCREMENT,
  `fk_user` int(11) DEFAULT NULL,
  `fk_product` int(11) DEFAULT NULL,
  `rate` tinyint(4) DEFAULT NULL,
  PRIMARY KEY (`id`)
) ENGINE=InnoDB DEFAULT CHARSET=utf8 COLLATE=utf8_unicode_ci;

/*Data for the table `t_rating` */

/*Table structure for table `t_relationship` */

DROP TABLE IF EXISTS `t_relationship`;

CREATE TABLE `t_relationship` (
  `id` int(11) NOT NULL AUTO_INCREMENT,
  `fk_user1` int(11) DEFAULT NULL,
  `fk_user2` int(11) DEFAULT NULL,
  PRIMARY KEY (`id`)
) ENGINE=InnoDB DEFAULT CHARSET=utf8 COLLATE=utf8_unicode_ci;

/*Data for the table `t_relationship` */

/*Table structure for table `t_retailer` */

DROP TABLE IF EXISTS `t_retailer`;

CREATE TABLE `t_retailer` (
  `id` int(11) NOT NULL AUTO_INCREMENT,
  `name` varchar(255) COLLATE utf8_unicode_ci DEFAULT NULL,
  `logo` text COLLATE utf8_unicode_ci,
  `phoneno` varchar(20) COLLATE utf8_unicode_ci DEFAULT NULL,
  `email` varchar(50) COLLATE utf8_unicode_ci DEFAULT NULL,
  `website` varchar(100) COLLATE utf8_unicode_ci DEFAULT NULL,
  `status` tinyint(4) DEFAULT '1',
  `status_date` datetime DEFAULT NULL,
  `status_reason` text COLLATE utf8_unicode_ci,
  `fk_manager` int(11) DEFAULT NULL,
  PRIMARY KEY (`id`)
) ENGINE=InnoDB DEFAULT CHARSET=utf8 COLLATE=utf8_unicode_ci;

/*Data for the table `t_retailer` */

/*Table structure for table `t_retailer_category` */

DROP TABLE IF EXISTS `t_retailer_category`;

CREATE TABLE `t_retailer_category` (
  `id` int(11) NOT NULL AUTO_INCREMENT,
  `fk_retailer` int(11) DEFAULT NULL,
  `fk_category` int(11) DEFAULT NULL,
  PRIMARY KEY (`id`)
) ENGINE=InnoDB DEFAULT CHARSET=utf8 COLLATE=utf8_unicode_ci;

/*Data for the table `t_retailer_category` */

/*Table structure for table `t_role` */

DROP TABLE IF EXISTS `t_role`;

CREATE TABLE `t_role` (
  `id` int(11) NOT NULL AUTO_INCREMENT,
  `name` varchar(255) COLLATE utf8_unicode_ci DEFAULT NULL,
  `codename` varchar(50) COLLATE utf8_unicode_ci DEFAULT NULL,
  PRIMARY KEY (`id`)
) ENGINE=InnoDB AUTO_INCREMENT=5 DEFAULT CHARSET=utf8 COLLATE=utf8_unicode_ci;

/*Data for the table `t_role` */

insert  into `t_role`(`id`,`name`,`codename`) values (1,'Admin','admin'),(2,'Customer','customer'),(3,'Guest','guest'),(4,'Retailer','retailer');

/*Table structure for table `t_section` */

DROP TABLE IF EXISTS `t_section`;

CREATE TABLE `t_section` (
  `id` int(11) NOT NULL AUTO_INCREMENT,
  `display_image` text COLLATE utf8_unicode_ci,
  `display_image_href` text COLLATE utf8_unicode_ci,
  `display_image_title` text COLLATE utf8_unicode_ci,
  PRIMARY KEY (`id`)
) ENGINE=InnoDB AUTO_INCREMENT=2 DEFAULT CHARSET=utf8 COLLATE=utf8_unicode_ci;

/*Data for the table `t_section` */

insert  into `t_section`(`id`,`display_image`,`display_image_href`,`display_image_title`) values (1,'/images/child-slide-item-demo.png','#','title');

/*Table structure for table `t_section_language` */

DROP TABLE IF EXISTS `t_section_language`;

CREATE TABLE `t_section_language` (
  `id` int(11) NOT NULL AUTO_INCREMENT,
  `language` varchar(10) COLLATE utf8_unicode_ci DEFAULT NULL,
  `name` varchar(255) COLLATE utf8_unicode_ci DEFAULT NULL,
  `description` text COLLATE utf8_unicode_ci,
  `fk_section` int(11) DEFAULT NULL,
  PRIMARY KEY (`id`)
) ENGINE=InnoDB AUTO_INCREMENT=3 DEFAULT CHARSET=utf8 COLLATE=utf8_unicode_ci;

/*Data for the table `t_section_language` */

insert  into `t_section_language`(`id`,`language`,`name`,`description`,`fk_section`) values (1,'EN-US','Shopping mall','shopping mall description',1),(2,'VN-VI','Mua sắm','mô ta cho mua sam',1);

/*Table structure for table `t_section_product` */

DROP TABLE IF EXISTS `t_section_product`;

CREATE TABLE `t_section_product` (
  `id` int(11) NOT NULL AUTO_INCREMENT,
  `fk_section` int(11) DEFAULT NULL,
  `fk_product` int(11) DEFAULT NULL,
  `sort` tinyint(4) DEFAULT NULL,
  PRIMARY KEY (`id`)
) ENGINE=InnoDB AUTO_INCREMENT=7 DEFAULT CHARSET=utf8 COLLATE=utf8_unicode_ci;

/*Data for the table `t_section_product` */

insert  into `t_section_product`(`id`,`fk_section`,`fk_product`,`sort`) values (1,1,4,1),(2,1,5,2),(3,1,6,3),(4,1,7,4),(5,1,8,5),(6,1,9,6);

/*Table structure for table `t_seller` */

DROP TABLE IF EXISTS `t_seller`;

CREATE TABLE `t_seller` (
  `id` int(11) NOT NULL AUTO_INCREMENT,
  `name` varchar(255) COLLATE utf8_unicode_ci DEFAULT NULL,
  `logo` text COLLATE utf8_unicode_ci,
  `phoneno` varchar(20) COLLATE utf8_unicode_ci DEFAULT NULL,
  `email` varchar(50) COLLATE utf8_unicode_ci DEFAULT NULL,
  `website` varchar(100) COLLATE utf8_unicode_ci DEFAULT NULL,
  `status` tinyint(4) DEFAULT '1',
  `status_date` datetime DEFAULT NULL,
  `status_reason` text COLLATE utf8_unicode_ci,
  `fk_manager` int(11) DEFAULT NULL,
  `sid` varchar(50) COLLATE utf8_unicode_ci DEFAULT NULL,
  `fk_level` int(11) DEFAULT NULL,
  PRIMARY KEY (`id`)
) ENGINE=InnoDB AUTO_INCREMENT=5 DEFAULT CHARSET=utf8 COLLATE=utf8_unicode_ci;

/*Data for the table `t_seller` */

insert  into `t_seller`(`id`,`name`,`logo`,`phoneno`,`email`,`website`,`status`,`status_date`,`status_reason`,`fk_manager`,`sid`,`fk_level`) values (1,'Samsung','/images/sellers/milano.png',NULL,'admin@samsung.com',NULL,1,NULL,NULL,5,'samsung',1),(2,'K-shop','/images/sellers/milano.png',NULL,'starlight9x@gmail.com',NULL,1,NULL,NULL,8,NULL,1),(3,'Sfriendly Office ','/images/sellers/milano.png',NULL,'lequan.vcci@gmail.com',NULL,1,NULL,NULL,9,NULL,1),(4,'Sfriendly Office ','/images/sellers/milano.png',NULL,'bacninh8882014@gmail.com',NULL,1,NULL,NULL,14,NULL,1);

/*Table structure for table `t_seller_category` */

DROP TABLE IF EXISTS `t_seller_category`;

CREATE TABLE `t_seller_category` (
  `id` int(11) NOT NULL AUTO_INCREMENT,
  `fk_seller` int(11) DEFAULT NULL,
  `fk_category` int(11) DEFAULT NULL,
  PRIMARY KEY (`id`)
) ENGINE=InnoDB DEFAULT CHARSET=utf8 COLLATE=utf8_unicode_ci;

/*Data for the table `t_seller_category` */

/*Table structure for table `t_seller_level` */

DROP TABLE IF EXISTS `t_seller_level`;

CREATE TABLE `t_seller_level` (
  `id` int(11) NOT NULL AUTO_INCREMENT,
  `codename` varchar(50) COLLATE utf8_unicode_ci DEFAULT NULL,
  `commission` tinyint(4) DEFAULT NULL,
  `name` varchar(255) COLLATE utf8_unicode_ci DEFAULT NULL,
  PRIMARY KEY (`id`)
) ENGINE=InnoDB AUTO_INCREMENT=5 DEFAULT CHARSET=utf8 COLLATE=utf8_unicode_ci;

/*Data for the table `t_seller_level` */

insert  into `t_seller_level`(`id`,`codename`,`commission`,`name`) values (1,'standard',5,'Standard seller'),(2,'good',4,'Good seller'),(3,'great',3,'Great seller'),(4,'best',2,'Best seller');

/*Table structure for table `t_setting` */

DROP TABLE IF EXISTS `t_setting`;

CREATE TABLE `t_setting` (
  `id` int(11) NOT NULL AUTO_INCREMENT,
  `key` varchar(100) COLLATE utf8_unicode_ci DEFAULT NULL,
  `value` text COLLATE utf8_unicode_ci,
  `autoload` tinyint(4) DEFAULT '0',
  `class` varchar(100) COLLATE utf8_unicode_ci DEFAULT NULL,
  PRIMARY KEY (`id`)
) ENGINE=InnoDB AUTO_INCREMENT=3 DEFAULT CHARSET=utf8 COLLATE=utf8_unicode_ci;

/*Data for the table `t_setting` */

insert  into `t_setting`(`id`,`key`,`value`,`autoload`,`class`) values (1,'home_banner','<root>\r\n	<img src=\"/images/banner/the_shopper_paradise.jpg\" title=\"Sfriendly.com\" href=\"#\"/>\r\n</root>',0,NULL),(2,'hot_product','<root><product><id>12</id></product></root>',0,NULL);

/*Table structure for table `t_shipment` */

DROP TABLE IF EXISTS `t_shipment`;

CREATE TABLE `t_shipment` (
  `id` int(11) NOT NULL AUTO_INCREMENT,
  `fk_order` int(11) DEFAULT NULL,
  `fk_customer` int(11) DEFAULT NULL,
  `date_created` datetime DEFAULT NULL,
  `date_shipped` datetime DEFAULT NULL,
  `comment` text COLLATE utf8_unicode_ci,
  PRIMARY KEY (`id`)
) ENGINE=InnoDB DEFAULT CHARSET=utf8 COLLATE=utf8_unicode_ci;

/*Data for the table `t_shipment` */

/*Table structure for table `t_shipment_detail` */

DROP TABLE IF EXISTS `t_shipment_detail`;

CREATE TABLE `t_shipment_detail` (
  `id` int(11) NOT NULL,
  `fk_order` int(11) DEFAULT NULL,
  `fk_product` int(11) DEFAULT NULL,
  `quantity` double DEFAULT NULL,
  `fk_shipment` int(11) DEFAULT NULL,
  PRIMARY KEY (`id`)
) ENGINE=InnoDB DEFAULT CHARSET=utf8 COLLATE=utf8_unicode_ci;

/*Data for the table `t_shipment_detail` */

/*Table structure for table `t_shipping_location` */

DROP TABLE IF EXISTS `t_shipping_location`;

CREATE TABLE `t_shipping_location` (
  `id` int(11) NOT NULL AUTO_INCREMENT,
  `fk_shipping_method` int(11) DEFAULT NULL,
  `fk_location` int(11) DEFAULT NULL,
  `base_price` double DEFAULT NULL,
  `base_weight` double DEFAULT NULL,
  `weight_step` double DEFAULT NULL,
  `weight_step_price` double DEFAULT NULL,
  `bulky_weight` double DEFAULT NULL,
  `bulky_step_price` double DEFAULT NULL,
  `bulky_weight_step` double DEFAULT NULL,
  PRIMARY KEY (`id`)
) ENGINE=InnoDB AUTO_INCREMENT=198 DEFAULT CHARSET=utf8 COLLATE=utf8_unicode_ci;

/*Data for the table `t_shipping_location` */

insert  into `t_shipping_location`(`id`,`fk_shipping_method`,`fk_location`,`base_price`,`base_weight`,`weight_step`,`weight_step_price`,`bulky_weight`,`bulky_step_price`,`bulky_weight_step`) values (7,1,1,20000,3,1,5000,99999,0,NULL),(8,3,1,40000,3,1,5000,99999,0,NULL),(9,2,1,60000,3,1,5000,99999,0,NULL),(10,3,2,40000,1,0.5,11000,5,15000,0.5),(11,3,3,40000,1,0.5,11000,5,15000,0.5),(12,3,4,40000,1,0.5,11000,5,15000,0.5),(13,3,5,40000,1,0.5,11000,5,15000,0.5),(14,3,6,40000,1,0.5,11000,5,15000,0.5),(15,3,7,40000,1,0.5,11000,5,15000,0.5),(16,3,8,40000,1,0.5,11000,5,15000,0.5),(17,3,9,40000,1,0.5,11000,5,15000,0.5),(18,3,10,40000,1,0.5,11000,5,15000,0.5),(19,3,11,40000,1,0.5,11000,5,15000,0.5),(20,3,12,40000,1,0.5,11000,5,15000,0.5),(21,3,13,40000,1,0.5,11000,5,15000,0.5),(22,3,14,40000,1,0.5,11000,5,15000,0.5),(23,3,15,40000,1,0.5,11000,5,15000,0.5),(24,3,16,40000,1,0.5,11000,5,15000,0.5),(25,3,17,40000,1,0.5,11000,5,15000,0.5),(26,3,18,40000,1,0.5,11000,5,15000,0.5),(27,3,19,40000,1,0.5,11000,5,15000,0.5),(28,3,20,40000,1,0.5,11000,5,15000,0.5),(29,3,21,40000,1,0.5,11000,5,15000,0.5),(30,3,22,40000,1,0.5,11000,5,15000,0.5),(31,3,23,40000,1,0.5,11000,5,15000,0.5),(32,3,24,40000,1,0.5,11000,5,15000,0.5),(33,3,25,40000,1,0.5,11000,5,15000,0.5),(34,3,26,40000,1,0.5,11000,5,15000,0.5),(35,3,27,40000,1,0.5,11000,5,15000,0.5),(36,3,28,40000,1,0.5,11000,5,15000,0.5),(37,3,29,40000,1,0.5,11000,5,15000,0.5),(38,3,30,40000,1,0.5,11000,5,15000,0.5),(39,3,31,40000,1,0.5,11000,5,15000,0.5),(40,3,32,40000,1,0.5,11000,5,15000,0.5),(41,3,33,40000,1,0.5,11000,5,15000,0.5),(42,3,34,40000,1,0.5,11000,5,15000,0.5),(43,3,35,40000,1,0.5,11000,5,15000,0.5),(44,3,36,40000,1,0.5,11000,5,15000,0.5),(45,3,37,40000,1,0.5,11000,5,15000,0.5),(46,3,38,40000,1,0.5,11000,5,15000,0.5),(47,3,39,40000,1,0.5,11000,5,15000,0.5),(48,3,40,40000,1,0.5,11000,5,15000,0.5),(49,3,41,40000,1,0.5,11000,5,15000,0.5),(50,3,42,40000,1,0.5,11000,5,15000,0.5),(51,3,43,40000,1,0.5,11000,5,15000,0.5),(52,3,44,40000,1,0.5,11000,5,15000,0.5),(53,3,45,40000,1,0.5,11000,5,15000,0.5),(54,3,46,40000,1,0.5,11000,5,15000,0.5),(55,3,47,40000,1,0.5,11000,5,15000,0.5),(56,3,48,40000,1,0.5,11000,5,15000,0.5),(57,3,49,40000,1,0.5,11000,5,15000,0.5),(58,3,50,40000,1,0.5,11000,5,15000,0.5),(59,3,51,40000,1,0.5,11000,5,15000,0.5),(60,3,52,40000,1,0.5,11000,5,15000,0.5),(61,3,53,40000,1,0.5,11000,5,15000,0.5),(62,3,54,40000,1,0.5,11000,5,15000,0.5),(63,3,55,40000,1,0.5,11000,5,15000,0.5),(64,3,56,40000,1,0.5,11000,5,15000,0.5),(65,3,57,40000,1,0.5,11000,5,15000,0.5),(66,3,58,40000,1,0.5,11000,5,15000,0.5),(67,3,59,40000,1,0.5,11000,5,15000,0.5),(68,3,60,40000,1,0.5,11000,5,15000,0.5),(69,3,61,40000,1,0.5,11000,5,15000,0.5),(70,3,62,40000,1,0.5,11000,5,15000,0.5),(71,3,63,40000,1,0.5,11000,5,15000,0.5),(136,1,2,35000,1,1,5000,5,5000,0.5),(137,1,3,35000,1,1,5000,5,5000,0.5),(138,1,4,35000,1,1,5000,5,5000,0.5),(139,1,5,35000,1,1,5000,5,5000,0.5),(140,1,6,35000,1,1,5000,5,5000,0.5),(141,1,7,35000,1,1,5000,5,5000,0.5),(142,1,8,35000,1,1,5000,5,5000,0.5),(143,1,9,35000,1,1,5000,5,5000,0.5),(144,1,10,35000,1,1,5000,5,5000,0.5),(145,1,11,35000,1,1,5000,5,5000,0.5),(146,1,12,35000,1,1,5000,5,5000,0.5),(147,1,13,35000,1,1,5000,5,5000,0.5),(148,1,14,35000,1,1,5000,5,5000,0.5),(149,1,15,35000,1,1,5000,5,5000,0.5),(150,1,16,35000,1,1,5000,5,5000,0.5),(151,1,17,35000,1,1,5000,5,5000,0.5),(152,1,18,35000,1,1,5000,5,5000,0.5),(153,1,19,35000,1,1,5000,5,5000,0.5),(154,1,20,35000,1,1,5000,5,5000,0.5),(155,1,21,35000,1,1,5000,5,5000,0.5),(156,1,22,35000,1,1,5000,5,5000,0.5),(157,1,23,35000,1,1,5000,5,5000,0.5),(158,1,24,35000,1,1,5000,5,5000,0.5),(159,1,25,35000,1,1,5000,5,5000,0.5),(160,1,26,35000,1,1,5000,5,5000,0.5),(161,1,27,35000,1,1,5000,5,5000,0.5),(162,1,28,35000,1,1,5000,5,5000,0.5),(163,1,29,35000,1,1,5000,5,5000,0.5),(164,1,30,35000,1,1,5000,5,5000,0.5),(165,1,31,35000,1,1,5000,5,5000,0.5),(166,1,32,35000,1,1,5000,5,5000,0.5),(167,1,33,35000,1,1,5000,5,5000,0.5),(168,1,34,35000,1,1,5000,5,5000,0.5),(169,1,35,35000,1,1,5000,5,5000,0.5),(170,1,36,35000,1,1,5000,5,5000,0.5),(171,1,37,35000,1,1,5000,5,5000,0.5),(172,1,38,35000,1,1,5000,5,5000,0.5),(173,1,39,35000,1,1,5000,5,5000,0.5),(174,1,40,35000,1,1,5000,5,5000,0.5),(175,1,41,35000,1,1,5000,5,5000,0.5),(176,1,42,35000,1,1,5000,5,5000,0.5),(177,1,43,35000,1,1,5000,5,5000,0.5),(178,1,44,35000,1,1,5000,5,5000,0.5),(179,1,45,35000,1,1,5000,5,5000,0.5),(180,1,46,35000,1,1,5000,5,5000,0.5),(181,1,47,35000,1,1,5000,5,5000,0.5),(182,1,48,35000,1,1,5000,5,5000,0.5),(183,1,49,35000,1,1,5000,5,5000,0.5),(184,1,50,35000,1,1,5000,5,5000,0.5),(185,1,51,35000,1,1,5000,5,5000,0.5),(186,1,52,35000,1,1,5000,5,5000,0.5),(187,1,53,35000,1,1,5000,5,5000,0.5),(188,1,54,35000,1,1,5000,5,5000,0.5),(189,1,55,35000,1,1,5000,5,5000,0.5),(190,1,56,35000,1,1,5000,5,5000,0.5),(191,1,57,35000,1,1,5000,5,5000,0.5),(192,1,58,35000,1,1,5000,5,5000,0.5),(193,1,59,35000,1,1,5000,5,5000,0.5),(194,1,60,35000,1,1,5000,5,5000,0.5),(195,1,61,35000,1,1,5000,5,5000,0.5),(196,1,62,35000,1,1,5000,5,5000,0.5),(197,1,63,35000,1,1,5000,5,5000,0.5);

/*Table structure for table `t_shipping_method` */

DROP TABLE IF EXISTS `t_shipping_method`;

CREATE TABLE `t_shipping_method` (
  `id` int(11) NOT NULL AUTO_INCREMENT,
  `codename` varchar(50) COLLATE utf8_unicode_ci DEFAULT NULL,
  `sort` tinyint(4) DEFAULT NULL,
  `localization` text COLLATE utf8_unicode_ci,
  `min_day` tinyint(4) DEFAULT NULL,
  `max_day` tinyint(4) DEFAULT NULL,
  PRIMARY KEY (`id`)
) ENGINE=InnoDB AUTO_INCREMENT=4 DEFAULT CHARSET=utf8 COLLATE=utf8_unicode_ci;

/*Data for the table `t_shipping_method` */

insert  into `t_shipping_method`(`id`,`codename`,`sort`,`localization`,`min_day`,`max_day`) values (1,'standard',1,'<root>\r\n	<en_us>\r\n		<label>Standard (2-5 days)</label>\r\n		<description>\r\n		<![CDATA[\r\n		Receive your order(s) within 2 – 5 working days<br>\r\n		Order now, get it <strong>before ((est))</strong><br>\r\n		<a href=\"javascript:;\">More details here</a>\r\n		]]>\r\n		</description>\r\n	</en_us>\r\n	<vn_vi>\r\n		<label>Chuyển tiết kiệm (2-5 ngày)</label>\r\n		<description>\r\n		<![CDATA[\r\n		Nhận đơn hàng trong vòng 2 – 5 ngày làm việc. <br>\r\n		Đặt hàng ngay hôm nay để nhận được hàng trước <strong>((est))</strong><br>\r\n		<a href=\"javascript:;\">Xem thêm chi tiết</a>\r\n		]]>\r\n		</description>\r\n	</vn_vi>\r\n	<ko_kr>\r\n		<label>알뜰배송 (2~5일)</label>\r\n		<description>\r\n		<![CDATA[\r\n		택배 수령은 주문 후 2~5일 소요됩니다.<br>\r\n		오늘 주문하시면 <strong>((est))</strong> 일까지 배송을 받을 수 있습니다<br>\r\n		<a href=\"javascript:;\">자세히 보기</a>\r\n		]]>\r\n		</description>\r\n	</ko_kr>\r\n</root>',2,5),(2,'premium',3,'<root>\r\n	<en_us>\r\n		<label>Premium (1 day)</label>\r\n		<description>\r\n		<![CDATA[\r\n		Guarentee to receive your order(s) in only 1 day<br>\r\n		Order(s) before 12:00 pm to get your order <Strong>TODAY.</strong><br>\r\n		Order(s) after 12:00 pm will be delivered by tomorrow.<br>\r\n		<a href=\"javascript:;\">More details here</a>\r\n		]]>\r\n		</description>\r\n	</en_us>\r\n	<vn_vi>\r\n		<label>Siêu tốc (1 ngày)</label>\r\n		<description>\r\n		<![CDATA[\r\n		Bạn sẽ nhận được đơn hàng trong vòng 1 ngày. <br>\r\n		Đặt hàng trước 12:00 pm để nhận hàng trong <strong>ngày hôm nay</strong>. <br>\r\n		Đơn hàng sau 12:00 pm sẽ được giao trong ngày hôm sau.<br>\r\n		<a href=\"javascript:;\">Xem thêm chi tiết</a>\r\n		]]>\r\n		</description>\r\n	</vn_vi>\r\n	<ko_kr>\r\n		<label>특급배송 (1일배송)</label>\r\n		<description>\r\n		<![CDATA[\r\n		24시간내에 택배가 수령됩니다.<br>\r\n		오후12시 이전 주문 시 당일 배송 됩니다.<br>\r\n		오후 12시 이후 주문 시 익일 배송 됩니다<br>\r\n		<a href=\"javascript:;\">자세히 보기</a>\r\n		]]>\r\n		</description>\r\n	</ko_kr>\r\n</root>',1,1),(3,'express',2,'<root>\r\n	<en_us>\r\n		<label>Express (1-3 days)</label>\r\n		<description>\r\n		<![CDATA[\r\n		Receive your order(s) within 1 – 3 working days<br>\r\n		Order now, get it <strong>((est))</strong><br>\r\n		<a href=\"javascript:;\">More details here</a>\r\n		]]>\r\n		</description>\r\n	</en_us>\r\n	<vn_vi>\r\n		<label>Chuyển nhanh (1-3)</label>\r\n		<description>\r\n		<![CDATA[\r\n		Bạn sẽ nhận được đơn hàng trong vòng từ 1 – 3 ngày làm việc. <br>\r\n		Đặt hàng ngay hôm nay để nhận được hàng trước <strong>((est))</strong><br>\r\n		<a href=\"javascript:;\">Xem thêm chi tiết</a>\r\n		]]>\r\n		</description>\r\n	</vn_vi>\r\n	<ko_kr>\r\n		<label>일반배송 (1~3일배송)</label>\r\n		<description>\r\n		<![CDATA[\r\n		택배 수령은 주문 후 1~3일 소요 예정됩니다.<br>\r\n		오늘 주문하시면 <strong>((est))</strong> 일까지 배송을 받을 수 있습니다<br>\r\n		<a href=\"javascript:;\">자세히 보기</a>\r\n		]]>\r\n		</description>\r\n	</ko_kr>\r\n</root>',1,3);

/*Table structure for table `t_tag` */

DROP TABLE IF EXISTS `t_tag`;

CREATE TABLE `t_tag` (
  `id` int(11) NOT NULL AUTO_INCREMENT,
  `codename` varchar(50) COLLATE utf8_unicode_ci DEFAULT NULL,
  `visible` enum('private','public') COLLATE utf8_unicode_ci DEFAULT 'public',
  PRIMARY KEY (`id`)
) ENGINE=InnoDB AUTO_INCREMENT=3 DEFAULT CHARSET=utf8 COLLATE=utf8_unicode_ci;

/*Data for the table `t_tag` */

insert  into `t_tag`(`id`,`codename`,`visible`) values (1,'madeinvietnam','private'),(2,'hot','private');

/*Table structure for table `t_tag_language` */

DROP TABLE IF EXISTS `t_tag_language`;

CREATE TABLE `t_tag_language` (
  `fk_tag` int(11) NOT NULL,
  `label` varchar(100) COLLATE utf8_unicode_ci DEFAULT NULL,
  `language` enum('VN-VI','KO-KR','EN-US') COLLATE utf8_unicode_ci DEFAULT NULL
) ENGINE=InnoDB DEFAULT CHARSET=utf8 COLLATE=utf8_unicode_ci;

/*Data for the table `t_tag_language` */

insert  into `t_tag_language`(`fk_tag`,`label`,`language`) values (1,'Made in Vietnam','KO-KR'),(1,'Made in Vietnam','KO-KR'),(1,'Made in Vietnam','VN-VI'),(2,'Hot','EN-US'),(2,'Hot','VN-VI'),(3,'Hot','KO-KR');

/*Table structure for table `t_tax` */

DROP TABLE IF EXISTS `t_tax`;

CREATE TABLE `t_tax` (
  `id` int(11) NOT NULL AUTO_INCREMENT,
  `fk_seller` int(11) DEFAULT NULL,
  `cost_percent` double DEFAULT NULL,
  `cost_fixed` double DEFAULT NULL,
  `codename` varchar(50) COLLATE utf8_unicode_ci DEFAULT NULL,
  PRIMARY KEY (`id`)
) ENGINE=InnoDB AUTO_INCREMENT=2 DEFAULT CHARSET=utf8 COLLATE=utf8_unicode_ci;

/*Data for the table `t_tax` */

insert  into `t_tax`(`id`,`fk_seller`,`cost_percent`,`cost_fixed`,`codename`) values (1,1,0.1,0,'VAT');

/*Table structure for table `t_tax_language` */

DROP TABLE IF EXISTS `t_tax_language`;

CREATE TABLE `t_tax_language` (
  `id` int(11) NOT NULL AUTO_INCREMENT,
  `fk_tax` int(11) DEFAULT NULL,
  `language` varchar(10) COLLATE utf8_unicode_ci DEFAULT NULL,
  `name` varchar(255) COLLATE utf8_unicode_ci DEFAULT NULL,
  PRIMARY KEY (`id`)
) ENGINE=InnoDB AUTO_INCREMENT=3 DEFAULT CHARSET=utf8 COLLATE=utf8_unicode_ci;

/*Data for the table `t_tax_language` */

insert  into `t_tax_language`(`id`,`fk_tax`,`language`,`name`) values (1,1,'VN-VI','VAT'),(2,1,'EN-US','VAT');

/*Table structure for table `t_user` */

DROP TABLE IF EXISTS `t_user`;

CREATE TABLE `t_user` (
  `id` int(11) NOT NULL AUTO_INCREMENT,
  `portal_id` int(11) NOT NULL,
  `platform_key` tinyint(4) NOT NULL DEFAULT '0',
  `user_type` varchar(25) COLLATE utf8_unicode_ci NOT NULL,
  `created_date` datetime NOT NULL,
  PRIMARY KEY (`id`)
) ENGINE=InnoDB AUTO_INCREMENT=15 DEFAULT CHARSET=utf8 COLLATE=utf8_unicode_ci;

/*Data for the table `t_user` */

insert  into `t_user`(`id`,`portal_id`,`platform_key`,`user_type`,`created_date`) values (5,50,0,'ADMIN','2014-05-31 10:05:36'),(6,51,0,'ADMIN','2014-07-19 10:07:04'),(7,56,0,'USER','2014-09-12 11:09:04'),(8,57,0,'USER','2014-09-13 12:09:06'),(9,55,0,'USER','2014-09-13 11:09:43'),(10,52,0,'USER','2014-09-14 10:09:11'),(11,65,0,'USER','2014-10-04 01:10:04'),(12,76,0,'USER','2014-11-09 09:11:17'),(13,76,0,'USER','2014-11-09 09:11:17'),(14,77,0,'USER','2014-11-17 09:11:18');

/*Table structure for table `t_user_address` */

DROP TABLE IF EXISTS `t_user_address`;

CREATE TABLE `t_user_address` (
  `id` int(11) NOT NULL AUTO_INCREMENT,
  `fk_user` int(11) DEFAULT NULL,
  `date_created` datetime DEFAULT NULL,
  `date_used` datetime DEFAULT NULL,
  `count_used` int(11) DEFAULT NULL,
  `fullname` varchar(255) COLLATE utf8_unicode_ci DEFAULT NULL,
  `company` varchar(255) COLLATE utf8_unicode_ci DEFAULT NULL,
  `street_address` text COLLATE utf8_unicode_ci,
  `city` varchar(100) COLLATE utf8_unicode_ci DEFAULT NULL,
  `country` varchar(10) COLLATE utf8_unicode_ci DEFAULT 'vietnam',
  `fk_state_province` int(11) DEFAULT NULL,
  `zip_postal_code` varchar(10) COLLATE utf8_unicode_ci DEFAULT NULL,
  `telephone` varchar(20) COLLATE utf8_unicode_ci DEFAULT NULL,
  `fax` varchar(20) COLLATE utf8_unicode_ci DEFAULT NULL,
  `vat_number` varchar(50) COLLATE utf8_unicode_ci DEFAULT NULL,
  `type` enum('shipping','billing') COLLATE utf8_unicode_ci DEFAULT NULL,
  `status` tinyint(4) DEFAULT '0',
  PRIMARY KEY (`id`)
) ENGINE=InnoDB AUTO_INCREMENT=2 DEFAULT CHARSET=utf8 COLLATE=utf8_unicode_ci;

/*Data for the table `t_user_address` */

insert  into `t_user_address`(`id`,`fk_user`,`date_created`,`date_used`,`count_used`,`fullname`,`company`,`street_address`,`city`,`country`,`fk_state_province`,`zip_postal_code`,`telephone`,`fax`,`vat_number`,`type`,`status`) values (1,2,NULL,NULL,1,NULL,NULL,'12 Wall st\r\n','0','America',NULL,NULL,'012347888',NULL,NULL,NULL,0);

/*Table structure for table `t_user_role` */

DROP TABLE IF EXISTS `t_user_role`;

CREATE TABLE `t_user_role` (
  `id` int(11) NOT NULL AUTO_INCREMENT,
  `fk_user` int(11) DEFAULT NULL,
  `fk_role` int(11) DEFAULT NULL,
  PRIMARY KEY (`id`)
) ENGINE=InnoDB AUTO_INCREMENT=4 DEFAULT CHARSET=utf8 COLLATE=utf8_unicode_ci;

/*Data for the table `t_user_role` */

insert  into `t_user_role`(`id`,`fk_user`,`fk_role`) values (1,1,1),(2,2,2),(3,3,4);

/*Table structure for table `t_wishlist` */

DROP TABLE IF EXISTS `t_wishlist`;

CREATE TABLE `t_wishlist` (
  `id` int(11) NOT NULL AUTO_INCREMENT,
  `fk_customer` int(11) DEFAULT NULL,
  `name` varchar(255) COLLATE utf8_unicode_ci DEFAULT NULL,
  `remind_date` datetime DEFAULT NULL,
  `note` text COLLATE utf8_unicode_ci,
  `date_created` datetime DEFAULT NULL,
  PRIMARY KEY (`id`)
) ENGINE=InnoDB AUTO_INCREMENT=737 DEFAULT CHARSET=utf8 COLLATE=utf8_unicode_ci;

/*Data for the table `t_wishlist` */

insert  into `t_wishlist`(`id`,`fk_customer`,`name`,`remind_date`,`note`,`date_created`) values (22,5,'main',NULL,NULL,'2014-06-01 11:32:15'),(23,NULL,'main',NULL,NULL,'2014-06-01 22:51:46'),(24,NULL,'main',NULL,NULL,'2014-06-01 23:01:26'),(25,NULL,'main',NULL,NULL,'2014-06-01 23:01:34'),(26,NULL,'main',NULL,NULL,'2014-06-08 17:21:21'),(27,NULL,'main',NULL,NULL,'2014-06-13 19:12:38'),(28,NULL,'main',NULL,NULL,'2014-06-13 19:19:10'),(29,NULL,'main',NULL,NULL,'2014-06-25 22:07:54'),(30,NULL,'main',NULL,NULL,'2014-06-30 19:58:49'),(31,NULL,'main',NULL,NULL,'2014-06-30 20:13:16'),(32,NULL,'main',NULL,NULL,'2014-07-05 17:52:49'),(33,NULL,'main',NULL,NULL,'2014-07-06 07:33:38'),(34,NULL,'main',NULL,NULL,'2014-07-06 07:41:15'),(35,NULL,'main',NULL,NULL,'2014-07-06 07:47:40'),(36,NULL,'main',NULL,NULL,'2014-07-06 08:53:49'),(37,NULL,'main',NULL,NULL,'2014-07-06 09:18:58'),(38,NULL,'main',NULL,NULL,'2014-07-06 10:04:21'),(39,NULL,'main',NULL,NULL,'2014-07-06 13:07:41'),(40,NULL,'main',NULL,NULL,'2014-07-06 13:40:33'),(41,NULL,'main',NULL,NULL,'2014-07-06 13:43:31'),(42,NULL,'main',NULL,NULL,'2014-07-09 21:31:33'),(43,NULL,'main',NULL,NULL,'2014-07-09 21:42:36'),(44,NULL,'main',NULL,NULL,'2014-07-09 21:59:57'),(45,NULL,'main',NULL,NULL,'2014-07-16 18:56:14'),(46,NULL,'main',NULL,NULL,'2014-08-24 14:14:36'),(47,NULL,'main',NULL,NULL,'2014-08-24 14:14:38'),(48,NULL,'main',NULL,NULL,'2014-08-24 14:15:10'),(49,NULL,'main',NULL,NULL,'2014-08-24 14:15:12'),(50,NULL,'main',NULL,NULL,'2014-08-24 14:15:21'),(51,NULL,'main',NULL,NULL,'2014-08-24 14:15:23'),(52,NULL,'main',NULL,NULL,'2014-08-24 14:16:05'),(53,NULL,'main',NULL,NULL,'2014-08-24 14:16:07'),(54,NULL,'main',NULL,NULL,'2014-08-24 14:16:13'),(55,NULL,'main',NULL,NULL,'2014-08-24 14:16:15'),(56,NULL,'main',NULL,NULL,'2014-08-24 14:16:42'),(57,NULL,'main',NULL,NULL,'2014-08-24 14:16:44'),(58,NULL,'main',NULL,NULL,'2014-08-24 14:18:08'),(59,NULL,'main',NULL,NULL,'2014-08-24 14:18:10'),(60,NULL,'main',NULL,NULL,'2014-08-24 14:18:19'),(61,NULL,'main',NULL,NULL,'2014-08-24 14:18:21'),(62,NULL,'main',NULL,NULL,'2014-08-24 14:19:30'),(63,NULL,'main',NULL,NULL,'2014-08-24 14:19:32'),(64,NULL,'main',NULL,NULL,'2014-08-24 14:19:47'),(65,NULL,'main',NULL,NULL,'2014-08-24 14:19:49'),(66,NULL,'main',NULL,NULL,'2014-08-24 14:20:15'),(67,NULL,'main',NULL,NULL,'2014-08-24 14:20:17'),(68,NULL,'main',NULL,NULL,'2014-08-24 14:20:21'),(69,NULL,'main',NULL,NULL,'2014-08-24 14:20:23'),(70,NULL,'main',NULL,NULL,'2014-08-24 14:21:48'),(71,NULL,'main',NULL,NULL,'2014-08-24 14:21:50'),(72,NULL,'main',NULL,NULL,'2014-08-24 14:22:47'),(73,NULL,'main',NULL,NULL,'2014-08-24 14:22:49'),(74,NULL,'main',NULL,NULL,'2014-08-24 14:24:42'),(75,NULL,'main',NULL,NULL,'2014-08-24 14:24:44'),(76,NULL,'main',NULL,NULL,'2014-08-24 14:26:35'),(77,NULL,'main',NULL,NULL,'2014-08-24 14:26:37'),(78,NULL,'main',NULL,NULL,'2014-08-24 14:28:28'),(79,NULL,'main',NULL,NULL,'2014-08-24 14:28:30'),(80,NULL,'main',NULL,NULL,'2014-08-24 14:31:59'),(81,NULL,'main',NULL,NULL,'2014-08-24 14:32:01'),(82,NULL,'main',NULL,NULL,'2014-08-24 14:32:19'),(83,NULL,'main',NULL,NULL,'2014-08-24 14:32:21'),(84,NULL,'main',NULL,NULL,'2014-08-24 14:32:38'),(85,NULL,'main',NULL,NULL,'2014-08-24 14:32:40'),(86,NULL,'main',NULL,NULL,'2014-08-24 14:32:49'),(87,NULL,'main',NULL,NULL,'2014-08-24 14:32:51'),(88,NULL,'main',NULL,NULL,'2014-08-24 14:33:04'),(89,NULL,'main',NULL,NULL,'2014-08-24 14:33:06'),(90,NULL,'main',NULL,NULL,'2014-08-24 14:33:16'),(91,NULL,'main',NULL,NULL,'2014-08-24 14:33:18'),(92,NULL,'main',NULL,NULL,'2014-08-24 14:36:25'),(93,NULL,'main',NULL,NULL,'2014-08-24 14:36:27'),(94,NULL,'main',NULL,NULL,'2014-08-24 14:37:52'),(95,NULL,'main',NULL,NULL,'2014-08-24 14:37:54'),(96,NULL,'main',NULL,NULL,'2014-08-24 14:39:06'),(97,NULL,'main',NULL,NULL,'2014-08-24 14:39:08'),(98,NULL,'main',NULL,NULL,'2014-08-24 14:41:39'),(99,NULL,'main',NULL,NULL,'2014-08-24 14:41:41'),(100,NULL,'main',NULL,NULL,'2014-08-24 14:42:21'),(101,NULL,'main',NULL,NULL,'2014-08-24 14:42:23'),(102,NULL,'main',NULL,NULL,'2014-08-24 14:42:36'),(103,NULL,'main',NULL,NULL,'2014-08-24 14:42:38'),(104,NULL,'main',NULL,NULL,'2014-08-24 14:42:43'),(105,NULL,'main',NULL,NULL,'2014-08-24 14:42:45'),(106,NULL,'main',NULL,NULL,'2014-08-24 14:43:44'),(107,NULL,'main',NULL,NULL,'2014-08-24 14:43:45'),(108,NULL,'main',NULL,NULL,'2014-08-24 14:43:56'),(109,NULL,'main',NULL,NULL,'2014-08-24 14:43:57'),(110,NULL,'main',NULL,NULL,'2014-08-24 14:44:19'),(111,NULL,'main',NULL,NULL,'2014-08-24 14:44:21'),(112,NULL,'main',NULL,NULL,'2014-08-24 14:48:36'),(113,NULL,'main',NULL,NULL,'2014-08-24 14:48:38'),(114,NULL,'main',NULL,NULL,'2014-08-24 14:49:16'),(115,NULL,'main',NULL,NULL,'2014-08-24 14:49:18'),(116,NULL,'main',NULL,NULL,'2014-08-24 14:49:59'),(117,NULL,'main',NULL,NULL,'2014-08-24 14:50:02'),(118,NULL,'main',NULL,NULL,'2014-08-24 14:52:36'),(119,NULL,'main',NULL,NULL,'2014-08-24 14:52:39'),(120,NULL,'main',NULL,NULL,'2014-08-24 14:52:50'),(121,NULL,'main',NULL,NULL,'2014-08-24 14:52:52'),(122,NULL,'main',NULL,NULL,'2014-08-24 14:57:33'),(123,NULL,'main',NULL,NULL,'2014-08-24 14:57:35'),(124,NULL,'main',NULL,NULL,'2014-08-24 14:59:54'),(125,NULL,'main',NULL,NULL,'2014-08-24 14:59:57'),(126,NULL,'main',NULL,NULL,'2014-08-24 15:00:09'),(127,NULL,'main',NULL,NULL,'2014-08-24 15:00:11'),(128,NULL,'main',NULL,NULL,'2014-08-24 15:00:32'),(129,NULL,'main',NULL,NULL,'2014-08-24 15:00:34'),(130,NULL,'main',NULL,NULL,'2014-08-24 15:00:48'),(131,NULL,'main',NULL,NULL,'2014-08-24 15:00:51'),(132,NULL,'main',NULL,NULL,'2014-08-24 15:01:19'),(133,NULL,'main',NULL,NULL,'2014-08-24 15:01:21'),(134,NULL,'main',NULL,NULL,'2014-08-24 15:01:41'),(135,NULL,'main',NULL,NULL,'2014-08-24 15:01:43'),(136,NULL,'main',NULL,NULL,'2014-08-24 15:02:12'),(137,NULL,'main',NULL,NULL,'2014-08-24 15:02:14'),(138,NULL,'main',NULL,NULL,'2014-08-24 15:02:21'),(139,NULL,'main',NULL,NULL,'2014-08-24 15:02:23'),(140,NULL,'main',NULL,NULL,'2014-08-24 15:02:29'),(141,NULL,'main',NULL,NULL,'2014-08-24 15:02:38'),(142,NULL,'main',NULL,NULL,'2014-08-24 15:04:15'),(143,NULL,'main',NULL,NULL,'2014-08-24 15:04:17'),(144,NULL,'main',NULL,NULL,'2014-08-24 15:04:19'),(145,NULL,'main',NULL,NULL,'2014-08-24 15:04:20'),(146,NULL,'main',NULL,NULL,'2014-08-24 15:07:02'),(147,NULL,'main',NULL,NULL,'2014-08-24 15:07:04'),(148,NULL,'main',NULL,NULL,'2014-08-24 15:07:39'),(149,NULL,'main',NULL,NULL,'2014-08-24 15:07:41'),(150,NULL,'main',NULL,NULL,'2014-08-24 15:07:56'),(151,NULL,'main',NULL,NULL,'2014-08-24 15:07:58'),(152,NULL,'main',NULL,NULL,'2014-08-24 15:08:03'),(153,NULL,'main',NULL,NULL,'2014-08-24 15:08:04'),(154,NULL,'main',NULL,NULL,'2014-08-24 15:08:33'),(155,NULL,'main',NULL,NULL,'2014-08-24 15:08:34'),(156,NULL,'main',NULL,NULL,'2014-08-24 15:08:44'),(157,NULL,'main',NULL,NULL,'2014-08-24 15:08:46'),(158,NULL,'main',NULL,NULL,'2014-08-24 16:02:32'),(159,NULL,'main',NULL,NULL,'2014-08-24 16:02:34'),(160,NULL,'main',NULL,NULL,'2014-08-24 16:03:07'),(161,NULL,'main',NULL,NULL,'2014-08-24 16:03:09'),(162,NULL,'main',NULL,NULL,'2014-08-24 16:03:51'),(163,NULL,'main',NULL,NULL,'2014-08-24 16:03:53'),(164,NULL,'main',NULL,NULL,'2014-08-24 16:07:23'),(165,NULL,'main',NULL,NULL,'2014-08-24 16:07:25'),(166,NULL,'main',NULL,NULL,'2014-08-24 16:08:17'),(167,NULL,'main',NULL,NULL,'2014-08-24 16:08:19'),(168,NULL,'main',NULL,NULL,'2014-08-24 16:11:19'),(169,NULL,'main',NULL,NULL,'2014-08-24 16:11:21'),(170,NULL,'main',NULL,NULL,'2014-08-24 16:11:29'),(171,NULL,'main',NULL,NULL,'2014-08-24 16:11:30'),(172,NULL,'main',NULL,NULL,'2014-08-24 16:14:49'),(173,NULL,'main',NULL,NULL,'2014-08-24 16:14:51'),(174,NULL,'main',NULL,NULL,'2014-08-24 16:27:31'),(175,NULL,'main',NULL,NULL,'2014-08-24 16:27:33'),(176,NULL,'main',NULL,NULL,'2014-08-24 16:27:45'),(177,NULL,'main',NULL,NULL,'2014-08-24 16:27:47'),(178,NULL,'main',NULL,NULL,'2014-08-24 16:28:18'),(179,NULL,'main',NULL,NULL,'2014-08-24 16:28:20'),(180,NULL,'main',NULL,NULL,'2014-08-24 16:28:37'),(181,NULL,'main',NULL,NULL,'2014-08-24 16:28:39'),(182,NULL,'main',NULL,NULL,'2014-08-24 16:29:01'),(183,NULL,'main',NULL,NULL,'2014-08-24 16:29:03'),(184,NULL,'main',NULL,NULL,'2014-08-24 16:31:38'),(185,NULL,'main',NULL,NULL,'2014-08-24 16:31:40'),(186,NULL,'main',NULL,NULL,'2014-08-24 16:32:20'),(187,NULL,'main',NULL,NULL,'2014-08-24 16:32:22'),(188,NULL,'main',NULL,NULL,'2014-08-24 16:32:45'),(189,NULL,'main',NULL,NULL,'2014-08-24 16:32:47'),(190,NULL,'main',NULL,NULL,'2014-08-24 16:33:11'),(191,NULL,'main',NULL,NULL,'2014-08-24 16:33:13'),(192,NULL,'main',NULL,NULL,'2014-08-24 16:33:45'),(193,NULL,'main',NULL,NULL,'2014-08-24 16:33:47'),(194,NULL,'main',NULL,NULL,'2014-08-24 16:34:31'),(195,NULL,'main',NULL,NULL,'2014-08-24 16:34:33'),(196,NULL,'main',NULL,NULL,'2014-08-24 16:34:41'),(197,NULL,'main',NULL,NULL,'2014-08-24 16:34:43'),(198,NULL,'main',NULL,NULL,'2014-08-24 16:35:13'),(199,NULL,'main',NULL,NULL,'2014-08-24 16:35:15'),(200,NULL,'main',NULL,NULL,'2014-08-24 16:35:36'),(201,NULL,'main',NULL,NULL,'2014-08-24 16:35:38'),(202,NULL,'main',NULL,NULL,'2014-08-24 16:36:01'),(203,NULL,'main',NULL,NULL,'2014-08-24 16:36:03'),(204,NULL,'main',NULL,NULL,'2014-08-24 16:36:18'),(205,NULL,'main',NULL,NULL,'2014-08-24 16:36:20'),(206,NULL,'main',NULL,NULL,'2014-08-24 16:36:49'),(207,NULL,'main',NULL,NULL,'2014-08-24 16:36:51'),(208,NULL,'main',NULL,NULL,'2014-08-24 16:37:35'),(209,NULL,'main',NULL,NULL,'2014-08-24 16:37:38'),(210,NULL,'main',NULL,NULL,'2014-08-24 16:37:52'),(211,NULL,'main',NULL,NULL,'2014-08-24 16:37:54'),(212,NULL,'main',NULL,NULL,'2014-08-24 16:40:39'),(213,NULL,'main',NULL,NULL,'2014-08-24 16:40:41'),(214,NULL,'main',NULL,NULL,'2014-08-24 16:40:54'),(215,NULL,'main',NULL,NULL,'2014-08-24 16:40:56'),(216,NULL,'main',NULL,NULL,'2014-08-24 16:41:08'),(217,NULL,'main',NULL,NULL,'2014-08-24 16:41:10'),(218,NULL,'main',NULL,NULL,'2014-08-24 16:41:30'),(219,NULL,'main',NULL,NULL,'2014-08-24 16:41:32'),(220,NULL,'main',NULL,NULL,'2014-08-24 16:42:01'),(221,NULL,'main',NULL,NULL,'2014-08-24 16:42:03'),(222,NULL,'main',NULL,NULL,'2014-08-24 16:42:17'),(223,NULL,'main',NULL,NULL,'2014-08-24 16:42:19'),(224,NULL,'main',NULL,NULL,'2014-08-24 16:44:32'),(225,NULL,'main',NULL,NULL,'2014-08-24 16:44:34'),(226,NULL,'main',NULL,NULL,'2014-08-24 16:44:45'),(227,NULL,'main',NULL,NULL,'2014-08-24 16:44:47'),(228,NULL,'main',NULL,NULL,'2014-08-24 16:45:28'),(229,NULL,'main',NULL,NULL,'2014-08-24 16:45:31'),(230,NULL,'main',NULL,NULL,'2014-08-24 16:45:36'),(231,NULL,'main',NULL,NULL,'2014-08-24 16:45:38'),(232,NULL,'main',NULL,NULL,'2014-08-24 16:46:05'),(233,NULL,'main',NULL,NULL,'2014-08-24 16:46:07'),(234,NULL,'main',NULL,NULL,'2014-08-24 16:46:40'),(235,NULL,'main',NULL,NULL,'2014-08-24 16:46:43'),(236,NULL,'main',NULL,NULL,'2014-08-24 16:47:33'),(237,NULL,'main',NULL,NULL,'2014-08-24 16:47:34'),(238,NULL,'main',NULL,NULL,'2014-08-24 16:47:46'),(239,NULL,'main',NULL,NULL,'2014-08-24 16:47:47'),(240,NULL,'main',NULL,NULL,'2014-08-24 16:49:53'),(241,NULL,'main',NULL,NULL,'2014-08-24 16:49:54'),(242,NULL,'main',NULL,NULL,'2014-08-24 16:50:39'),(243,NULL,'main',NULL,NULL,'2014-08-24 16:50:41'),(244,NULL,'main',NULL,NULL,'2014-08-24 16:53:39'),(245,NULL,'main',NULL,NULL,'2014-08-24 16:53:41'),(246,NULL,'main',NULL,NULL,'2014-08-24 16:54:05'),(247,NULL,'main',NULL,NULL,'2014-08-24 16:54:07'),(248,NULL,'main',NULL,NULL,'2014-08-24 16:55:11'),(249,NULL,'main',NULL,NULL,'2014-08-24 16:55:13'),(250,NULL,'main',NULL,NULL,'2014-08-24 16:56:14'),(251,NULL,'main',NULL,NULL,'2014-08-24 16:56:16'),(252,NULL,'main',NULL,NULL,'2014-08-24 16:56:30'),(253,NULL,'main',NULL,NULL,'2014-08-24 16:56:31'),(254,NULL,'main',NULL,NULL,'2014-08-24 17:05:32'),(255,NULL,'main',NULL,NULL,'2014-08-24 17:05:34'),(256,NULL,'main',NULL,NULL,'2014-08-24 17:05:43'),(257,NULL,'main',NULL,NULL,'2014-08-24 17:05:45'),(258,NULL,'main',NULL,NULL,'2014-08-24 17:06:23'),(259,NULL,'main',NULL,NULL,'2014-08-24 17:06:25'),(260,NULL,'main',NULL,NULL,'2014-08-24 17:06:36'),(261,NULL,'main',NULL,NULL,'2014-08-24 17:06:38'),(262,NULL,'main',NULL,NULL,'2014-08-24 17:06:53'),(263,NULL,'main',NULL,NULL,'2014-08-24 17:06:55'),(264,NULL,'main',NULL,NULL,'2014-08-24 17:07:06'),(265,NULL,'main',NULL,NULL,'2014-08-24 17:07:08'),(266,NULL,'main',NULL,NULL,'2014-08-24 17:07:28'),(267,NULL,'main',NULL,NULL,'2014-08-24 17:07:31'),(268,NULL,'main',NULL,NULL,'2014-08-24 17:11:20'),(269,NULL,'main',NULL,NULL,'2014-08-24 17:11:22'),(270,NULL,'main',NULL,NULL,'2014-08-24 17:12:16'),(271,NULL,'main',NULL,NULL,'2014-08-24 17:12:20'),(272,NULL,'main',NULL,NULL,'2014-08-24 17:20:02'),(273,NULL,'main',NULL,NULL,'2014-08-24 17:20:04'),(274,NULL,'main',NULL,NULL,'2014-08-24 17:28:31'),(275,NULL,'main',NULL,NULL,'2014-08-24 17:28:33'),(276,NULL,'main',NULL,NULL,'2014-08-24 17:28:51'),(277,NULL,'main',NULL,NULL,'2014-08-24 17:28:53'),(278,NULL,'main',NULL,NULL,'2014-08-24 17:29:10'),(279,NULL,'main',NULL,NULL,'2014-08-24 17:29:12'),(280,NULL,'main',NULL,NULL,'2014-08-24 17:29:55'),(281,NULL,'main',NULL,NULL,'2014-08-24 17:30:40'),(282,NULL,'main',NULL,NULL,'2014-08-24 17:30:52'),(283,NULL,'main',NULL,NULL,'2014-08-24 17:33:53'),(284,NULL,'main',NULL,NULL,'2014-08-24 17:34:20'),(285,NULL,'main',NULL,NULL,'2014-08-24 17:34:37'),(286,NULL,'main',NULL,NULL,'2014-08-24 17:35:45'),(287,NULL,'main',NULL,NULL,'2014-08-24 18:03:53'),(288,NULL,'main',NULL,NULL,'2014-08-24 18:04:21'),(289,NULL,'main',NULL,NULL,'2014-08-24 18:04:46'),(290,NULL,'main',NULL,NULL,'2014-08-24 18:04:57'),(291,NULL,'main',NULL,NULL,'2014-08-24 18:07:23'),(292,NULL,'main',NULL,NULL,'2014-08-24 18:08:07'),(293,NULL,'main',NULL,NULL,'2014-08-24 18:08:24'),(294,NULL,'main',NULL,NULL,'2014-08-24 18:08:38'),(295,NULL,'main',NULL,NULL,'2014-08-24 18:08:57'),(296,NULL,'main',NULL,NULL,'2014-08-24 18:09:02'),(297,NULL,'main',NULL,NULL,'2014-08-24 18:09:23'),(298,NULL,'main',NULL,NULL,'2014-08-24 18:18:11'),(299,NULL,'main',NULL,NULL,'2014-08-24 18:18:43'),(300,NULL,'main',NULL,NULL,'2014-08-24 18:18:51'),(301,NULL,'main',NULL,NULL,'2014-08-24 18:19:18'),(302,NULL,'main',NULL,NULL,'2014-08-24 18:19:28'),(303,NULL,'main',NULL,NULL,'2014-08-24 18:19:33'),(304,NULL,'main',NULL,NULL,'2014-08-24 18:23:16'),(305,NULL,'main',NULL,NULL,'2014-08-24 18:41:01'),(306,NULL,'main',NULL,NULL,'2014-08-24 18:42:30'),(307,NULL,'main',NULL,NULL,'2014-08-24 18:42:49'),(308,NULL,'main',NULL,NULL,'2014-08-24 18:43:01'),(309,NULL,'main',NULL,NULL,'2014-08-24 18:47:52'),(310,NULL,'main',NULL,NULL,'2014-08-24 18:55:23'),(311,NULL,'main',NULL,NULL,'2014-08-24 20:40:12'),(312,NULL,'main',NULL,NULL,'2014-08-24 20:49:15'),(313,NULL,'main',NULL,NULL,'2014-08-24 20:49:40'),(314,NULL,'main',NULL,NULL,'2014-08-24 20:50:49'),(315,NULL,'main',NULL,NULL,'2014-08-24 20:51:22'),(316,NULL,'main',NULL,NULL,'2014-08-24 21:20:46'),(317,NULL,'main',NULL,NULL,'2014-08-24 21:21:19'),(318,NULL,'main',NULL,NULL,'2014-08-24 21:22:01'),(319,NULL,'main',NULL,NULL,'2014-08-24 21:22:18'),(320,NULL,'main',NULL,NULL,'2014-08-24 21:22:50'),(321,NULL,'main',NULL,NULL,'2014-08-24 21:22:55'),(322,NULL,'main',NULL,NULL,'2014-08-24 21:23:42'),(323,NULL,'main',NULL,NULL,'2014-08-24 21:23:50'),(324,NULL,'main',NULL,NULL,'2014-08-24 21:24:43'),(325,NULL,'main',NULL,NULL,'2014-08-24 21:25:09'),(326,NULL,'main',NULL,NULL,'2014-08-24 21:25:18'),(327,NULL,'main',NULL,NULL,'2014-08-24 21:26:37'),(328,NULL,'main',NULL,NULL,'2014-08-24 21:32:36'),(329,NULL,'main',NULL,NULL,'2014-08-24 21:33:08'),(330,NULL,'main',NULL,NULL,'2014-08-24 21:33:48'),(331,NULL,'main',NULL,NULL,'2014-08-24 21:34:42'),(332,NULL,'main',NULL,NULL,'2014-08-24 21:35:01'),(333,NULL,'main',NULL,NULL,'2014-08-24 21:35:17'),(334,NULL,'main',NULL,NULL,'2014-08-24 21:50:09'),(335,NULL,'main',NULL,NULL,'2014-08-24 21:55:00'),(336,NULL,'main',NULL,NULL,'2014-08-24 22:02:01'),(337,NULL,'main',NULL,NULL,'2014-08-24 22:02:47'),(338,NULL,'main',NULL,NULL,'2014-08-24 22:06:29'),(339,NULL,'main',NULL,NULL,'2014-08-24 22:06:50'),(340,NULL,'main',NULL,NULL,'2014-08-24 22:06:53'),(341,NULL,'main',NULL,NULL,'2014-08-24 22:07:07'),(342,NULL,'main',NULL,NULL,'2014-08-24 22:07:15'),(343,NULL,'main',NULL,NULL,'2014-08-24 22:10:36'),(344,NULL,'main',NULL,NULL,'2014-08-24 22:11:11'),(345,NULL,'main',NULL,NULL,'2014-08-24 22:11:18'),(346,NULL,'main',NULL,NULL,'2014-08-24 22:13:09'),(347,NULL,'main',NULL,NULL,'2014-08-24 22:13:31'),(348,NULL,'main',NULL,NULL,'2014-08-24 22:15:38'),(349,NULL,'main',NULL,NULL,'2014-08-24 22:15:54'),(350,NULL,'main',NULL,NULL,'2014-08-24 22:21:29'),(351,NULL,'main',NULL,NULL,'2014-08-24 22:25:58'),(352,NULL,'main',NULL,NULL,'2014-08-24 22:26:29'),(353,NULL,'main',NULL,NULL,'2014-08-24 22:27:18'),(354,NULL,'main',NULL,NULL,'2014-08-24 22:27:25'),(355,NULL,'main',NULL,NULL,'2014-08-24 22:28:29'),(356,NULL,'main',NULL,NULL,'2014-08-24 22:28:56'),(357,NULL,'main',NULL,NULL,'2014-08-24 22:29:13'),(358,NULL,'main',NULL,NULL,'2014-08-24 22:30:22'),(359,NULL,'main',NULL,NULL,'2014-08-24 22:31:29'),(360,NULL,'main',NULL,NULL,'2014-08-24 22:32:02'),(361,NULL,'main',NULL,NULL,'2014-08-24 22:34:22'),(362,NULL,'main',NULL,NULL,'2014-08-24 22:37:05'),(363,NULL,'main',NULL,NULL,'2014-08-24 22:37:49'),(364,NULL,'main',NULL,NULL,'2014-08-24 22:38:11'),(365,NULL,'main',NULL,NULL,'2014-08-24 22:38:51'),(366,NULL,'main',NULL,NULL,'2014-08-24 22:39:13'),(367,NULL,'main',NULL,NULL,'2014-08-24 22:39:36'),(368,NULL,'main',NULL,NULL,'2014-08-24 22:49:10'),(369,NULL,'main',NULL,NULL,'2014-08-24 22:49:33'),(370,NULL,'main',NULL,NULL,'2014-08-24 22:49:49'),(371,NULL,'main',NULL,NULL,'2014-08-24 22:50:34'),(372,NULL,'main',NULL,NULL,'2014-08-24 22:50:49'),(373,NULL,'main',NULL,NULL,'2014-08-24 22:51:12'),(374,NULL,'main',NULL,NULL,'2014-08-24 22:51:36'),(375,NULL,'main',NULL,NULL,'2014-08-24 22:52:59'),(376,NULL,'main',NULL,NULL,'2014-08-24 22:53:26'),(377,NULL,'main',NULL,NULL,'2014-08-24 22:54:14'),(378,NULL,'main',NULL,NULL,'2014-08-24 22:54:20'),(379,NULL,'main',NULL,NULL,'2014-08-24 22:54:26'),(380,NULL,'main',NULL,NULL,'2014-08-24 22:54:55'),(381,NULL,'main',NULL,NULL,'2014-08-24 22:55:21'),(382,NULL,'main',NULL,NULL,'2014-08-24 22:55:40'),(383,NULL,'main',NULL,NULL,'2014-08-24 22:55:49'),(384,NULL,'main',NULL,NULL,'2014-08-24 22:56:06'),(385,NULL,'main',NULL,NULL,'2014-08-24 22:59:16'),(386,NULL,'main',NULL,NULL,'2014-08-24 22:59:35'),(387,NULL,'main',NULL,NULL,'2014-08-24 23:02:25'),(388,NULL,'main',NULL,NULL,'2014-08-24 23:02:41'),(389,NULL,'main',NULL,NULL,'2014-08-24 23:04:22'),(390,NULL,'main',NULL,NULL,'2014-08-24 23:06:21'),(391,NULL,'main',NULL,NULL,'2014-08-24 23:07:14'),(392,NULL,'main',NULL,NULL,'2014-08-24 23:12:41'),(393,NULL,'main',NULL,NULL,'2014-08-24 23:13:32'),(394,NULL,'main',NULL,NULL,'2014-08-24 23:14:04'),(395,NULL,'main',NULL,NULL,'2014-08-24 23:14:35'),(396,NULL,'main',NULL,NULL,'2014-08-24 23:15:41'),(397,NULL,'main',NULL,NULL,'2014-08-24 23:16:31'),(398,NULL,'main',NULL,NULL,'2014-08-24 23:18:18'),(399,NULL,'main',NULL,NULL,'2014-08-24 23:37:13'),(400,NULL,'main',NULL,NULL,'2014-08-25 20:55:07'),(401,NULL,'main',NULL,NULL,'2014-08-25 21:09:53'),(402,NULL,'main',NULL,NULL,'2014-08-25 21:17:25'),(403,NULL,'main',NULL,NULL,'2014-08-25 21:25:43'),(404,NULL,'main',NULL,NULL,'2014-08-25 21:25:48'),(405,NULL,'main',NULL,NULL,'2014-08-25 21:28:04'),(406,NULL,'main',NULL,NULL,'2014-08-25 21:28:06'),(407,NULL,'main',NULL,NULL,'2014-08-25 21:29:08'),(408,NULL,'main',NULL,NULL,'2014-08-25 21:59:33'),(409,NULL,'main',NULL,NULL,'2014-08-25 22:00:21'),(410,NULL,'main',NULL,NULL,'2014-08-27 21:13:03'),(411,NULL,'main',NULL,NULL,'2014-08-27 22:09:01'),(412,NULL,'main',NULL,NULL,'2014-08-29 21:59:47'),(413,NULL,'main',NULL,NULL,'2014-08-29 22:23:34'),(414,NULL,'main',NULL,NULL,'2014-08-31 11:43:38'),(415,NULL,'main',NULL,NULL,'2014-08-31 14:55:25'),(416,NULL,'main',NULL,NULL,'2014-08-31 19:00:08'),(417,NULL,'main',NULL,NULL,'2014-08-31 19:03:39'),(418,NULL,'main',NULL,NULL,'2014-08-31 19:03:43'),(419,NULL,'main',NULL,NULL,'2014-08-31 19:39:35'),(420,NULL,'main',NULL,NULL,'2014-08-31 19:44:36'),(421,NULL,'main',NULL,NULL,'2014-08-31 19:45:19'),(422,NULL,'main',NULL,NULL,'2014-08-31 19:45:45'),(423,NULL,'main',NULL,NULL,'2014-08-31 19:47:45'),(424,NULL,'main',NULL,NULL,'2014-08-31 19:48:13'),(425,NULL,'main',NULL,NULL,'2014-08-31 19:49:58'),(426,NULL,'main',NULL,NULL,'2014-08-31 19:50:54'),(427,NULL,'main',NULL,NULL,'2014-08-31 19:51:10'),(428,NULL,'main',NULL,NULL,'2014-08-31 19:51:44'),(429,NULL,'main',NULL,NULL,'2014-09-05 21:53:17'),(430,NULL,'main',NULL,NULL,'2014-09-11 22:19:59'),(431,NULL,'main',NULL,NULL,'2014-09-11 22:30:32'),(432,NULL,'main',NULL,NULL,'2014-09-11 22:50:13'),(433,8,'main',NULL,NULL,'2014-09-13 00:05:55'),(434,NULL,'main',NULL,NULL,'2014-09-13 00:43:39'),(435,NULL,'main',NULL,NULL,'2014-09-13 00:44:22'),(436,NULL,'main',NULL,NULL,'2014-09-13 00:44:24'),(437,NULL,'main',NULL,NULL,'2014-09-13 00:44:42'),(438,NULL,'main',NULL,NULL,'2014-09-13 02:10:51'),(439,NULL,'main',NULL,NULL,'2014-09-15 00:09:10'),(440,NULL,'main',NULL,NULL,'2014-09-15 08:51:06'),(441,9,'main',NULL,NULL,'2014-09-16 16:13:29'),(442,NULL,'main',NULL,NULL,'2014-09-16 21:57:26'),(443,NULL,'main',NULL,NULL,'2014-09-18 14:37:35'),(444,NULL,'main',NULL,NULL,'2014-09-18 18:19:51'),(445,NULL,'main',NULL,NULL,'2014-09-18 18:21:18'),(446,NULL,'main',NULL,NULL,'2014-09-18 21:27:01'),(447,NULL,'main',NULL,NULL,'2014-09-18 21:31:56'),(448,NULL,'main',NULL,NULL,'2014-09-19 14:58:48'),(449,NULL,'main',NULL,NULL,'2014-09-19 15:00:57'),(450,NULL,'main',NULL,NULL,'2014-09-19 15:01:07'),(451,NULL,'main',NULL,NULL,'2014-09-19 15:01:15'),(452,NULL,'main',NULL,NULL,'2014-09-19 16:06:34'),(453,NULL,'main',NULL,NULL,'2014-09-19 16:49:37'),(454,NULL,'main',NULL,NULL,'2014-09-19 19:38:17'),(455,NULL,'main',NULL,NULL,'2014-09-19 19:47:17'),(456,NULL,'main',NULL,NULL,'2014-09-19 19:50:34'),(457,NULL,'main',NULL,NULL,'2014-09-19 19:52:43'),(458,NULL,'main',NULL,NULL,'2014-09-19 19:53:07'),(459,NULL,'main',NULL,NULL,'2014-09-19 19:54:45'),(460,NULL,'main',NULL,NULL,'2014-09-19 19:55:31'),(461,NULL,'main',NULL,NULL,'2014-09-19 19:55:31'),(462,NULL,'main',NULL,NULL,'2014-09-19 20:08:00'),(463,NULL,'main',NULL,NULL,'2014-09-19 20:09:18'),(464,NULL,'main',NULL,NULL,'2014-09-19 21:36:04'),(465,NULL,'main',NULL,NULL,'2014-09-20 10:54:00'),(466,NULL,'main',NULL,NULL,'2014-09-20 10:59:57'),(467,NULL,'main',NULL,NULL,'2014-09-20 11:27:46'),(468,NULL,'main',NULL,NULL,'2014-09-20 11:50:19'),(469,NULL,'main',NULL,NULL,'2014-09-20 18:04:04'),(470,NULL,'main',NULL,NULL,'2014-09-20 18:51:48'),(471,NULL,'main',NULL,NULL,'2014-09-20 18:53:21'),(472,NULL,'main',NULL,NULL,'2014-09-20 18:53:35'),(473,NULL,'main',NULL,NULL,'2014-09-20 18:53:44'),(474,NULL,'main',NULL,NULL,'2014-09-20 18:54:00'),(475,NULL,'main',NULL,NULL,'2014-09-20 18:54:39'),(476,NULL,'main',NULL,NULL,'2014-09-20 23:16:50'),(477,NULL,'main',NULL,NULL,'2014-09-20 23:17:49'),(478,NULL,'main',NULL,NULL,'2014-09-21 09:16:47'),(479,NULL,'main',NULL,NULL,'2014-09-21 10:15:14'),(480,NULL,'main',NULL,NULL,'2014-09-21 10:38:36'),(481,NULL,'main',NULL,NULL,'2014-09-21 16:43:13'),(482,NULL,'main',NULL,NULL,'2014-09-22 08:47:23'),(483,NULL,'main',NULL,NULL,'2014-09-22 08:47:59'),(484,NULL,'main',NULL,NULL,'2014-09-22 08:48:31'),(485,NULL,'main',NULL,NULL,'2014-09-22 09:02:16'),(486,NULL,'main',NULL,NULL,'2014-09-22 09:06:33'),(487,NULL,'main',NULL,NULL,'2014-09-22 16:45:11'),(488,NULL,'main',NULL,NULL,'2014-09-22 17:02:37'),(489,NULL,'main',NULL,NULL,'2014-09-22 22:45:17'),(490,NULL,'main',NULL,NULL,'2014-09-22 23:54:46'),(491,NULL,'main',NULL,NULL,'2014-09-22 23:54:58'),(492,NULL,'main',NULL,NULL,'2014-09-22 23:57:58'),(493,NULL,'main',NULL,NULL,'2014-09-22 23:58:51'),(494,NULL,'main',NULL,NULL,'2014-09-23 11:19:53'),(495,NULL,'main',NULL,NULL,'2014-09-23 16:07:14'),(496,NULL,'main',NULL,NULL,'2014-09-23 16:11:21'),(497,NULL,'main',NULL,NULL,'2014-09-23 16:12:59'),(498,NULL,'main',NULL,NULL,'2014-09-23 16:15:40'),(499,NULL,'main',NULL,NULL,'2014-09-23 17:37:38'),(500,NULL,'main',NULL,NULL,'2014-09-24 09:00:01'),(501,NULL,'main',NULL,NULL,'2014-09-24 09:04:51'),(502,NULL,'main',NULL,NULL,'2014-09-24 09:11:35'),(503,NULL,'main',NULL,NULL,'2014-09-24 09:12:57'),(504,NULL,'main',NULL,NULL,'2014-09-24 11:05:06'),(505,NULL,'main',NULL,NULL,'2014-09-24 11:05:57'),(506,NULL,'main',NULL,NULL,'2014-09-25 09:17:02'),(507,NULL,'main',NULL,NULL,'2014-09-25 09:18:58'),(508,NULL,'main',NULL,NULL,'2014-09-25 09:30:44'),(509,NULL,'main',NULL,NULL,'2014-09-25 09:32:24'),(510,NULL,'main',NULL,NULL,'2014-09-25 15:30:02'),(511,NULL,'main',NULL,NULL,'2014-09-25 15:30:15'),(512,NULL,'main',NULL,NULL,'2014-09-25 15:55:03'),(513,NULL,'main',NULL,NULL,'2014-09-26 19:53:13'),(514,NULL,'main',NULL,NULL,'2014-09-26 19:57:20'),(515,NULL,'main',NULL,NULL,'2014-09-26 20:03:53'),(516,NULL,'main',NULL,NULL,'2014-09-26 20:12:48'),(517,NULL,'main',NULL,NULL,'2014-09-27 11:12:09'),(518,NULL,'main',NULL,NULL,'2014-09-27 14:56:07'),(519,NULL,'main',NULL,NULL,'2014-09-27 16:19:28'),(520,NULL,'main',NULL,NULL,'2014-09-28 15:14:29'),(521,NULL,'main',NULL,NULL,'2014-09-28 15:14:53'),(522,NULL,'main',NULL,NULL,'2014-09-28 21:38:53'),(523,NULL,'main',NULL,NULL,'2014-09-28 21:57:42'),(524,NULL,'main',NULL,NULL,'2014-09-28 21:58:27'),(525,NULL,'main',NULL,NULL,'2014-09-28 22:01:51'),(526,NULL,'main',NULL,NULL,'2014-09-28 22:06:44'),(527,NULL,'main',NULL,NULL,'2014-09-29 06:14:54'),(528,NULL,'main',NULL,NULL,'2014-09-29 15:38:40'),(529,NULL,'main',NULL,NULL,'2014-09-29 15:53:56'),(530,NULL,'main',NULL,NULL,'2014-10-01 04:24:31'),(531,NULL,'main',NULL,NULL,'2014-10-02 00:49:48'),(532,NULL,'main',NULL,NULL,'2014-10-03 11:49:44'),(533,NULL,'main',NULL,NULL,'2014-10-03 18:38:12'),(534,NULL,'main',NULL,NULL,'2014-10-03 18:41:40'),(535,NULL,'main',NULL,NULL,'2014-10-03 19:36:33'),(536,NULL,'main',NULL,NULL,'2014-10-03 19:53:45'),(537,NULL,'main',NULL,NULL,'2014-10-03 19:56:22'),(538,NULL,'main',NULL,NULL,'2014-10-03 19:57:24'),(539,NULL,'main',NULL,NULL,'2014-10-03 20:26:41'),(540,NULL,'main',NULL,NULL,'2014-10-03 20:27:08'),(541,NULL,'main',NULL,NULL,'2014-10-03 21:01:47'),(542,NULL,'main',NULL,NULL,'2014-10-04 08:40:03'),(543,NULL,'main',NULL,NULL,'2014-10-04 12:29:44'),(544,NULL,'main',NULL,NULL,'2014-10-04 12:32:49'),(545,NULL,'main',NULL,NULL,'2014-10-04 12:33:09'),(546,NULL,'main',NULL,NULL,'2014-10-04 13:02:55'),(547,NULL,'main',NULL,NULL,'2014-10-04 15:48:14'),(548,NULL,'main',NULL,NULL,'2014-10-04 15:48:35'),(549,NULL,'main',NULL,NULL,'2014-10-04 18:01:16'),(550,NULL,'main',NULL,NULL,'2014-10-05 20:11:45'),(551,NULL,'main',NULL,NULL,'2014-10-06 01:15:34'),(552,NULL,'main',NULL,NULL,'2014-10-06 01:15:48'),(553,NULL,'main',NULL,NULL,'2014-10-06 01:21:20'),(554,NULL,'main',NULL,NULL,'2014-10-06 01:21:39'),(555,NULL,'main',NULL,NULL,'2014-10-06 16:20:41'),(556,NULL,'main',NULL,NULL,'2014-10-06 19:21:58'),(557,NULL,'main',NULL,NULL,'2014-10-06 19:26:39'),(558,NULL,'main',NULL,NULL,'2014-10-06 19:33:16'),(559,NULL,'main',NULL,NULL,'2014-10-06 19:37:04'),(560,NULL,'main',NULL,NULL,'2014-10-06 23:18:48'),(561,NULL,'main',NULL,NULL,'2014-10-06 23:25:44'),(562,NULL,'main',NULL,NULL,'2014-10-06 23:29:06'),(563,NULL,'main',NULL,NULL,'2014-10-06 23:31:01'),(564,NULL,'main',NULL,NULL,'2014-10-06 23:33:32'),(565,NULL,'main',NULL,NULL,'2014-10-06 23:36:57'),(566,NULL,'main',NULL,NULL,'2014-10-06 23:54:57'),(567,NULL,'main',NULL,NULL,'2014-10-06 23:55:28'),(568,NULL,'main',NULL,NULL,'2014-10-06 23:55:48'),(569,NULL,'main',NULL,NULL,'2014-10-07 10:43:23'),(570,NULL,'main',NULL,NULL,'2014-10-07 14:11:12'),(571,NULL,'main',NULL,NULL,'2014-10-08 21:24:41'),(572,NULL,'main',NULL,NULL,'2014-10-09 00:22:15'),(573,NULL,'main',NULL,NULL,'2014-10-09 09:44:31'),(574,NULL,'main',NULL,NULL,'2014-10-09 10:21:22'),(575,NULL,'main',NULL,NULL,'2014-10-09 10:21:32'),(576,NULL,'main',NULL,NULL,'2014-10-11 11:26:33'),(577,NULL,'main',NULL,NULL,'2014-10-11 12:00:34'),(578,NULL,'main',NULL,NULL,'2014-10-11 15:27:49'),(579,NULL,'main',NULL,NULL,'2014-10-11 19:50:25'),(580,NULL,'main',NULL,NULL,'2014-10-11 19:54:53'),(581,NULL,'main',NULL,NULL,'2014-10-11 19:57:03'),(582,NULL,'main',NULL,NULL,'2014-10-11 19:57:27'),(583,NULL,'main',NULL,NULL,'2014-10-11 19:58:25'),(584,NULL,'main',NULL,NULL,'2014-10-11 20:06:55'),(585,NULL,'main',NULL,NULL,'2014-10-11 20:33:50'),(586,NULL,'main',NULL,NULL,'2014-10-11 20:43:06'),(587,NULL,'main',NULL,NULL,'2014-10-12 09:06:26'),(588,NULL,'main',NULL,NULL,'2014-10-12 10:10:30'),(589,NULL,'main',NULL,NULL,'2014-10-13 03:42:07'),(590,NULL,'main',NULL,NULL,'2014-10-14 17:31:42'),(591,NULL,'main',NULL,NULL,'2014-10-15 01:03:30'),(592,NULL,'main',NULL,NULL,'2014-10-15 03:30:27'),(593,NULL,'main',NULL,NULL,'2014-10-15 04:06:37'),(594,NULL,'main',NULL,NULL,'2014-10-15 21:23:59'),(595,NULL,'main',NULL,NULL,'2014-10-16 02:20:31'),(596,NULL,'main',NULL,NULL,'2014-10-16 06:00:01'),(597,NULL,'main',NULL,NULL,'2014-10-16 15:29:59'),(598,NULL,'main',NULL,NULL,'2014-10-17 08:39:40'),(599,NULL,'main',NULL,NULL,'2014-10-17 19:07:19'),(600,NULL,'main',NULL,NULL,'2014-10-17 19:32:58'),(601,NULL,'main',NULL,NULL,'2014-10-18 06:24:28'),(602,NULL,'main',NULL,NULL,'2014-10-18 10:12:17'),(603,NULL,'main',NULL,NULL,'2014-10-18 17:00:17'),(604,NULL,'main',NULL,NULL,'2014-10-18 17:01:26'),(605,NULL,'main',NULL,NULL,'2014-10-18 22:43:39'),(606,NULL,'main',NULL,NULL,'2014-10-19 01:22:46'),(607,NULL,'main',NULL,NULL,'2014-10-19 01:39:45'),(608,NULL,'main',NULL,NULL,'2014-10-20 10:57:34'),(609,NULL,'main',NULL,NULL,'2014-10-20 21:37:32'),(610,NULL,'main',NULL,NULL,'2014-10-23 11:56:04'),(611,NULL,'main',NULL,NULL,'2014-10-23 15:53:12'),(612,NULL,'main',NULL,NULL,'2014-10-23 18:49:05'),(613,NULL,'main',NULL,NULL,'2014-10-23 21:47:12'),(614,NULL,'main',NULL,NULL,'2014-10-24 16:48:11'),(615,NULL,'main',NULL,NULL,'2014-10-25 17:30:16'),(616,NULL,'main',NULL,NULL,'2014-10-25 19:26:44'),(617,NULL,'main',NULL,NULL,'2014-10-25 19:34:55'),(618,NULL,'main',NULL,NULL,'2014-10-26 23:18:39'),(619,NULL,'main',NULL,NULL,'2014-10-26 23:19:00'),(620,NULL,'main',NULL,NULL,'2014-10-29 11:28:53'),(621,NULL,'main',NULL,NULL,'2014-10-29 17:57:08'),(622,NULL,'main',NULL,NULL,'2014-10-29 17:57:57'),(623,NULL,'main',NULL,NULL,'2014-10-29 22:24:04'),(624,NULL,'main',NULL,NULL,'2014-10-29 22:26:10'),(625,NULL,'main',NULL,NULL,'2014-10-29 22:32:54'),(626,NULL,'main',NULL,NULL,'2014-10-29 22:36:23'),(627,NULL,'main',NULL,NULL,'2014-10-29 22:41:02'),(628,NULL,'main',NULL,NULL,'2014-10-29 23:23:52'),(629,NULL,'main',NULL,NULL,'2014-10-30 03:59:08'),(630,NULL,'main',NULL,NULL,'2014-10-30 11:54:30'),(631,NULL,'main',NULL,NULL,'2014-10-30 11:58:35'),(632,NULL,'main',NULL,NULL,'2014-10-30 11:59:55'),(633,NULL,'main',NULL,NULL,'2014-10-30 11:59:59'),(634,NULL,'main',NULL,NULL,'2014-10-30 12:01:29'),(635,NULL,'main',NULL,NULL,'2014-10-30 12:28:09'),(636,NULL,'main',NULL,NULL,'2014-10-30 12:44:40'),(637,NULL,'main',NULL,NULL,'2014-10-30 13:14:18'),(638,NULL,'main',NULL,NULL,'2014-10-30 13:15:08'),(639,NULL,'main',NULL,NULL,'2014-10-30 13:15:13'),(640,NULL,'main',NULL,NULL,'2014-10-30 17:37:54'),(641,NULL,'main',NULL,NULL,'2014-10-31 08:23:33'),(642,NULL,'main',NULL,NULL,'2014-10-31 20:41:07'),(643,NULL,'main',NULL,NULL,'2014-10-31 20:49:44'),(644,NULL,'main',NULL,NULL,'2014-10-31 21:04:25'),(645,NULL,'main',NULL,NULL,'2014-10-31 21:20:11'),(646,NULL,'main',NULL,NULL,'2014-11-01 09:38:44'),(647,NULL,'main',NULL,NULL,'2014-11-01 23:47:06'),(648,NULL,'main',NULL,NULL,'2014-11-02 21:08:48'),(649,NULL,'main',NULL,NULL,'2014-11-02 21:33:01'),(650,NULL,'main',NULL,NULL,'2014-11-03 15:10:26'),(651,NULL,'main',NULL,NULL,'2014-11-03 17:14:43'),(652,NULL,'main',NULL,NULL,'2014-11-03 17:14:55'),(653,NULL,'main',NULL,NULL,'2014-11-03 17:15:09'),(654,NULL,'main',NULL,NULL,'2014-11-05 01:46:29'),(655,NULL,'main',NULL,NULL,'2014-11-05 16:49:40'),(656,NULL,'main',NULL,NULL,'2014-11-06 14:30:10'),(657,NULL,'main',NULL,NULL,'2014-11-06 15:07:49'),(658,NULL,'main',NULL,NULL,'2014-11-06 15:10:25'),(659,NULL,'main',NULL,NULL,'2014-11-06 16:38:04'),(660,NULL,'main',NULL,NULL,'2014-11-06 17:56:03'),(661,NULL,'main',NULL,NULL,'2014-11-07 17:33:46'),(662,NULL,'main',NULL,NULL,'2014-11-07 20:07:24'),(663,NULL,'main',NULL,NULL,'2014-11-07 20:11:49'),(664,NULL,'main',NULL,NULL,'2014-11-07 20:12:57'),(665,NULL,'main',NULL,NULL,'2014-11-09 02:17:18'),(666,12,'main',NULL,NULL,'2014-11-09 09:12:17'),(667,NULL,'main',NULL,NULL,'2014-11-09 16:41:14'),(668,NULL,'main',NULL,NULL,'2014-11-11 05:21:47'),(669,NULL,'main',NULL,NULL,'2014-11-13 05:39:34'),(670,NULL,'main',NULL,NULL,'2014-11-13 11:21:34'),(671,NULL,'main',NULL,NULL,'2014-11-14 02:46:53'),(672,NULL,'main',NULL,NULL,'2014-11-14 23:14:19'),(673,NULL,'main',NULL,NULL,'2014-11-16 09:07:23'),(674,NULL,'main',NULL,NULL,'2014-11-16 23:50:41'),(675,NULL,'main',NULL,NULL,'2014-11-17 19:48:49'),(676,NULL,'main',NULL,NULL,'2014-11-17 20:33:22'),(677,NULL,'main',NULL,NULL,'2014-11-19 14:22:34'),(678,NULL,'main',NULL,NULL,'2014-11-19 20:52:23'),(679,NULL,'main',NULL,NULL,'2014-11-19 20:56:43'),(680,NULL,'main',NULL,NULL,'2014-11-20 12:35:41'),(681,NULL,'main',NULL,NULL,'2014-11-22 22:11:32'),(682,NULL,'main',NULL,NULL,'2014-11-25 00:28:07'),(683,NULL,'main',NULL,NULL,'2014-11-26 13:52:56'),(684,NULL,'main',NULL,NULL,'2014-11-26 14:00:25'),(685,NULL,'main',NULL,NULL,'2014-11-26 14:02:11'),(686,NULL,'main',NULL,NULL,'2014-11-27 08:08:36'),(687,NULL,'main',NULL,NULL,'2014-11-27 09:27:14'),(688,NULL,'main',NULL,NULL,'2014-11-28 15:49:48'),(689,NULL,'main',NULL,NULL,'2014-11-28 16:08:34'),(690,NULL,'main',NULL,NULL,'2014-11-28 16:08:42'),(691,NULL,'main',NULL,NULL,'2014-11-29 18:17:46'),(692,NULL,'main',NULL,NULL,'2014-11-29 18:19:49'),(693,NULL,'main',NULL,NULL,'2014-11-29 18:20:03'),(694,NULL,'main',NULL,NULL,'2014-11-29 18:20:30'),(695,NULL,'main',NULL,NULL,'2014-11-29 18:21:42'),(696,NULL,'main',NULL,NULL,'2014-11-29 18:26:38'),(697,NULL,'main',NULL,NULL,'2014-11-29 20:48:12'),(698,NULL,'main',NULL,NULL,'2014-11-29 20:49:37'),(699,NULL,'main',NULL,NULL,'2014-11-29 20:52:36'),(700,NULL,'main',NULL,NULL,'2014-11-30 22:46:37'),(701,NULL,'main',NULL,NULL,'2014-12-01 09:39:09'),(702,NULL,'main',NULL,NULL,'2014-12-01 09:41:35'),(703,NULL,'main',NULL,NULL,'2014-12-02 22:37:18'),(704,NULL,'main',NULL,NULL,'2014-12-03 12:11:44'),(705,NULL,'main',NULL,NULL,'2014-12-04 09:57:49'),(706,NULL,'main',NULL,NULL,'2014-12-04 13:04:11'),(707,NULL,'main',NULL,NULL,'2014-12-04 13:05:09'),(708,NULL,'main',NULL,NULL,'2014-12-04 23:14:03'),(709,NULL,'main',NULL,NULL,'2014-12-04 23:14:12'),(710,NULL,'main',NULL,NULL,'2014-12-04 23:14:14'),(711,NULL,'main',NULL,NULL,'2014-12-04 23:14:18'),(712,NULL,'main',NULL,NULL,'2014-12-05 09:24:54'),(713,NULL,'main',NULL,NULL,'2014-12-05 17:36:48'),(714,NULL,'main',NULL,NULL,'2014-12-06 20:52:49'),(715,NULL,'main',NULL,NULL,'2014-12-09 21:38:29'),(716,NULL,'main',NULL,NULL,'2014-12-10 09:51:24'),(717,NULL,'main',NULL,NULL,'2014-12-10 16:09:39'),(718,NULL,'main',NULL,NULL,'2014-12-10 18:28:28'),(719,NULL,'main',NULL,NULL,'2014-12-12 09:12:26'),(720,NULL,'main',NULL,NULL,'2014-12-12 13:40:27'),(721,NULL,'main',NULL,NULL,'2014-12-13 00:25:07'),(722,NULL,'main',NULL,NULL,'2014-12-13 04:20:15'),(723,NULL,'main',NULL,NULL,'2014-12-13 08:18:58'),(724,NULL,'main',NULL,NULL,'2014-12-13 18:07:01'),(725,NULL,'main',NULL,NULL,'2014-12-13 23:02:11'),(726,NULL,'main',NULL,NULL,'2014-12-14 01:01:11'),(727,NULL,'main',NULL,NULL,'2014-12-14 04:57:58'),(728,NULL,'main',NULL,NULL,'2014-12-14 05:11:29'),(729,NULL,'main',NULL,NULL,'2014-12-14 07:50:03'),(730,NULL,'main',NULL,NULL,'2014-12-14 11:37:21'),(731,NULL,'main',NULL,NULL,'2014-12-14 11:37:26'),(732,NULL,'main',NULL,NULL,'2014-12-15 13:33:14'),(733,NULL,'main',NULL,NULL,'2014-12-15 23:33:13'),(734,NULL,'main',NULL,NULL,'2014-12-16 10:36:28'),(735,NULL,'main',NULL,NULL,'2014-12-17 16:17:35'),(736,NULL,'main',NULL,NULL,'2014-12-17 21:12:51');

/*Table structure for table `t_wishlist_detail` */

DROP TABLE IF EXISTS `t_wishlist_detail`;

CREATE TABLE `t_wishlist_detail` (
  `id` int(11) NOT NULL AUTO_INCREMENT,
  `fk_wishlist` int(11) DEFAULT NULL,
  `type` enum('product','note','link') COLLATE utf8_unicode_ci DEFAULT NULL,
  `note` text COLLATE utf8_unicode_ci,
  `fk_product` int(11) DEFAULT NULL,
  `status` tinyint(4) DEFAULT '1',
  PRIMARY KEY (`id`),
  UNIQUE KEY `fk_wishlist` (`fk_wishlist`,`fk_product`)
) ENGINE=InnoDB AUTO_INCREMENT=9 DEFAULT CHARSET=utf8 COLLATE=utf8_unicode_ci;

/*Data for the table `t_wishlist_detail` */

insert  into `t_wishlist_detail`(`id`,`fk_wishlist`,`type`,`note`,`fk_product`,`status`) values (2,441,NULL,NULL,61,0),(3,22,NULL,NULL,61,0),(4,433,NULL,NULL,62,0),(5,433,NULL,NULL,59,0),(7,433,NULL,NULL,60,1),(8,441,NULL,NULL,143,0);

/*!40101 SET SQL_MODE=@OLD_SQL_MODE */;
/*!40014 SET FOREIGN_KEY_CHECKS=@OLD_FOREIGN_KEY_CHECKS */;
