/*
SQLyog Enterprise - MySQL GUI v8.12 
MySQL - 5.5.38-0ubuntu0.14.04.1 : Database - eproject
*********************************************************************
*/

/*!40101 SET NAMES utf8 */;

/*!40101 SET SQL_MODE=''*/;

/*!40014 SET @OLD_FOREIGN_KEY_CHECKS=@@FOREIGN_KEY_CHECKS, FOREIGN_KEY_CHECKS=0 */;
/*!40101 SET @OLD_SQL_MODE=@@SQL_MODE, SQL_MODE='NO_AUTO_VALUE_ON_ZERO' */;

/*Table structure for table `t_best` */

DROP TABLE IF EXISTS `t_best`;

CREATE TABLE `t_best` (
  `id` int(11) NOT NULL AUTO_INCREMENT,
  `fk_category` int(11) DEFAULT NULL,
  `fk_product` int(11) DEFAULT NULL,
  `sort` tinyint(4) DEFAULT NULL,
  PRIMARY KEY (`id`)
) ENGINE=InnoDB AUTO_INCREMENT=10 DEFAULT CHARSET=utf8 COLLATE=utf8_unicode_ci;

/*Data for the table `t_best` */

insert  into `t_best`(`id`,`fk_category`,`fk_product`,`sort`) values (1,1,26,NULL),(2,1,27,NULL),(3,2,26,NULL),(4,2,27,NULL),(5,3,28,NULL),(6,3,29,NULL),(7,4,26,NULL),(8,4,26,NULL),(9,4,26,NULL);

/*Table structure for table `t_category` */

DROP TABLE IF EXISTS `t_category`;

CREATE TABLE `t_category` (
  `id` int(11) NOT NULL AUTO_INCREMENT,
  `codename` varchar(50) COLLATE utf8_unicode_ci DEFAULT NULL,
  `fk_parent` int(11) DEFAULT NULL,
  `sort` tinyint(4) DEFAULT NULL,
  `path` varchar(255) COLLATE utf8_unicode_ci DEFAULT NULL,
  `image` text COLLATE utf8_unicode_ci,
  `status` tinyint(4) DEFAULT '1',
  `is_container` int(11) DEFAULT '0',
  `path_sort` varchar(100) COLLATE utf8_unicode_ci DEFAULT NULL,
  `is_show_in_home` tinyint(4) DEFAULT '0',
  PRIMARY KEY (`id`)
) ENGINE=InnoDB AUTO_INCREMENT=29 DEFAULT CHARSET=utf8 COLLATE=utf8_unicode_ci;

/*Data for the table `t_category` */

insert  into `t_category`(`id`,`codename`,`fk_parent`,`sort`,`path`,`image`,`status`,`is_container`,`path_sort`,`is_show_in_home`) values (1,'family',0,1,'1/',NULL,1,1,'1/',0),(2,'living',1,1,'1/2/',NULL,1,0,'1/1/',0),(3,'kitchen_dinning',1,2,'1/3/',NULL,1,0,'1/2/',0),(4,'bath_bed',1,3,'1/4/',NULL,1,0,'1/3/',0),(5,'home_deco',1,4,'1/5/',NULL,1,0,'1/4/',0),(6,'cloths_towels',1,5,'1/6/',NULL,1,0,'1/5/',0),(7,'sport',1,6,'1/7/',NULL,1,0,'1/6/',0),(8,'family_other',1,7,'1/8/',NULL,1,0,'1/7/',0),(9,'mom_baby',0,2,'9/',NULL,1,1,'2/',0),(10,'diapering',9,1,'9/10/',NULL,1,0,'2/1/',0),(11,'baby_clothings',9,2,'9/11/',NULL,1,0,'2/2/',0),(12,'smart_toys',9,3,'9/12/',NULL,1,0,'2/3/',0),(13,'mom_clothings',9,4,'9/13/',NULL,1,0,'2/4/',0),(14,'bath_baby_care',9,5,'9/14/',NULL,1,0,'2/5/',0),(15,'accessories_bed',9,6,'9/15/',NULL,1,0,'2/6/',0),(16,'mom_other',9,7,'9/16/',NULL,1,0,'2/7/',0),(17,'food_drink',0,3,'17/',NULL,1,1,'3/',0),(18,'junk_food',17,1,'17/18/',NULL,1,0,'3/1/',0),(19,'drink',17,2,'17/19/',NULL,1,0,'3/2/',0),(20,'sweetened',17,3,'17/20/',NULL,1,0,'3/3/',0),(21,'condiments',17,4,'17/21/',NULL,1,0,'3/4/',0),(22,'food_other',17,5,'17/22',NULL,1,0,'3/5/',0),(23,'food_special',17,6,'17/23/',NULL,1,0,'3/6/',0),(24,'gift',0,4,'24/',NULL,1,0,'4/',0),(25,'traditional_clothes',24,1,'24/25/',NULL,1,0,'4/1/',0),(26,'handmade',24,2,'24/26/',NULL,1,0,'4/2/',0),(27,'greeting_card',24,3,'24/27/',NULL,1,0,'4/3/',0),(28,'gift_other',24,4,'24/28/',NULL,1,0,'4/4/',0);

/*Table structure for table `t_category_attribute` */

DROP TABLE IF EXISTS `t_category_attribute`;

CREATE TABLE `t_category_attribute` (
  `id` int(11) NOT NULL AUTO_INCREMENT,
  `fk_attribute_type` int(11) DEFAULT NULL,
  `fk_category` int(11) DEFAULT NULL,
  PRIMARY KEY (`id`)
) ENGINE=InnoDB DEFAULT CHARSET=utf8 COLLATE=utf8_unicode_ci;

/*Data for the table `t_category_attribute` */

/*Table structure for table `t_category_language` */

DROP TABLE IF EXISTS `t_category_language`;

CREATE TABLE `t_category_language` (
  `id` int(11) NOT NULL AUTO_INCREMENT,
  `fk_category` int(11) DEFAULT NULL,
  `language` varchar(10) COLLATE utf8_unicode_ci DEFAULT NULL,
  `name` varchar(255) COLLATE utf8_unicode_ci DEFAULT NULL,
  `description` text COLLATE utf8_unicode_ci,
  `slide_images` text COLLATE utf8_unicode_ci,
  `side_images` text COLLATE utf8_unicode_ci,
  `product_section_image` text COLLATE utf8_unicode_ci,
  PRIMARY KEY (`id`)
) ENGINE=InnoDB AUTO_INCREMENT=139 DEFAULT CHARSET=utf8 COLLATE=utf8_unicode_ci;

/*Data for the table `t_category_language` */

insert  into `t_category_language`(`id`,`fk_category`,`language`,`name`,`description`,`slide_images`,`side_images`,`product_section_image`) values (55,1,'VN-VI','Gia đình',NULL,NULL,NULL,NULL),(56,1,'EN-US','Family',NULL,NULL,NULL,NULL),(57,1,'KO-KR','패밀리',NULL,NULL,NULL,NULL),(58,2,'VN-VI','Đồ gia dụng',NULL,NULL,NULL,NULL),(59,2,'EN-US','Home Living',NULL,NULL,NULL,NULL),(60,2,'KO-KR','홈 리빙',NULL,NULL,NULL,NULL),(61,3,'VN-VI','Bếp / Phòng ăn',NULL,NULL,NULL,NULL),(62,3,'EN-US','Kitchen/Dinning',NULL,NULL,NULL,NULL),(63,3,'KO-KR','주방',NULL,NULL,NULL,NULL),(64,4,'VN-VI','Phòng tắm/ngủ',NULL,NULL,NULL,NULL),(65,4,'KO-KR','침구 / 욕실',NULL,NULL,NULL,NULL),(66,4,'EN-US','Bath / Bed',NULL,NULL,NULL,NULL),(67,5,'VN-VI','Trang trí',NULL,NULL,NULL,NULL),(68,5,'EN-US','Décor',NULL,NULL,NULL,NULL),(69,5,'KO-KR','데코',NULL,NULL,NULL,NULL),(70,6,'VN-VI','Khăn/Đồ vải',NULL,NULL,NULL,NULL),(71,6,'EN-US','Cloths/Towels',NULL,NULL,NULL,NULL),(72,6,'KO-KR','패브릭',NULL,NULL,NULL,NULL),(73,7,'VN-VI','Thể thao',NULL,NULL,NULL,NULL),(74,7,'EN-US','Sports',NULL,NULL,NULL,NULL),(75,7,'KO-KR','스포츠',NULL,NULL,NULL,NULL),(76,8,'VN-VI','Sản phẩm khác',NULL,NULL,NULL,NULL),(77,8,'EN-US','Other',NULL,NULL,NULL,NULL),(78,8,'KO-KR','기타',NULL,NULL,NULL,NULL),(79,9,'VN-VI','Mẹ và Bé',NULL,NULL,NULL,NULL),(80,9,'EN-US','Mom & Baby',NULL,NULL,NULL,NULL),(81,9,'KO-KR','맘 & 베이비',NULL,NULL,NULL,NULL),(82,10,'VN-VI','Tã/ Vệ sinh',NULL,NULL,NULL,NULL),(83,10,'EN-US','Diapering',NULL,NULL,NULL,NULL),(84,10,'KO-KR','기저귀',NULL,NULL,NULL,NULL),(85,11,'VN-VI','Quần áo cho bé',NULL,NULL,NULL,NULL),(86,11,'EN-US','Baby clothings',NULL,NULL,NULL,NULL),(87,11,'KO-KR','유아동의류',NULL,NULL,NULL,NULL),(88,12,'VN-VI','Đồ chơi ',NULL,NULL,NULL,NULL),(89,12,'EN-US','Baby Toys',NULL,NULL,NULL,NULL),(90,12,'KO-KR','아기 장난감',NULL,NULL,NULL,NULL),(91,13,'VN-VI','Đầm bầu',NULL,NULL,NULL,NULL),(92,13,'EN-US','Mom clothings',NULL,NULL,NULL,NULL),(93,13,'KO-KR','임부복',NULL,NULL,NULL,NULL),(94,14,'VN-VI','Tắm & Chăm sóc',NULL,NULL,NULL,NULL),(95,14,'EN-US','Bath & Baby care',NULL,NULL,NULL,NULL),(96,14,'KO-KR','유아용품',NULL,NULL,NULL,NULL),(97,15,'VN-VI','Phụ kiện / Ngủ',NULL,NULL,NULL,NULL),(98,15,'EN-US','Accessories',NULL,NULL,NULL,NULL),(99,15,'KO-KR','액세서리',NULL,NULL,NULL,NULL),(100,16,'VN-VI','Khác',NULL,NULL,NULL,NULL),(101,16,'EN-US','Other',NULL,NULL,NULL,NULL),(102,16,'KO-KR','기타',NULL,NULL,NULL,NULL),(103,17,'VN-VI','Đồ ăn uống',NULL,NULL,NULL,NULL),(104,17,'EN-US','Food & Drinks',NULL,NULL,NULL,NULL),(105,17,'KO-KR','식품',NULL,NULL,NULL,NULL),(106,18,'VN-VI','Đồ ăn liền/hộp/khô',NULL,NULL,NULL,NULL),(107,18,'EN-US','Instant/Cans/Dried',NULL,NULL,NULL,NULL),(108,18,'KO-KR','인스턴트',NULL,NULL,NULL,NULL),(109,19,'VN-VI','Đồ uống',NULL,NULL,NULL,NULL),(110,19,'EN-US','Drink',NULL,NULL,NULL,NULL),(111,19,'KO-KR','음료',NULL,NULL,NULL,NULL),(112,20,'VN-VI','Bánh/Kẹo/Mứt',NULL,NULL,NULL,NULL),(113,20,'EN-US','Sweetened',NULL,NULL,NULL,NULL),(114,20,'KO-KR','과자',NULL,NULL,NULL,NULL),(115,21,'VN-VI','Gia vị bếp\r',NULL,NULL,NULL,NULL),(116,21,'EN-US','Condiments',NULL,NULL,NULL,NULL),(117,21,'KO-KR','조미료',NULL,NULL,NULL,NULL),(118,22,'VN-VI','Đồ ăn khác',NULL,NULL,NULL,NULL),(119,22,'EN-US','Others',NULL,NULL,NULL,NULL),(120,22,'KO-KR','기타',NULL,NULL,NULL,NULL),(121,23,'VN-VI','Đặc sản',NULL,NULL,NULL,NULL),(122,23,'EN-US','Special',NULL,NULL,NULL,NULL),(123,23,'KO-KR','특산물',NULL,NULL,NULL,NULL),(124,24,'VN-VI','Quà tặng',NULL,NULL,NULL,NULL),(125,24,'EN-US','Gift & Special',NULL,NULL,NULL,NULL),(126,24,'KO-KR','특별 선물',NULL,NULL,NULL,NULL),(127,25,'VN-VI','Truyền thống\r',NULL,NULL,NULL,NULL),(128,25,'EN-US','Traditional Clothes',NULL,NULL,NULL,NULL),(129,25,'KO-KR','전통 의류',NULL,NULL,NULL,NULL),(130,26,'VN-VI','Handmade',NULL,NULL,NULL,NULL),(131,26,'EN-US','Handmade',NULL,NULL,NULL,NULL),(132,26,'KO-KR','수공예품',NULL,NULL,NULL,NULL),(133,27,'VN-VI','Thiệp cá nhân',NULL,NULL,NULL,NULL),(134,27,'EN-US','Greeting cards',NULL,NULL,NULL,NULL),(135,27,'KO-KR','카드',NULL,NULL,NULL,NULL),(136,28,'VN-VI','Khác',NULL,NULL,NULL,NULL),(137,28,'EN-US','Other',NULL,NULL,NULL,NULL),(138,28,'KO-KR','기타',NULL,NULL,NULL,NULL);

/*Table structure for table `t_credit_memo` */

DROP TABLE IF EXISTS `t_credit_memo`;

CREATE TABLE `t_credit_memo` (
  `id` int(11) NOT NULL AUTO_INCREMENT,
  `fk_order` int(11) DEFAULT NULL,
  `date_created` datetime DEFAULT NULL,
  `date_refunded` datetime DEFAULT NULL,
  `credit_status` enum('paid','unpaid','cancelled') COLLATE utf8_unicode_ci DEFAULT NULL,
  `fk_contact` int(11) DEFAULT NULL,
  `email_status` tinyint(4) DEFAULT NULL,
  `comment` text COLLATE utf8_unicode_ci,
  PRIMARY KEY (`id`)
) ENGINE=InnoDB DEFAULT CHARSET=utf8 COLLATE=utf8_unicode_ci;

/*Data for the table `t_credit_memo` */

/*Table structure for table `t_feature_group` */

DROP TABLE IF EXISTS `t_feature_group`;

CREATE TABLE `t_feature_group` (
  `id` int(11) NOT NULL AUTO_INCREMENT,
  `codename` varchar(100) COLLATE utf8_unicode_ci DEFAULT NULL,
  `url` text COLLATE utf8_unicode_ci,
  `xml_language` text COLLATE utf8_unicode_ci,
  `sort` tinyint(4) DEFAULT NULL,
  PRIMARY KEY (`id`)
) ENGINE=InnoDB AUTO_INCREMENT=6 DEFAULT CHARSET=utf8 COLLATE=utf8_unicode_ci;

/*Data for the table `t_feature_group` */

insert  into `t_feature_group`(`id`,`codename`,`url`,`xml_language`,`sort`) values (1,'family','/category/show/1','<root><language id=\"VN-VI\"><name>Gia đình</name></language><language id=\"EN-US\"><name>Family</name></language><language id=\"KO-KR\"><name>가족</name></language></root>',5),(2,'kid','/category/show/2','<root><language id=\"VN-VI\"><name>Mẹ và bé</name></language><language id=\"EN-US\"><name>Kid</name></language><language id=\"KO-KR\"><name>아이</name></language></root>',4),(3,'food','/category/show/3','<root><language id=\"VN-VI\"><name>Thực phẩm</name></language><language id=\"EN-US\"><name>Food</name></language><language id=\"KO-KR\"><name>음식</name></language></root>',3),(4,'gift','/category/show/4','<root><language id=\"VN-VI\"><name>Quà tặng</name></language><language id=\"EN-US\"><name>Gift</name></language><language id=\"KO-KR\"><name>선물</name></language></root>',2),(5,'__root__',NULL,'<root><language id=\"VN-VI\"><name>Sản phẩm nổi bật</name></language><language id=\"EN-US\"><name>Feature product</name></language><language id=\"KO-KR\"><name>기능 제품</name></language></root>',1);

/*Table structure for table `t_feature_group_details` */

DROP TABLE IF EXISTS `t_feature_group_details`;

CREATE TABLE `t_feature_group_details` (
  `id` int(11) NOT NULL AUTO_INCREMENT,
  `fk_product` int(11) DEFAULT NULL,
  `fk_group` int(11) NOT NULL,
  `sort` tinyint(4) DEFAULT NULL,
  `img_src` text COLLATE utf8_unicode_ci,
  `img_title` text COLLATE utf8_unicode_ci,
  `row` tinyint(4) DEFAULT NULL,
  `img_url` text COLLATE utf8_unicode_ci,
  PRIMARY KEY (`id`)
) ENGINE=InnoDB AUTO_INCREMENT=21 DEFAULT CHARSET=utf8 COLLATE=utf8_unicode_ci;

/*Data for the table `t_feature_group_details` */

insert  into `t_feature_group_details`(`id`,`fk_product`,`fk_group`,`sort`,`img_src`,`img_title`,`row`,`img_url`) values (1,26,1,2,NULL,NULL,1,NULL),(2,27,1,3,NULL,NULL,1,NULL),(4,26,2,NULL,NULL,NULL,1,NULL),(5,27,2,NULL,NULL,NULL,1,NULL),(7,26,3,NULL,NULL,NULL,1,NULL),(8,27,3,NULL,NULL,NULL,1,NULL),(10,26,4,NULL,NULL,NULL,1,NULL),(11,27,4,NULL,NULL,NULL,1,NULL),(12,26,5,2,NULL,NULL,1,NULL),(13,27,2,NULL,NULL,NULL,1,NULL),(14,26,3,NULL,NULL,NULL,1,NULL),(15,NULL,5,1,'/images/feature/banner01.jpg','shit',1,'#'),(16,26,5,1,NULL,NULL,2,NULL),(17,27,5,2,NULL,NULL,2,NULL),(18,26,5,3,NULL,NULL,2,NULL),(19,NULL,5,4,'/images/feature/a.png','hit',2,'#'),(20,27,5,3,NULL,NULL,1,NULL);

/*Table structure for table `t_file` */

DROP TABLE IF EXISTS `t_file`;

CREATE TABLE `t_file` (
  `id` int(11) NOT NULL AUTO_INCREMENT,
  `fk_user` int(11) DEFAULT NULL,
  `fk_parent` int(11) DEFAULT NULL,
  `url` text COLLATE utf8_unicode_ci,
  `is_dir` tinyint(4) DEFAULT '0',
  `date_modified` datetime DEFAULT NULL,
  `internal_path` varchar(255) COLLATE utf8_unicode_ci DEFAULT NULL,
  `name` varchar(255) COLLATE utf8_unicode_ci DEFAULT NULL,
  PRIMARY KEY (`id`)
) ENGINE=InnoDB AUTO_INCREMENT=93 DEFAULT CHARSET=utf8 COLLATE=utf8_unicode_ci;

/*Data for the table `t_file` */

insert  into `t_file`(`id`,`fk_user`,`fk_parent`,`url`,`is_dir`,`date_modified`,`internal_path`,`name`) values (1,1,NULL,'/uploads/2014/3/27/image4.jpg',0,'2014-03-27 22:09:19','/uploads/2014/3/27/image4.jpg',NULL),(2,1,NULL,'/uploads/2014/3/27/image.jpg',0,'2014-03-27 22:09:19','/uploads/2014/3/27/image.jpg',NULL),(3,1,NULL,'/uploads/2014/3/27/image2.jpg',0,'2014-03-27 22:09:19','/uploads/2014/3/27/image2.jpg',NULL),(4,1,NULL,'/uploads/2014/3/27/image3.jpg',0,'2014-03-27 22:09:19','/uploads/2014/3/27/image3.jpg',NULL),(5,1,NULL,'/uploads/2014/05/20/452e9971ae0fff703dc3279d605c3817.png',0,'2014-05-20 22:30:55','/uploads/2014/05/20/452e9971ae0fff703dc3279d605c3817.png',NULL),(6,1,NULL,'/uploads/2014/05/20/ddc50e1773620024c3e0158946a47435.png',0,'2014-05-20 22:31:33','/uploads/2014/05/20/ddc50e1773620024c3e0158946a47435.png',NULL),(7,1,NULL,'/uploads/2014/05/20/4670b74b68432aebf551ad5112644f59.png',0,'2014-05-20 22:31:54','/uploads/2014/05/20/4670b74b68432aebf551ad5112644f59.png',NULL),(8,1,NULL,'/uploads/2014/05/20/c07750dd9fae781cf55970cfdc4a7048.jpg',0,'2014-05-20 23:37:12','/uploads/2014/05/20/c07750dd9fae781cf55970cfdc4a7048.jpg',NULL),(9,1,NULL,'/uploads/2014/05/20/ae8564fee192da10b00b78cefd09fe00.jpg',0,'2014-05-20 23:58:15','/uploads/2014/05/20/ae8564fee192da10b00b78cefd09fe00.jpg',NULL),(11,5,NULL,'/uploads/2014/06/08/71a09835536adb714fa57a856c6aea4a.jpg',0,'2014-06-08 11:43:10','uploads/2014/06/08/71a09835536adb714fa57a856c6aea4a.jpg',NULL),(13,5,NULL,'/uploads/2014/06/15/849dc29bf31511125d9c60beefeee09a.jpg',0,'2014-06-15 11:32:26','uploads/2014/06/15/849dc29bf31511125d9c60beefeee09a.jpg',NULL),(14,5,NULL,'/uploads/2014/06/15/ba8fb8cde49da48b20ddd858d7fb1891.jpg',0,'2014-06-15 11:32:43','uploads/2014/06/15/ba8fb8cde49da48b20ddd858d7fb1891.jpg',NULL),(15,5,NULL,'/uploads/2014/06/15/ae06ce5f7061dcc5e373ce86bba415f8.jpg',0,'2014-06-15 11:32:43','uploads/2014/06/15/ae06ce5f7061dcc5e373ce86bba415f8.jpg',NULL),(16,5,NULL,'/uploads/2014/06/17/8907662f2c98c239f7b50dd1876e6110.jpg',0,'2014-06-17 23:53:11','uploads/2014/06/17/8907662f2c98c239f7b50dd1876e6110.jpg',NULL),(17,5,NULL,'/uploads/2014/06/17/25d2444ee774ee476d557a7b1f44d23b.jpg',0,'2014-06-17 23:53:11','uploads/2014/06/17/25d2444ee774ee476d557a7b1f44d23b.jpg',NULL),(18,5,NULL,'/uploads/2014/06/17/e946ea042fa95d0c23dd7b3f3aa196ae.jpg',0,'2014-06-17 23:53:41','uploads/2014/06/17/e946ea042fa95d0c23dd7b3f3aa196ae.jpg',NULL),(19,5,NULL,'/uploads/2014/06/21/ecb3a62600891f612ac26c389d643a39.jpg',0,'2014-06-21 13:43:30','uploads/2014/06/21/ecb3a62600891f612ac26c389d643a39.jpg',NULL),(20,5,NULL,'/uploads/2014/06/22/c6be54a91a806fb214a601cc06c202ef.jpg',0,'2014-06-22 10:15:03','uploads/2014/06/22/c6be54a91a806fb214a601cc06c202ef.jpg',NULL),(21,5,NULL,'/uploads/2014/06/28/0588407eb2f9f9a16f451beee2c75cc1.jpg',0,'2014-06-28 19:33:55','uploads/2014/06/28/0588407eb2f9f9a16f451beee2c75cc1.jpg',NULL),(22,5,NULL,'/uploads/2014/06/29/ba8979cb376ba5a631e1816fc46f5bd0.jpg',0,'2014-06-29 10:16:43','uploads/2014/06/29/ba8979cb376ba5a631e1816fc46f5bd0.jpg',NULL),(23,5,NULL,'/uploads/2014/06/29/418d9e01d9ef5a3ea9a0db13db80660f.jpg',0,'2014-06-29 10:44:01','uploads/2014/06/29/418d9e01d9ef5a3ea9a0db13db80660f.jpg',NULL),(31,5,NULL,'/uploads/2014/06/29/3b474cdda02c8ec908ca4d52fd2becfe.jpg',0,'2014-06-29 11:47:09','uploads/2014/06/29/3b474cdda02c8ec908ca4d52fd2becfe.jpg',NULL),(32,5,NULL,'/uploads/2014/07/06/8a9698d2db342a5d7b78290877b69dba.jpg',0,'2014-07-06 15:20:19','uploads/2014/07/06/8a9698d2db342a5d7b78290877b69dba.jpg',NULL),(33,5,NULL,'/uploads/2014/07/26/8777e1e28648ac9c0e1c35073c350455.jpg',0,'2014-07-26 08:20:05','uploads/2014/07/26/8777e1e28648ac9c0e1c35073c350455.jpg',NULL),(34,5,NULL,'/uploads/2014/07/26/2ac73dcd2861aed13372f036c9c558fd.jpg',0,'2014-07-26 09:35:18','uploads/2014/07/26/2ac73dcd2861aed13372f036c9c558fd.jpg',NULL),(35,5,NULL,'/uploads/2014/08/09/04d24b86c235e0be758cdfbdd5da263e.jpg',0,'2014-08-09 18:47:27','uploads/2014/08/09/04d24b86c235e0be758cdfbdd5da263e.jpg',NULL),(36,5,NULL,'/uploads/2014/08/12/4a0f2697365a8bdc4a58e25fd751e7ff.jpg',0,'2014-08-12 23:06:53','uploads/2014/08/12/4a0f2697365a8bdc4a58e25fd751e7ff.jpg',NULL),(37,5,NULL,'/uploads/2014/08/12/a05b4032a7d04656113a862f8ca850aa.jpg',0,'2014-08-12 23:23:22','uploads/2014/08/12/a05b4032a7d04656113a862f8ca850aa.jpg',NULL),(38,5,NULL,'/uploads/2014/08/12/e23b0248d7a39e7f9938450bae0ee2f9.jpg',0,'2014-08-12 23:25:16','uploads/2014/08/12/e23b0248d7a39e7f9938450bae0ee2f9.jpg',NULL),(39,5,NULL,'/uploads/2014/09/13/677246d505f67a80953570c37dcee998.jpg',0,'2014-09-13 16:15:43','uploads/2014/09/13/677246d505f67a80953570c37dcee998.jpg',NULL),(40,8,NULL,'/uploads/2014/09/14/79992ae2f0c20c724750f161a587cb42.jpg',0,'2014-09-14 10:58:10','uploads/2014/09/14/79992ae2f0c20c724750f161a587cb42.jpg',NULL),(41,8,NULL,'/uploads/2014/09/14/e554d119072bbe52dde5e463a9cbfdc1.JPG',0,'2014-09-14 10:58:10','uploads/2014/09/14/e554d119072bbe52dde5e463a9cbfdc1.JPG',NULL),(43,8,NULL,'/uploads/2014/09/14/da710583fbf8c3c3cf27d8f7aace617e.jpg',0,'2014-09-14 12:14:21','uploads/2014/09/14/da710583fbf8c3c3cf27d8f7aace617e.jpg',NULL),(44,8,NULL,'/uploads/2014/09/14/c54a8583fd0b5a6fa0ac92e995dd9e5c.JPG',0,'2014-09-14 12:14:21','uploads/2014/09/14/c54a8583fd0b5a6fa0ac92e995dd9e5c.JPG',NULL),(45,8,NULL,'/uploads/2014/09/14/9f1cbb6ff69da4fb915e5630f7cd2b89.jpg',0,'2014-09-14 20:47:57','uploads/2014/09/14/9f1cbb6ff69da4fb915e5630f7cd2b89.jpg',NULL),(49,8,NULL,'/uploads/2014/09/14/4c94ee196fa095f738b83881ebac85e5.jpg',0,'2014-09-14 21:30:15','uploads/2014/09/14/4c94ee196fa095f738b83881ebac85e5.jpg',NULL),(50,8,NULL,'/uploads/2014/09/14/6113ad049c10600cd768a58114e7a922.jpg',0,'2014-09-14 21:30:15','uploads/2014/09/14/6113ad049c10600cd768a58114e7a922.jpg',NULL),(52,8,NULL,'/uploads/2014/09/14/21e2d249fecccf506d9b560b6ebef10f.jpg',0,'2014-09-14 21:50:56','uploads/2014/09/14/21e2d249fecccf506d9b560b6ebef10f.jpg',NULL),(53,9,NULL,'/uploads/2014/09/14/30627ca6d19c36d1ae96ea5219ea05dc.jpg',0,'2014-09-14 22:34:05','uploads/2014/09/14/30627ca6d19c36d1ae96ea5219ea05dc.jpg',NULL),(54,9,NULL,'/uploads/2014/09/14/c4e59eecc29c29fface15b47119063b4.jpg',0,'2014-09-14 22:47:45','uploads/2014/09/14/c4e59eecc29c29fface15b47119063b4.jpg',NULL),(55,9,NULL,'/uploads/2014/09/15/7a9c9be72f93221f41e4dc5c88c1099e.jpg',0,'2014-09-15 08:52:48','uploads/2014/09/15/7a9c9be72f93221f41e4dc5c88c1099e.jpg',NULL),(56,9,NULL,'/uploads/2014/09/15/2f998bf2a4762eef757b92d9967d5eba.jpg',0,'2014-09-15 09:14:58','uploads/2014/09/15/2f998bf2a4762eef757b92d9967d5eba.jpg',NULL),(58,9,NULL,'/uploads/2014/09/15/e9707a581dd4dfe001d21d4a5453db04.jpg',0,'2014-09-15 09:40:50','uploads/2014/09/15/e9707a581dd4dfe001d21d4a5453db04.jpg',NULL),(59,9,NULL,'/uploads/2014/09/15/7e39b8026f9063b3b008c15526a21ded.jpeg',0,'2014-09-15 09:51:43','uploads/2014/09/15/7e39b8026f9063b3b008c15526a21ded.jpeg',NULL),(60,9,NULL,'/uploads/2014/09/15/f3267e10454c86ff3b69735e0a1715a4.jpg',0,'2014-09-15 09:52:45','uploads/2014/09/15/f3267e10454c86ff3b69735e0a1715a4.jpg',NULL),(61,9,NULL,'/uploads/2014/09/15/bcd8adcaff208fec32d83d65462afbcb.jpg',0,'2014-09-15 11:52:49','uploads/2014/09/15/bcd8adcaff208fec32d83d65462afbcb.jpg',NULL),(62,9,NULL,'/uploads/2014/09/15/3eb636af4767861652ac26d5fb1a4f97.jpg',0,'2014-09-15 11:56:17','uploads/2014/09/15/3eb636af4767861652ac26d5fb1a4f97.jpg',NULL),(63,9,NULL,'/uploads/2014/09/15/0bc3c1f9f09c57e584c59cad6d644c9f.jpeg',0,'2014-09-15 12:00:53','uploads/2014/09/15/0bc3c1f9f09c57e584c59cad6d644c9f.jpeg',NULL),(64,9,NULL,'/uploads/2014/09/15/4ad1b00fef5c659fb90319bd78613f6e.jpeg',0,'2014-09-15 12:03:42','uploads/2014/09/15/4ad1b00fef5c659fb90319bd78613f6e.jpeg',NULL),(65,9,NULL,'/uploads/2014/09/15/93fca215324606a2ed631edf86ac3dc9.jpg',0,'2014-09-15 13:48:32','uploads/2014/09/15/93fca215324606a2ed631edf86ac3dc9.jpg',NULL),(66,9,NULL,'/uploads/2014/09/15/62ff595150ec9d26dd2205b285cc8765.jpg',0,'2014-09-15 16:13:33','uploads/2014/09/15/62ff595150ec9d26dd2205b285cc8765.jpg',NULL),(68,9,NULL,'/uploads/2014/09/15/75284c3c8cd8cff03195af4fc5d82e69.jpg',0,'2014-09-15 16:19:50','uploads/2014/09/15/75284c3c8cd8cff03195af4fc5d82e69.jpg',NULL),(69,9,NULL,'/uploads/2014/09/15/93f858451db9b48e4e4de97d6d054bec.jpeg',0,'2014-09-15 16:21:40','uploads/2014/09/15/93f858451db9b48e4e4de97d6d054bec.jpeg',NULL),(70,9,NULL,'/uploads/2014/09/15/d7df2a00b504fdefc189bd0413341ae4.jpeg',0,'2014-09-15 16:21:40','uploads/2014/09/15/d7df2a00b504fdefc189bd0413341ae4.jpeg',NULL),(71,9,NULL,'/uploads/2014/09/15/5f6c1a44827955cabea2eb5acf77eba9.jpeg',0,'2014-09-15 16:21:40','uploads/2014/09/15/5f6c1a44827955cabea2eb5acf77eba9.jpeg',NULL),(72,9,NULL,'/uploads/2014/09/15/206f1eca5c5f5e9f65532f84171e4d03.jpeg',0,'2014-09-15 16:21:40','uploads/2014/09/15/206f1eca5c5f5e9f65532f84171e4d03.jpeg',NULL),(73,8,NULL,'/uploads/2014/09/15/4cf74e101aececd4273838a0494f9d3e.jpg',0,'2014-09-15 18:28:12','uploads/2014/09/15/4cf74e101aececd4273838a0494f9d3e.jpg',NULL),(74,8,NULL,'/uploads/2014/09/15/1d25538bb4097d755ca9a343ed802614.jpg',0,'2014-09-15 18:28:12','uploads/2014/09/15/1d25538bb4097d755ca9a343ed802614.jpg',NULL),(75,8,NULL,'/uploads/2014/09/15/5cc0e677b8e2bfd85a7c854df38c436c.jpg',0,'2014-09-15 18:28:12','uploads/2014/09/15/5cc0e677b8e2bfd85a7c854df38c436c.jpg',NULL),(76,8,NULL,'/uploads/2014/09/15/e6c114b897aa675ec29f6085e09c61d9.jpg',0,'2014-09-15 18:47:14','uploads/2014/09/15/e6c114b897aa675ec29f6085e09c61d9.jpg',NULL),(77,8,NULL,'/uploads/2014/09/15/cb680b0f4eb8848eb254677bbbdd6f9b.jpg',0,'2014-09-15 18:47:14','uploads/2014/09/15/cb680b0f4eb8848eb254677bbbdd6f9b.jpg',NULL),(78,8,NULL,'/uploads/2014/09/15/522243ec1fe086e78238778b97e0efcb.jpg',0,'2014-09-15 18:47:14','uploads/2014/09/15/522243ec1fe086e78238778b97e0efcb.jpg',NULL),(79,8,NULL,'/uploads/2014/09/15/39941514e42b44d7d92f41da20d0d5c3.jpg',0,'2014-09-15 18:47:14','uploads/2014/09/15/39941514e42b44d7d92f41da20d0d5c3.jpg',NULL),(80,8,NULL,'/uploads/2014/09/15/88ebf20c259ded7c8d73f8b411426478.jpg',0,'2014-09-15 19:13:38','uploads/2014/09/15/88ebf20c259ded7c8d73f8b411426478.jpg',NULL),(81,8,NULL,'/uploads/2014/09/15/244aaf680a360468de081e864c014535.jpg',0,'2014-09-15 19:13:38','uploads/2014/09/15/244aaf680a360468de081e864c014535.jpg',NULL),(82,8,NULL,'/uploads/2014/09/15/34bf2a99455ffc3bcb2f41e169e97d28.jpg',0,'2014-09-15 19:13:38','uploads/2014/09/15/34bf2a99455ffc3bcb2f41e169e97d28.jpg',NULL),(83,8,NULL,'/uploads/2014/09/15/52b805b5806585d823cd7a20ddabe537.jpg',0,'2014-09-15 19:13:38','uploads/2014/09/15/52b805b5806585d823cd7a20ddabe537.jpg',NULL),(84,9,NULL,'/uploads/2014/09/16/d0c3a36742054340b82ef63585df2a50.JPG',0,'2014-09-16 21:50:45','uploads/2014/09/16/d0c3a36742054340b82ef63585df2a50.JPG',NULL),(85,9,NULL,'/uploads/2014/09/16/279cb6d1eed8ff56b735d59d8be9a55d.JPG',0,'2014-09-16 21:57:20','uploads/2014/09/16/279cb6d1eed8ff56b735d59d8be9a55d.JPG',NULL),(86,9,NULL,'/uploads/2014/09/16/5e6a94a3b7bcc2054e07be56d65b338d.jpg',0,'2014-09-16 22:02:19','uploads/2014/09/16/5e6a94a3b7bcc2054e07be56d65b338d.jpg',NULL),(87,9,NULL,'/uploads/2014/09/16/5268b613a60d5c158ce776694f61e9c0.jpg',0,'2014-09-16 22:09:36','uploads/2014/09/16/5268b613a60d5c158ce776694f61e9c0.jpg',NULL),(88,9,NULL,'/uploads/2014/09/16/833ea805b90939b0dbef807754d04fd5.jpg',0,'2014-09-16 22:14:57','uploads/2014/09/16/833ea805b90939b0dbef807754d04fd5.jpg',NULL),(89,9,NULL,'/uploads/2014/09/16/7a5638fa2e03818c8c5c61847ab4d79a.jpg',0,'2014-09-16 22:19:09','uploads/2014/09/16/7a5638fa2e03818c8c5c61847ab4d79a.jpg',NULL),(90,9,NULL,'/uploads/2014/09/16/2e7273380ebed9f939bf68a4db042bad.jpg',0,'2014-09-16 22:24:09','uploads/2014/09/16/2e7273380ebed9f939bf68a4db042bad.jpg',NULL),(91,9,NULL,'/uploads/2014/09/16/5818b076df1a197764e2d189202dbb80.jpg',0,'2014-09-16 22:35:23','uploads/2014/09/16/5818b076df1a197764e2d189202dbb80.jpg',NULL),(92,9,NULL,'/uploads/2014/09/16/b4e92099d6bf302af4bcec69b63332f6.jpg',0,'2014-09-16 22:41:29','uploads/2014/09/16/b4e92099d6bf302af4bcec69b63332f6.jpg',NULL);

/*Table structure for table `t_hot` */

DROP TABLE IF EXISTS `t_hot`;

CREATE TABLE `t_hot` (
  `id` int(11) NOT NULL AUTO_INCREMENT,
  `fk_product` int(11) DEFAULT NULL,
  `sort` tinyint(4) DEFAULT NULL,
  PRIMARY KEY (`id`)
) ENGINE=InnoDB AUTO_INCREMENT=86 DEFAULT CHARSET=utf8 COLLATE=utf8_unicode_ci;

/*Data for the table `t_hot` */

insert  into `t_hot`(`id`,`fk_product`,`sort`) values (79,59,NULL),(80,60,NULL),(81,61,NULL),(82,62,NULL),(83,63,NULL),(84,64,NULL);

/*Table structure for table `t_invoice` */

DROP TABLE IF EXISTS `t_invoice`;

CREATE TABLE `t_invoice` (
  `id` int(11) NOT NULL AUTO_INCREMENT,
  `fk_order` int(11) DEFAULT NULL,
  `fk_customer` int(11) DEFAULT NULL,
  `date_created` datetime DEFAULT NULL,
  `date_paid` datetime DEFAULT NULL,
  `invoice_status` enum('unpaid','paid','cancelled') COLLATE utf8_unicode_ci DEFAULT NULL,
  `fk_contact` int(11) DEFAULT NULL,
  `email_status` tinyint(4) DEFAULT NULL,
  `comment` text COLLATE utf8_unicode_ci,
  PRIMARY KEY (`id`)
) ENGINE=InnoDB DEFAULT CHARSET=utf8 COLLATE=utf8_unicode_ci;

/*Data for the table `t_invoice` */

/*Table structure for table `t_invoice_detail` */

DROP TABLE IF EXISTS `t_invoice_detail`;

CREATE TABLE `t_invoice_detail` (
  `id` int(11) NOT NULL AUTO_INCREMENT,
  `fk_invoice` int(11) DEFAULT NULL,
  `fk_product` int(11) DEFAULT NULL,
  `fk_order` int(11) DEFAULT NULL,
  `quantity` double DEFAULT NULL,
  PRIMARY KEY (`id`)
) ENGINE=InnoDB DEFAULT CHARSET=utf8 COLLATE=utf8_unicode_ci;

/*Data for the table `t_invoice_detail` */

/*Table structure for table `t_list` */

DROP TABLE IF EXISTS `t_list`;

CREATE TABLE `t_list` (
  `id` int(11) NOT NULL AUTO_INCREMENT,
  `fk_listtype` int(11) DEFAULT NULL,
  `name` varchar(255) COLLATE utf8_unicode_ci DEFAULT NULL,
  `codename` varchar(50) COLLATE utf8_unicode_ci DEFAULT NULL,
  `sort` int(11) DEFAULT NULL,
  PRIMARY KEY (`id`)
) ENGINE=InnoDB AUTO_INCREMENT=31 DEFAULT CHARSET=utf8 COLLATE=utf8_unicode_ci;

/*Data for the table `t_list` */

insert  into `t_list`(`id`,`fk_listtype`,`name`,`codename`,`sort`) values (1,1,'glass','glass',1),(2,1,'pottery','pottery',2),(3,1,'wooden','wooden',3),(4,1,'plastic','plastic',4),(5,1,'other','other',5),(6,2,'lover','lover',1),(7,2,'parent','parent',2),(8,2,'family','family',3),(9,2,'friend','friend',4),(10,2,'children','children',5),(11,3,'birthday','birthday',1),(12,3,'new year','newyear',2),(13,3,'noel','noel',3),(14,4,'USD','USD',1),(15,4,'VND','VND',2),(16,5,'Vietnam','VN',1),(17,5,'US','US',2),(18,5,'Korea','KR',3),(19,6,'express','express',1),(20,6,'in3day','in3day',2),(21,7,'cash','cash',1),(22,7,'bank transfer','transfer',2),(23,7,'bank check','check',3),(24,8,'SKU','SKU',1),(25,8,'UPC','UPC',2),(26,9,'Kg','Kg',1),(27,9,'Liter','Liter',2),(28,12,'Vietnam','VN',0),(29,12,'Korea','KR',NULL),(30,12,'China','CN',NULL);

/*Table structure for table `t_listtype` */

DROP TABLE IF EXISTS `t_listtype`;

CREATE TABLE `t_listtype` (
  `id` int(11) NOT NULL AUTO_INCREMENT,
  `name` varchar(255) COLLATE utf8_unicode_ci DEFAULT NULL,
  `codename` varchar(50) COLLATE utf8_unicode_ci DEFAULT NULL,
  `status` tinyint(4) DEFAULT '1',
  PRIMARY KEY (`id`)
) ENGINE=InnoDB AUTO_INCREMENT=13 DEFAULT CHARSET=utf8 COLLATE=utf8_unicode_ci;

/*Data for the table `t_listtype` */

insert  into `t_listtype`(`id`,`name`,`codename`,`status`) values (1,'material','material',1),(2,'gift target','gift_target',1),(3,'occasion','occasion',1),(4,'currency','currency',1),(5,'source','source',1),(7,'payment method','payment_method',1),(8,'storage code type','storage_code_type',1),(9,'weight unit','weight_unit',1),(12,'country','country',1);

/*Table structure for table `t_location` */

DROP TABLE IF EXISTS `t_location`;

CREATE TABLE `t_location` (
  `id` int(11) NOT NULL AUTO_INCREMENT,
  `name` varchar(255) COLLATE utf8_unicode_ci DEFAULT NULL,
  `level` enum('province','city') COLLATE utf8_unicode_ci DEFAULT NULL,
  `fk_parent` int(11) DEFAULT NULL,
  `codename` varchar(10) COLLATE utf8_unicode_ci DEFAULT NULL,
  PRIMARY KEY (`id`)
) ENGINE=InnoDB AUTO_INCREMENT=3 DEFAULT CHARSET=utf8 COLLATE=utf8_unicode_ci;

/*Data for the table `t_location` */

insert  into `t_location`(`id`,`name`,`level`,`fk_parent`,`codename`) values (1,'Hanoi','province',NULL,'101'),(2,'Hai Duong','province',NULL,'102');

/*Table structure for table `t_order` */

DROP TABLE IF EXISTS `t_order`;

CREATE TABLE `t_order` (
  `id` int(11) NOT NULL AUTO_INCREMENT,
  `uid` varchar(50) COLLATE utf8_unicode_ci DEFAULT NULL,
  `fk_customer` int(11) DEFAULT NULL,
  `subtotal` double DEFAULT NULL,
  `fk_order_status_history` int(11) DEFAULT NULL,
  `comment` text COLLATE utf8_unicode_ci,
  `bonus` double DEFAULT NULL,
  `fk_shipping_method` int(11) DEFAULT NULL,
  `fk_payment_method` int(11) DEFAULT NULL,
  `fk_currency` int(11) DEFAULT NULL,
  `date_created` datetime DEFAULT NULL,
  `shipping_fee` double DEFAULT NULL,
  `discount` double DEFAULT NULL,
  `fk_shipping_address` int(11) DEFAULT NULL,
  `fk_billing_address` int(11) DEFAULT NULL,
  PRIMARY KEY (`id`)
) ENGINE=InnoDB DEFAULT CHARSET=utf8 COLLATE=utf8_unicode_ci;

/*Data for the table `t_order` */

/*Table structure for table `t_order_evidence` */

DROP TABLE IF EXISTS `t_order_evidence`;

CREATE TABLE `t_order_evidence` (
  `id` int(11) NOT NULL AUTO_INCREMENT,
  `fk_user` int(11) DEFAULT NULL,
  `checksum` varchar(255) COLLATE utf8_unicode_ci DEFAULT NULL,
  `date_created` datetime DEFAULT NULL,
  `date_expired` datetime DEFAULT NULL,
  `unique_key` varchar(255) COLLATE utf8_unicode_ci DEFAULT NULL,
  PRIMARY KEY (`id`)
) ENGINE=InnoDB AUTO_INCREMENT=24 DEFAULT CHARSET=utf8 COLLATE=utf8_unicode_ci;

/*Data for the table `t_order_evidence` */

insert  into `t_order_evidence`(`id`,`fk_user`,`checksum`,`date_created`,`date_expired`,`unique_key`) values (1,NULL,'84ccc4745a8f1bb963cc05d28c8597f6','2014-04-06 22:24:30','2014-03-09 22:24:00','1'),(3,NULL,'84ccc4745a8f1bb963cc05d28c8597f6','2014-04-06 22:40:03','2014-04-09 22:40:00',NULL),(4,NULL,'84ccc4745a8f1bb963cc05d28c8597f6','2014-04-06 22:40:39','2014-04-09 22:40:00',NULL),(5,NULL,'7607632bc67c439199acc402cd4c802e','2014-04-19 21:42:55','2014-04-22 21:42:00','4be77891125043d8bd657531923d1441'),(6,NULL,'7607632bc67c439199acc402cd4c802e','2014-04-19 21:49:16','2014-04-22 21:49:00','5ee043daba80f7c99e50b0136825d25f'),(7,NULL,'7607632bc67c439199acc402cd4c802e','2014-04-19 21:49:58','2014-04-22 21:49:00','546e6c4a24c5ef83c8127edbe0ff0d66'),(8,NULL,'7607632bc67c439199acc402cd4c802e','2014-04-19 21:53:19','2014-04-22 21:53:00','e3a78b6b9fb231e3e0bf3f16529ed2c6'),(9,NULL,'7607632bc67c439199acc402cd4c802e','2014-04-19 21:53:40','2014-04-22 21:53:00','7c8ab24fab47bef56b79073a2f6645dc'),(10,NULL,'7607632bc67c439199acc402cd4c802e','2014-04-19 21:53:51','2014-04-22 21:53:00','785c68d9ddb3e1a51681e5f6f846f2e9'),(11,NULL,'7607632bc67c439199acc402cd4c802e','2014-04-19 21:54:00','2014-04-22 21:54:00','048dac3cfc5d83309b26a417c7aab519'),(12,NULL,'60e50e483bffa68cc32ac655e6213efe','2014-04-19 21:57:03','2014-04-22 21:57:00','bef5527441ddccade83e6d622b1b11e2'),(13,NULL,'7ada60191eef25e1b931a491ffd7bcdd','2014-04-20 14:37:07','2014-04-23 14:37:00','1339362c7a8f9d73347feb1865937ab5'),(14,NULL,'29e83ad0272b828a389ad6cba7b27aa3','2014-05-12 22:28:32','2014-05-15 22:28:00','0ff5cc1180200e6c93f4ac47f181e56b'),(15,NULL,'f4762ed99e7f5f5c69cc54530550f70d','2014-05-12 23:03:39','2014-05-15 23:03:00','32a9c780cb80722f8a14e48a3fbd91ee'),(16,NULL,'f4762ed99e7f5f5c69cc54530550f70d','2014-05-12 23:08:56','2014-05-15 23:08:00','3bda1a30477647720d198f9625f97fe2'),(17,NULL,'ca8dfbd276661dc67fe25ed1b72c4e15','2014-05-15 12:49:16','2014-05-18 12:49:00','fff07eaee6bd6de274776d9a0d730d52'),(18,NULL,'bf29aadc447503bcce0a0ef09e1c591f','2014-05-17 14:32:01','2014-05-20 14:32:00','0e7b2a18d329675005996f07ae0e03cf'),(19,NULL,'8952c2bb94b48588b6cae68d8b8a6b52','2014-05-17 21:09:32','2014-05-20 21:09:00','7e0be4f3d22ba62457984e921cdfa518'),(20,5,'91fd7653c6d634175dbc0a80b26cd174','2014-06-22 12:47:37','2014-06-25 12:47:00','b42bae90caad31bd070cf2a4e4f2857f'),(21,5,'c171789ab36b9115774a2c75d6e040cd','2014-06-24 21:43:28','2014-06-27 21:43:00','21e1961c0dda11e47e8d3c298602aa9d'),(22,NULL,'3727b59954955b509b8336d3bb205f40','2014-06-25 22:09:53','2014-06-28 22:09:00','ab07ebc37b9e9e813e92a9902ce3a9af'),(23,NULL,'83df81102058ac2f350147f47bcde4f5','2014-06-25 22:16:43','2014-06-28 22:16:00','7b259d1bb8146025c16e4c319321a364');

/*Table structure for table `t_order_product` */

DROP TABLE IF EXISTS `t_order_product`;

CREATE TABLE `t_order_product` (
  `id` int(11) NOT NULL AUTO_INCREMENT,
  `fk_order` int(11) DEFAULT NULL,
  `fk_product` int(11) DEFAULT NULL,
  `orginal_price` double DEFAULT NULL,
  `price` double DEFAULT NULL,
  `quantity` double DEFAULT NULL,
  `discharge` double DEFAULT NULL,
  PRIMARY KEY (`id`)
) ENGINE=InnoDB DEFAULT CHARSET=utf8 COLLATE=utf8_unicode_ci;

/*Data for the table `t_order_product` */

/*Table structure for table `t_order_status` */

DROP TABLE IF EXISTS `t_order_status`;

CREATE TABLE `t_order_status` (
  `id` int(11) NOT NULL AUTO_INCREMENT,
  `name` varchar(255) COLLATE utf8_unicode_ci DEFAULT NULL,
  `codename` varchar(50) COLLATE utf8_unicode_ci DEFAULT NULL,
  `sort` tinyint(4) DEFAULT NULL,
  PRIMARY KEY (`id`)
) ENGINE=InnoDB AUTO_INCREMENT=6 DEFAULT CHARSET=utf8 COLLATE=utf8_unicode_ci;

/*Data for the table `t_order_status` */

insert  into `t_order_status`(`id`,`name`,`codename`,`sort`) values (1,'initiate','init',1),(2,'picking','picking',2),(3,'pay','pay',3),(4,'shipping','shipping',4),(5,'completed','completed',5);

/*Table structure for table `t_order_status_history` */

DROP TABLE IF EXISTS `t_order_status_history`;

CREATE TABLE `t_order_status_history` (
  `id` int(11) NOT NULL AUTO_INCREMENT,
  `fk_order` int(11) DEFAULT NULL,
  `fk_status` int(11) DEFAULT NULL,
  `date_happened` datetime DEFAULT NULL,
  `fk_creator` int(11) DEFAULT NULL,
  `date_created` datetime DEFAULT NULL,
  `is_mail_sent` tinyint(4) DEFAULT '0',
  PRIMARY KEY (`id`)
) ENGINE=InnoDB DEFAULT CHARSET=utf8 COLLATE=utf8_unicode_ci;

/*Data for the table `t_order_status_history` */

/*Table structure for table `t_pin` */

DROP TABLE IF EXISTS `t_pin`;

CREATE TABLE `t_pin` (
  `id` int(11) NOT NULL AUTO_INCREMENT,
  `fk_user` int(11) DEFAULT NULL,
  `fk_product` int(11) DEFAULT NULL,
  PRIMARY KEY (`id`),
  UNIQUE KEY `unq_pin` (`fk_user`,`fk_product`)
) ENGINE=InnoDB AUTO_INCREMENT=1039 DEFAULT CHARSET=utf8 COLLATE=utf8_unicode_ci;

/*Data for the table `t_pin` */

insert  into `t_pin`(`id`,`fk_user`,`fk_product`) values (1038,5,14),(1037,5,15);

/*Table structure for table `t_privilege` */

DROP TABLE IF EXISTS `t_privilege`;

CREATE TABLE `t_privilege` (
  `id` int(11) NOT NULL AUTO_INCREMENT,
  `fk_instance` int(11) DEFAULT NULL,
  `type` enum('user','role') COLLATE utf8_unicode_ci DEFAULT NULL,
  `privilige` varchar(50) COLLATE utf8_unicode_ci DEFAULT NULL,
  PRIMARY KEY (`id`)
) ENGINE=InnoDB DEFAULT CHARSET=utf8 COLLATE=utf8_unicode_ci;

/*Data for the table `t_privilege` */

/*Table structure for table `t_product` */

DROP TABLE IF EXISTS `t_product`;

CREATE TABLE `t_product` (
  `id` int(11) NOT NULL AUTO_INCREMENT,
  `fk_category` int(11) DEFAULT NULL,
  `fk_seller` int(11) DEFAULT NULL,
  `fk_group` int(11) DEFAULT NULL,
  `is_group` tinyint(4) DEFAULT '0',
  `discount` double DEFAULT '0',
  `date_created` datetime DEFAULT NULL,
  `count_pin` int(11) DEFAULT '0',
  `status` tinyint(4) DEFAULT '0',
  `price` double DEFAULT NULL,
  `price_origin` double DEFAULT NULL,
  `sales_percent` tinyint(4) DEFAULT '0',
  PRIMARY KEY (`id`)
) ENGINE=InnoDB AUTO_INCREMENT=88 DEFAULT CHARSET=utf8 COLLATE=utf8_unicode_ci;

/*Data for the table `t_product` */

insert  into `t_product`(`id`,`fk_category`,`fk_seller`,`fk_group`,`is_group`,`discount`,`date_created`,`count_pin`,`status`,`price`,`price_origin`,`sales_percent`) values (59,3,2,NULL,0,0,NULL,0,1,2000,329000,0),(60,3,2,NULL,0,0,NULL,0,1,2000,119000,0),(61,5,2,NULL,0,0,NULL,0,1,2000,55000,0),(62,5,2,NULL,0,0,NULL,0,1,2000,95000,0),(63,10,3,NULL,0,0,NULL,0,1,2000,55555,0),(64,10,3,NULL,0,0,NULL,0,1,2000,100000,0),(65,10,3,NULL,0,0,NULL,0,1,2000,150000,0),(66,10,3,NULL,0,0,NULL,0,1,2000,200000,0),(67,10,3,NULL,0,0,NULL,0,1,2000,123000,0),(68,10,3,NULL,0,0,NULL,0,1,2000,255500,0),(69,10,3,NULL,0,0,NULL,0,1,2000,50000,0),(70,10,3,NULL,0,0,NULL,0,1,2000,250123,0),(71,10,3,NULL,0,0,NULL,0,1,2000,250145,0),(72,10,3,NULL,0,0,NULL,0,1,2000,82222,0),(73,11,3,NULL,0,0,NULL,0,1,2000,80000,0),(74,12,3,NULL,0,0,NULL,0,1,2000,250000,0),(75,12,3,NULL,0,0,NULL,0,1,2000,255500,0),(76,3,2,NULL,0,0,NULL,0,1,2000,45000,0),(77,2,2,NULL,0,0,NULL,0,1,2100,680000,0),(78,3,2,NULL,0,0,NULL,0,1,2000,140000,0),(79,11,3,NULL,0,0,NULL,0,1,2000,210000,0),(80,11,3,NULL,0,0,NULL,0,1,2000,230000,0),(81,11,3,NULL,0,0,NULL,0,1,2000,222221,0),(82,11,3,NULL,0,0,NULL,0,1,2000,45000,0),(83,11,3,NULL,0,0,NULL,0,1,2000,12000,0),(84,11,3,NULL,0,0,NULL,0,1,2000,13000,0),(85,11,3,NULL,0,0,NULL,0,1,2000,23000,0),(86,11,3,NULL,0,0,NULL,0,1,2000,130000,0),(87,11,3,NULL,0,0,NULL,0,1,2000,12000,0);

/*Table structure for table `t_product_attribute` */

DROP TABLE IF EXISTS `t_product_attribute`;

CREATE TABLE `t_product_attribute` (
  `id` int(11) NOT NULL AUTO_INCREMENT,
  `fk_product` int(11) NOT NULL,
  `fk_attribute_type` int(11) NOT NULL,
  `value_number` double DEFAULT NULL,
  `value_enum` int(11) DEFAULT NULL,
  `value_text` text COLLATE utf8_unicode_ci,
  `language` varchar(10) COLLATE utf8_unicode_ci DEFAULT NULL,
  `value_varchar` varchar(255) COLLATE utf8_unicode_ci DEFAULT NULL,
  PRIMARY KEY (`id`)
) ENGINE=InnoDB AUTO_INCREMENT=2285 DEFAULT CHARSET=utf8 COLLATE=utf8_unicode_ci;

/*Data for the table `t_product_attribute` */

insert  into `t_product_attribute`(`id`,`fk_product`,`fk_attribute_type`,`value_number`,`value_enum`,`value_text`,`language`,`value_varchar`) values (1638,59,1,NULL,NULL,NULL,'VN-VI','Khay sứ nướng VITLING - IKEA'),(1639,59,18,NULL,NULL,NULL,NULL,''),(1640,59,13,1,NULL,NULL,NULL,NULL),(1641,59,34,NULL,NULL,NULL,NULL,'IKEA'),(1642,59,14,1,NULL,NULL,NULL,NULL),(1643,59,24,NULL,26,NULL,NULL,NULL),(1644,59,31,50,NULL,NULL,NULL,NULL),(1645,59,32,3,NULL,NULL,NULL,NULL),(1646,59,33,10,NULL,NULL,NULL,NULL),(1647,59,2,NULL,NULL,'<div class=\"productsubheadline\" id=\"keyFeatures\" style=\"margin-bottom: 0.2em; padding-left: 0px; font-family: Verdana, sans-serif; font-size: 14px !important; line-height: 18px !important;\">Khay sứ nướng Vitling của IKEA với c&ocirc;ng dụng đa năng v&agrave;&nbsp;sử dụng được với&nbsp;l&ograve; vi s&oacute;ng, l&ograve; nướng v&agrave; m&aacute;y rửa b&aacute;t.&nbsp;</div>\n\n<p><img alt=\"Khay sứ nướng Sfriendly\" src=\"http://www.upsieutoc.com/images/2014/09/14/14c42a.jpg\" /></p>\n\n<p>Những m&oacute;n nướng ngon nhất cần c&oacute; khay đựng tương xứng với n&oacute;. Bạn sẽ t&igrave;m thấy điều đ&oacute; ở khay sứ nướng VITLING của IKEA</p>\n\n<p><img alt=\"\" src=\"http://www.upsieutoc.com/images/2014/09/14/vitling-oven-dish__0141184_PE293755_S4.jpg\" />&nbsp;</p>\n\n<p>&nbsp;</p>\n\n<p>&nbsp;</p>\n','VN-VI',NULL),(1648,59,26,NULL,NULL,'Đồ dễ vỡ - 깨지기 쉬운 - Fragile',NULL,NULL),(1649,59,27,30,NULL,NULL,NULL,NULL),(1650,59,28,30,NULL,NULL,NULL,NULL),(1651,59,29,NULL,28,NULL,NULL,NULL),(1652,59,30,NULL,28,NULL,NULL,NULL),(1653,59,21,NULL,NULL,NULL,NULL,''),(1654,59,22,NULL,NULL,'',NULL,NULL),(1655,59,23,NULL,NULL,'',NULL,NULL),(1656,59,1,NULL,NULL,NULL,'EN-US','Oven Dish VITLING - IKEA'),(1657,59,2,NULL,NULL,'<p>Oven-dish VITLING from IKEA can be&nbsp;used for microwave, oven, and dishwasher</p>\n\n<p><img alt=\"\" src=\"http://www.upsieutoc.com/images/2014/09/14/14c42a.jpg\" style=\"height:500px; width:500px\" /></p>\n\n<p>Every good meal needs a good dish. You will be satisfied with the VITLING, IKEA from Sfriendly</p>\n\n<p><img alt=\"\" src=\"http://www.upsieutoc.com/images/2014/09/14/vitling-oven-dish__0141184_PE293755_S4.jpg\" style=\"height:500px; width:500px\" /></p>\n','EN-US',NULL),(1658,59,1,NULL,NULL,NULL,'KO-KR','베이킹 트레이 VITLING - IKEA'),(1659,59,2,NULL,NULL,'<p>좋은 그릴 식사 쉬운 사용</p>\n\n<p><img alt=\"\" src=\"http://www.upsieutoc.com/images/2014/09/14/14c42a.jpg\" style=\"height:500px; width:500px\" /></p>\n\n<p><img alt=\"\" src=\"http://www.upsieutoc.com/images/2014/09/14/vitling-oven-dish__0141184_PE293755_S4.jpg\" style=\"height:500px; width:500px\" /></p>\n','KO-KR',NULL),(1660,60,1,NULL,NULL,NULL,'VN-VI','BESTÅENDE - Lọ đựng nước rửa bát - IKEA'),(1661,60,18,NULL,NULL,NULL,NULL,''),(1662,60,13,2,NULL,NULL,NULL,NULL),(1663,60,34,NULL,NULL,NULL,NULL,'IKEA'),(1664,60,14,0.35,NULL,NULL,NULL,NULL),(1665,60,24,NULL,27,NULL,NULL,NULL),(1666,60,31,12,NULL,NULL,NULL,NULL),(1667,60,32,12,NULL,NULL,NULL,NULL),(1668,60,33,15,NULL,NULL,NULL,NULL),(1669,60,1,NULL,NULL,NULL,'EN-US','BESTÅENDE - Bottle of dishwashing liquid - IKEA'),(1670,60,2,NULL,NULL,'<p><span style=\"font-size:14px\"><span style=\"font-family:arial,helvetica,sans-serif\">Made of glass,&nbsp;height 16,5cm,&nbsp;capacity 350ml</span></span></p>\n\n<p><img alt=\"\" src=\"http://www.upsieutoc.com/images/2014/09/14/1331fb.jpg\" style=\"height:500px; width:500px\" /></p>\n\n<p><span style=\"font-family:arial,helvetica,sans-serif\"><span style=\"font-size:14px\">Bottle of dishwashing liquid BEST&Aring;ENDEBEST&Aring;ENDE from Sfriendly is a perfect piece&nbsp;for your luxury kitchen</span></span></p>\n\n<p><img alt=\"\" src=\"http://www.upsieutoc.com/images/2014/09/14/38251170277756_pe417116_s5.jpg\" style=\"height:500px; width:500px\" /></p>\n','EN-US',NULL),(1671,60,26,NULL,NULL,'',NULL,NULL),(1672,60,27,30,NULL,NULL,NULL,NULL),(1673,60,28,30,NULL,NULL,NULL,NULL),(1674,60,29,NULL,30,NULL,NULL,NULL),(1675,60,30,NULL,30,NULL,NULL,NULL),(1676,60,21,NULL,NULL,NULL,NULL,''),(1677,60,22,NULL,NULL,'',NULL,NULL),(1678,60,23,NULL,NULL,'',NULL,NULL),(1679,60,1,NULL,NULL,NULL,'KO-KR','BESTÅENDE - 주방용 액체의 병 - IKEA'),(1680,60,2,NULL,NULL,'<p><span style=\"font-size:14px\"><span style=\"font-family:arial,helvetica,sans-serif\">유리, 높이 16,5cm. 용량 350 ml</span></span></p>\n\n<p><span style=\"font-size:14px\"><span style=\"font-family:arial,helvetica,sans-serif\"><img alt=\"\" src=\"http://www.upsieutoc.com/images/2014/09/14/1331fb.jpg\" style=\"height:500px; width:500px\" /></span></span></p>\n\n<p>주방용 액체의 병&nbsp;BEST&Aring;ENDE, Sfriendly&nbsp;당신의 명품 주방을위한 완벽한 조각이다</p>\n\n<p><img alt=\"\" src=\"http://www.upsieutoc.com/images/2014/09/14/38251170277756_pe417116_s5.jpg\" style=\"height:500px; width:500px\" /></p>\n','KO-KR',NULL),(1681,60,2,NULL,NULL,'<p><span style=\"font-size:14px\"><span style=\"font-family:arial,helvetica,sans-serif\">Chất liệu thủy tinh, chiều cao 16,5cm. Dung t&iacute;ch 350ml</span></span></p>\n\n<p><img alt=\"\" src=\"http://www.upsieutoc.com/images/2014/09/14/1331fb.jpg\" style=\"height:500px; width:500px\" /></p>\n\n<p>Lọ đựng nước rửa b&aacute;t&nbsp;BEST&Aring;ENDE của Sfriendly sẽ l&agrave;m căn bếp của bạn th&ecirc;m sang trọng</p>\n\n<p><img alt=\"\" src=\"http://www.upsieutoc.com/images/2014/09/14/38251170277756_pe417116_s5.jpg\" style=\"height:500px; width:500px\" /></p>\n','VN-VI',NULL),(1682,61,1,NULL,NULL,NULL,'VN-VI','Đèn nến Rotera - IKEA'),(1683,61,18,NULL,NULL,NULL,NULL,''),(1684,61,13,10,NULL,NULL,NULL,NULL),(1685,61,34,NULL,NULL,NULL,NULL,'IKEA'),(1686,61,14,1,NULL,NULL,NULL,NULL),(1687,61,24,NULL,26,NULL,NULL,NULL),(1688,61,31,20,NULL,NULL,NULL,NULL),(1689,61,32,50,NULL,NULL,NULL,NULL),(1690,61,33,50,NULL,NULL,NULL,NULL),(1691,61,2,NULL,NULL,'<p><span style=\"font-size:14px\"><span style=\"font-family:arial,helvetica,sans-serif\"><span style=\"color:rgb(70, 70, 70)\">Chiều cao: 15 &quot;(38 cm)</span></span></span></p>\n\n<p><span style=\"font-size:14px\"><span style=\"font-family:arial,helvetica,sans-serif\"><span style=\"color:rgb(70, 70, 70)\">Sử dụng một ngọn nến với&nbsp;chiều cao tối đa:&nbsp;20cm</span></span></span></p>\n\n<p><span style=\"font-size:14px\"><span style=\"font-family:arial,helvetica,sans-serif\">Phần ch&iacute;nh: th&eacute;p, sơn tĩnh điện Polyester&nbsp;</span></span></p>\n\n<div style=\"margin: 0px; padding: 0px; color: rgb(70, 70, 70); font-family: Tahoma, Geneva, sans-serif; font-size: 11px; line-height: normal;\"><span style=\"font-size:14px\"><span style=\"font-family:arial,helvetica,sans-serif\">K&iacute;nh: Thủy tinh</span></span></div>\n\n<div style=\"margin: 0px; padding: 0px; color: rgb(70, 70, 70); font-family: Tahoma, Geneva, sans-serif; font-size: 11px; line-height: normal;\">&nbsp;</div>\n\n<div style=\"margin: 0px; padding: 0px; color: rgb(70, 70, 70); font-family: Tahoma, Geneva, sans-serif; font-size: 11px; line-height: normal;\"><span style=\"font-size:14px\"><span style=\"font-family:arial,helvetica,sans-serif\"><img alt=\"\" src=\"http://www.upsieutoc.com/images/2014/09/14/Rotera1.jpg\" style=\"height:626px; width:500px\" /></span></span></div>\n','VN-VI',NULL),(1692,61,26,NULL,NULL,'',NULL,NULL),(1693,61,27,30,NULL,NULL,NULL,NULL),(1694,61,28,30,NULL,NULL,NULL,NULL),(1695,61,29,NULL,30,NULL,NULL,NULL),(1696,61,30,NULL,30,NULL,NULL,NULL),(1697,61,21,NULL,NULL,NULL,NULL,''),(1698,61,22,NULL,NULL,'',NULL,NULL),(1699,61,23,NULL,NULL,'',NULL,NULL),(1700,61,1,NULL,NULL,NULL,'EN-US','Lantern Rotera - IKEA'),(1701,61,2,NULL,NULL,'<p>Height: 15 &quot;(38 cm)</p>\n\n<p>Use with&nbsp;1 candle with max height: &nbsp;20cm</p>\n\n<p>Main: Steel, Powder coating Polyester , Glass</p>\n\n<p><img alt=\"\" src=\"http://www.upsieutoc.com/images/2014/09/14/Rotera1.jpg\" style=\"height:626px; width:500px\" /></p>\n','EN-US',NULL),(1702,61,1,NULL,NULL,NULL,'KO-KR','랜턴 Rotera - IKEA'),(1703,61,2,NULL,NULL,'<p>높이: 38cm</p>\n\n<p>하나의 촛불 만 사용: 20cm</p>\n\n<p>Main: Steel, Powder Coating&nbsp;Polyester, 유리&nbsp;</p>\n\n<p><img alt=\"\" src=\"http://www.upsieutoc.com/images/2014/09/14/Rotera1.jpg\" style=\"height:626px; width:500px\" /></p>\n','KO-KR',NULL),(1704,62,1,NULL,NULL,NULL,'VN-VI','Bộ dao thìa dĩa 3 màu SMASKA IKEA'),(1705,62,18,NULL,NULL,NULL,NULL,''),(1706,62,13,10,NULL,NULL,NULL,NULL),(1707,62,34,NULL,NULL,NULL,NULL,'IKEA'),(1708,62,14,1,NULL,NULL,NULL,NULL),(1709,62,24,NULL,26,NULL,NULL,NULL),(1710,62,31,50,NULL,NULL,NULL,NULL),(1711,62,32,50,NULL,NULL,NULL,NULL),(1712,62,33,50,NULL,NULL,NULL,NULL),(1713,62,2,NULL,NULL,'<p><span style=\"font-size:14px\"><span style=\"color:rgb(0, 0, 0)\">Chất liệu: Th&eacute;p kh&ocirc;ng gỉ, nhựa Polypropylene</span></span></p>\n\n<p><span style=\"font-size:14px\"><span style=\"color:rgb(0, 0, 0)\"><img alt=\"\" src=\"http://www.upsieutoc.com/images/2014/09/14/2502631_17862.jpg\" style=\"height:500px; width:500px\" /></span></span></p>\n\n<p>&nbsp;</p>\n','VN-VI',NULL),(1714,62,26,NULL,NULL,'',NULL,NULL),(1715,62,27,3,NULL,NULL,NULL,NULL),(1716,62,28,9999,NULL,NULL,NULL,NULL),(1717,62,29,NULL,28,NULL,NULL,NULL),(1718,62,30,NULL,28,NULL,NULL,NULL),(1719,62,21,NULL,NULL,NULL,NULL,''),(1720,62,22,NULL,NULL,'',NULL,NULL),(1721,62,23,NULL,NULL,'',NULL,NULL),(1722,62,1,NULL,NULL,NULL,'KO-KR','숟가락 포크 나이프 3 색 SMASKA IKEA'),(1723,62,2,NULL,NULL,'<p>재료: Stainless Steel,&nbsp;플라스틱&nbsp;<span style=\"color:rgb(0, 0, 0); font-family:arial,helvetica,sans-serif; font-size:12px\">Polypropylene</span></p>\n\n<p><span style=\"color:rgb(0, 0, 0); font-family:arial,helvetica,sans-serif; font-size:12px\"><img alt=\"\" src=\"http://www.upsieutoc.com/images/2014/09/14/2502631_17862.jpg\" style=\"height:500px; width:500px\" /></span></p>\n','KO-KR',NULL),(1724,62,1,NULL,NULL,NULL,'EN-US','Set spoon fork knife SMASKA IKEA'),(1725,62,2,NULL,NULL,'<p><span style=\"font-size:14px\"><span style=\"font-family:arial,helvetica,sans-serif\">Material: Stainless steel, plastic&nbsp;<span style=\"color:rgb(0, 0, 0)\">Polypropylene</span></span></span></p>\n\n<p><span style=\"font-size:14px\"><span style=\"font-family:arial,helvetica,sans-serif\"><span style=\"color:rgb(0, 0, 0)\"><img alt=\"\" src=\"http://www.upsieutoc.com/images/2014/09/14/2502631_17862.jpg\" style=\"height:500px; width:500px\" /></span></span></span></p>\n','EN-US',NULL),(1726,63,1,NULL,NULL,NULL,'VN-VI','Huggies Dry M42 - Bộ 2 gói tã dán'),(1727,63,18,NULL,NULL,NULL,NULL,''),(1728,63,13,10,NULL,NULL,NULL,NULL),(1729,63,34,NULL,NULL,NULL,NULL,'Huggies'),(1730,63,14,1,NULL,NULL,NULL,NULL),(1731,63,24,NULL,26,NULL,NULL,NULL),(1732,63,31,1,NULL,NULL,NULL,NULL),(1733,63,32,1,NULL,NULL,NULL,NULL),(1734,63,33,1,NULL,NULL,NULL,NULL),(1735,63,2,NULL,NULL,'<p>Được xem như một trong những ph&aacute;t minh vĩ đại trong lĩnh vực chế tạo đồ d&ugrave;ng cho trẻ nhỏ v&agrave; trẻ sơ sinh, t&atilde; giấy d&aacute;n kh&ocirc;ng chỉ mang lại sự bảo vệ tuyệt vời cho b&eacute; y&ecirc;u m&agrave; c&ograve;n g&oacute;p phần gi&uacute;p c&aacute;c &ocirc;ng bố, b&agrave; mẹ đỡ cực nhọc hơn trong việc chăm s&oacute;c con. L&agrave; một đại diện trong đ&oacute;, t&atilde; d&aacute;n <strong>Huggies Dry M42</strong> được sản xuất dựa tr&ecirc;n c&ocirc;ng nghệ hiện đại với c&aacute;c l&otilde;i b&ocirc;ng kết hợp hạt thấm h&uacute;t, gi&uacute;p trẻ lu&ocirc;n kh&ocirc; tho&aacute;ng suốt ng&agrave;y v&agrave; đ&ecirc;m. T&atilde; sở hữu độ tho&aacute;ng kh&iacute; tốt, c&oacute; khả năng chống hăm n&ecirc;n mang lại cảm gi&aacute;c thoải m&aacute;i v&agrave; dễ chịu tuyệt đối cho b&eacute;. Với t&atilde; d&aacute;n <strong>Huggies Dry M42</strong>, giờ đ&acirc;y, thi&ecirc;n thần nhỏ của bạn c&oacute; thể v&ocirc; tư chơi đ&ugrave;a m&agrave; kh&ocirc;ng lo bị gi&aacute;n đoạn cuộc vui.</p>\n\n<div><strong>ĐẶC ĐIỂM NỔI BẬT</strong></div>\n\n<p><strong>Chất liệu tốt, an to&agrave;n</strong><br />\nĐược sản xuất bằng chất liệu c&oacute; t&iacute;nh khử m&ugrave;i, chống hăm da, thấm h&uacute;t an to&agrave;n, t&atilde; giấy Huggies chống tr&agrave;n hiệu quả, cho b&eacute; sự thoải m&aacute;i, dễ chịu. C&aacute;c miếng l&oacute;t kỳ diệu gi&uacute;p nới v&agrave; thắt chặt cho vừa vặn một c&aacute;ch dễ d&agrave;ng hơn, lớp phủ mềm v&agrave; tho&aacute;ng gi&uacute;p tạo sự mềm mại v&agrave; cảm gi&aacute;c thoải m&aacute;i. B&ecirc;n cạnh đ&oacute;, t&atilde; Huggies đ&atilde; được y khoa chứng nhận tuyệt đối an to&agrave;n d&agrave;nh cho trẻ nhỏ.</p>\n\n<p><strong>Băng keo d&aacute;n chống ngứa da</strong> Chất liệu mềm mại từ keo d&aacute;n sẽ kh&ocirc;ng g&acirc;y x&oacute;t, ngứa, nhưng vẫn gi&uacute;p cố định t&atilde; ngay cả khi b&eacute; cử động mạnh hay chơi đ&ugrave;a. Đ&acirc;y l&agrave; keo d&aacute;n thế hệ mới: d&iacute;nh chắc đồng thời c&oacute; thể d&aacute;n lại dễ d&agrave;ng.</p>\n\n<p><strong>Thun v&ograve;ng quanh h&aacute;ng</strong><br />\nChống tr&agrave;n hiệu quả, kh&ocirc;ng l&agrave;m bẩn ga giường, gi&uacute;p mẹ đỡ vất vả hơn. Nhờ l&agrave;m bằng chất liệu thun tốt, d&ugrave; tiếp x&uacute;c trực tiếp với da b&eacute; vẫn kh&ocirc;ng g&acirc;y mẫn, ngứa.</p>\n\n<p><strong>L&otilde;i b&ocirc;ng thấm h&uacute;t tuyệt đối</strong> T&atilde; c&oacute; l&otilde;i b&ocirc;ng mềm mại, sở hữu khả năng thấm h&uacute;t tuyệt đối, gi&uacute;p b&eacute; lu&ocirc;n kh&ocirc; tho&aacute;ng suốt ng&agrave;y d&agrave;i v&agrave; ban đ&ecirc;m. Nhờ vậy, những cuộc vui chơi hay giấc ngủ của b&eacute; sẽ kh&ocirc;ng c&ograve;n bị gi&aacute;n đoạn.</p>\n\n<p><strong>Thiết kế gọn v&agrave; vừa vặn</strong><br />\nNhờ thế khi mặc t&atilde;, b&eacute; vận động dễ d&agrave;ng v&agrave; thoải m&aacute;i hơn.</p>\n\n<p><strong>C&aacute;ch d&ugrave;ng</strong><br />\nThoa kem chống hăm trước khi sử dụng t&atilde; l&oacute;t cho b&eacute;. Kh&ocirc;ng n&ecirc;n mặc t&atilde; cho b&eacute; qu&aacute; 6 tiếng đồng hồ li&ecirc;n tiếp.</p>\n','VN-VI',NULL),(1736,63,26,NULL,NULL,'',NULL,NULL),(1737,63,27,3,NULL,NULL,NULL,NULL),(1738,63,28,7,NULL,NULL,NULL,NULL),(1739,63,29,NULL,28,NULL,NULL,NULL),(1740,63,30,NULL,28,NULL,NULL,NULL),(1741,63,21,NULL,NULL,NULL,NULL,''),(1742,63,22,NULL,NULL,'Được xem như một trong những phát minh vĩ đại trong lĩnh vực chế tạo đồ dùng cho trẻ nhỏ và trẻ sơ sinh, tã giấy dán không chỉ mang lại sự bảo vệ tuyệt vời cho bé yêu mà còn góp phần giúp các ông bố, bà mẹ đỡ cực nhọc hơn trong việc chăm sóc con. Là một đại diện trong đó, tã dán Huggies Dry M42 được sản xuất dựa trên công nghệ hiện đại với các lõi bông kết hợp hạt thấm hút, giúp trẻ luôn khô thoáng suốt ngày và đêm. Tã sở hữu độ thoáng khí tốt, có khả năng chống hăm nên mang lại cảm giác thoải mái và dễ chịu tuyệt đối cho bé. Với tã dán Huggies Dry M42, giờ đây, thiên thần nhỏ của bạn có thể vô tư chơi đùa mà không lo bị gián đoạn cuộc vui.\n\nĐẶC ĐIỂM NỔI BẬT\n\nChất liệu tốt, an toàn\nĐược sản xuất bằng chất liệu có tính khử mùi, chống hăm da, thấm hút an toàn, tã giấy Huggies chống tràn hiệu quả, cho bé sự thoải mái, dễ chịu. Các miếng lót kỳ diệu giúp nới và thắt chặt cho vừa vặn một cách dễ dàng hơn, lớp phủ mềm và thoáng giúp tạo sự mềm mại và cảm giác thoải mái. Bên cạnh đó, tã Huggies đã được y khoa chứng nhận tuyệt đối an toàn dành cho trẻ nhỏ.\n\nBăng keo dán chống ngứa da Chất liệu mềm mại từ keo dán sẽ không gây xót, ngứa, nhưng vẫn giúp cố định tã ngay cả khi bé cử động mạnh hay chơi đùa. Đây là keo dán thế hệ mới: dính chắc đồng thời có thể dán lại dễ dàng.\n\nThun vòng quanh háng\nChống tràn hiệu quả, không làm bẩn ga giường, giúp mẹ đỡ vất vả hơn. Nhờ làm bằng chất liệu thun tốt, dù tiếp xúc trực tiếp với da bé vẫn không gây mẫn, ngứa.\n\nLõi bông thấm hút tuyệt đối Tã có lõi bông mềm mại, sở hữu khả năng thấm hút tuyệt đối, giúp bé luôn khô thoáng suốt ngày dài và ban đêm. Nhờ vậy, những cuộc vui chơi hay giấc ngủ của bé sẽ không còn bị gián đoạn.\n\nThiết kế gọn và vừa vặn\nNhờ thế khi mặc tã, bé vận động dễ dàng và thoải mái hơn.\n\nCách dùng\nThoa kem chống hăm trước khi sử dụng tã lót cho bé. Không nên mặc tã cho bé quá 6 tiếng đồng hồ liên tiếp.',NULL,NULL),(1743,63,23,NULL,NULL,'',NULL,NULL),(1744,63,1,NULL,NULL,NULL,'EN-US','Huggies Dry M42'),(1745,63,2,NULL,NULL,'<p>Được xem như một trong những ph&aacute;t minh vĩ đại trong lĩnh vực chế tạo đồ d&ugrave;ng cho trẻ nhỏ v&agrave; trẻ sơ sinh, t&atilde; giấy d&aacute;n kh&ocirc;ng chỉ mang lại sự bảo vệ tuyệt vời cho b&eacute; y&ecirc;u m&agrave; c&ograve;n g&oacute;p phần gi&uacute;p c&aacute;c &ocirc;ng bố, b&agrave; mẹ đỡ cực nhọc hơn trong việc chăm s&oacute;c con. L&agrave; một đại diện trong đ&oacute;, t&atilde; d&aacute;n <strong>Huggies Dry M42</strong> được sản xuất dựa tr&ecirc;n c&ocirc;ng nghệ hiện đại với c&aacute;c l&otilde;i b&ocirc;ng kết hợp hạt thấm h&uacute;t, gi&uacute;p trẻ lu&ocirc;n kh&ocirc; tho&aacute;ng suốt ng&agrave;y v&agrave; đ&ecirc;m. T&atilde; sở hữu độ tho&aacute;ng kh&iacute; tốt, c&oacute; khả năng chống hăm n&ecirc;n mang lại cảm gi&aacute;c thoải m&aacute;i v&agrave; dễ chịu tuyệt đối cho b&eacute;. Với t&atilde; d&aacute;n <strong>Huggies Dry M42</strong>, giờ đ&acirc;y, thi&ecirc;n thần nhỏ của bạn c&oacute; thể v&ocirc; tư chơi đ&ugrave;a m&agrave; kh&ocirc;ng lo bị gi&aacute;n đoạn cuộc vui.</p>\n\n<div><strong>ĐẶC ĐIỂM NỔI BẬT</strong></div>\n\n<p><strong>Chất liệu tốt, an to&agrave;n</strong><br />\nĐược sản xuất bằng chất liệu c&oacute; t&iacute;nh khử m&ugrave;i, chống hăm da, thấm h&uacute;t an to&agrave;n, t&atilde; giấy Huggies chống tr&agrave;n hiệu quả, cho b&eacute; sự thoải m&aacute;i, dễ chịu. C&aacute;c miếng l&oacute;t kỳ diệu gi&uacute;p nới v&agrave; thắt chặt cho vừa vặn một c&aacute;ch dễ d&agrave;ng hơn, lớp phủ mềm v&agrave; tho&aacute;ng gi&uacute;p tạo sự mềm mại v&agrave; cảm gi&aacute;c thoải m&aacute;i. B&ecirc;n cạnh đ&oacute;, t&atilde; Huggies đ&atilde; được y khoa chứng nhận tuyệt đối an to&agrave;n d&agrave;nh cho trẻ nhỏ.</p>\n\n<p><strong>Băng keo d&aacute;n chống ngứa da</strong> Chất liệu mềm mại từ keo d&aacute;n sẽ kh&ocirc;ng g&acirc;y x&oacute;t, ngứa, nhưng vẫn gi&uacute;p cố định t&atilde; ngay cả khi b&eacute; cử động mạnh hay chơi đ&ugrave;a. Đ&acirc;y l&agrave; keo d&aacute;n thế hệ mới: d&iacute;nh chắc đồng thời c&oacute; thể d&aacute;n lại dễ d&agrave;ng.</p>\n\n<p><strong>Thun v&ograve;ng quanh h&aacute;ng</strong><br />\nChống tr&agrave;n hiệu quả, kh&ocirc;ng l&agrave;m bẩn ga giường, gi&uacute;p mẹ đỡ vất vả hơn. Nhờ l&agrave;m bằng chất liệu thun tốt, d&ugrave; tiếp x&uacute;c trực tiếp với da b&eacute; vẫn kh&ocirc;ng g&acirc;y mẫn, ngứa.</p>\n\n<p><strong>L&otilde;i b&ocirc;ng thấm h&uacute;t tuyệt đối</strong> T&atilde; c&oacute; l&otilde;i b&ocirc;ng mềm mại, sở hữu khả năng thấm h&uacute;t tuyệt đối, gi&uacute;p b&eacute; lu&ocirc;n kh&ocirc; tho&aacute;ng suốt ng&agrave;y d&agrave;i v&agrave; ban đ&ecirc;m. Nhờ vậy, những cuộc vui chơi hay giấc ngủ của b&eacute; sẽ kh&ocirc;ng c&ograve;n bị gi&aacute;n đoạn.</p>\n\n<p><strong>Thiết kế gọn v&agrave; vừa vặn</strong><br />\nNhờ thế khi mặc t&atilde;, b&eacute; vận động dễ d&agrave;ng v&agrave; thoải m&aacute;i hơn.</p>\n\n<p><strong>C&aacute;ch d&ugrave;ng</strong><br />\nThoa kem chống hăm trước khi sử dụng t&atilde; l&oacute;t cho b&eacute;. Kh&ocirc;ng n&ecirc;n mặc t&atilde; cho b&eacute; qu&aacute; 6 tiếng đồng hồ li&ecirc;n tiếp.</p>\n','EN-US',NULL),(1746,63,1,NULL,NULL,NULL,'KO-KR','Huggies Dry M42'),(1747,63,2,NULL,NULL,'<p>Được xem như một trong những ph&aacute;t minh vĩ đại trong lĩnh vực chế tạo đồ d&ugrave;ng cho trẻ nhỏ v&agrave; trẻ sơ sinh, t&atilde; giấy d&aacute;n kh&ocirc;ng chỉ mang lại sự bảo vệ tuyệt vời cho b&eacute; y&ecirc;u m&agrave; c&ograve;n g&oacute;p phần gi&uacute;p c&aacute;c &ocirc;ng bố, b&agrave; mẹ đỡ cực nhọc hơn trong việc chăm s&oacute;c con. L&agrave; một đại diện trong đ&oacute;, t&atilde; d&aacute;n <strong>Huggies Dry M42</strong> được sản xuất dựa tr&ecirc;n c&ocirc;ng nghệ hiện đại với c&aacute;c l&otilde;i b&ocirc;ng kết hợp hạt thấm h&uacute;t, gi&uacute;p trẻ lu&ocirc;n kh&ocirc; tho&aacute;ng suốt ng&agrave;y v&agrave; đ&ecirc;m. T&atilde; sở hữu độ tho&aacute;ng kh&iacute; tốt, c&oacute; khả năng chống hăm n&ecirc;n mang lại cảm gi&aacute;c thoải m&aacute;i v&agrave; dễ chịu tuyệt đối cho b&eacute;. Với t&atilde; d&aacute;n <strong>Huggies Dry M42</strong>, giờ đ&acirc;y, thi&ecirc;n thần nhỏ của bạn c&oacute; thể v&ocirc; tư chơi đ&ugrave;a m&agrave; kh&ocirc;ng lo bị gi&aacute;n đoạn cuộc vui.</p>\n\n<div><strong>ĐẶC ĐIỂM NỔI BẬT</strong></div>\n\n<p><strong>Chất liệu tốt, an to&agrave;n</strong><br />\nĐược sản xuất bằng chất liệu c&oacute; t&iacute;nh khử m&ugrave;i, chống hăm da, thấm h&uacute;t an to&agrave;n, t&atilde; giấy Huggies chống tr&agrave;n hiệu quả, cho b&eacute; sự thoải m&aacute;i, dễ chịu. C&aacute;c miếng l&oacute;t kỳ diệu gi&uacute;p nới v&agrave; thắt chặt cho vừa vặn một c&aacute;ch dễ d&agrave;ng hơn, lớp phủ mềm v&agrave; tho&aacute;ng gi&uacute;p tạo sự mềm mại v&agrave; cảm gi&aacute;c thoải m&aacute;i. B&ecirc;n cạnh đ&oacute;, t&atilde; Huggies đ&atilde; được y khoa chứng nhận tuyệt đối an to&agrave;n d&agrave;nh cho trẻ nhỏ.</p>\n\n<p><strong>Băng keo d&aacute;n chống ngứa da</strong> Chất liệu mềm mại từ keo d&aacute;n sẽ kh&ocirc;ng g&acirc;y x&oacute;t, ngứa, nhưng vẫn gi&uacute;p cố định t&atilde; ngay cả khi b&eacute; cử động mạnh hay chơi đ&ugrave;a. Đ&acirc;y l&agrave; keo d&aacute;n thế hệ mới: d&iacute;nh chắc đồng thời c&oacute; thể d&aacute;n lại dễ d&agrave;ng.</p>\n\n<p><strong>Thun v&ograve;ng quanh h&aacute;ng</strong><br />\nChống tr&agrave;n hiệu quả, kh&ocirc;ng l&agrave;m bẩn ga giường, gi&uacute;p mẹ đỡ vất vả hơn. Nhờ l&agrave;m bằng chất liệu thun tốt, d&ugrave; tiếp x&uacute;c trực tiếp với da b&eacute; vẫn kh&ocirc;ng g&acirc;y mẫn, ngứa.</p>\n\n<p><strong>L&otilde;i b&ocirc;ng thấm h&uacute;t tuyệt đối</strong> T&atilde; c&oacute; l&otilde;i b&ocirc;ng mềm mại, sở hữu khả năng thấm h&uacute;t tuyệt đối, gi&uacute;p b&eacute; lu&ocirc;n kh&ocirc; tho&aacute;ng suốt ng&agrave;y d&agrave;i v&agrave; ban đ&ecirc;m. Nhờ vậy, những cuộc vui chơi hay giấc ngủ của b&eacute; sẽ kh&ocirc;ng c&ograve;n bị gi&aacute;n đoạn.</p>\n\n<p><strong>Thiết kế gọn v&agrave; vừa vặn</strong><br />\nNhờ thế khi mặc t&atilde;, b&eacute; vận động dễ d&agrave;ng v&agrave; thoải m&aacute;i hơn.</p>\n\n<p><strong>C&aacute;ch d&ugrave;ng</strong><br />\nThoa kem chống hăm trước khi sử dụng t&atilde; l&oacute;t cho b&eacute;. Kh&ocirc;ng n&ecirc;n mặc t&atilde; cho b&eacute; qu&aacute; 6 tiếng đồng hồ li&ecirc;n tiếp.</p>\n','KO-KR',NULL),(1748,64,1,NULL,NULL,NULL,'VN-VI','Huggies Nappy Hug Promo NB1 – Bộ 2 gói miếng lót sơ sinh / Gói lớn'),(1749,64,18,NULL,NULL,NULL,NULL,''),(1750,64,13,10,NULL,NULL,NULL,NULL),(1751,64,34,NULL,NULL,NULL,NULL,''),(1752,64,14,1,NULL,NULL,NULL,NULL),(1753,64,24,NULL,0,NULL,NULL,NULL),(1754,64,31,1,NULL,NULL,NULL,NULL),(1755,64,32,1,NULL,NULL,NULL,NULL),(1756,64,33,1,NULL,NULL,NULL,NULL),(1757,64,2,NULL,NULL,'<p>Nhu cầu sử dụng t&atilde; giấy của b&eacute; kh&aacute;c nhau theo từng giai đoạn. Từ 0 - 3 th&aacute;ng, giai đoạn sơ sinh, b&eacute; chưa cần d&ugrave;ng đến loại t&atilde; dạng quần v&igrave; nhu cầu đi vệ sinh c&ograve;n chưa ổn định. Miếng l&oacute;t t&atilde; sơ sinh <strong>Huggies Nappy Hug Promo NB1</strong> dạng miếng tho&aacute;ng hơn c&aacute;c loại t&atilde; giấy quần, c&oacute; keo d&aacute;n trực tiếp v&agrave;o quần hoặc t&atilde; vải sẽ gi&uacute;p mẹ đỡ vất vả hơn hẳn khi chăm s&oacute;c b&eacute;, ri&ecirc;ng b&eacute; sẽ cảm nhận được sự thoải m&aacute;i dễ chịu, tho&aacute;ng m&aacute;t. Miếng l&oacute;t <strong>Huggies Nappy Hug Promo NB1</strong> được l&agrave;m ho&agrave;n to&agrave;n bằng chất liệu cao cấp l&agrave; một lựa chọn th&iacute;ch hợp cho b&eacute;.</p>\n\n<p><strong>C&Aacute;CH D&Ugrave;NG:</strong> Thoa kem chống hăm trước khi sử dụng t&atilde; l&oacute;t cho b&eacute;. Kh&ocirc;ng n&ecirc;n mặc t&atilde; cho b&eacute; qu&aacute; 6 tiếng đồng hồ li&ecirc;n tiếp.</p>\n\n<div><strong>T&Iacute;NH NĂNG NỔI BẬT</strong></div>\n\n<p><strong>Chất liệu tốt, an to&agrave;n</strong><br />\nĐược sản xuất bằng chất liệu c&oacute; t&iacute;nh khử m&ugrave;i, chống hăm da, thấm h&uacute;t an to&agrave;n, t&atilde; giấy Huggies chống tr&agrave;n hiệu quả, cho b&eacute; sự thoải m&aacute;i, dễ chịu. C&aacute;c miếng l&oacute;t kỳ diệu gi&uacute;p nới v&agrave; thắt chặt cho vừa vặn một c&aacute;ch dễ d&agrave;ng hơn, lớp phủ mềm v&agrave; tho&aacute;ng: gi&uacute;p tạo sự mềm mại v&agrave; cảm gi&aacute;c thoải m&aacute;i, mềm mại như b&ocirc;ng.</p>\n\n<p><strong>Lớp thấm si&ecirc;u nhanh</strong><br />\nVới thiết kế lớp thấm si&ecirc;u nhanh được tăng cường độ thấm h&uacute;t sẽ nhanh ch&oacute;ng h&uacute;t mọi chất lỏng v&agrave;o b&ecirc;n trong t&atilde;, gi&uacute;p da b&eacute; lu&ocirc;n kh&ocirc; tho&aacute;ng.</p>\n\n<p><strong>Thiết kế th&ocirc;ng minh</strong><br />\nVới thiết kế h&igrave;nh chữ V độc đ&aacute;o c&ugrave;ng v&aacute;ch ngăn chống tr&agrave;n hai b&ecirc;n, miếng l&oacute;t Huggies vừa vặn tuyệt đối giữa hai ch&acirc;n b&eacute; gi&uacute;p chống tr&agrave;n hiệu quả hơn.</p>\n\n<p><strong>Đ&oacute;ng g&oacute;i bộ 2 t&uacute;i</strong><br />\nSản phẩm được đ&oacute;ng g&oacute;i bộ 2 t&uacute;i t&atilde; giấy sẽ tiết kiệm thời gian cho mẹ khi mua sắm. Mẹ sẽ c&oacute; nhiều thời gian hơn để chăm s&oacute;c bản th&acirc;n v&agrave; gia đ&igrave;nh b&eacute; nhỏ của m&igrave;nh.</p>\n\n<div><strong>TH&Ocirc;NG TIN THƯƠNG HIỆU</strong></div>\n\n<p>Những chiếc t&atilde; giấy nhỏ xinh <strong>Huggies</strong> được giới thiệu bởi Tập đo&agrave;n Kimberly-Clark tại Mỹ v&agrave;o năm 1978 đ&atilde; thực sự tạo n&ecirc;n một cuộc c&aacute;ch mạng t&atilde; giấy tr&ecirc;n thị trường cho trẻ nhỏ. Năm 1989, chiếc t&atilde; giấy d&ugrave;ng một lần &ldquo;Pull-ups&rdquo; đ&atilde; thực sự tạo n&ecirc;n một xu hướng mới tr&ecirc;n d&ograve;ng thị trường t&atilde; giấy d&agrave;nh cho trẻ nhỏ, nhu cầu sử dụng tăng nhanh, c&aacute;c &ocirc;ng bố, b&agrave; mẹ đều th&iacute;ch v&agrave; con c&aacute;i họ rất h&agrave;i l&ograve;ng. Với gần 26 tỉ t&atilde; giấy sử dụng tr&ecirc;n thế giới mỗi năm, Huggies tự h&agrave;o đồng h&agrave;nh c&ugrave;ng mọi gia đ&igrave;nh trong việc chăm s&oacute;c trẻ nhỏ tốt hơn.</p>\n','VN-VI',NULL),(1758,64,26,NULL,NULL,'',NULL,NULL),(1759,64,27,0,NULL,NULL,NULL,NULL),(1760,64,28,0,NULL,NULL,NULL,NULL),(1761,64,29,NULL,28,NULL,NULL,NULL),(1762,64,30,NULL,28,NULL,NULL,NULL),(1763,64,21,NULL,NULL,NULL,NULL,''),(1764,64,22,NULL,NULL,'',NULL,NULL),(1765,64,23,NULL,NULL,'',NULL,NULL),(1766,64,1,NULL,NULL,NULL,'EN-US','Huggies Nappy Hug Promo NB1 – Bộ 2 gói miếng lót sơ sinh / Gói lớn'),(1767,64,2,NULL,NULL,'<p>Nhu cầu sử dụng t&atilde; giấy của b&eacute; kh&aacute;c nhau theo từng giai đoạn. Từ 0 - 3 th&aacute;ng, giai đoạn sơ sinh, b&eacute; chưa cần d&ugrave;ng đến loại t&atilde; dạng quần v&igrave; nhu cầu đi vệ sinh c&ograve;n chưa ổn định. Miếng l&oacute;t t&atilde; sơ sinh <strong>Huggies Nappy Hug Promo NB1</strong> dạng miếng tho&aacute;ng hơn c&aacute;c loại t&atilde; giấy quần, c&oacute; keo d&aacute;n trực tiếp v&agrave;o quần hoặc t&atilde; vải sẽ gi&uacute;p mẹ đỡ vất vả hơn hẳn khi chăm s&oacute;c b&eacute;, ri&ecirc;ng b&eacute; sẽ cảm nhận được sự thoải m&aacute;i dễ chịu, tho&aacute;ng m&aacute;t. Miếng l&oacute;t <strong>Huggies Nappy Hug Promo NB1</strong> được l&agrave;m ho&agrave;n to&agrave;n bằng chất liệu cao cấp l&agrave; một lựa chọn th&iacute;ch hợp cho b&eacute;.</p>\n\n<p><strong>C&Aacute;CH D&Ugrave;NG:</strong> Thoa kem chống hăm trước khi sử dụng t&atilde; l&oacute;t cho b&eacute;. Kh&ocirc;ng n&ecirc;n mặc t&atilde; cho b&eacute; qu&aacute; 6 tiếng đồng hồ li&ecirc;n tiếp.</p>\n\n<div><strong>T&Iacute;NH NĂNG NỔI BẬT</strong></div>\n\n<p><strong>Chất liệu tốt, an to&agrave;n</strong><br />\nĐược sản xuất bằng chất liệu c&oacute; t&iacute;nh khử m&ugrave;i, chống hăm da, thấm h&uacute;t an to&agrave;n, t&atilde; giấy Huggies chống tr&agrave;n hiệu quả, cho b&eacute; sự thoải m&aacute;i, dễ chịu. C&aacute;c miếng l&oacute;t kỳ diệu gi&uacute;p nới v&agrave; thắt chặt cho vừa vặn một c&aacute;ch dễ d&agrave;ng hơn, lớp phủ mềm v&agrave; tho&aacute;ng: gi&uacute;p tạo sự mềm mại v&agrave; cảm gi&aacute;c thoải m&aacute;i, mềm mại như b&ocirc;ng.</p>\n\n<p><strong>Lớp thấm si&ecirc;u nhanh</strong><br />\nVới thiết kế lớp thấm si&ecirc;u nhanh được tăng cường độ thấm h&uacute;t sẽ nhanh ch&oacute;ng h&uacute;t mọi chất lỏng v&agrave;o b&ecirc;n trong t&atilde;, gi&uacute;p da b&eacute; lu&ocirc;n kh&ocirc; tho&aacute;ng.</p>\n\n<p><strong>Thiết kế th&ocirc;ng minh</strong><br />\nVới thiết kế h&igrave;nh chữ V độc đ&aacute;o c&ugrave;ng v&aacute;ch ngăn chống tr&agrave;n hai b&ecirc;n, miếng l&oacute;t Huggies vừa vặn tuyệt đối giữa hai ch&acirc;n b&eacute; gi&uacute;p chống tr&agrave;n hiệu quả hơn.</p>\n\n<p><strong>Đ&oacute;ng g&oacute;i bộ 2 t&uacute;i</strong><br />\nSản phẩm được đ&oacute;ng g&oacute;i bộ 2 t&uacute;i t&atilde; giấy sẽ tiết kiệm thời gian cho mẹ khi mua sắm. Mẹ sẽ c&oacute; nhiều thời gian hơn để chăm s&oacute;c bản th&acirc;n v&agrave; gia đ&igrave;nh b&eacute; nhỏ của m&igrave;nh.</p>\n\n<div><strong>TH&Ocirc;NG TIN THƯƠNG HIỆU</strong></div>\n\n<p>Những chiếc t&atilde; giấy nhỏ xinh <strong>Huggies</strong> được giới thiệu bởi Tập đo&agrave;n Kimberly-Clark tại Mỹ v&agrave;o năm 1978 đ&atilde; thực sự tạo n&ecirc;n một cuộc c&aacute;ch mạng t&atilde; giấy tr&ecirc;n thị trường cho trẻ nhỏ. Năm 1989, chiếc t&atilde; giấy d&ugrave;ng một lần &ldquo;Pull-ups&rdquo; đ&atilde; thực sự tạo n&ecirc;n một xu hướng mới tr&ecirc;n d&ograve;ng thị trường t&atilde; giấy d&agrave;nh cho trẻ nhỏ, nhu cầu sử dụng tăng nhanh, c&aacute;c &ocirc;ng bố, b&agrave; mẹ đều th&iacute;ch v&agrave; con c&aacute;i họ rất h&agrave;i l&ograve;ng. Với gần 26 tỉ t&atilde; giấy sử dụng tr&ecirc;n thế giới mỗi năm, Huggies tự h&agrave;o đồng h&agrave;nh c&ugrave;ng mọi gia đ&igrave;nh trong việc chăm s&oacute;c trẻ nhỏ tốt hơn.</p>\n','EN-US',NULL),(1768,64,1,NULL,NULL,NULL,'KO-KR','Huggies Nappy Hug Promo NB1 – Bộ 2 gói miếng lót sơ sinh / Gói lớn'),(1769,64,2,NULL,NULL,'<p>Nhu cầu sử dụng t&atilde; giấy của b&eacute; kh&aacute;c nhau theo từng giai đoạn. Từ 0 - 3 th&aacute;ng, giai đoạn sơ sinh, b&eacute; chưa cần d&ugrave;ng đến loại t&atilde; dạng quần v&igrave; nhu cầu đi vệ sinh c&ograve;n chưa ổn định. Miếng l&oacute;t t&atilde; sơ sinh <strong>Huggies Nappy Hug Promo NB1</strong> dạng miếng tho&aacute;ng hơn c&aacute;c loại t&atilde; giấy quần, c&oacute; keo d&aacute;n trực tiếp v&agrave;o quần hoặc t&atilde; vải sẽ gi&uacute;p mẹ đỡ vất vả hơn hẳn khi chăm s&oacute;c b&eacute;, ri&ecirc;ng b&eacute; sẽ cảm nhận được sự thoải m&aacute;i dễ chịu, tho&aacute;ng m&aacute;t. Miếng l&oacute;t <strong>Huggies Nappy Hug Promo NB1</strong> được l&agrave;m ho&agrave;n to&agrave;n bằng chất liệu cao cấp l&agrave; một lựa chọn th&iacute;ch hợp cho b&eacute;.</p>\n\n<p><strong>C&Aacute;CH D&Ugrave;NG:</strong> Thoa kem chống hăm trước khi sử dụng t&atilde; l&oacute;t cho b&eacute;. Kh&ocirc;ng n&ecirc;n mặc t&atilde; cho b&eacute; qu&aacute; 6 tiếng đồng hồ li&ecirc;n tiếp.</p>\n\n<div><strong>T&Iacute;NH NĂNG NỔI BẬT</strong></div>\n\n<p><strong>Chất liệu tốt, an to&agrave;n</strong><br />\nĐược sản xuất bằng chất liệu c&oacute; t&iacute;nh khử m&ugrave;i, chống hăm da, thấm h&uacute;t an to&agrave;n, t&atilde; giấy Huggies chống tr&agrave;n hiệu quả, cho b&eacute; sự thoải m&aacute;i, dễ chịu. C&aacute;c miếng l&oacute;t kỳ diệu gi&uacute;p nới v&agrave; thắt chặt cho vừa vặn một c&aacute;ch dễ d&agrave;ng hơn, lớp phủ mềm v&agrave; tho&aacute;ng: gi&uacute;p tạo sự mềm mại v&agrave; cảm gi&aacute;c thoải m&aacute;i, mềm mại như b&ocirc;ng.</p>\n\n<p><strong>Lớp thấm si&ecirc;u nhanh</strong><br />\nVới thiết kế lớp thấm si&ecirc;u nhanh được tăng cường độ thấm h&uacute;t sẽ nhanh ch&oacute;ng h&uacute;t mọi chất lỏng v&agrave;o b&ecirc;n trong t&atilde;, gi&uacute;p da b&eacute; lu&ocirc;n kh&ocirc; tho&aacute;ng.</p>\n\n<p><strong>Thiết kế th&ocirc;ng minh</strong><br />\nVới thiết kế h&igrave;nh chữ V độc đ&aacute;o c&ugrave;ng v&aacute;ch ngăn chống tr&agrave;n hai b&ecirc;n, miếng l&oacute;t Huggies vừa vặn tuyệt đối giữa hai ch&acirc;n b&eacute; gi&uacute;p chống tr&agrave;n hiệu quả hơn.</p>\n\n<p><strong>Đ&oacute;ng g&oacute;i bộ 2 t&uacute;i</strong><br />\nSản phẩm được đ&oacute;ng g&oacute;i bộ 2 t&uacute;i t&atilde; giấy sẽ tiết kiệm thời gian cho mẹ khi mua sắm. Mẹ sẽ c&oacute; nhiều thời gian hơn để chăm s&oacute;c bản th&acirc;n v&agrave; gia đ&igrave;nh b&eacute; nhỏ của m&igrave;nh.</p>\n\n<div><strong>TH&Ocirc;NG TIN THƯƠNG HIỆU</strong></div>\n\n<p>Những chiếc t&atilde; giấy nhỏ xinh <strong>Huggies</strong> được giới thiệu bởi Tập đo&agrave;n Kimberly-Clark tại Mỹ v&agrave;o năm 1978 đ&atilde; thực sự tạo n&ecirc;n một cuộc c&aacute;ch mạng t&atilde; giấy tr&ecirc;n thị trường cho trẻ nhỏ. Năm 1989, chiếc t&atilde; giấy d&ugrave;ng một lần &ldquo;Pull-ups&rdquo; đ&atilde; thực sự tạo n&ecirc;n một xu hướng mới tr&ecirc;n d&ograve;ng thị trường t&atilde; giấy d&agrave;nh cho trẻ nhỏ, nhu cầu sử dụng tăng nhanh, c&aacute;c &ocirc;ng bố, b&agrave; mẹ đều th&iacute;ch v&agrave; con c&aacute;i họ rất h&agrave;i l&ograve;ng. Với gần 26 tỉ t&atilde; giấy sử dụng tr&ecirc;n thế giới mỗi năm, Huggies tự h&agrave;o đồng h&agrave;nh c&ugrave;ng mọi gia đ&igrave;nh trong việc chăm s&oacute;c trẻ nhỏ tốt hơn.</p>\n','KO-KR',NULL),(1770,65,1,NULL,NULL,NULL,'VN-VI','Merries L54 – Tã giấy dán'),(1771,65,18,NULL,NULL,NULL,NULL,''),(1772,65,13,10,NULL,NULL,NULL,NULL),(1773,65,34,NULL,NULL,NULL,NULL,''),(1774,65,14,1,NULL,NULL,NULL,NULL),(1775,65,24,NULL,0,NULL,NULL,NULL),(1776,65,31,1,NULL,NULL,NULL,NULL),(1777,65,32,1,NULL,NULL,NULL,NULL),(1778,65,33,1,NULL,NULL,NULL,NULL),(1779,65,2,NULL,NULL,'<p>L&agrave; sản phẩm đến từ thương hiệu Merries nổi tiếng của Nhật, t&atilde; giấy <strong>Merries L54</strong> l&agrave; giải ph&aacute;p tối ưu gi&uacute;p trẻ kh&ocirc; tho&aacute;ng suốt ng&agrave;y v&agrave; đ&ecirc;m. Sử dụng chất liệu tơ tằm mềm mại, t&atilde; chống ngứa, chống hăm v&agrave; chống dị ứng, đảm bảo sự thoải m&aacute;i tối đa cho b&eacute;. Với lớp m&agrave;ng đặc biệt chứa c&aacute;c hạt si&ecirc;u thấm, sản phẩm thấm h&uacute;t nhanh ch&oacute;ng v&agrave; hiệu quả. Hơn thế nữa, với hệ thống chống tr&agrave;n hiệu quả, t&atilde; giữ cho b&eacute; lu&ocirc;n kh&ocirc; tho&aacute;ng tuyệt đối những l&uacute;c chạy nhảy, vui chơi cũng như khi đi ngủ. Ở trung t&acirc;m của bề mặt t&atilde; c&oacute; 2 đường m&agrave;u sẽ chuyển từ xanh sang v&agrave;ng khi cần thay, gi&uacute;p mẹ chăm s&oacute;c b&eacute; chu đ&aacute;o v&agrave; dễ d&agrave;ng hơn. <strong>Merries L54</strong> kh&ocirc;ng chỉ l&agrave; người bạn đồng h&agrave;nh l&yacute; tưởng của b&eacute; m&agrave; c&ograve;n được xem như trợ thủ đắc lực của mẹ.</p>\n\n<p><strong>C&Aacute;CH D&Ugrave;NG: </strong> Thoa kem chống hăm trước khi sử dụng t&atilde; l&oacute;t cho b&eacute;. Kh&ocirc;ng n&ecirc;n mặc t&atilde; cho b&eacute; qu&aacute; 6 tiếng đồng hồ li&ecirc;n tiếp.</p>\n\n<div><strong>T&Iacute;NH NĂNG NỔI BẬT</strong></div>\n\n<p><strong>Chất liệu tốt, an to&agrave;n</strong><br />\nĐược sản xuất bằng chất liệu tơ tằm c&oacute; t&iacute;nh khử m&ugrave;i, chống hăm da, chống ngứa v&agrave; chống dị ứng, sản phẩm mang đến cho b&eacute; sự thoải m&aacute;i, dễ chịu tối đa.</p>\n\n<p><strong>Thiết kế si&ecirc;u mỏng</strong><br />\nT&atilde; sở hữu thiết kế si&ecirc;u mỏng, đảm bảo b&eacute; kh&ocirc;ng bị kh&oacute; chịu l&uacute;c chơi đ&ugrave;a hoặc khi đi ngủ.</p>\n\n<p><strong>Lớp m&agrave;ng thấm h&uacute;t si&ecirc;u nhanh</strong><br />\nVới thiết kế lớp m&agrave;ng chứa hạt si&ecirc;u thấm đặc biệt, nhanh ch&oacute;ng h&uacute;t mọi chất lỏng, ngăn chất lỏng thấm ngược trở lại, gi&uacute;p bề mặt t&atilde; lu&ocirc;n kh&ocirc; tho&aacute;ng.</p>\n\n<p><strong>Chống tr&agrave;n hiệu quả</strong><br />\nSử dụng c&ocirc;ng nghệ ti&ecirc;n tiến, t&atilde; giấy Merries c&oacute; khả năng ngăn ngừa chất lỏng tr&agrave;n ra b&ecirc;n ngo&agrave;i, kể cả l&uacute;c b&eacute; vận động hay nằm ngủ.</p>\n\n<p><strong>Hệ thống b&aacute;o hiệu tối ưu</strong><br />\nVới 2 đường c&oacute; khả năng chuyển m&agrave;u (từ xanh sang v&agrave;ng), mẹ dễ d&agrave;ng quan s&aacute;t v&agrave; biết l&uacute;c n&agrave;o n&ecirc;n thay t&atilde; cho b&eacute;.</p>\n\n<p><strong>Thiết kế dễ thương</strong><br />\nBề mặt ngo&agrave;i của t&atilde; sở hữu thiết kế đ&aacute;ng y&ecirc;u c&ugrave;ng m&agrave;u sắc bắt mắt, ph&ugrave; hợp với b&eacute; y&ecirc;u nh&agrave; bạn.</p>\n','VN-VI',NULL),(1780,65,26,NULL,NULL,'',NULL,NULL),(1781,65,27,0,NULL,NULL,NULL,NULL),(1782,65,28,0,NULL,NULL,NULL,NULL),(1783,65,29,NULL,0,NULL,NULL,NULL),(1784,65,30,NULL,0,NULL,NULL,NULL),(1785,65,21,NULL,NULL,NULL,NULL,''),(1786,65,22,NULL,NULL,'',NULL,NULL),(1787,65,23,NULL,NULL,'',NULL,NULL),(1788,65,1,NULL,NULL,NULL,'EN-US','Merries L54 – Tã giấy dán'),(1789,65,2,NULL,NULL,'<p>L&agrave; sản phẩm đến từ thương hiệu Merries nổi tiếng của Nhật, t&atilde; giấy <strong>Merries L54</strong> l&agrave; giải ph&aacute;p tối ưu gi&uacute;p trẻ kh&ocirc; tho&aacute;ng suốt ng&agrave;y v&agrave; đ&ecirc;m. Sử dụng chất liệu tơ tằm mềm mại, t&atilde; chống ngứa, chống hăm v&agrave; chống dị ứng, đảm bảo sự thoải m&aacute;i tối đa cho b&eacute;. Với lớp m&agrave;ng đặc biệt chứa c&aacute;c hạt si&ecirc;u thấm, sản phẩm thấm h&uacute;t nhanh ch&oacute;ng v&agrave; hiệu quả. Hơn thế nữa, với hệ thống chống tr&agrave;n hiệu quả, t&atilde; giữ cho b&eacute; lu&ocirc;n kh&ocirc; tho&aacute;ng tuyệt đối những l&uacute;c chạy nhảy, vui chơi cũng như khi đi ngủ. Ở trung t&acirc;m của bề mặt t&atilde; c&oacute; 2 đường m&agrave;u sẽ chuyển từ xanh sang v&agrave;ng khi cần thay, gi&uacute;p mẹ chăm s&oacute;c b&eacute; chu đ&aacute;o v&agrave; dễ d&agrave;ng hơn. <strong>Merries L54</strong> kh&ocirc;ng chỉ l&agrave; người bạn đồng h&agrave;nh l&yacute; tưởng của b&eacute; m&agrave; c&ograve;n được xem như trợ thủ đắc lực của mẹ.</p>\n\n<p><strong>C&Aacute;CH D&Ugrave;NG: </strong> Thoa kem chống hăm trước khi sử dụng t&atilde; l&oacute;t cho b&eacute;. Kh&ocirc;ng n&ecirc;n mặc t&atilde; cho b&eacute; qu&aacute; 6 tiếng đồng hồ li&ecirc;n tiếp.</p>\n\n<div><strong>T&Iacute;NH NĂNG NỔI BẬT</strong></div>\n\n<p><strong>Chất liệu tốt, an to&agrave;n</strong><br />\nĐược sản xuất bằng chất liệu tơ tằm c&oacute; t&iacute;nh khử m&ugrave;i, chống hăm da, chống ngứa v&agrave; chống dị ứng, sản phẩm mang đến cho b&eacute; sự thoải m&aacute;i, dễ chịu tối đa.</p>\n\n<p><strong>Thiết kế si&ecirc;u mỏng</strong><br />\nT&atilde; sở hữu thiết kế si&ecirc;u mỏng, đảm bảo b&eacute; kh&ocirc;ng bị kh&oacute; chịu l&uacute;c chơi đ&ugrave;a hoặc khi đi ngủ.</p>\n\n<p><strong>Lớp m&agrave;ng thấm h&uacute;t si&ecirc;u nhanh</strong><br />\nVới thiết kế lớp m&agrave;ng chứa hạt si&ecirc;u thấm đặc biệt, nhanh ch&oacute;ng h&uacute;t mọi chất lỏng, ngăn chất lỏng thấm ngược trở lại, gi&uacute;p bề mặt t&atilde; lu&ocirc;n kh&ocirc; tho&aacute;ng.</p>\n\n<p><strong>Chống tr&agrave;n hiệu quả</strong><br />\nSử dụng c&ocirc;ng nghệ ti&ecirc;n tiến, t&atilde; giấy Merries c&oacute; khả năng ngăn ngừa chất lỏng tr&agrave;n ra b&ecirc;n ngo&agrave;i, kể cả l&uacute;c b&eacute; vận động hay nằm ngủ.</p>\n\n<p><strong>Hệ thống b&aacute;o hiệu tối ưu</strong><br />\nVới 2 đường c&oacute; khả năng chuyển m&agrave;u (từ xanh sang v&agrave;ng), mẹ dễ d&agrave;ng quan s&aacute;t v&agrave; biết l&uacute;c n&agrave;o n&ecirc;n thay t&atilde; cho b&eacute;.</p>\n\n<p><strong>Thiết kế dễ thương</strong><br />\nBề mặt ngo&agrave;i của t&atilde; sở hữu thiết kế đ&aacute;ng y&ecirc;u c&ugrave;ng m&agrave;u sắc bắt mắt, ph&ugrave; hợp với b&eacute; y&ecirc;u nh&agrave; bạn.</p>\n','EN-US',NULL),(1790,65,1,NULL,NULL,NULL,'KO-KR','Merries L54 – Tã giấy dán'),(1791,65,2,NULL,NULL,'<p>L&agrave; sản phẩm đến từ thương hiệu Merries nổi tiếng của Nhật, t&atilde; giấy <strong>Merries L54</strong> l&agrave; giải ph&aacute;p tối ưu gi&uacute;p trẻ kh&ocirc; tho&aacute;ng suốt ng&agrave;y v&agrave; đ&ecirc;m. Sử dụng chất liệu tơ tằm mềm mại, t&atilde; chống ngứa, chống hăm v&agrave; chống dị ứng, đảm bảo sự thoải m&aacute;i tối đa cho b&eacute;. Với lớp m&agrave;ng đặc biệt chứa c&aacute;c hạt si&ecirc;u thấm, sản phẩm thấm h&uacute;t nhanh ch&oacute;ng v&agrave; hiệu quả. Hơn thế nữa, với hệ thống chống tr&agrave;n hiệu quả, t&atilde; giữ cho b&eacute; lu&ocirc;n kh&ocirc; tho&aacute;ng tuyệt đối những l&uacute;c chạy nhảy, vui chơi cũng như khi đi ngủ. Ở trung t&acirc;m của bề mặt t&atilde; c&oacute; 2 đường m&agrave;u sẽ chuyển từ xanh sang v&agrave;ng khi cần thay, gi&uacute;p mẹ chăm s&oacute;c b&eacute; chu đ&aacute;o v&agrave; dễ d&agrave;ng hơn. <strong>Merries L54</strong> kh&ocirc;ng chỉ l&agrave; người bạn đồng h&agrave;nh l&yacute; tưởng của b&eacute; m&agrave; c&ograve;n được xem như trợ thủ đắc lực của mẹ.</p>\n\n<p><strong>C&Aacute;CH D&Ugrave;NG: </strong> Thoa kem chống hăm trước khi sử dụng t&atilde; l&oacute;t cho b&eacute;. Kh&ocirc;ng n&ecirc;n mặc t&atilde; cho b&eacute; qu&aacute; 6 tiếng đồng hồ li&ecirc;n tiếp.</p>\n\n<div><strong>T&Iacute;NH NĂNG NỔI BẬT</strong></div>\n\n<p><strong>Chất liệu tốt, an to&agrave;n</strong><br />\nĐược sản xuất bằng chất liệu tơ tằm c&oacute; t&iacute;nh khử m&ugrave;i, chống hăm da, chống ngứa v&agrave; chống dị ứng, sản phẩm mang đến cho b&eacute; sự thoải m&aacute;i, dễ chịu tối đa.</p>\n\n<p><strong>Thiết kế si&ecirc;u mỏng</strong><br />\nT&atilde; sở hữu thiết kế si&ecirc;u mỏng, đảm bảo b&eacute; kh&ocirc;ng bị kh&oacute; chịu l&uacute;c chơi đ&ugrave;a hoặc khi đi ngủ.</p>\n\n<p><strong>Lớp m&agrave;ng thấm h&uacute;t si&ecirc;u nhanh</strong><br />\nVới thiết kế lớp m&agrave;ng chứa hạt si&ecirc;u thấm đặc biệt, nhanh ch&oacute;ng h&uacute;t mọi chất lỏng, ngăn chất lỏng thấm ngược trở lại, gi&uacute;p bề mặt t&atilde; lu&ocirc;n kh&ocirc; tho&aacute;ng.</p>\n\n<p><strong>Chống tr&agrave;n hiệu quả</strong><br />\nSử dụng c&ocirc;ng nghệ ti&ecirc;n tiến, t&atilde; giấy Merries c&oacute; khả năng ngăn ngừa chất lỏng tr&agrave;n ra b&ecirc;n ngo&agrave;i, kể cả l&uacute;c b&eacute; vận động hay nằm ngủ.</p>\n\n<p><strong>Hệ thống b&aacute;o hiệu tối ưu</strong><br />\nVới 2 đường c&oacute; khả năng chuyển m&agrave;u (từ xanh sang v&agrave;ng), mẹ dễ d&agrave;ng quan s&aacute;t v&agrave; biết l&uacute;c n&agrave;o n&ecirc;n thay t&atilde; cho b&eacute;.</p>\n\n<p><strong>Thiết kế dễ thương</strong><br />\nBề mặt ngo&agrave;i của t&atilde; sở hữu thiết kế đ&aacute;ng y&ecirc;u c&ugrave;ng m&agrave;u sắc bắt mắt, ph&ugrave; hợp với b&eacute; y&ecirc;u nh&agrave; bạn.</p>\n','KO-KR',NULL),(1792,66,1,NULL,NULL,NULL,'VN-VI','Bino L30 – Bộ 2 gói tã giấy ban đêm'),(1793,66,18,NULL,NULL,NULL,NULL,''),(1794,66,13,10,NULL,NULL,NULL,NULL),(1795,66,34,NULL,NULL,NULL,NULL,''),(1796,66,14,1,NULL,NULL,NULL,NULL),(1797,66,24,NULL,0,NULL,NULL,NULL),(1798,66,31,1,NULL,NULL,NULL,NULL),(1799,66,32,1,NULL,NULL,NULL,NULL),(1800,66,33,1,NULL,NULL,NULL,NULL),(1801,66,2,NULL,NULL,'<p>T&atilde; quần <strong>Bino L30</strong> thiết kế miếng thấm si&ecirc;u nhanh v&agrave; rộng, tăng cường khả năng thấm h&uacute;t, giữ vệ sinh v&agrave; cảm gi&aacute;c kh&ocirc; th&aacute;ng cho b&eacute;. T&atilde; dễ d&agrave;ng th&aacute;o mở v&agrave; v&ograve;ng lưng thun co gi&atilde;n, &ocirc;m vừa vặn cơ thể mang cho b&eacute; sự thoải m&aacute;i tối đa. T&atilde; quần <strong>Bino L30</strong> đ&oacute;ng bộ 2 g&oacute;i (30 miếng/g&oacute;i), tiết kiệm thời gian v&agrave; chi ph&iacute; cho mẹ khi mua sắm.</p>\n\n<div><strong>ĐẶC ĐIỂM NỔI BẬT</strong></div>\n\n<p>- T&atilde; được thiết kế dạng quần với h&igrave;nh in ngộ nghĩnh.<br />\n- Tăng cường hạt thấm h&uacute;t gi&uacute;p giữ chặt chất lỏng b&ecirc;n trong t&atilde; v&agrave; chống tr&agrave;n hiệu quả.<br />\n- Lớp thấm si&ecirc;u nhanh v&agrave; rộng hơn, gi&uacute;p chất lỏng v&agrave;o b&ecirc;n trong t&atilde; nhanh hơn, chống v&oacute;n cục v&agrave; giữ cho bề mặt lu&ocirc;n kh&ocirc; tho&aacute;ng.<br />\n- Đai h&ocirc;ng co gi&atilde;n mềm mại, vừa vặn ho&agrave;n hảo c&oacute; thể sử dụng nhiều lần. C&aacute;c b&agrave; mẹ dễ d&agrave;ng hơn khi sử dụng v&igrave; c&oacute; thể gỡ ra d&aacute;n lại ở bất cứ nơi đ&acirc;u.<br />\n- Sản phẩm được nhập khẩu từ Indonesia với chất lượng vượt trội.</p>\n','VN-VI',NULL),(1802,66,26,NULL,NULL,'',NULL,NULL),(1803,66,27,0,NULL,NULL,NULL,NULL),(1804,66,28,0,NULL,NULL,NULL,NULL),(1805,66,29,NULL,0,NULL,NULL,NULL),(1806,66,30,NULL,0,NULL,NULL,NULL),(1807,66,21,NULL,NULL,NULL,NULL,''),(1808,66,22,NULL,NULL,'',NULL,NULL),(1809,66,23,NULL,NULL,'',NULL,NULL),(1810,66,1,NULL,NULL,NULL,'EN-US','Bino L30 – Bộ 2 gói tã giấy ban đêm'),(1811,66,2,NULL,NULL,'<p>T&atilde; quần <strong>Bino L30</strong> thiết kế miếng thấm si&ecirc;u nhanh v&agrave; rộng, tăng cường khả năng thấm h&uacute;t, giữ vệ sinh v&agrave; cảm gi&aacute;c kh&ocirc; th&aacute;ng cho b&eacute;. T&atilde; dễ d&agrave;ng th&aacute;o mở v&agrave; v&ograve;ng lưng thun co gi&atilde;n, &ocirc;m vừa vặn cơ thể mang cho b&eacute; sự thoải m&aacute;i tối đa. T&atilde; quần <strong>Bino L30</strong> đ&oacute;ng bộ 2 g&oacute;i (30 miếng/g&oacute;i), tiết kiệm thời gian v&agrave; chi ph&iacute; cho mẹ khi mua sắm.</p>\n\n<div><strong>ĐẶC ĐIỂM NỔI BẬT</strong></div>\n\n<p>- T&atilde; được thiết kế dạng quần với h&igrave;nh in ngộ nghĩnh.<br />\n- Tăng cường hạt thấm h&uacute;t gi&uacute;p giữ chặt chất lỏng b&ecirc;n trong t&atilde; v&agrave; chống tr&agrave;n hiệu quả.<br />\n- Lớp thấm si&ecirc;u nhanh v&agrave; rộng hơn, gi&uacute;p chất lỏng v&agrave;o b&ecirc;n trong t&atilde; nhanh hơn, chống v&oacute;n cục v&agrave; giữ cho bề mặt lu&ocirc;n kh&ocirc; tho&aacute;ng.<br />\n- Đai h&ocirc;ng co gi&atilde;n mềm mại, vừa vặn ho&agrave;n hảo c&oacute; thể sử dụng nhiều lần. C&aacute;c b&agrave; mẹ dễ d&agrave;ng hơn khi sử dụng v&igrave; c&oacute; thể gỡ ra d&aacute;n lại ở bất cứ nơi đ&acirc;u.<br />\n- Sản phẩm được nhập khẩu từ Indonesia với chất lượng vượt trội.</p>\n','EN-US',NULL),(1812,66,1,NULL,NULL,NULL,'KO-KR','Bino L30 – Bộ 2 gói tã giấy ban đêm'),(1813,66,2,NULL,NULL,'<p>T&atilde; quần <strong>Bino L30</strong> thiết kế miếng thấm si&ecirc;u nhanh v&agrave; rộng, tăng cường khả năng thấm h&uacute;t, giữ vệ sinh v&agrave; cảm gi&aacute;c kh&ocirc; th&aacute;ng cho b&eacute;. T&atilde; dễ d&agrave;ng th&aacute;o mở v&agrave; v&ograve;ng lưng thun co gi&atilde;n, &ocirc;m vừa vặn cơ thể mang cho b&eacute; sự thoải m&aacute;i tối đa. T&atilde; quần <strong>Bino L30</strong> đ&oacute;ng bộ 2 g&oacute;i (30 miếng/g&oacute;i), tiết kiệm thời gian v&agrave; chi ph&iacute; cho mẹ khi mua sắm.</p>\n\n<div><strong>ĐẶC ĐIỂM NỔI BẬT</strong></div>\n\n<p>- T&atilde; được thiết kế dạng quần với h&igrave;nh in ngộ nghĩnh.<br />\n- Tăng cường hạt thấm h&uacute;t gi&uacute;p giữ chặt chất lỏng b&ecirc;n trong t&atilde; v&agrave; chống tr&agrave;n hiệu quả.<br />\n- Lớp thấm si&ecirc;u nhanh v&agrave; rộng hơn, gi&uacute;p chất lỏng v&agrave;o b&ecirc;n trong t&atilde; nhanh hơn, chống v&oacute;n cục v&agrave; giữ cho bề mặt lu&ocirc;n kh&ocirc; tho&aacute;ng.<br />\n- Đai h&ocirc;ng co gi&atilde;n mềm mại, vừa vặn ho&agrave;n hảo c&oacute; thể sử dụng nhiều lần. C&aacute;c b&agrave; mẹ dễ d&agrave;ng hơn khi sử dụng v&igrave; c&oacute; thể gỡ ra d&aacute;n lại ở bất cứ nơi đ&acirc;u.<br />\n- Sản phẩm được nhập khẩu từ Indonesia với chất lượng vượt trội.</p>\n','KO-KR',NULL),(1814,67,1,NULL,NULL,NULL,'VN-VI',' Bobby Pants L20 – Bộ 2 gói tã quần '),(1815,67,18,NULL,NULL,NULL,NULL,''),(1816,67,13,10,NULL,NULL,NULL,NULL),(1817,67,34,NULL,NULL,NULL,NULL,''),(1818,67,14,1,NULL,NULL,NULL,NULL),(1819,67,24,NULL,0,NULL,NULL,NULL),(1820,67,31,1,NULL,NULL,NULL,NULL),(1821,67,32,1,NULL,NULL,NULL,NULL),(1822,67,33,1,NULL,NULL,NULL,NULL),(1823,67,2,NULL,NULL,'<p>Trẻ nhỏ rất ham vận động, lu&ocirc;n chạy nhảy suốt ng&agrave;y. Để gi&uacute;p cho b&eacute; đ&ugrave;a nghịch thoải m&aacute;i m&agrave; kh&ocirc;ng phải gi&aacute;n đoạn mỗi khi thay t&atilde; th&igrave; t&atilde; quần ch&iacute;nh l&agrave; giải ph&aacute;p. Với thiết kế cực k&igrave; dễ sử dụng, c&aacute;c &ocirc;ng bố vụng về cũng c&oacute; thể dễ d&agrave;ng mặc t&atilde; cho b&eacute; trong l&uacute;c mẹ vắng nh&agrave;. T&atilde; quần <strong>Bobby Pants L20</strong> l&agrave;m từ chất liệu khử m&ugrave;i, chống hăm da, thấm h&uacute;t an to&agrave;n, chống tr&agrave;n hiệu quả gi&uacute;p b&eacute; thoải m&aacute;i vui chơi v&agrave; giấc ngủ s&acirc;u suốt đ&ecirc;m. Bộ 2 g&oacute;i t&atilde; quần <strong>Bobby Pants L20</strong> kh&ocirc;ng những l&agrave; trợ thủ đắc lực của c&aacute;c b&agrave; mẹ m&agrave; c&ograve;n l&agrave; c&ocirc;ng cụ gi&uacute;p c&aacute;c &ocirc;ng bố thể hiện sự chia sẻ với b&agrave; x&atilde; v&agrave; sự quan t&acirc;m tới cục cưng b&eacute; nhỏ.</p>\n\n<p><strong>C&Aacute;CH D&Ugrave;NG</strong>: Thoa kem chống hăm trước khi sử dụng t&atilde; l&oacute;t cho b&eacute;. Kh&ocirc;ng n&ecirc;n mặc t&atilde; cho b&eacute; qu&aacute; 6 tiếng đồng hồ li&ecirc;n tiếp.</p>\n\n<p><em>Lưu &yacute;: Bao b&igrave; sản phẩm c&oacute; thể thay đổi theo từng đợt nhập h&agrave;ng.</em></p>\n\n<div><strong>ĐẶC ĐIỂM NỔI BẬT</strong></div>\n\n<p><strong>H&igrave;nh in ngộ nghĩnh</strong><br />\nĐược thiết kế dạng quần với h&igrave;nh ảnh ngộ nghĩnh, vui nhộn, sản phẩm t&atilde; quần <strong>Bobby Pants L20</strong> sẽ l&agrave;m cho b&eacute; th&iacute;ch th&uacute;, kh&ocirc;ng c&ograve;n kh&oacute; chịu mỗi khi phải thay t&atilde;.</p>\n\n<p><strong>Thiết kế đai h&ocirc;ng</strong><br />\nVới đai h&ocirc;ng co gi&atilde;n mềm mại, vừa vặn một c&aacute;ch ho&agrave;n hảo sẽ mang lại sự thoải m&aacute;i tối đa cho b&eacute;.</p>\n\n<p><strong>Mặt đ&aacute;y dạng vải</strong><br />\nMặt đ&aacute;y tho&aacute;t hơi ẩm dạng vải đẩy hơi n&oacute;ng ra ngo&agrave;i, gi&uacute;p da b&eacute; h&ocirc; hấp kh&ocirc;ng kh&iacute; một c&aacute;ch tự nhi&ecirc;n.</p>\n\n<p><strong>Si&ecirc;u mỏng nhưng si&ecirc;u thấm</strong><br />\nThiết kế mỏng, nhẹ với l&otilde;i b&ocirc;ng si&ecirc;u thấm sẽ thấm h&uacute;t chất lỏng cực nhanh, cho b&eacute; lu&ocirc;n kh&ocirc; tho&aacute;ng v&agrave; thỏa m&aacute;i vận động.</p>\n\n<p><strong>Đ&oacute;ng g&oacute;i bộ 2 t&uacute;i</strong><br />\nSản phẩm được đ&oacute;ng g&oacute;i bộ 2 t&uacute;i t&atilde; giấy sẽ tiết kiệm thời gian cho mẹ khi mua sắm. Mẹ sẽ c&oacute; nhiều thời gian hơn để chăm s&oacute;c bản th&acirc;n v&agrave; gia đ&igrave;nh b&eacute; nhỏ của m&igrave;nh.</p>\n','VN-VI',NULL),(1824,67,26,NULL,NULL,'',NULL,NULL),(1825,67,27,0,NULL,NULL,NULL,NULL),(1826,67,28,0,NULL,NULL,NULL,NULL),(1827,67,29,NULL,0,NULL,NULL,NULL),(1828,67,30,NULL,0,NULL,NULL,NULL),(1829,67,21,NULL,NULL,NULL,NULL,''),(1830,67,22,NULL,NULL,'',NULL,NULL),(1831,67,23,NULL,NULL,'',NULL,NULL),(1832,67,1,NULL,NULL,NULL,'EN-US','Bobby Pants L20 – Bộ 2 gói tã quần'),(1833,67,2,NULL,NULL,'<p>Trẻ nhỏ rất ham vận động, lu&ocirc;n chạy nhảy suốt ng&agrave;y. Để gi&uacute;p cho b&eacute; đ&ugrave;a nghịch thoải m&aacute;i m&agrave; kh&ocirc;ng phải gi&aacute;n đoạn mỗi khi thay t&atilde; th&igrave; t&atilde; quần ch&iacute;nh l&agrave; giải ph&aacute;p. Với thiết kế cực k&igrave; dễ sử dụng, c&aacute;c &ocirc;ng bố vụng về cũng c&oacute; thể dễ d&agrave;ng mặc t&atilde; cho b&eacute; trong l&uacute;c mẹ vắng nh&agrave;. T&atilde; quần <strong>Bobby Pants L20</strong> l&agrave;m từ chất liệu khử m&ugrave;i, chống hăm da, thấm h&uacute;t an to&agrave;n, chống tr&agrave;n hiệu quả gi&uacute;p b&eacute; thoải m&aacute;i vui chơi v&agrave; giấc ngủ s&acirc;u suốt đ&ecirc;m. Bộ 2 g&oacute;i t&atilde; quần <strong>Bobby Pants L20</strong> kh&ocirc;ng những l&agrave; trợ thủ đắc lực của c&aacute;c b&agrave; mẹ m&agrave; c&ograve;n l&agrave; c&ocirc;ng cụ gi&uacute;p c&aacute;c &ocirc;ng bố thể hiện sự chia sẻ với b&agrave; x&atilde; v&agrave; sự quan t&acirc;m tới cục cưng b&eacute; nhỏ.</p>\n\n<p><strong>C&Aacute;CH D&Ugrave;NG</strong>: Thoa kem chống hăm trước khi sử dụng t&atilde; l&oacute;t cho b&eacute;. Kh&ocirc;ng n&ecirc;n mặc t&atilde; cho b&eacute; qu&aacute; 6 tiếng đồng hồ li&ecirc;n tiếp.</p>\n\n<p><em>Lưu &yacute;: Bao b&igrave; sản phẩm c&oacute; thể thay đổi theo từng đợt nhập h&agrave;ng.</em></p>\n\n<div><strong>ĐẶC ĐIỂM NỔI BẬT</strong></div>\n\n<p><strong>H&igrave;nh in ngộ nghĩnh</strong><br />\nĐược thiết kế dạng quần với h&igrave;nh ảnh ngộ nghĩnh, vui nhộn, sản phẩm t&atilde; quần <strong>Bobby Pants L20</strong> sẽ l&agrave;m cho b&eacute; th&iacute;ch th&uacute;, kh&ocirc;ng c&ograve;n kh&oacute; chịu mỗi khi phải thay t&atilde;.</p>\n\n<p><strong>Thiết kế đai h&ocirc;ng</strong><br />\nVới đai h&ocirc;ng co gi&atilde;n mềm mại, vừa vặn một c&aacute;ch ho&agrave;n hảo sẽ mang lại sự thoải m&aacute;i tối đa cho b&eacute;.</p>\n\n<p><strong>Mặt đ&aacute;y dạng vải</strong><br />\nMặt đ&aacute;y tho&aacute;t hơi ẩm dạng vải đẩy hơi n&oacute;ng ra ngo&agrave;i, gi&uacute;p da b&eacute; h&ocirc; hấp kh&ocirc;ng kh&iacute; một c&aacute;ch tự nhi&ecirc;n.</p>\n\n<p><strong>Si&ecirc;u mỏng nhưng si&ecirc;u thấm</strong><br />\nThiết kế mỏng, nhẹ với l&otilde;i b&ocirc;ng si&ecirc;u thấm sẽ thấm h&uacute;t chất lỏng cực nhanh, cho b&eacute; lu&ocirc;n kh&ocirc; tho&aacute;ng v&agrave; thỏa m&aacute;i vận động.</p>\n\n<p><strong>Đ&oacute;ng g&oacute;i bộ 2 t&uacute;i</strong><br />\nSản phẩm được đ&oacute;ng g&oacute;i bộ 2 t&uacute;i t&atilde; giấy sẽ tiết kiệm thời gian cho mẹ khi mua sắm. Mẹ sẽ c&oacute; nhiều thời gian hơn để chăm s&oacute;c bản th&acirc;n v&agrave; gia đ&igrave;nh b&eacute; nhỏ của m&igrave;nh.</p>\n','EN-US',NULL),(1834,67,1,NULL,NULL,NULL,'KO-KR','Bobby Pants L20 – Bộ 2 gói tã quần'),(1835,67,2,NULL,NULL,'<p>Trẻ nhỏ rất ham vận động, lu&ocirc;n chạy nhảy suốt ng&agrave;y. Để gi&uacute;p cho b&eacute; đ&ugrave;a nghịch thoải m&aacute;i m&agrave; kh&ocirc;ng phải gi&aacute;n đoạn mỗi khi thay t&atilde; th&igrave; t&atilde; quần ch&iacute;nh l&agrave; giải ph&aacute;p. Với thiết kế cực k&igrave; dễ sử dụng, c&aacute;c &ocirc;ng bố vụng về cũng c&oacute; thể dễ d&agrave;ng mặc t&atilde; cho b&eacute; trong l&uacute;c mẹ vắng nh&agrave;. T&atilde; quần <strong>Bobby Pants L20</strong> l&agrave;m từ chất liệu khử m&ugrave;i, chống hăm da, thấm h&uacute;t an to&agrave;n, chống tr&agrave;n hiệu quả gi&uacute;p b&eacute; thoải m&aacute;i vui chơi v&agrave; giấc ngủ s&acirc;u suốt đ&ecirc;m. Bộ 2 g&oacute;i t&atilde; quần <strong>Bobby Pants L20</strong> kh&ocirc;ng những l&agrave; trợ thủ đắc lực của c&aacute;c b&agrave; mẹ m&agrave; c&ograve;n l&agrave; c&ocirc;ng cụ gi&uacute;p c&aacute;c &ocirc;ng bố thể hiện sự chia sẻ với b&agrave; x&atilde; v&agrave; sự quan t&acirc;m tới cục cưng b&eacute; nhỏ.</p>\n\n<p><strong>C&Aacute;CH D&Ugrave;NG</strong>: Thoa kem chống hăm trước khi sử dụng t&atilde; l&oacute;t cho b&eacute;. Kh&ocirc;ng n&ecirc;n mặc t&atilde; cho b&eacute; qu&aacute; 6 tiếng đồng hồ li&ecirc;n tiếp.</p>\n\n<p><em>Lưu &yacute;: Bao b&igrave; sản phẩm c&oacute; thể thay đổi theo từng đợt nhập h&agrave;ng.</em></p>\n\n<div><strong>ĐẶC ĐIỂM NỔI BẬT</strong></div>\n\n<p><strong>H&igrave;nh in ngộ nghĩnh</strong><br />\nĐược thiết kế dạng quần với h&igrave;nh ảnh ngộ nghĩnh, vui nhộn, sản phẩm t&atilde; quần <strong>Bobby Pants L20</strong> sẽ l&agrave;m cho b&eacute; th&iacute;ch th&uacute;, kh&ocirc;ng c&ograve;n kh&oacute; chịu mỗi khi phải thay t&atilde;.</p>\n\n<p><strong>Thiết kế đai h&ocirc;ng</strong><br />\nVới đai h&ocirc;ng co gi&atilde;n mềm mại, vừa vặn một c&aacute;ch ho&agrave;n hảo sẽ mang lại sự thoải m&aacute;i tối đa cho b&eacute;.</p>\n\n<p><strong>Mặt đ&aacute;y dạng vải</strong><br />\nMặt đ&aacute;y tho&aacute;t hơi ẩm dạng vải đẩy hơi n&oacute;ng ra ngo&agrave;i, gi&uacute;p da b&eacute; h&ocirc; hấp kh&ocirc;ng kh&iacute; một c&aacute;ch tự nhi&ecirc;n.</p>\n\n<p><strong>Si&ecirc;u mỏng nhưng si&ecirc;u thấm</strong><br />\nThiết kế mỏng, nhẹ với l&otilde;i b&ocirc;ng si&ecirc;u thấm sẽ thấm h&uacute;t chất lỏng cực nhanh, cho b&eacute; lu&ocirc;n kh&ocirc; tho&aacute;ng v&agrave; thỏa m&aacute;i vận động.</p>\n\n<p><strong>Đ&oacute;ng g&oacute;i bộ 2 t&uacute;i</strong><br />\nSản phẩm được đ&oacute;ng g&oacute;i bộ 2 t&uacute;i t&atilde; giấy sẽ tiết kiệm thời gian cho mẹ khi mua sắm. Mẹ sẽ c&oacute; nhiều thời gian hơn để chăm s&oacute;c bản th&acirc;n v&agrave; gia đ&igrave;nh b&eacute; nhỏ của m&igrave;nh.</p>\n','KO-KR',NULL),(1836,68,1,NULL,NULL,NULL,'VN-VI','GOO.N SUPER JUMBO M74 – Tã giấy'),(1837,68,18,NULL,NULL,NULL,NULL,''),(1838,68,13,10,NULL,NULL,NULL,NULL),(1839,68,34,NULL,NULL,NULL,NULL,''),(1840,68,14,1,NULL,NULL,NULL,NULL),(1841,68,24,NULL,0,NULL,NULL,NULL),(1842,68,31,1,NULL,NULL,NULL,NULL),(1843,68,32,1,NULL,NULL,NULL,NULL),(1844,68,33,1,NULL,NULL,NULL,NULL),(1845,68,2,NULL,NULL,'<p>GOO.N l&agrave; nh&atilde;n hiệu bỉm cao cấp h&agrave;ng đầu trong ph&acirc;n kh&uacute;c thị trường t&atilde; d&aacute;n cao cấp tại Nhật Bản. T&atilde; giấy <strong>GOO.N SUPER JUMBO</strong> c&oacute; khả năng thấm h&uacute;t nhanh, kh&ocirc;ng hăm da, kh&ocirc;ng g&acirc;y hằn, sẽ l&agrave; sự lựa chọn th&ocirc;ng minh d&agrave;nh cho c&aacute;c b&agrave; mẹ. Với sản phẩm n&agrave;y, giờ đ&acirc;y, c&aacute;c b&eacute; y&ecirc;u nh&agrave; bạn sẽ lu&ocirc;n cảm thấy thoải m&aacute;i, tho&aacute;ng m&aacute;t v&agrave; c&oacute; thể vui đ&ugrave;a suốt cả ng&agrave;y d&agrave;i.</p>\n\n<div><strong>ĐẶC ĐIỂM NỔI BẬT</strong></div>\n\n<p><strong>Chất liệu cao cấp, an to&agrave;n d&agrave;nh cho trẻ nhỏ</strong><br />\nT&atilde; giấy d&aacute;n <strong>GOO.N SUPER JUMBO</strong> được l&agrave;m từ chất liệu sợi cao cấp c&ugrave;ng miếng d&aacute;n hai b&ecirc;n bằng cotton mềm mại, bảo vệ an to&agrave;n tuyệt đối cho l&agrave;n da vốn non nớt v&agrave; nhạy cảm của b&eacute;.</p>\n\n<p><strong>Khả năng thấm h&uacute;t cao</strong><br />\nVới c&ocirc;ng nghệ tho&aacute;ng kh&iacute;, sản phẩm c&oacute; khả năng thấm h&uacute;t cao, gi&uacute;p bề mặt lu&ocirc;n kh&ocirc; r&aacute;o, lu&ocirc;n mang lại cho b&eacute; cảm gi&aacute;c nhẹ nh&agrave;ng, &ecirc;m &aacute;i. Ngo&agrave;i ra, sản phẩm kh&ocirc;ng thấm ngược, kh&ocirc;ng g&acirc;y hăm, kh&ocirc;ng g&acirc;y dị ứng cho b&eacute; v&igrave; lớp tiếp x&uacute;c mịn như tơ, đảm bảo da b&eacute; lu&ocirc;n kh&ocirc; r&aacute;o.</p>\n\n<p><strong>Kh&ocirc; tho&aacute;ng suốt cả ng&agrave;y</strong><br />\nT&atilde; giấy c&oacute; khả năng ngăn ngừa đọng vũng, tạo cho b&eacute; cảm gi&aacute;c kh&ocirc; tho&aacute;ng. Lớp định h&igrave;nh gi&uacute;p t&atilde; kh&ocirc;ng bị phồng sau khi b&eacute; t&egrave;, mang đến cho b&eacute; cảm gi&aacute;c thoải m&aacute;i, ngủ ngon v&agrave; tr&aacute;nh ảnh hưởng đến d&aacute;ng đi của b&eacute;.</p>\n\n<p><strong>Thiết kế dễ thương</strong><br />\nT&atilde; được trang tr&iacute; h&igrave;nh th&uacute; dễ thương c&ugrave;ng m&agrave;u sắc bắt mắt, mang đến sự th&iacute;ch th&uacute; d&agrave;nh cho b&eacute; y&ecirc;u.</p>\n','VN-VI',NULL),(1846,68,26,NULL,NULL,'',NULL,NULL),(1847,68,27,0,NULL,NULL,NULL,NULL),(1848,68,28,0,NULL,NULL,NULL,NULL),(1849,68,29,NULL,0,NULL,NULL,NULL),(1850,68,30,NULL,0,NULL,NULL,NULL),(1851,68,21,NULL,NULL,NULL,NULL,''),(1852,68,22,NULL,NULL,'',NULL,NULL),(1853,68,23,NULL,NULL,'',NULL,NULL),(1854,68,1,NULL,NULL,NULL,'EN-US','GOO.N SUPER JUMBO M74 – Tã giấy'),(1855,68,2,NULL,NULL,'<p>GOO.N l&agrave; nh&atilde;n hiệu bỉm cao cấp h&agrave;ng đầu trong ph&acirc;n kh&uacute;c thị trường t&atilde; d&aacute;n cao cấp tại Nhật Bản. T&atilde; giấy <strong>GOO.N SUPER JUMBO</strong> c&oacute; khả năng thấm h&uacute;t nhanh, kh&ocirc;ng hăm da, kh&ocirc;ng g&acirc;y hằn, sẽ l&agrave; sự lựa chọn th&ocirc;ng minh d&agrave;nh cho c&aacute;c b&agrave; mẹ. Với sản phẩm n&agrave;y, giờ đ&acirc;y, c&aacute;c b&eacute; y&ecirc;u nh&agrave; bạn sẽ lu&ocirc;n cảm thấy thoải m&aacute;i, tho&aacute;ng m&aacute;t v&agrave; c&oacute; thể vui đ&ugrave;a suốt cả ng&agrave;y d&agrave;i.</p>\n\n<div><strong>ĐẶC ĐIỂM NỔI BẬT</strong></div>\n\n<p><strong>Chất liệu cao cấp, an to&agrave;n d&agrave;nh cho trẻ nhỏ</strong><br />\nT&atilde; giấy d&aacute;n <strong>GOO.N SUPER JUMBO</strong> được l&agrave;m từ chất liệu sợi cao cấp c&ugrave;ng miếng d&aacute;n hai b&ecirc;n bằng cotton mềm mại, bảo vệ an to&agrave;n tuyệt đối cho l&agrave;n da vốn non nớt v&agrave; nhạy cảm của b&eacute;.</p>\n\n<p><strong>Khả năng thấm h&uacute;t cao</strong><br />\nVới c&ocirc;ng nghệ tho&aacute;ng kh&iacute;, sản phẩm c&oacute; khả năng thấm h&uacute;t cao, gi&uacute;p bề mặt lu&ocirc;n kh&ocirc; r&aacute;o, lu&ocirc;n mang lại cho b&eacute; cảm gi&aacute;c nhẹ nh&agrave;ng, &ecirc;m &aacute;i. Ngo&agrave;i ra, sản phẩm kh&ocirc;ng thấm ngược, kh&ocirc;ng g&acirc;y hăm, kh&ocirc;ng g&acirc;y dị ứng cho b&eacute; v&igrave; lớp tiếp x&uacute;c mịn như tơ, đảm bảo da b&eacute; lu&ocirc;n kh&ocirc; r&aacute;o.</p>\n\n<p><strong>Kh&ocirc; tho&aacute;ng suốt cả ng&agrave;y</strong><br />\nT&atilde; giấy c&oacute; khả năng ngăn ngừa đọng vũng, tạo cho b&eacute; cảm gi&aacute;c kh&ocirc; tho&aacute;ng. Lớp định h&igrave;nh gi&uacute;p t&atilde; kh&ocirc;ng bị phồng sau khi b&eacute; t&egrave;, mang đến cho b&eacute; cảm gi&aacute;c thoải m&aacute;i, ngủ ngon v&agrave; tr&aacute;nh ảnh hưởng đến d&aacute;ng đi của b&eacute;.</p>\n\n<p><strong>Thiết kế dễ thương</strong><br />\nT&atilde; được trang tr&iacute; h&igrave;nh th&uacute; dễ thương c&ugrave;ng m&agrave;u sắc bắt mắt, mang đến sự th&iacute;ch th&uacute; d&agrave;nh cho b&eacute; y&ecirc;u.</p>\n','EN-US',NULL),(1856,68,1,NULL,NULL,NULL,'KO-KR','GOO.N SUPER JUMBO M74 – Tã giấy'),(1857,68,2,NULL,NULL,'<p>GOO.N l&agrave; nh&atilde;n hiệu bỉm cao cấp h&agrave;ng đầu trong ph&acirc;n kh&uacute;c thị trường t&atilde; d&aacute;n cao cấp tại Nhật Bản. T&atilde; giấy <strong>GOO.N SUPER JUMBO</strong> c&oacute; khả năng thấm h&uacute;t nhanh, kh&ocirc;ng hăm da, kh&ocirc;ng g&acirc;y hằn, sẽ l&agrave; sự lựa chọn th&ocirc;ng minh d&agrave;nh cho c&aacute;c b&agrave; mẹ. Với sản phẩm n&agrave;y, giờ đ&acirc;y, c&aacute;c b&eacute; y&ecirc;u nh&agrave; bạn sẽ lu&ocirc;n cảm thấy thoải m&aacute;i, tho&aacute;ng m&aacute;t v&agrave; c&oacute; thể vui đ&ugrave;a suốt cả ng&agrave;y d&agrave;i.</p>\n\n<div><strong>ĐẶC ĐIỂM NỔI BẬT</strong></div>\n\n<p><strong>Chất liệu cao cấp, an to&agrave;n d&agrave;nh cho trẻ nhỏ</strong><br />\nT&atilde; giấy d&aacute;n <strong>GOO.N SUPER JUMBO</strong> được l&agrave;m từ chất liệu sợi cao cấp c&ugrave;ng miếng d&aacute;n hai b&ecirc;n bằng cotton mềm mại, bảo vệ an to&agrave;n tuyệt đối cho l&agrave;n da vốn non nớt v&agrave; nhạy cảm của b&eacute;.</p>\n\n<p><strong>Khả năng thấm h&uacute;t cao</strong><br />\nVới c&ocirc;ng nghệ tho&aacute;ng kh&iacute;, sản phẩm c&oacute; khả năng thấm h&uacute;t cao, gi&uacute;p bề mặt lu&ocirc;n kh&ocirc; r&aacute;o, lu&ocirc;n mang lại cho b&eacute; cảm gi&aacute;c nhẹ nh&agrave;ng, &ecirc;m &aacute;i. Ngo&agrave;i ra, sản phẩm kh&ocirc;ng thấm ngược, kh&ocirc;ng g&acirc;y hăm, kh&ocirc;ng g&acirc;y dị ứng cho b&eacute; v&igrave; lớp tiếp x&uacute;c mịn như tơ, đảm bảo da b&eacute; lu&ocirc;n kh&ocirc; r&aacute;o.</p>\n\n<p><strong>Kh&ocirc; tho&aacute;ng suốt cả ng&agrave;y</strong><br />\nT&atilde; giấy c&oacute; khả năng ngăn ngừa đọng vũng, tạo cho b&eacute; cảm gi&aacute;c kh&ocirc; tho&aacute;ng. Lớp định h&igrave;nh gi&uacute;p t&atilde; kh&ocirc;ng bị phồng sau khi b&eacute; t&egrave;, mang đến cho b&eacute; cảm gi&aacute;c thoải m&aacute;i, ngủ ngon v&agrave; tr&aacute;nh ảnh hưởng đến d&aacute;ng đi của b&eacute;.</p>\n\n<p><strong>Thiết kế dễ thương</strong><br />\nT&atilde; được trang tr&iacute; h&igrave;nh th&uacute; dễ thương c&ugrave;ng m&agrave;u sắc bắt mắt, mang đến sự th&iacute;ch th&uacute; d&agrave;nh cho b&eacute; y&ecirc;u.</p>\n','KO-KR',NULL),(1858,69,1,NULL,NULL,NULL,'VN-VI','Bino M22 – Bộ 4 túi tã quần'),(1859,69,18,NULL,NULL,NULL,NULL,''),(1860,69,13,10,NULL,NULL,NULL,NULL),(1861,69,34,NULL,NULL,NULL,NULL,''),(1862,69,14,1,NULL,NULL,NULL,NULL),(1863,69,24,NULL,0,NULL,NULL,NULL),(1864,69,31,1,NULL,NULL,NULL,NULL),(1865,69,32,1,NULL,NULL,NULL,NULL),(1866,69,33,1,NULL,NULL,NULL,NULL),(1867,69,2,NULL,NULL,'<p>T&atilde; quần <strong>Bino M22</strong> thiết kế miếng thấm si&ecirc;u nhanh v&agrave; rộng, tăng cường khả năng thấm h&uacute;t, giữ vệ sinh v&agrave; cảm gi&aacute;c kh&ocirc; th&aacute;ng cho b&eacute;. T&atilde; dễ d&agrave;ng th&aacute;o mở v&agrave; v&ograve;ng lưng thun co gi&atilde;n, &ocirc;m vừa vặn cơ thể mang cho b&eacute; sự thoải m&aacute;i tối đa. T&atilde; quần <strong>Bino M22</strong> đ&oacute;ng bộ 4 g&oacute;i ( 22 miếng/g&oacute;i), tiết kiệm thời gian v&agrave; chi ph&iacute; cho mẹ khi mua sắm.</p>\n\n<p>&nbsp;</p>\n\n<div><strong>ĐẶC ĐIỂM NỔI BẬT</strong></div>\n\n<p>- T&atilde; được thiết kế dạng quần với h&igrave;nh in ngộ nghĩnh.<br />\n- Tăng cường hạt thấm h&uacute;t gi&uacute;p giữ chặt chất lỏng b&ecirc;n trong t&atilde; v&agrave; chống tr&agrave;n hiệu quả.<br />\n- Lớp thấm si&ecirc;u nhanh v&agrave; rộng hơn, gi&uacute;p chất lỏng v&agrave;o b&ecirc;n trong t&atilde; nhanh hơn, chống v&oacute;n cục v&agrave; giữ cho bề mặt lu&ocirc;n kh&ocirc; tho&aacute;ng.<br />\n- Đai h&ocirc;ng co gi&atilde;n mềm mại, vừa vặn ho&agrave;n hảo c&oacute; thể sử dụng nhiều lần. C&aacute;c b&agrave; mẹ dễ d&agrave;ng hơn khi sử dụng v&igrave; c&oacute; thể gỡ ra d&aacute;n lại ở bất cứ nơi đ&acirc;u.<br />\n- Sản phẩm được nhập khẩu từ Indonesia với chất lượng vượt trội.</p>\n','VN-VI',NULL),(1868,69,26,NULL,NULL,'',NULL,NULL),(1869,69,27,0,NULL,NULL,NULL,NULL),(1870,69,28,0,NULL,NULL,NULL,NULL),(1871,69,29,NULL,0,NULL,NULL,NULL),(1872,69,30,NULL,0,NULL,NULL,NULL),(1873,69,21,NULL,NULL,NULL,NULL,''),(1874,69,22,NULL,NULL,'',NULL,NULL),(1875,69,23,NULL,NULL,'',NULL,NULL),(1876,69,1,NULL,NULL,NULL,'EN-US','Bino M22 – Bộ 4 túi tã quần'),(1877,69,2,NULL,NULL,'<p>T&atilde; quần <strong>Bino M22</strong> thiết kế miếng thấm si&ecirc;u nhanh v&agrave; rộng, tăng cường khả năng thấm h&uacute;t, giữ vệ sinh v&agrave; cảm gi&aacute;c kh&ocirc; th&aacute;ng cho b&eacute;. T&atilde; dễ d&agrave;ng th&aacute;o mở v&agrave; v&ograve;ng lưng thun co gi&atilde;n, &ocirc;m vừa vặn cơ thể mang cho b&eacute; sự thoải m&aacute;i tối đa. T&atilde; quần <strong>Bino M22</strong> đ&oacute;ng bộ 4 g&oacute;i ( 22 miếng/g&oacute;i), tiết kiệm thời gian v&agrave; chi ph&iacute; cho mẹ khi mua sắm.</p>\n\n<p>&nbsp;</p>\n\n<div><strong>ĐẶC ĐIỂM NỔI BẬT</strong></div>\n\n<p>- T&atilde; được thiết kế dạng quần với h&igrave;nh in ngộ nghĩnh.<br />\n- Tăng cường hạt thấm h&uacute;t gi&uacute;p giữ chặt chất lỏng b&ecirc;n trong t&atilde; v&agrave; chống tr&agrave;n hiệu quả.<br />\n- Lớp thấm si&ecirc;u nhanh v&agrave; rộng hơn, gi&uacute;p chất lỏng v&agrave;o b&ecirc;n trong t&atilde; nhanh hơn, chống v&oacute;n cục v&agrave; giữ cho bề mặt lu&ocirc;n kh&ocirc; tho&aacute;ng.<br />\n- Đai h&ocirc;ng co gi&atilde;n mềm mại, vừa vặn ho&agrave;n hảo c&oacute; thể sử dụng nhiều lần. C&aacute;c b&agrave; mẹ dễ d&agrave;ng hơn khi sử dụng v&igrave; c&oacute; thể gỡ ra d&aacute;n lại ở bất cứ nơi đ&acirc;u.<br />\n- Sản phẩm được nhập khẩu từ Indonesia với chất lượng vượt trội.</p>\n','EN-US',NULL),(1878,69,1,NULL,NULL,NULL,'KO-KR','Bino M22 – Bộ 4 túi tã quần'),(1879,69,2,NULL,NULL,'<p>T&atilde; quần <strong>Bino M22</strong> thiết kế miếng thấm si&ecirc;u nhanh v&agrave; rộng, tăng cường khả năng thấm h&uacute;t, giữ vệ sinh v&agrave; cảm gi&aacute;c kh&ocirc; th&aacute;ng cho b&eacute;. T&atilde; dễ d&agrave;ng th&aacute;o mở v&agrave; v&ograve;ng lưng thun co gi&atilde;n, &ocirc;m vừa vặn cơ thể mang cho b&eacute; sự thoải m&aacute;i tối đa. T&atilde; quần <strong>Bino M22</strong> đ&oacute;ng bộ 4 g&oacute;i ( 22 miếng/g&oacute;i), tiết kiệm thời gian v&agrave; chi ph&iacute; cho mẹ khi mua sắm.</p>\n\n<p>&nbsp;</p>\n\n<div><strong>ĐẶC ĐIỂM NỔI BẬT</strong></div>\n\n<p>- T&atilde; được thiết kế dạng quần với h&igrave;nh in ngộ nghĩnh.<br />\n- Tăng cường hạt thấm h&uacute;t gi&uacute;p giữ chặt chất lỏng b&ecirc;n trong t&atilde; v&agrave; chống tr&agrave;n hiệu quả.<br />\n- Lớp thấm si&ecirc;u nhanh v&agrave; rộng hơn, gi&uacute;p chất lỏng v&agrave;o b&ecirc;n trong t&atilde; nhanh hơn, chống v&oacute;n cục v&agrave; giữ cho bề mặt lu&ocirc;n kh&ocirc; tho&aacute;ng.<br />\n- Đai h&ocirc;ng co gi&atilde;n mềm mại, vừa vặn ho&agrave;n hảo c&oacute; thể sử dụng nhiều lần. C&aacute;c b&agrave; mẹ dễ d&agrave;ng hơn khi sử dụng v&igrave; c&oacute; thể gỡ ra d&aacute;n lại ở bất cứ nơi đ&acirc;u.<br />\n- Sản phẩm được nhập khẩu từ Indonesia với chất lượng vượt trội.</p>\n','KO-KR',NULL),(1880,70,1,NULL,NULL,NULL,'VN-VI','Merries NB90 – Tã giấy dán'),(1881,70,18,NULL,NULL,NULL,NULL,''),(1882,70,13,10,NULL,NULL,NULL,NULL),(1883,70,34,NULL,NULL,NULL,NULL,''),(1884,70,14,1,NULL,NULL,NULL,NULL),(1885,70,24,NULL,0,NULL,NULL,NULL),(1886,70,31,1,NULL,NULL,NULL,NULL),(1887,70,32,1,NULL,NULL,NULL,NULL),(1888,70,33,1,NULL,NULL,NULL,NULL),(1889,70,2,NULL,NULL,'<p>L&agrave; sản phẩm đến từ thương hiệu Merries nổi tiếng của Nhật, t&atilde; giấy <strong>Merries NB90</strong> l&agrave; giải ph&aacute;p tối ưu gi&uacute;p trẻ kh&ocirc; tho&aacute;ng suốt ng&agrave;y v&agrave; đ&ecirc;m. Sử dụng chất liệu tơ tằm mềm mại, t&atilde; chống ngứa, chống hăm v&agrave; chống dị ứng, đảm bảo sự thoải m&aacute;i tối đa cho b&eacute;. Với lớp m&agrave;ng đặc biệt chứa c&aacute;c hạt si&ecirc;u thấm, sản phẩm thấm h&uacute;t nhanh ch&oacute;ng v&agrave; hiệu quả. Hơn thế nữa, với hệ thống chống tr&agrave;n hiệu quả, t&atilde; giữ cho b&eacute; lu&ocirc;n kh&ocirc; tho&aacute;ng tuyệt đối những l&uacute;c chạy nhảy, vui chơi cũng như khi đi ngủ. Ở trung t&acirc;m của bề mặt t&atilde; c&oacute; 2 đường m&agrave;u sẽ chuyển từ xanh sang v&agrave;ng khi cần thay, gi&uacute;p mẹ chăm s&oacute;c b&eacute; chu đ&aacute;o v&agrave; dễ d&agrave;ng hơn. <strong>Merries NB90</strong> kh&ocirc;ng chỉ l&agrave; người bạn đồng h&agrave;nh l&yacute; tưởng của b&eacute; m&agrave; c&ograve;n được xem như trợ thủ đắc lực của mẹ.</p>\n\n<p><strong>C&Aacute;CH D&Ugrave;NG: </strong> Thoa kem chống hăm trước khi sử dụng t&atilde; l&oacute;t cho b&eacute;. Kh&ocirc;ng n&ecirc;n mặc t&atilde; cho b&eacute; qu&aacute; 6 tiếng đồng hồ li&ecirc;n tiếp.</p>\n\n<div><strong>T&Iacute;NH NĂNG NỔI BẬT</strong></div>\n\n<p><strong>Chất liệu tốt, an to&agrave;n</strong><br />\nĐược sản xuất bằng chất liệu tơ tằm c&oacute; t&iacute;nh khử m&ugrave;i, chống hăm da, chống ngứa v&agrave; chống dị ứng, sản phẩm mang đến cho b&eacute; sự thoải m&aacute;i, dễ chịu tối đa.</p>\n\n<p><strong>Thiết kế si&ecirc;u mỏng</strong><br />\nT&atilde; sở hữu thiết kế si&ecirc;u mỏng, đảm bảo b&eacute; kh&ocirc;ng bị kh&oacute; chịu l&uacute;c chơi đ&ugrave;a hoặc khi đi ngủ.</p>\n\n<p><strong>Lớp m&agrave;ng thấm h&uacute;t si&ecirc;u nhanh</strong><br />\nVới thiết kế lớp m&agrave;ng chứa hạt si&ecirc;u thấm đặc biệt, nhanh ch&oacute;ng h&uacute;t mọi chất lỏng, ngăn chất lỏng thấm ngược trở lại, gi&uacute;p bề mặt t&atilde; lu&ocirc;n kh&ocirc; tho&aacute;ng.</p>\n\n<p><strong>Chống tr&agrave;n hiệu quả</strong><br />\nSử dụng c&ocirc;ng nghệ ti&ecirc;n tiến, t&atilde; giấy Merries c&oacute; khả năng ngăn ngừa chất lỏng tr&agrave;n ra b&ecirc;n ngo&agrave;i, kể cả l&uacute;c b&eacute; vận động hay nằm ngủ.</p>\n\n<p><strong>Hệ thống b&aacute;o hiệu tối ưu</strong><br />\nVới 2 đường c&oacute; khả năng chuyển m&agrave;u (từ xanh sang v&agrave;ng), mẹ dễ d&agrave;ng quan s&aacute;t v&agrave; biết l&uacute;c n&agrave;o n&ecirc;n thay t&atilde; cho b&eacute;.</p>\n\n<p><strong>Thiết kế dễ thương</strong><br />\nBề mặt ngo&agrave;i của t&atilde; sở hữu thiết kế đ&aacute;ng y&ecirc;u c&ugrave;ng m&agrave;u sắc bắt mắt, ph&ugrave; hợp với b&eacute; y&ecirc;u nh&agrave; bạn.</p>\n','VN-VI',NULL),(1890,70,26,NULL,NULL,'',NULL,NULL),(1891,70,27,0,NULL,NULL,NULL,NULL),(1892,70,28,0,NULL,NULL,NULL,NULL),(1893,70,29,NULL,0,NULL,NULL,NULL),(1894,70,30,NULL,0,NULL,NULL,NULL),(1895,70,21,NULL,NULL,NULL,NULL,''),(1896,70,22,NULL,NULL,'',NULL,NULL),(1897,70,23,NULL,NULL,'',NULL,NULL),(1898,70,1,NULL,NULL,NULL,'EN-US','Merries NB90 – Tã giấy dán'),(1899,70,2,NULL,NULL,'<p>L&agrave; sản phẩm đến từ thương hiệu Merries nổi tiếng của Nhật, t&atilde; giấy <strong>Merries NB90</strong> l&agrave; giải ph&aacute;p tối ưu gi&uacute;p trẻ kh&ocirc; tho&aacute;ng suốt ng&agrave;y v&agrave; đ&ecirc;m. Sử dụng chất liệu tơ tằm mềm mại, t&atilde; chống ngứa, chống hăm v&agrave; chống dị ứng, đảm bảo sự thoải m&aacute;i tối đa cho b&eacute;. Với lớp m&agrave;ng đặc biệt chứa c&aacute;c hạt si&ecirc;u thấm, sản phẩm thấm h&uacute;t nhanh ch&oacute;ng v&agrave; hiệu quả. Hơn thế nữa, với hệ thống chống tr&agrave;n hiệu quả, t&atilde; giữ cho b&eacute; lu&ocirc;n kh&ocirc; tho&aacute;ng tuyệt đối những l&uacute;c chạy nhảy, vui chơi cũng như khi đi ngủ. Ở trung t&acirc;m của bề mặt t&atilde; c&oacute; 2 đường m&agrave;u sẽ chuyển từ xanh sang v&agrave;ng khi cần thay, gi&uacute;p mẹ chăm s&oacute;c b&eacute; chu đ&aacute;o v&agrave; dễ d&agrave;ng hơn. <strong>Merries NB90</strong> kh&ocirc;ng chỉ l&agrave; người bạn đồng h&agrave;nh l&yacute; tưởng của b&eacute; m&agrave; c&ograve;n được xem như trợ thủ đắc lực của mẹ.</p>\n\n<p><strong>C&Aacute;CH D&Ugrave;NG: </strong> Thoa kem chống hăm trước khi sử dụng t&atilde; l&oacute;t cho b&eacute;. Kh&ocirc;ng n&ecirc;n mặc t&atilde; cho b&eacute; qu&aacute; 6 tiếng đồng hồ li&ecirc;n tiếp.</p>\n\n<div><strong>T&Iacute;NH NĂNG NỔI BẬT</strong></div>\n\n<p><strong>Chất liệu tốt, an to&agrave;n</strong><br />\nĐược sản xuất bằng chất liệu tơ tằm c&oacute; t&iacute;nh khử m&ugrave;i, chống hăm da, chống ngứa v&agrave; chống dị ứng, sản phẩm mang đến cho b&eacute; sự thoải m&aacute;i, dễ chịu tối đa.</p>\n\n<p><strong>Thiết kế si&ecirc;u mỏng</strong><br />\nT&atilde; sở hữu thiết kế si&ecirc;u mỏng, đảm bảo b&eacute; kh&ocirc;ng bị kh&oacute; chịu l&uacute;c chơi đ&ugrave;a hoặc khi đi ngủ.</p>\n\n<p><strong>Lớp m&agrave;ng thấm h&uacute;t si&ecirc;u nhanh</strong><br />\nVới thiết kế lớp m&agrave;ng chứa hạt si&ecirc;u thấm đặc biệt, nhanh ch&oacute;ng h&uacute;t mọi chất lỏng, ngăn chất lỏng thấm ngược trở lại, gi&uacute;p bề mặt t&atilde; lu&ocirc;n kh&ocirc; tho&aacute;ng.</p>\n\n<p><strong>Chống tr&agrave;n hiệu quả</strong><br />\nSử dụng c&ocirc;ng nghệ ti&ecirc;n tiến, t&atilde; giấy Merries c&oacute; khả năng ngăn ngừa chất lỏng tr&agrave;n ra b&ecirc;n ngo&agrave;i, kể cả l&uacute;c b&eacute; vận động hay nằm ngủ.</p>\n\n<p><strong>Hệ thống b&aacute;o hiệu tối ưu</strong><br />\nVới 2 đường c&oacute; khả năng chuyển m&agrave;u (từ xanh sang v&agrave;ng), mẹ dễ d&agrave;ng quan s&aacute;t v&agrave; biết l&uacute;c n&agrave;o n&ecirc;n thay t&atilde; cho b&eacute;.</p>\n\n<p><strong>Thiết kế dễ thương</strong><br />\nBề mặt ngo&agrave;i của t&atilde; sở hữu thiết kế đ&aacute;ng y&ecirc;u c&ugrave;ng m&agrave;u sắc bắt mắt, ph&ugrave; hợp với b&eacute; y&ecirc;u nh&agrave; bạn.</p>\n','EN-US',NULL),(1900,70,1,NULL,NULL,NULL,'KO-KR','Merries NB90 – Tã giấy dán'),(1901,70,2,NULL,NULL,'<p>L&agrave; sản phẩm đến từ thương hiệu Merries nổi tiếng của Nhật, t&atilde; giấy <strong>Merries NB90</strong> l&agrave; giải ph&aacute;p tối ưu gi&uacute;p trẻ kh&ocirc; tho&aacute;ng suốt ng&agrave;y v&agrave; đ&ecirc;m. Sử dụng chất liệu tơ tằm mềm mại, t&atilde; chống ngứa, chống hăm v&agrave; chống dị ứng, đảm bảo sự thoải m&aacute;i tối đa cho b&eacute;. Với lớp m&agrave;ng đặc biệt chứa c&aacute;c hạt si&ecirc;u thấm, sản phẩm thấm h&uacute;t nhanh ch&oacute;ng v&agrave; hiệu quả. Hơn thế nữa, với hệ thống chống tr&agrave;n hiệu quả, t&atilde; giữ cho b&eacute; lu&ocirc;n kh&ocirc; tho&aacute;ng tuyệt đối những l&uacute;c chạy nhảy, vui chơi cũng như khi đi ngủ. Ở trung t&acirc;m của bề mặt t&atilde; c&oacute; 2 đường m&agrave;u sẽ chuyển từ xanh sang v&agrave;ng khi cần thay, gi&uacute;p mẹ chăm s&oacute;c b&eacute; chu đ&aacute;o v&agrave; dễ d&agrave;ng hơn. <strong>Merries NB90</strong> kh&ocirc;ng chỉ l&agrave; người bạn đồng h&agrave;nh l&yacute; tưởng của b&eacute; m&agrave; c&ograve;n được xem như trợ thủ đắc lực của mẹ.</p>\n\n<p><strong>C&Aacute;CH D&Ugrave;NG: </strong> Thoa kem chống hăm trước khi sử dụng t&atilde; l&oacute;t cho b&eacute;. Kh&ocirc;ng n&ecirc;n mặc t&atilde; cho b&eacute; qu&aacute; 6 tiếng đồng hồ li&ecirc;n tiếp.</p>\n\n<div><strong>T&Iacute;NH NĂNG NỔI BẬT</strong></div>\n\n<p><strong>Chất liệu tốt, an to&agrave;n</strong><br />\nĐược sản xuất bằng chất liệu tơ tằm c&oacute; t&iacute;nh khử m&ugrave;i, chống hăm da, chống ngứa v&agrave; chống dị ứng, sản phẩm mang đến cho b&eacute; sự thoải m&aacute;i, dễ chịu tối đa.</p>\n\n<p><strong>Thiết kế si&ecirc;u mỏng</strong><br />\nT&atilde; sở hữu thiết kế si&ecirc;u mỏng, đảm bảo b&eacute; kh&ocirc;ng bị kh&oacute; chịu l&uacute;c chơi đ&ugrave;a hoặc khi đi ngủ.</p>\n\n<p><strong>Lớp m&agrave;ng thấm h&uacute;t si&ecirc;u nhanh</strong><br />\nVới thiết kế lớp m&agrave;ng chứa hạt si&ecirc;u thấm đặc biệt, nhanh ch&oacute;ng h&uacute;t mọi chất lỏng, ngăn chất lỏng thấm ngược trở lại, gi&uacute;p bề mặt t&atilde; lu&ocirc;n kh&ocirc; tho&aacute;ng.</p>\n\n<p><strong>Chống tr&agrave;n hiệu quả</strong><br />\nSử dụng c&ocirc;ng nghệ ti&ecirc;n tiến, t&atilde; giấy Merries c&oacute; khả năng ngăn ngừa chất lỏng tr&agrave;n ra b&ecirc;n ngo&agrave;i, kể cả l&uacute;c b&eacute; vận động hay nằm ngủ.</p>\n\n<p><strong>Hệ thống b&aacute;o hiệu tối ưu</strong><br />\nVới 2 đường c&oacute; khả năng chuyển m&agrave;u (từ xanh sang v&agrave;ng), mẹ dễ d&agrave;ng quan s&aacute;t v&agrave; biết l&uacute;c n&agrave;o n&ecirc;n thay t&atilde; cho b&eacute;.</p>\n\n<p><strong>Thiết kế dễ thương</strong><br />\nBề mặt ngo&agrave;i của t&atilde; sở hữu thiết kế đ&aacute;ng y&ecirc;u c&ugrave;ng m&agrave;u sắc bắt mắt, ph&ugrave; hợp với b&eacute; y&ecirc;u nh&agrave; bạn.</p>\n','KO-KR',NULL),(1902,71,1,NULL,NULL,NULL,'VN-VI','Bobby Fresh Newborn 1 – Bộ 2 gói miếng lót sơ sinh / Gói lớn'),(1903,71,18,NULL,NULL,NULL,NULL,''),(1904,71,13,10,NULL,NULL,NULL,NULL),(1905,71,34,NULL,NULL,NULL,NULL,''),(1906,71,14,1,NULL,NULL,NULL,NULL),(1907,71,24,NULL,0,NULL,NULL,NULL),(1908,71,31,1,NULL,NULL,NULL,NULL),(1909,71,32,1,NULL,NULL,NULL,NULL),(1910,71,33,1,NULL,NULL,NULL,NULL),(1911,71,2,NULL,NULL,'<pre>\nNhu cầu sử dụng t&atilde; giấy của b&eacute; kh&aacute;c nhau theo từng giai đoạn. Từ 0 - 3 th&aacute;ng, giai đoạn sơ sinh, b&eacute; chưa cần d&ugrave;ng đến loại t&atilde; dạng quần v&igrave; nhu cầu đi vệ sinh c&ograve;n chưa ổn định. Miếng l&oacute;t t&atilde; sơ sinh <strong>Bobby Fresh Newborn 1</strong> dạng miếng tho&aacute;ng hơn c&aacute;c loại t&atilde; giấyquần, c&oacute; keo d&aacute;n trực tiếp v&agrave;o quần hoặc t&atilde; vải sẽ gi&uacute;p mẹ đỡ vất vả hơn hẳn khi chăm s&oacute;c b&eacute;, ri&ecirc;ng b&eacute; sẽ cảm nhận được sự thoải m&aacute;i dễ chịu, tho&aacute;ng m&aacute;t. Miếng l&oacute;t <strong>Bobby Fresh Newborn 1</strong> được l&agrave;m ho&agrave;n to&agrave;n bằng chất liệu cao cấp l&agrave; một lựa chọn th&iacute;ch hợp cho b&eacute; trong giai đoạn từ 0 - 1 th&aacute;ng.\n\n<strong>C&Aacute;CH D&Ugrave;NG</strong>: Thoa kem chống hăm trước khi sử dụng t&atilde; l&oacute;t cho b&eacute;. Kh&ocirc;ng n&ecirc;n mặc t&atilde; cho b&eacute; qu&aacute; 6 tiếng đồng hồ li&ecirc;n tiếp.\n\n</pre>\n\n<div><strong>ĐẶC ĐIỂM NỔI BẬT</strong></div>\n\n<p><strong>Mặt đ&aacute;y dạng vải</strong> Sản phẩm c&oacute; mặt đ&aacute;y được thiết kế dạng vải tho&aacute;t hơi ẩm, gi&uacute;p đẩy hơi n&oacute;ng ra ngo&agrave;i, giảm nhiệt độ trong l&ograve;ng t&atilde; v&agrave; cho da b&eacute; h&ocirc; hấp với kh&ocirc;ng kh&iacute; tự nhi&ecirc;n. <strong>L&otilde;i b&ocirc;ng mềm mại</strong> L&otilde;i b&ocirc;ng mềm mại với lớp si&ecirc;u dẫn thấm nhanh ch&oacute;ng thấm h&uacute;t to&agrave;n bộ chất lỏng, cho da b&eacute; lu&ocirc;n kh&ocirc; tho&aacute;ng. <strong>Bảo vệ l&agrave;n da trẻ nhỏ</strong> Bề mặt được lụa h&oacute;a, &ecirc;m mềm, h&uacute;t thấm một chiều, kh&ocirc;ng thấm ngược trở lại, gi&uacute;p bề mặt lu&ocirc;n kh&ocirc; tho&aacute;ng, sạch sẽ. Bổ sung vitamin E để tăng cường bảo vệ l&agrave;n da non nớt của b&eacute;. <strong>Đ&oacute;ng g&oacute;i bộ 2 t&uacute;i</strong> Sản phẩm được đ&oacute;ng g&oacute;i bộ 2 t&uacute;i t&atilde; giấy sẽ tiết kiệm thời gian cho mẹ khi mua sắm. Mẹ sẽ c&oacute; nhiều thời gian hơn để chăm s&oacute;c bản th&acirc;n v&agrave; gia đ&igrave;nh b&eacute; nhỏ của m&igrave;nh.</p>\n','VN-VI',NULL),(1912,71,26,NULL,NULL,'',NULL,NULL),(1913,71,27,0,NULL,NULL,NULL,NULL),(1914,71,28,0,NULL,NULL,NULL,NULL),(1915,71,29,NULL,0,NULL,NULL,NULL),(1916,71,30,NULL,0,NULL,NULL,NULL),(1917,71,21,NULL,NULL,NULL,NULL,''),(1918,71,22,NULL,NULL,'',NULL,NULL),(1919,71,23,NULL,NULL,'',NULL,NULL),(1920,71,1,NULL,NULL,NULL,'EN-US','Bobby Fresh Newborn 1 – Bộ 2 gói miếng lót sơ sinh / Gói lớn'),(1921,71,2,NULL,NULL,'<pre>\nNhu cầu sử dụng t&atilde; giấy của b&eacute; kh&aacute;c nhau theo từng giai đoạn. Từ 0 - 3 th&aacute;ng, giai đoạn sơ sinh, b&eacute; chưa cần d&ugrave;ng đến loại t&atilde; dạng quần v&igrave; nhu cầu đi vệ sinh c&ograve;n chưa ổn định. Miếng l&oacute;t t&atilde; sơ sinh <strong>Bobby Fresh Newborn 1</strong> dạng miếng tho&aacute;ng hơn c&aacute;c loại t&atilde; giấyquần, c&oacute; keo d&aacute;n trực tiếp v&agrave;o quần hoặc t&atilde; vải sẽ gi&uacute;p mẹ đỡ vất vả hơn hẳn khi chăm s&oacute;c b&eacute;, ri&ecirc;ng b&eacute; sẽ cảm nhận được sự thoải m&aacute;i dễ chịu, tho&aacute;ng m&aacute;t. Miếng l&oacute;t <strong>Bobby Fresh Newborn 1</strong> được l&agrave;m ho&agrave;n to&agrave;n bằng chất liệu cao cấp l&agrave; một lựa chọn th&iacute;ch hợp cho b&eacute; trong giai đoạn từ 0 - 1 th&aacute;ng.\n\n<strong>C&Aacute;CH D&Ugrave;NG</strong>: Thoa kem chống hăm trước khi sử dụng t&atilde; l&oacute;t cho b&eacute;. Kh&ocirc;ng n&ecirc;n mặc t&atilde; cho b&eacute; qu&aacute; 6 tiếng đồng hồ li&ecirc;n tiếp.\n\n</pre>\n\n<div><strong>ĐẶC ĐIỂM NỔI BẬT</strong></div>\n\n<p><strong>Mặt đ&aacute;y dạng vải</strong> Sản phẩm c&oacute; mặt đ&aacute;y được thiết kế dạng vải tho&aacute;t hơi ẩm, gi&uacute;p đẩy hơi n&oacute;ng ra ngo&agrave;i, giảm nhiệt độ trong l&ograve;ng t&atilde; v&agrave; cho da b&eacute; h&ocirc; hấp với kh&ocirc;ng kh&iacute; tự nhi&ecirc;n. <strong>L&otilde;i b&ocirc;ng mềm mại</strong> L&otilde;i b&ocirc;ng mềm mại với lớp si&ecirc;u dẫn thấm nhanh ch&oacute;ng thấm h&uacute;t to&agrave;n bộ chất lỏng, cho da b&eacute; lu&ocirc;n kh&ocirc; tho&aacute;ng. <strong>Bảo vệ l&agrave;n da trẻ nhỏ</strong> Bề mặt được lụa h&oacute;a, &ecirc;m mềm, h&uacute;t thấm một chiều, kh&ocirc;ng thấm ngược trở lại, gi&uacute;p bề mặt lu&ocirc;n kh&ocirc; tho&aacute;ng, sạch sẽ. Bổ sung vitamin E để tăng cường bảo vệ l&agrave;n da non nớt của b&eacute;. <strong>Đ&oacute;ng g&oacute;i bộ 2 t&uacute;i</strong> Sản phẩm được đ&oacute;ng g&oacute;i bộ 2 t&uacute;i t&atilde; giấy sẽ tiết kiệm thời gian cho mẹ khi mua sắm. Mẹ sẽ c&oacute; nhiều thời gian hơn để chăm s&oacute;c bản th&acirc;n v&agrave; gia đ&igrave;nh b&eacute; nhỏ của m&igrave;nh.</p>\n','EN-US',NULL),(1922,71,1,NULL,NULL,NULL,'KO-KR','Bobby Fresh Newborn 1 – Bộ 2 gói miếng lót sơ sinh / Gói lớn'),(1923,71,2,NULL,NULL,'<pre>\nNhu cầu sử dụng t&atilde; giấy của b&eacute; kh&aacute;c nhau theo từng giai đoạn. Từ 0 - 3 th&aacute;ng, giai đoạn sơ sinh, b&eacute; chưa cần d&ugrave;ng đến loại t&atilde; dạng quần v&igrave; nhu cầu đi vệ sinh c&ograve;n chưa ổn định. Miếng l&oacute;t t&atilde; sơ sinh <strong>Bobby Fresh Newborn 1</strong> dạng miếng tho&aacute;ng hơn c&aacute;c loại t&atilde; giấyquần, c&oacute; keo d&aacute;n trực tiếp v&agrave;o quần hoặc t&atilde; vải sẽ gi&uacute;p mẹ đỡ vất vả hơn hẳn khi chăm s&oacute;c b&eacute;, ri&ecirc;ng b&eacute; sẽ cảm nhận được sự thoải m&aacute;i dễ chịu, tho&aacute;ng m&aacute;t. Miếng l&oacute;t <strong>Bobby Fresh Newborn 1</strong> được l&agrave;m ho&agrave;n to&agrave;n bằng chất liệu cao cấp l&agrave; một lựa chọn th&iacute;ch hợp cho b&eacute; trong giai đoạn từ 0 - 1 th&aacute;ng.\n\n<strong>C&Aacute;CH D&Ugrave;NG</strong>: Thoa kem chống hăm trước khi sử dụng t&atilde; l&oacute;t cho b&eacute;. Kh&ocirc;ng n&ecirc;n mặc t&atilde; cho b&eacute; qu&aacute; 6 tiếng đồng hồ li&ecirc;n tiếp.\n\n</pre>\n\n<div><strong>ĐẶC ĐIỂM NỔI BẬT</strong></div>\n\n<p><strong>Mặt đ&aacute;y dạng vải</strong> Sản phẩm c&oacute; mặt đ&aacute;y được thiết kế dạng vải tho&aacute;t hơi ẩm, gi&uacute;p đẩy hơi n&oacute;ng ra ngo&agrave;i, giảm nhiệt độ trong l&ograve;ng t&atilde; v&agrave; cho da b&eacute; h&ocirc; hấp với kh&ocirc;ng kh&iacute; tự nhi&ecirc;n. <strong>L&otilde;i b&ocirc;ng mềm mại</strong> L&otilde;i b&ocirc;ng mềm mại với lớp si&ecirc;u dẫn thấm nhanh ch&oacute;ng thấm h&uacute;t to&agrave;n bộ chất lỏng, cho da b&eacute; lu&ocirc;n kh&ocirc; tho&aacute;ng. <strong>Bảo vệ l&agrave;n da trẻ nhỏ</strong> Bề mặt được lụa h&oacute;a, &ecirc;m mềm, h&uacute;t thấm một chiều, kh&ocirc;ng thấm ngược trở lại, gi&uacute;p bề mặt lu&ocirc;n kh&ocirc; tho&aacute;ng, sạch sẽ. Bổ sung vitamin E để tăng cường bảo vệ l&agrave;n da non nớt của b&eacute;. <strong>Đ&oacute;ng g&oacute;i bộ 2 t&uacute;i</strong> Sản phẩm được đ&oacute;ng g&oacute;i bộ 2 t&uacute;i t&atilde; giấy sẽ tiết kiệm thời gian cho mẹ khi mua sắm. Mẹ sẽ c&oacute; nhiều thời gian hơn để chăm s&oacute;c bản th&acirc;n v&agrave; gia đ&igrave;nh b&eacute; nhỏ của m&igrave;nh.</p>\n','KO-KR',NULL),(1924,72,1,NULL,NULL,NULL,'VN-VI','Bobby Fresh M52 – Bộ 2 gói tã giấy siêu mỏng / Jumbo'),(1925,72,18,NULL,NULL,NULL,NULL,''),(1926,72,13,10,NULL,NULL,NULL,NULL),(1927,72,34,NULL,NULL,NULL,NULL,''),(1928,72,14,1,NULL,NULL,NULL,NULL),(1929,72,24,NULL,0,NULL,NULL,NULL),(1930,72,31,1,NULL,NULL,NULL,NULL),(1931,72,32,1,NULL,NULL,NULL,NULL),(1932,72,33,1,NULL,NULL,NULL,NULL),(1933,72,2,NULL,NULL,'<pre>\nNhu cầu sử dụng t&atilde; giấy của b&eacute; kh&aacute;c nhau theo từng thời điểm trong ng&agrave;y. Nếu như ban đ&ecirc;m, b&eacute; cần 1 loại t&atilde; giấy c&oacute; khả năng thấm h&uacute;t tối đa ngay cả khi b&eacute; t&egrave; thật nhiều th&igrave; ban ng&agrave;y b&eacute; cần loại t&atilde; giấy mỏng, nhẹ để thoải m&aacute;i vận động. T&atilde; giấy <strong>Bobby Fresh M52</strong> si&ecirc;u mỏng loại Jumbo sẽ cho b&eacute; cảm gi&aacute;c thoải m&aacute;i v&agrave; dễ chịu ngay cả khi vận động nhiều. Được l&agrave;m ho&agrave;n to&agrave;n bằng chất liệu cao cấp v&agrave; thiết kế si&ecirc;u mỏng, t&atilde; giấy si&ecirc;u mỏng <strong>Bobby Fresh M52</strong> sẽ ph&ugrave; hợp cho con bạn sử dụng v&agrave;o ban ng&agrave;y hay những khi thời tiết n&oacute;ng ẩm.\n\n<strong>C&Aacute;CH D&Ugrave;NG</strong>: Thoa kem chống hăm trước khi sử dụng t&atilde; l&oacute;t cho b&eacute;. Kh&ocirc;ng n&ecirc;n mặc t&atilde; cho b&eacute; qu&aacute; 6 tiếng đồng hồ li&ecirc;n tiếp.\n\n</pre>\n\n<div><strong>ĐẶC ĐIỂM NỔI BẬT</strong></div>\n\n<p><strong>Mặt đ&aacute;y dạng vải</strong> Sản phẩm c&oacute; mặt đ&aacute;y được thiết kế dạng vải tho&aacute;t hơi ẩm, gi&uacute;p đẩy hơi n&oacute;ng ra ngo&agrave;i, giảm nhiệt độ trong l&ograve;ng t&atilde; v&agrave; cho da b&eacute; h&ocirc; hấp với kh&ocirc;ng kh&iacute; tự nhi&ecirc;n. <strong>L&otilde;i b&ocirc;ng mềm mại</strong> L&otilde;i b&ocirc;ng mềm mại với lớp si&ecirc;u dẫn thấm nhanh ch&oacute;ng thấm h&uacute;t to&agrave;n bộ chất lỏng, cho da b&eacute; lu&ocirc;n kh&ocirc; tho&aacute;ng. <strong>Tinh chất tr&agrave; xanh</strong> Sản phẩm được tăng cường tinh chất tr&agrave; xanh thơm m&aacute;t c&oacute; t&aacute;c dụng kh&aacute;ng khuẩn v&agrave; chống hăm cho b&eacute;. <strong>Kh&oacute;a d&iacute;nh nhiều lần</strong> Thiết kế kh&oacute;a d&iacute;nh nhiều lần &ldquo;Magic tape&rdquo; c&oacute; thể b&oacute;c ra d&aacute;n lại tới 100 lần vẫn chắc d&ugrave; tay bạn c&oacute; ướt, d&iacute;nh kem hay bột phấn. <strong>Đ&oacute;ng g&oacute;i bộ 2 t&uacute;i</strong> Sản phẩm được đ&oacute;ng g&oacute;i bộ 2 t&uacute;i t&atilde; giấy sẽ tiết kiệm thời gian cho mẹ khi mua sắm. Mẹ sẽ c&oacute; nhiều thời gian hơn để chăm s&oacute;c bản th&acirc;n v&agrave; gia đ&igrave;nh b&eacute; nhỏ của m&igrave;nh.</p>\n','VN-VI',NULL),(1934,72,26,NULL,NULL,'',NULL,NULL),(1935,72,27,0,NULL,NULL,NULL,NULL),(1936,72,28,0,NULL,NULL,NULL,NULL),(1937,72,29,NULL,0,NULL,NULL,NULL),(1938,72,30,NULL,0,NULL,NULL,NULL),(1939,72,21,NULL,NULL,NULL,NULL,''),(1940,72,22,NULL,NULL,'',NULL,NULL),(1941,72,23,NULL,NULL,'',NULL,NULL),(1942,72,1,NULL,NULL,NULL,'EN-US','Bobby Fresh M52 – Bộ 2 gói tã giấy siêu mỏng / Jumbo'),(1943,72,2,NULL,NULL,'<pre>\nNhu cầu sử dụng t&atilde; giấy của b&eacute; kh&aacute;c nhau theo từng thời điểm trong ng&agrave;y. Nếu như ban đ&ecirc;m, b&eacute; cần 1 loại t&atilde; giấy c&oacute; khả năng thấm h&uacute;t tối đa ngay cả khi b&eacute; t&egrave; thật nhiều th&igrave; ban ng&agrave;y b&eacute; cần loại t&atilde; giấy mỏng, nhẹ để thoải m&aacute;i vận động. T&atilde; giấy <strong>Bobby Fresh M52</strong> si&ecirc;u mỏng loại Jumbo sẽ cho b&eacute; cảm gi&aacute;c thoải m&aacute;i v&agrave; dễ chịu ngay cả khi vận động nhiều. Được l&agrave;m ho&agrave;n to&agrave;n bằng chất liệu cao cấp v&agrave; thiết kế si&ecirc;u mỏng, t&atilde; giấy si&ecirc;u mỏng <strong>Bobby Fresh M52</strong> sẽ ph&ugrave; hợp cho con bạn sử dụng v&agrave;o ban ng&agrave;y hay những khi thời tiết n&oacute;ng ẩm.\n\n<strong>C&Aacute;CH D&Ugrave;NG</strong>: Thoa kem chống hăm trước khi sử dụng t&atilde; l&oacute;t cho b&eacute;. Kh&ocirc;ng n&ecirc;n mặc t&atilde; cho b&eacute; qu&aacute; 6 tiếng đồng hồ li&ecirc;n tiếp.\n\n</pre>\n\n<div><strong>ĐẶC ĐIỂM NỔI BẬT</strong></div>\n\n<p><strong>Mặt đ&aacute;y dạng vải</strong> Sản phẩm c&oacute; mặt đ&aacute;y được thiết kế dạng vải tho&aacute;t hơi ẩm, gi&uacute;p đẩy hơi n&oacute;ng ra ngo&agrave;i, giảm nhiệt độ trong l&ograve;ng t&atilde; v&agrave; cho da b&eacute; h&ocirc; hấp với kh&ocirc;ng kh&iacute; tự nhi&ecirc;n. <strong>L&otilde;i b&ocirc;ng mềm mại</strong> L&otilde;i b&ocirc;ng mềm mại với lớp si&ecirc;u dẫn thấm nhanh ch&oacute;ng thấm h&uacute;t to&agrave;n bộ chất lỏng, cho da b&eacute; lu&ocirc;n kh&ocirc; tho&aacute;ng. <strong>Tinh chất tr&agrave; xanh</strong> Sản phẩm được tăng cường tinh chất tr&agrave; xanh thơm m&aacute;t c&oacute; t&aacute;c dụng kh&aacute;ng khuẩn v&agrave; chống hăm cho b&eacute;. <strong>Kh&oacute;a d&iacute;nh nhiều lần</strong> Thiết kế kh&oacute;a d&iacute;nh nhiều lần &ldquo;Magic tape&rdquo; c&oacute; thể b&oacute;c ra d&aacute;n lại tới 100 lần vẫn chắc d&ugrave; tay bạn c&oacute; ướt, d&iacute;nh kem hay bột phấn. <strong>Đ&oacute;ng g&oacute;i bộ 2 t&uacute;i</strong> Sản phẩm được đ&oacute;ng g&oacute;i bộ 2 t&uacute;i t&atilde; giấy sẽ tiết kiệm thời gian cho mẹ khi mua sắm. Mẹ sẽ c&oacute; nhiều thời gian hơn để chăm s&oacute;c bản th&acirc;n v&agrave; gia đ&igrave;nh b&eacute; nhỏ của m&igrave;nh.</p>\n','EN-US',NULL),(1944,72,1,NULL,NULL,NULL,'KO-KR','Bobby Fresh M52 – Bộ 2 gói tã giấy siêu mỏng / Jumbo'),(1945,72,2,NULL,NULL,'<pre>\nNhu cầu sử dụng t&atilde; giấy của b&eacute; kh&aacute;c nhau theo từng thời điểm trong ng&agrave;y. Nếu như ban đ&ecirc;m, b&eacute; cần 1 loại t&atilde; giấy c&oacute; khả năng thấm h&uacute;t tối đa ngay cả khi b&eacute; t&egrave; thật nhiều th&igrave; ban ng&agrave;y b&eacute; cần loại t&atilde; giấy mỏng, nhẹ để thoải m&aacute;i vận động. T&atilde; giấy <strong>Bobby Fresh M52</strong> si&ecirc;u mỏng loại Jumbo sẽ cho b&eacute; cảm gi&aacute;c thoải m&aacute;i v&agrave; dễ chịu ngay cả khi vận động nhiều. Được l&agrave;m ho&agrave;n to&agrave;n bằng chất liệu cao cấp v&agrave; thiết kế si&ecirc;u mỏng, t&atilde; giấy si&ecirc;u mỏng <strong>Bobby Fresh M52</strong> sẽ ph&ugrave; hợp cho con bạn sử dụng v&agrave;o ban ng&agrave;y hay những khi thời tiết n&oacute;ng ẩm.\n\n<strong>C&Aacute;CH D&Ugrave;NG</strong>: Thoa kem chống hăm trước khi sử dụng t&atilde; l&oacute;t cho b&eacute;. Kh&ocirc;ng n&ecirc;n mặc t&atilde; cho b&eacute; qu&aacute; 6 tiếng đồng hồ li&ecirc;n tiếp.\n\n</pre>\n\n<div><strong>ĐẶC ĐIỂM NỔI BẬT</strong></div>\n\n<p><strong>Mặt đ&aacute;y dạng vải</strong> Sản phẩm c&oacute; mặt đ&aacute;y được thiết kế dạng vải tho&aacute;t hơi ẩm, gi&uacute;p đẩy hơi n&oacute;ng ra ngo&agrave;i, giảm nhiệt độ trong l&ograve;ng t&atilde; v&agrave; cho da b&eacute; h&ocirc; hấp với kh&ocirc;ng kh&iacute; tự nhi&ecirc;n. <strong>L&otilde;i b&ocirc;ng mềm mại</strong> L&otilde;i b&ocirc;ng mềm mại với lớp si&ecirc;u dẫn thấm nhanh ch&oacute;ng thấm h&uacute;t to&agrave;n bộ chất lỏng, cho da b&eacute; lu&ocirc;n kh&ocirc; tho&aacute;ng. <strong>Tinh chất tr&agrave; xanh</strong> Sản phẩm được tăng cường tinh chất tr&agrave; xanh thơm m&aacute;t c&oacute; t&aacute;c dụng kh&aacute;ng khuẩn v&agrave; chống hăm cho b&eacute;. <strong>Kh&oacute;a d&iacute;nh nhiều lần</strong> Thiết kế kh&oacute;a d&iacute;nh nhiều lần &ldquo;Magic tape&rdquo; c&oacute; thể b&oacute;c ra d&aacute;n lại tới 100 lần vẫn chắc d&ugrave; tay bạn c&oacute; ướt, d&iacute;nh kem hay bột phấn. <strong>Đ&oacute;ng g&oacute;i bộ 2 t&uacute;i</strong> Sản phẩm được đ&oacute;ng g&oacute;i bộ 2 t&uacute;i t&atilde; giấy sẽ tiết kiệm thời gian cho mẹ khi mua sắm. Mẹ sẽ c&oacute; nhiều thời gian hơn để chăm s&oacute;c bản th&acirc;n v&agrave; gia đ&igrave;nh b&eacute; nhỏ của m&igrave;nh.</p>\n','KO-KR',NULL),(1946,73,1,NULL,NULL,NULL,'VN-VI','Bộ áo liền quần cho bé (Xanh)'),(1947,73,18,NULL,NULL,NULL,NULL,''),(1948,73,13,10,NULL,NULL,NULL,NULL),(1949,73,34,NULL,NULL,NULL,NULL,''),(1950,73,14,1,NULL,NULL,NULL,NULL),(1951,73,24,NULL,0,NULL,NULL,NULL),(1952,73,31,1,NULL,NULL,NULL,NULL),(1953,73,32,1,NULL,NULL,NULL,NULL),(1954,73,33,1,NULL,NULL,NULL,NULL),(1955,73,2,NULL,NULL,'<p>L&agrave;n da trẻ em vốn mỏng manh, non nớt lại v&ocirc; c&ugrave;ng nhạy cảm, v&igrave; vậy, c&aacute;c bậc phụ huynh cần cẩn trọng khi chọn lựa quần &aacute;o cho b&eacute; trong những năm th&aacute;ng đầu đời. Bộ &aacute;o liền quần cho b&eacute; <strong>Macy&#39;s</strong> sở hữu kiểu d&aacute;ng dễ thương c&ugrave;ng m&agrave;u sắc tươi tắn, l&agrave; một sản phẩm l&yacute; tưởng gi&uacute;p thi&ecirc;n thần nhỏ nh&agrave; bạn c&agrave;ng trở n&ecirc;n đ&aacute;ng y&ecirc;u hơn. Được l&agrave;m ho&agrave;n to&agrave;n từ vải cotton cao cấp, bộ yếm tạo cho b&eacute; cảm gi&aacute;c thoải m&aacute;i v&agrave; dễ chịu khi mặc. Hơn thế nữa, chất liệu mềm mại tuyệt đối an to&agrave;n, kh&ocirc;ng g&acirc;y k&iacute;ch ứng hay độc hại n&ecirc;n bố mẹ c&oacute; thể ho&agrave;n to&agrave;n y&ecirc;n t&acirc;m.</p>\n\n<div><strong>ĐẶC ĐIỂM NỔI BẬT</strong></div>\n\n<p><strong>Chất liệu:</strong><br />\nSử dụng chất liệu 100% cotton tho&aacute;ng m&aacute;t c&oacute; khả năng thấm h&uacute;t tốt mang đến cảm gi&aacute;c thoải m&aacute;i cho b&eacute;, đồng thời chất liệu n&agrave;y cũng rất mềm mại v&agrave; na to&agrave;n tuyệt đối cho l&agrave;n da nhạy cảm của b&eacute;.</p>\n\n<p><strong>Kiểu d&aacute;ng:</strong><br />\nSở hữu kiểu &aacute;o liền quần c&oacute; n&uacute;t bấm dưới đ&aacute;y, thuận tiện cho việc mẹ thay bỉm cho b&eacute;, kết hợp c&ugrave;ng m&agrave;u sắc sinh động mang đến sự th&iacute;ch th&uacute; cho b&eacute;.</p>\n','VN-VI',NULL),(1956,73,26,NULL,NULL,'',NULL,NULL),(1957,73,27,0,NULL,NULL,NULL,NULL),(1958,73,28,0,NULL,NULL,NULL,NULL),(1959,73,29,NULL,0,NULL,NULL,NULL),(1960,73,30,NULL,0,NULL,NULL,NULL),(1961,73,21,NULL,NULL,NULL,NULL,''),(1962,73,22,NULL,NULL,'',NULL,NULL),(1963,73,23,NULL,NULL,'',NULL,NULL),(1964,73,1,NULL,NULL,NULL,'EN-US','Bộ áo liền quần cho bé (Xanh)'),(1965,73,2,NULL,NULL,'<p>L&agrave;n da trẻ em vốn mỏng manh, non nớt lại v&ocirc; c&ugrave;ng nhạy cảm, v&igrave; vậy, c&aacute;c bậc phụ huynh cần cẩn trọng khi chọn lựa quần &aacute;o cho b&eacute; trong những năm th&aacute;ng đầu đời. Bộ &aacute;o liền quần cho b&eacute; <strong>Macy&#39;s</strong> sở hữu kiểu d&aacute;ng dễ thương c&ugrave;ng m&agrave;u sắc tươi tắn, l&agrave; một sản phẩm l&yacute; tưởng gi&uacute;p thi&ecirc;n thần nhỏ nh&agrave; bạn c&agrave;ng trở n&ecirc;n đ&aacute;ng y&ecirc;u hơn. Được l&agrave;m ho&agrave;n to&agrave;n từ vải cotton cao cấp, bộ yếm tạo cho b&eacute; cảm gi&aacute;c thoải m&aacute;i v&agrave; dễ chịu khi mặc. Hơn thế nữa, chất liệu mềm mại tuyệt đối an to&agrave;n, kh&ocirc;ng g&acirc;y k&iacute;ch ứng hay độc hại n&ecirc;n bố mẹ c&oacute; thể ho&agrave;n to&agrave;n y&ecirc;n t&acirc;m.</p>\n\n<div><strong>ĐẶC ĐIỂM NỔI BẬT</strong></div>\n\n<p><strong>Chất liệu:</strong><br />\nSử dụng chất liệu 100% cotton tho&aacute;ng m&aacute;t c&oacute; khả năng thấm h&uacute;t tốt mang đến cảm gi&aacute;c thoải m&aacute;i cho b&eacute;, đồng thời chất liệu n&agrave;y cũng rất mềm mại v&agrave; na to&agrave;n tuyệt đối cho l&agrave;n da nhạy cảm của b&eacute;.</p>\n\n<p><strong>Kiểu d&aacute;ng:</strong><br />\nSở hữu kiểu &aacute;o liền quần c&oacute; n&uacute;t bấm dưới đ&aacute;y, thuận tiện cho việc mẹ thay bỉm cho b&eacute;, kết hợp c&ugrave;ng m&agrave;u sắc sinh động mang đến sự th&iacute;ch th&uacute; cho b&eacute;.</p>\n','EN-US',NULL),(1966,73,1,NULL,NULL,NULL,'KO-KR','Bộ áo liền quần cho bé (Xanh)'),(1967,73,2,NULL,NULL,'<p>L&agrave;n da trẻ em vốn mỏng manh, non nớt lại v&ocirc; c&ugrave;ng nhạy cảm, v&igrave; vậy, c&aacute;c bậc phụ huynh cần cẩn trọng khi chọn lựa quần &aacute;o cho b&eacute; trong những năm th&aacute;ng đầu đời. Bộ &aacute;o liền quần cho b&eacute; <strong>Macy&#39;s</strong> sở hữu kiểu d&aacute;ng dễ thương c&ugrave;ng m&agrave;u sắc tươi tắn, l&agrave; một sản phẩm l&yacute; tưởng gi&uacute;p thi&ecirc;n thần nhỏ nh&agrave; bạn c&agrave;ng trở n&ecirc;n đ&aacute;ng y&ecirc;u hơn. Được l&agrave;m ho&agrave;n to&agrave;n từ vải cotton cao cấp, bộ yếm tạo cho b&eacute; cảm gi&aacute;c thoải m&aacute;i v&agrave; dễ chịu khi mặc. Hơn thế nữa, chất liệu mềm mại tuyệt đối an to&agrave;n, kh&ocirc;ng g&acirc;y k&iacute;ch ứng hay độc hại n&ecirc;n bố mẹ c&oacute; thể ho&agrave;n to&agrave;n y&ecirc;n t&acirc;m.</p>\n\n<div><strong>ĐẶC ĐIỂM NỔI BẬT</strong></div>\n\n<p><strong>Chất liệu:</strong><br />\nSử dụng chất liệu 100% cotton tho&aacute;ng m&aacute;t c&oacute; khả năng thấm h&uacute;t tốt mang đến cảm gi&aacute;c thoải m&aacute;i cho b&eacute;, đồng thời chất liệu n&agrave;y cũng rất mềm mại v&agrave; na to&agrave;n tuyệt đối cho l&agrave;n da nhạy cảm của b&eacute;.</p>\n\n<p><strong>Kiểu d&aacute;ng:</strong><br />\nSở hữu kiểu &aacute;o liền quần c&oacute; n&uacute;t bấm dưới đ&aacute;y, thuận tiện cho việc mẹ thay bỉm cho b&eacute;, kết hợp c&ugrave;ng m&agrave;u sắc sinh động mang đến sự th&iacute;ch th&uacute; cho b&eacute;.</p>\n','KO-KR',NULL),(1968,74,1,NULL,NULL,NULL,'VN-VI','Rainbow Loom VBC-KXD201403 - Bộ dụng cụ làm vòng tay dây thun'),(1969,74,18,NULL,NULL,NULL,NULL,''),(1970,74,13,10,NULL,NULL,NULL,NULL),(1971,74,34,NULL,NULL,NULL,NULL,''),(1972,74,14,1,NULL,NULL,NULL,NULL),(1973,74,24,NULL,0,NULL,NULL,NULL),(1974,74,31,1,NULL,NULL,NULL,NULL),(1975,74,32,1,NULL,NULL,NULL,NULL),(1976,74,33,1,NULL,NULL,NULL,NULL),(1977,74,2,NULL,NULL,'<p>Với bộ dụng cụ l&agrave;m v&ograve;ng tay d&acirc;y thun <strong>Rainbow Loom VBC-KXD201403</strong> b&eacute; y&ecirc;u của bạn sẽ thỏa th&iacute;ch s&aacute;ng tạo ra những kiểu v&ograve;ng tay độc đ&aacute;o kh&aacute;c nhua. Đ&acirc;y l&agrave; tr&ograve; chơi đầy th&uacute; vị, đ&ograve;i hỏi sự kh&eacute;o l&eacute;o v&agrave; s&aacute;ng tạo v&igrave; thế trong qu&aacute; tr&igrave;nh chơi sẽ gi&uacute;p b&eacute; r&egrave;n luyện khả năng tư duy, gi&uacute;p b&eacute; ph&aacute;t triển tr&iacute; n&atilde;o. Bộ sản phẩm được l&agrave;m từ chất liệu cao su kh&ocirc;ng chứa chất độc họi n&ecirc;n rất an to&agrave;n cho sức khỏe của trẻ n&ecirc;n mẹ ho&agrave;n to&agrave;n c&oacute; thể y&ecirc;n t&acirc;m.</p>\n\n<p><strong>ĐẶC ĐIỂM NỔI BẬT</strong></p>\n\n<p><strong>Chất liệu an to&agrave;n</strong><br />\nTo&agrave;n bộ d&acirc;y thun được l&agrave;m từ chất liệu cao su, kh&ocirc;ng chứa chất độc hại n&ecirc;n an to&agrave;n cho sức khỏe của trẻ. Hơn thế nữa c&aacute;c dụng cụ hỗ trợ đi k&egrave;m cũng được thiết kế đặc biệt để kh&ocirc;ng g&acirc;y nguy hiểm cho b&eacute; trong qu&aacute; tr&igrave;nh thực hiện.</p>\n\n<p><strong>Ph&aacute;t triển tư duy s&aacute;ng tạo</strong><br />\nD&acirc;y thun với nhiều m&agrave;u sắc kh&aacute;c nhau, v&igrave; vậy trong qu&aacute; tr&igrave;nh thực hiện đ&ograve;i hỏi b&eacute; phải suy nghĩ c&aacute;ch phối m&ugrave;a sắc để tạo ra những chiếc v&ograve;ng tay với m&agrave;u sắc đẹp nhất, qua đ&oacute; gi&uacute;p b&eacute; ph&aacute;t triển được tư duy s&aacute;ng tạo, đồng thời gi&uacute;p b&eacute; thật kh&eacute;o tay khi l&agrave;m những việc đ&ograve;i hỏi sự kh&eacute;o l&eacute;o.</p>\n\n<p><strong>M&oacute;n qu&agrave; &yacute; nghĩa d&agrave;nh tặng gia đ&igrave;nh hay bạn b&egrave;</strong><br />\nSau khi thực hiện xong b&eacute; c&oacute; thể d&agrave;nh tặng những chiếc v&ograve;ng độc đ&aacute;o n&agrave;y cho gia đ&igrave;nh hay bạn b&egrave; để tăng th&ecirc;m t&igrave;nh cảm, gi&uacute;p b&eacute; học được c&aacute;ch chia sẻ, y&ecirc;u thương những người xung quanh m&igrave;nh.</p>\n','VN-VI',NULL),(1978,74,26,NULL,NULL,'',NULL,NULL),(1979,74,27,0,NULL,NULL,NULL,NULL),(1980,74,28,0,NULL,NULL,NULL,NULL),(1981,74,29,NULL,0,NULL,NULL,NULL),(1982,74,30,NULL,0,NULL,NULL,NULL),(1983,74,21,NULL,NULL,NULL,NULL,''),(1984,74,22,NULL,NULL,'',NULL,NULL),(1985,74,23,NULL,NULL,'',NULL,NULL),(1986,74,1,NULL,NULL,NULL,'EN-US','Rainbow Loom VBC-KXD201403 - Bộ dụng cụ làm vòng tay dây thun'),(1987,74,2,NULL,NULL,'<p>Với bộ dụng cụ l&agrave;m v&ograve;ng tay d&acirc;y thun <strong>Rainbow Loom VBC-KXD201403</strong> b&eacute; y&ecirc;u của bạn sẽ thỏa th&iacute;ch s&aacute;ng tạo ra những kiểu v&ograve;ng tay độc đ&aacute;o kh&aacute;c nhua. Đ&acirc;y l&agrave; tr&ograve; chơi đầy th&uacute; vị, đ&ograve;i hỏi sự kh&eacute;o l&eacute;o v&agrave; s&aacute;ng tạo v&igrave; thế trong qu&aacute; tr&igrave;nh chơi sẽ gi&uacute;p b&eacute; r&egrave;n luyện khả năng tư duy, gi&uacute;p b&eacute; ph&aacute;t triển tr&iacute; n&atilde;o. Bộ sản phẩm được l&agrave;m từ chất liệu cao su kh&ocirc;ng chứa chất độc họi n&ecirc;n rất an to&agrave;n cho sức khỏe của trẻ n&ecirc;n mẹ ho&agrave;n to&agrave;n c&oacute; thể y&ecirc;n t&acirc;m.</p>\n\n<p><strong>ĐẶC ĐIỂM NỔI BẬT</strong></p>\n\n<p><strong>Chất liệu an to&agrave;n</strong><br />\nTo&agrave;n bộ d&acirc;y thun được l&agrave;m từ chất liệu cao su, kh&ocirc;ng chứa chất độc hại n&ecirc;n an to&agrave;n cho sức khỏe của trẻ. Hơn thế nữa c&aacute;c dụng cụ hỗ trợ đi k&egrave;m cũng được thiết kế đặc biệt để kh&ocirc;ng g&acirc;y nguy hiểm cho b&eacute; trong qu&aacute; tr&igrave;nh thực hiện.</p>\n\n<p><strong>Ph&aacute;t triển tư duy s&aacute;ng tạo</strong><br />\nD&acirc;y thun với nhiều m&agrave;u sắc kh&aacute;c nhau, v&igrave; vậy trong qu&aacute; tr&igrave;nh thực hiện đ&ograve;i hỏi b&eacute; phải suy nghĩ c&aacute;ch phối m&ugrave;a sắc để tạo ra những chiếc v&ograve;ng tay với m&agrave;u sắc đẹp nhất, qua đ&oacute; gi&uacute;p b&eacute; ph&aacute;t triển được tư duy s&aacute;ng tạo, đồng thời gi&uacute;p b&eacute; thật kh&eacute;o tay khi l&agrave;m những việc đ&ograve;i hỏi sự kh&eacute;o l&eacute;o.</p>\n\n<p><strong>M&oacute;n qu&agrave; &yacute; nghĩa d&agrave;nh tặng gia đ&igrave;nh hay bạn b&egrave;</strong><br />\nSau khi thực hiện xong b&eacute; c&oacute; thể d&agrave;nh tặng những chiếc v&ograve;ng độc đ&aacute;o n&agrave;y cho gia đ&igrave;nh hay bạn b&egrave; để tăng th&ecirc;m t&igrave;nh cảm, gi&uacute;p b&eacute; học được c&aacute;ch chia sẻ, y&ecirc;u thương những người xung quanh m&igrave;nh.</p>\n','EN-US',NULL),(1988,74,1,NULL,NULL,NULL,'KO-KR','Rainbow Loom VBC-KXD201403 - Bộ dụng cụ làm vòng tay dây thun'),(1989,74,2,NULL,NULL,'<p>Với bộ dụng cụ l&agrave;m v&ograve;ng tay d&acirc;y thun <strong>Rainbow Loom VBC-KXD201403</strong> b&eacute; y&ecirc;u của bạn sẽ thỏa th&iacute;ch s&aacute;ng tạo ra những kiểu v&ograve;ng tay độc đ&aacute;o kh&aacute;c nhua. Đ&acirc;y l&agrave; tr&ograve; chơi đầy th&uacute; vị, đ&ograve;i hỏi sự kh&eacute;o l&eacute;o v&agrave; s&aacute;ng tạo v&igrave; thế trong qu&aacute; tr&igrave;nh chơi sẽ gi&uacute;p b&eacute; r&egrave;n luyện khả năng tư duy, gi&uacute;p b&eacute; ph&aacute;t triển tr&iacute; n&atilde;o. Bộ sản phẩm được l&agrave;m từ chất liệu cao su kh&ocirc;ng chứa chất độc họi n&ecirc;n rất an to&agrave;n cho sức khỏe của trẻ n&ecirc;n mẹ ho&agrave;n to&agrave;n c&oacute; thể y&ecirc;n t&acirc;m.</p>\n\n<p><strong>ĐẶC ĐIỂM NỔI BẬT</strong></p>\n\n<p><strong>Chất liệu an to&agrave;n</strong><br />\nTo&agrave;n bộ d&acirc;y thun được l&agrave;m từ chất liệu cao su, kh&ocirc;ng chứa chất độc hại n&ecirc;n an to&agrave;n cho sức khỏe của trẻ. Hơn thế nữa c&aacute;c dụng cụ hỗ trợ đi k&egrave;m cũng được thiết kế đặc biệt để kh&ocirc;ng g&acirc;y nguy hiểm cho b&eacute; trong qu&aacute; tr&igrave;nh thực hiện.</p>\n\n<p><strong>Ph&aacute;t triển tư duy s&aacute;ng tạo</strong><br />\nD&acirc;y thun với nhiều m&agrave;u sắc kh&aacute;c nhau, v&igrave; vậy trong qu&aacute; tr&igrave;nh thực hiện đ&ograve;i hỏi b&eacute; phải suy nghĩ c&aacute;ch phối m&ugrave;a sắc để tạo ra những chiếc v&ograve;ng tay với m&agrave;u sắc đẹp nhất, qua đ&oacute; gi&uacute;p b&eacute; ph&aacute;t triển được tư duy s&aacute;ng tạo, đồng thời gi&uacute;p b&eacute; thật kh&eacute;o tay khi l&agrave;m những việc đ&ograve;i hỏi sự kh&eacute;o l&eacute;o.</p>\n\n<p><strong>M&oacute;n qu&agrave; &yacute; nghĩa d&agrave;nh tặng gia đ&igrave;nh hay bạn b&egrave;</strong><br />\nSau khi thực hiện xong b&eacute; c&oacute; thể d&agrave;nh tặng những chiếc v&ograve;ng độc đ&aacute;o n&agrave;y cho gia đ&igrave;nh hay bạn b&egrave; để tăng th&ecirc;m t&igrave;nh cảm, gi&uacute;p b&eacute; học được c&aacute;ch chia sẻ, y&ecirc;u thương những người xung quanh m&igrave;nh.</p>\n','KO-KR',NULL),(1990,75,1,NULL,NULL,NULL,'VN-VI','Đậu Lém phiêu lưu ký (4 đĩa) – Phần mềm dạy học'),(1991,75,18,NULL,NULL,NULL,NULL,''),(1992,75,13,10,NULL,NULL,NULL,NULL),(1993,75,34,NULL,NULL,NULL,NULL,''),(1994,75,14,1,NULL,NULL,NULL,NULL),(1995,75,24,NULL,0,NULL,NULL,NULL),(1996,75,31,1,NULL,NULL,NULL,NULL),(1997,75,32,1,NULL,NULL,NULL,NULL),(1998,75,33,1,NULL,NULL,NULL,NULL),(1999,75,2,NULL,NULL,'<p><strong>Đậu L&eacute;m phi&ecirc;u lưu k&yacute;</strong> l&agrave; phần mềm gi&uacute;p học To&aacute;n cho học sinh từ lớp 1 đến lớp 4. Trẻ sẽ đ&oacute;ng vai nh&acirc;n vật Đậu L&eacute;m trải qua 4 c&acirc;u chuyện l&yacute; th&uacute;. Kh&ocirc;ng chỉ học To&aacute;n, phần mềm <strong>Đậu L&eacute;m phi&ecirc;u lưu k&yacute;</strong> c&ograve;n gi&uacute;p trẻ từng bước l&agrave;m quen với việc thao t&aacute;c tr&ecirc;n m&aacute;y t&iacute;nh, đồng thời lồng gh&eacute;p những b&agrave;i học bổ &iacute;ch về cuộc sống thường ng&agrave;y. Trẻ sẽ vừa tiếp thu nhanh vừa vui chơi thật thoải m&aacute;i.</p>\n\n<div><strong>ĐẶC ĐIỂM NỔI BẬT</strong></div>\n\n<p><strong>Lồng gh&eacute;p c&acirc;u chuyện v&agrave;o b&agrave;i học</strong><br />\nKh&ocirc;ng c&ograve;n l&agrave; những b&agrave;i học nh&agrave;m ch&aacute;n, trẻ sẽ vừa học vừa phi&ecirc;u lưu c&ugrave;ng nh&acirc;n vật Đậu L&eacute;m. Khơi gợi sự h&agrave;o hứng v&agrave; &oacute;c t&ograve; m&ograve; của trẻ, phần mềm dạy học <strong>Đậu L&eacute;m phi&ecirc;u lưu k&yacute;</strong> gi&uacute;p trẻ tiếp thu kiến thức To&aacute;n tiểu học th&ocirc;ng qua c&aacute;c c&acirc;u hỏi trong tr&ograve; chơi.</p>\n\n<p><strong>Bổ sung kiến thức x&atilde; hội cho trẻ</strong><br />\nKh&ocirc;ng chỉ l&agrave; những b&agrave;i to&aacute;n đố, phần mềm dạy học <strong>Đậu L&eacute;m phi&ecirc;u lưu k&yacute;</strong> c&ograve;n gi&uacute;p trẻ bổ sung những kiến thức kh&aacute;c, như: nhấp chuột, thao t&aacute;c tr&ecirc;n b&agrave;n ph&iacute;m m&aacute;y t&iacute;nh,... Ngo&agrave;i ra, hầu hết nh&acirc;n vật trong c&acirc;u chuyện l&agrave; c&aacute;c loại động vật, thực vật, đồ vật quen thuộc, c&aacute;c bậc phụ huynh c&oacute; thể gi&uacute;p trẻ nhớ v&agrave; gọi t&ecirc;n ch&uacute;ng. Đặc biệt hơn cả, nội dung phần mềm c&ograve;n gi&uacute;p trẻ &yacute; thức hơn về t&igrave;nh bạn, về sự tương th&acirc;n tương trợ, lu&ocirc;n biết gi&uacute;p đỡ mọi người.</p>\n\n<p><strong>H&igrave;nh ảnh minh họa đầy m&agrave;u sắc</strong><br />\nN&eacute;t vẽ đơn giản, nhưng được chăm ch&uacute;t kỹ c&agrave;ng, ph&ugrave; hợp với lứa tuổi của trẻ tiểu học. Giọng nh&acirc;n vật vui tươi, tăng th&ecirc;m t&iacute;nh sinh động cho c&acirc;u chuyện, kh&ocirc;ng khiến trẻ nh&agrave;m ch&aacute;n.</p>\n\n<p><strong>Giao diện th&acirc;n thiện, dễ d&agrave;ng sử dụng</strong><br />\nPhần mềm cho ph&eacute;p x&aacute;c định t&ecirc;n người d&ugrave;ng khi bắt đầu sử dụng; với mỗi người d&ugrave;ng, phần mềm sẽ tạo ra một file dữ liệu ri&ecirc;ng để lưu điểm số v&agrave; th&ocirc;ng tin c&aacute; nh&acirc;n. Nhờ đ&oacute;, khi nhập t&ecirc;n, phần mềm sẽ đưa trẻ đến đ&uacute;ng vị tr&iacute; b&agrave;i học m&agrave; trẻ đ&atilde; l&agrave;m lần trước.<br />\nN&uacute;t &ldquo;Thống k&ecirc;&rdquo; cho ph&eacute;p phụ huynh theo d&otilde;i những b&agrave;i học m&agrave; trẻ đ&atilde; ho&agrave;n th&agrave;nh.<br />\nPhần mềm c&oacute; thể c&agrave;i v&agrave;o đĩa cứng của m&aacute;y t&iacute;nh v&agrave; chạy ở chế độ to&agrave;n m&agrave;n h&igrave;nh.</p>\n\n<p><strong>Trọn bộ phần mềm gồm 4 đĩa</strong><br />\nTuy chia th&agrave;nh 4 đĩa tương ứng với kiến thức To&aacute;n của từng lớp, trọn bộ phần mềm <strong>Đậu L&eacute;m phi&ecirc;u lưu k&yacute;</strong> vẫn l&agrave; một c&acirc;u chuyện thống nhất với c&aacute;c bối cảnh kh&aacute;c nhau. C&aacute;ch kể chuyện n&agrave;y sẽ gi&uacute;p trẻ ph&aacute;t triển suy nghĩ logic đồng thời tăng tr&iacute; nhớ.</p>\n','VN-VI',NULL),(2000,75,26,NULL,NULL,'',NULL,NULL),(2001,75,27,0,NULL,NULL,NULL,NULL),(2002,75,28,0,NULL,NULL,NULL,NULL),(2003,75,29,NULL,0,NULL,NULL,NULL),(2004,75,30,NULL,0,NULL,NULL,NULL),(2005,75,21,NULL,NULL,NULL,NULL,''),(2006,75,22,NULL,NULL,'',NULL,NULL),(2007,75,23,NULL,NULL,'',NULL,NULL),(2008,75,1,NULL,NULL,NULL,'EN-US','Đậu Lém phiêu lưu ký (4 đĩa) – Phần mềm dạy học'),(2009,75,2,NULL,NULL,'<p><strong>Đậu L&eacute;m phi&ecirc;u lưu k&yacute;</strong> l&agrave; phần mềm gi&uacute;p học To&aacute;n cho học sinh từ lớp 1 đến lớp 4. Trẻ sẽ đ&oacute;ng vai nh&acirc;n vật Đậu L&eacute;m trải qua 4 c&acirc;u chuyện l&yacute; th&uacute;. Kh&ocirc;ng chỉ học To&aacute;n, phần mềm <strong>Đậu L&eacute;m phi&ecirc;u lưu k&yacute;</strong> c&ograve;n gi&uacute;p trẻ từng bước l&agrave;m quen với việc thao t&aacute;c tr&ecirc;n m&aacute;y t&iacute;nh, đồng thời lồng gh&eacute;p những b&agrave;i học bổ &iacute;ch về cuộc sống thường ng&agrave;y. Trẻ sẽ vừa tiếp thu nhanh vừa vui chơi thật thoải m&aacute;i.</p>\n\n<div><strong>ĐẶC ĐIỂM NỔI BẬT</strong></div>\n\n<p><strong>Lồng gh&eacute;p c&acirc;u chuyện v&agrave;o b&agrave;i học</strong><br />\nKh&ocirc;ng c&ograve;n l&agrave; những b&agrave;i học nh&agrave;m ch&aacute;n, trẻ sẽ vừa học vừa phi&ecirc;u lưu c&ugrave;ng nh&acirc;n vật Đậu L&eacute;m. Khơi gợi sự h&agrave;o hứng v&agrave; &oacute;c t&ograve; m&ograve; của trẻ, phần mềm dạy học <strong>Đậu L&eacute;m phi&ecirc;u lưu k&yacute;</strong> gi&uacute;p trẻ tiếp thu kiến thức To&aacute;n tiểu học th&ocirc;ng qua c&aacute;c c&acirc;u hỏi trong tr&ograve; chơi.</p>\n\n<p><strong>Bổ sung kiến thức x&atilde; hội cho trẻ</strong><br />\nKh&ocirc;ng chỉ l&agrave; những b&agrave;i to&aacute;n đố, phần mềm dạy học <strong>Đậu L&eacute;m phi&ecirc;u lưu k&yacute;</strong> c&ograve;n gi&uacute;p trẻ bổ sung những kiến thức kh&aacute;c, như: nhấp chuột, thao t&aacute;c tr&ecirc;n b&agrave;n ph&iacute;m m&aacute;y t&iacute;nh,... Ngo&agrave;i ra, hầu hết nh&acirc;n vật trong c&acirc;u chuyện l&agrave; c&aacute;c loại động vật, thực vật, đồ vật quen thuộc, c&aacute;c bậc phụ huynh c&oacute; thể gi&uacute;p trẻ nhớ v&agrave; gọi t&ecirc;n ch&uacute;ng. Đặc biệt hơn cả, nội dung phần mềm c&ograve;n gi&uacute;p trẻ &yacute; thức hơn về t&igrave;nh bạn, về sự tương th&acirc;n tương trợ, lu&ocirc;n biết gi&uacute;p đỡ mọi người.</p>\n\n<p><strong>H&igrave;nh ảnh minh họa đầy m&agrave;u sắc</strong><br />\nN&eacute;t vẽ đơn giản, nhưng được chăm ch&uacute;t kỹ c&agrave;ng, ph&ugrave; hợp với lứa tuổi của trẻ tiểu học. Giọng nh&acirc;n vật vui tươi, tăng th&ecirc;m t&iacute;nh sinh động cho c&acirc;u chuyện, kh&ocirc;ng khiến trẻ nh&agrave;m ch&aacute;n.</p>\n\n<p><strong>Giao diện th&acirc;n thiện, dễ d&agrave;ng sử dụng</strong><br />\nPhần mềm cho ph&eacute;p x&aacute;c định t&ecirc;n người d&ugrave;ng khi bắt đầu sử dụng; với mỗi người d&ugrave;ng, phần mềm sẽ tạo ra một file dữ liệu ri&ecirc;ng để lưu điểm số v&agrave; th&ocirc;ng tin c&aacute; nh&acirc;n. Nhờ đ&oacute;, khi nhập t&ecirc;n, phần mềm sẽ đưa trẻ đến đ&uacute;ng vị tr&iacute; b&agrave;i học m&agrave; trẻ đ&atilde; l&agrave;m lần trước.<br />\nN&uacute;t &ldquo;Thống k&ecirc;&rdquo; cho ph&eacute;p phụ huynh theo d&otilde;i những b&agrave;i học m&agrave; trẻ đ&atilde; ho&agrave;n th&agrave;nh.<br />\nPhần mềm c&oacute; thể c&agrave;i v&agrave;o đĩa cứng của m&aacute;y t&iacute;nh v&agrave; chạy ở chế độ to&agrave;n m&agrave;n h&igrave;nh.</p>\n\n<p><strong>Trọn bộ phần mềm gồm 4 đĩa</strong><br />\nTuy chia th&agrave;nh 4 đĩa tương ứng với kiến thức To&aacute;n của từng lớp, trọn bộ phần mềm <strong>Đậu L&eacute;m phi&ecirc;u lưu k&yacute;</strong> vẫn l&agrave; một c&acirc;u chuyện thống nhất với c&aacute;c bối cảnh kh&aacute;c nhau. C&aacute;ch kể chuyện n&agrave;y sẽ gi&uacute;p trẻ ph&aacute;t triển suy nghĩ logic đồng thời tăng tr&iacute; nhớ.</p>\n','EN-US',NULL),(2010,75,1,NULL,NULL,NULL,'KO-KR','Đậu Lém phiêu lưu ký (4 đĩa) – Phần mềm dạy học'),(2011,75,2,NULL,NULL,'<p><strong>Đậu L&eacute;m phi&ecirc;u lưu k&yacute;</strong> l&agrave; phần mềm gi&uacute;p học To&aacute;n cho học sinh từ lớp 1 đến lớp 4. Trẻ sẽ đ&oacute;ng vai nh&acirc;n vật Đậu L&eacute;m trải qua 4 c&acirc;u chuyện l&yacute; th&uacute;. Kh&ocirc;ng chỉ học To&aacute;n, phần mềm <strong>Đậu L&eacute;m phi&ecirc;u lưu k&yacute;</strong> c&ograve;n gi&uacute;p trẻ từng bước l&agrave;m quen với việc thao t&aacute;c tr&ecirc;n m&aacute;y t&iacute;nh, đồng thời lồng gh&eacute;p những b&agrave;i học bổ &iacute;ch về cuộc sống thường ng&agrave;y. Trẻ sẽ vừa tiếp thu nhanh vừa vui chơi thật thoải m&aacute;i.</p>\n\n<div><strong>ĐẶC ĐIỂM NỔI BẬT</strong></div>\n\n<p><strong>Lồng gh&eacute;p c&acirc;u chuyện v&agrave;o b&agrave;i học</strong><br />\nKh&ocirc;ng c&ograve;n l&agrave; những b&agrave;i học nh&agrave;m ch&aacute;n, trẻ sẽ vừa học vừa phi&ecirc;u lưu c&ugrave;ng nh&acirc;n vật Đậu L&eacute;m. Khơi gợi sự h&agrave;o hứng v&agrave; &oacute;c t&ograve; m&ograve; của trẻ, phần mềm dạy học <strong>Đậu L&eacute;m phi&ecirc;u lưu k&yacute;</strong> gi&uacute;p trẻ tiếp thu kiến thức To&aacute;n tiểu học th&ocirc;ng qua c&aacute;c c&acirc;u hỏi trong tr&ograve; chơi.</p>\n\n<p><strong>Bổ sung kiến thức x&atilde; hội cho trẻ</strong><br />\nKh&ocirc;ng chỉ l&agrave; những b&agrave;i to&aacute;n đố, phần mềm dạy học <strong>Đậu L&eacute;m phi&ecirc;u lưu k&yacute;</strong> c&ograve;n gi&uacute;p trẻ bổ sung những kiến thức kh&aacute;c, như: nhấp chuột, thao t&aacute;c tr&ecirc;n b&agrave;n ph&iacute;m m&aacute;y t&iacute;nh,... Ngo&agrave;i ra, hầu hết nh&acirc;n vật trong c&acirc;u chuyện l&agrave; c&aacute;c loại động vật, thực vật, đồ vật quen thuộc, c&aacute;c bậc phụ huynh c&oacute; thể gi&uacute;p trẻ nhớ v&agrave; gọi t&ecirc;n ch&uacute;ng. Đặc biệt hơn cả, nội dung phần mềm c&ograve;n gi&uacute;p trẻ &yacute; thức hơn về t&igrave;nh bạn, về sự tương th&acirc;n tương trợ, lu&ocirc;n biết gi&uacute;p đỡ mọi người.</p>\n\n<p><strong>H&igrave;nh ảnh minh họa đầy m&agrave;u sắc</strong><br />\nN&eacute;t vẽ đơn giản, nhưng được chăm ch&uacute;t kỹ c&agrave;ng, ph&ugrave; hợp với lứa tuổi của trẻ tiểu học. Giọng nh&acirc;n vật vui tươi, tăng th&ecirc;m t&iacute;nh sinh động cho c&acirc;u chuyện, kh&ocirc;ng khiến trẻ nh&agrave;m ch&aacute;n.</p>\n\n<p><strong>Giao diện th&acirc;n thiện, dễ d&agrave;ng sử dụng</strong><br />\nPhần mềm cho ph&eacute;p x&aacute;c định t&ecirc;n người d&ugrave;ng khi bắt đầu sử dụng; với mỗi người d&ugrave;ng, phần mềm sẽ tạo ra một file dữ liệu ri&ecirc;ng để lưu điểm số v&agrave; th&ocirc;ng tin c&aacute; nh&acirc;n. Nhờ đ&oacute;, khi nhập t&ecirc;n, phần mềm sẽ đưa trẻ đến đ&uacute;ng vị tr&iacute; b&agrave;i học m&agrave; trẻ đ&atilde; l&agrave;m lần trước.<br />\nN&uacute;t &ldquo;Thống k&ecirc;&rdquo; cho ph&eacute;p phụ huynh theo d&otilde;i những b&agrave;i học m&agrave; trẻ đ&atilde; ho&agrave;n th&agrave;nh.<br />\nPhần mềm c&oacute; thể c&agrave;i v&agrave;o đĩa cứng của m&aacute;y t&iacute;nh v&agrave; chạy ở chế độ to&agrave;n m&agrave;n h&igrave;nh.</p>\n\n<p><strong>Trọn bộ phần mềm gồm 4 đĩa</strong><br />\nTuy chia th&agrave;nh 4 đĩa tương ứng với kiến thức To&aacute;n của từng lớp, trọn bộ phần mềm <strong>Đậu L&eacute;m phi&ecirc;u lưu k&yacute;</strong> vẫn l&agrave; một c&acirc;u chuyện thống nhất với c&aacute;c bối cảnh kh&aacute;c nhau. C&aacute;ch kể chuyện n&agrave;y sẽ gi&uacute;p trẻ ph&aacute;t triển suy nghĩ logic đồng thời tăng tr&iacute; nhớ.</p>\n','KO-KR',NULL),(2012,76,1,NULL,NULL,NULL,'VN-VI','Kẹp vắt chanh Lemon Juicer'),(2013,76,18,NULL,NULL,NULL,NULL,''),(2014,76,13,12,NULL,NULL,NULL,NULL),(2015,76,34,NULL,NULL,NULL,NULL,''),(2016,76,14,0.5,NULL,NULL,NULL,NULL),(2017,76,24,NULL,26,NULL,NULL,NULL),(2018,76,31,20,NULL,NULL,NULL,NULL),(2019,76,32,3,NULL,NULL,NULL,NULL),(2020,76,33,15,NULL,NULL,NULL,NULL),(2021,76,2,NULL,NULL,'<p><span style=\"font-size:14px\"><span style=\"font-family:arial,helvetica,sans-serif\">Kẹp vắt chanh gi&uacute;p c&aacute;c b&agrave; nội trợ kh&ocirc;ng cần phải mất sức nhiều khi vắt chanh, kh&ocirc;ng bị dầu chanh ra tay l&agrave;m bẩn tay</span></span></p>\n\n<p><img alt=\"\" src=\"http://www.upsieutoc.com/images/2014/09/15/Kpvatchanh5.jpg\" style=\"height:400px; width:400px\" /></p>\n\n<p><span style=\"font-size:14px\"><span style=\"font-family:arial,helvetica,sans-serif\">Kẹp ph&ugrave; hợp với c&aacute;c loại k&iacute;ch cỡ quả chanh to -nhỏ</span></span></p>\n\n<p>&nbsp;<img alt=\"\" src=\"http://www.upsieutoc.com/images/2014/09/15/Kpvatchanh2.jpg\" style=\"height:299px; width:300px\" /></p>\n','VN-VI',NULL),(2022,76,26,NULL,NULL,'',NULL,NULL),(2023,76,27,3,NULL,NULL,NULL,NULL),(2024,76,28,7,NULL,NULL,NULL,NULL),(2025,76,29,NULL,30,NULL,NULL,NULL),(2026,76,30,NULL,30,NULL,NULL,NULL),(2027,76,21,NULL,NULL,NULL,NULL,''),(2028,76,22,NULL,NULL,'',NULL,NULL),(2029,76,23,NULL,NULL,'',NULL,NULL),(2030,76,1,NULL,NULL,NULL,'EN-US','Lemon clamp squeezed '),(2031,76,2,NULL,NULL,'<p>Super-easy to use, works with all-sized lemons</p>\n\n<p><img alt=\"\" src=\"http://www.upsieutoc.com/images/2014/09/15/Kpvatchanh5.jpg\" style=\"height:400px; width:400px\" /></p>\n','EN-US',NULL),(2032,76,1,NULL,NULL,NULL,'KO-KR','클램프 압착 레몬Lemon Juicer'),(2033,76,2,NULL,NULL,'<p><img alt=\"\" src=\"http://www.upsieutoc.com/images/2014/09/15/Kpvatchanh5.jpg\" style=\"height:400px; width:400px\" /></p>\n\n<p><img alt=\"\" src=\"http://www.upsieutoc.com/images/2014/09/15/Kpvatchanh2.jpg\" style=\"height:395px; width:396px\" /></p>\n','KO-KR',NULL),(2034,77,1,NULL,NULL,NULL,'VN-VI','Electrolux Máy pha cà phê - ECM3200'),(2035,77,18,NULL,NULL,NULL,NULL,''),(2036,77,13,3,NULL,NULL,NULL,NULL),(2037,77,34,NULL,NULL,NULL,NULL,'ELECTROLUX'),(2038,77,14,1.7,NULL,NULL,NULL,NULL),(2039,77,24,NULL,26,NULL,NULL,NULL),(2040,77,31,31,NULL,NULL,NULL,NULL),(2041,77,32,35,NULL,NULL,NULL,NULL),(2042,77,33,22,NULL,NULL,NULL,NULL),(2043,77,2,NULL,NULL,'<p><span style=\"font-size:14px\"><span style=\"font-family:arial,helvetica,sans-serif\"><strong>Tiện lợi, an to&agrave;n</strong><br />\n<span style=\"color:rgb(64, 64, 64)\">Với khả năng pha được từ 10 &ndash; 15 cốc c&agrave; ph&ecirc; cho 1 lần pha, sản phẩm th&iacute;ch hợp cho những văn ph&ograve;ng nhỏ hoặc trong gia đ&igrave;nh, c&aacute;c qu&aacute;n ăn nhỏ. B&ecirc;n cạnh đ&oacute;, vạch b&aacute;o mực nước, đ&egrave;n b&aacute;o hiệu c&ugrave;ng chức năng bảo vệ an to&agrave;n cũng l&agrave; một điểm cộng cho sản phẩm n&agrave;y. Với b&igrave;nh chứa v&agrave; t&uacute;i lọc c&oacute; thể th&aacute;o rời dễ d&agrave;ng, bạn c&oacute; thể tiết kiệm được nhiều thời gian hơn trong việc ch&ugrave;i rửa v&agrave; bảo quản sản phẩm</span></span></span></p>\n\n<p><span style=\"font-size:14px\"><span style=\"font-family:arial,helvetica,sans-serif\"><span style=\"color:rgb(64, 64, 64)\"><img alt=\"\" src=\"http://www.upsieutoc.com/images/2014/09/15/electrolux-9689-778701-1-product.jpg\" style=\"height:350px; width:350px\" /><img alt=\"\" src=\"http://www.upsieutoc.com/images/2014/09/15/electrolux-9690-778701-2-zoom.jpg\" style=\"height:350px; width:350px\" /></span></span></span></p>\n\n<p><span style=\"font-size:14px\"><span style=\"font-family:arial,helvetica,sans-serif\"><span style=\"color:rgb(64, 64, 64)\"><img alt=\"\" src=\"http://www.upsieutoc.com/images/2014/09/15/electrolux-9692-778701-3-zoom.jpg\" style=\"height:350px; width:350px\" /><img alt=\"\" src=\"http://www.upsieutoc.com/images/2014/09/15/electrolux-9693-778701-4-zoom.jpg\" style=\"height:350px; width:350px\" /></span></span></span></p>\n','VN-VI',NULL),(2044,77,26,NULL,NULL,'',NULL,NULL),(2045,77,27,3,NULL,NULL,NULL,NULL),(2046,77,28,30,NULL,NULL,NULL,NULL),(2047,77,29,NULL,0,NULL,NULL,NULL),(2048,77,30,NULL,0,NULL,NULL,NULL),(2049,77,21,NULL,NULL,NULL,NULL,''),(2050,77,22,NULL,NULL,'',NULL,NULL),(2051,77,23,NULL,NULL,'',NULL,NULL),(2052,77,1,NULL,NULL,NULL,'EN-US','Electrolux Coffee Maker - ECM3200 '),(2053,77,2,NULL,NULL,'<p>- 10 -15 cups per use</p>\n\n<p><img alt=\"\" src=\"http://www.upsieutoc.com/images/2014/09/15/electrolux-9693-778701-4-zoom.jpg\" style=\"height:400px; width:400px\" /></p>\n\n<p>- Luxury design</p>\n\n<p><img alt=\"\" src=\"http://www.upsieutoc.com/images/2014/09/15/electrolux-9690-778701-2-zoom.jpg\" style=\"height:350px; width:350px\" /><img alt=\"\" src=\"http://www.upsieutoc.com/images/2014/09/15/electrolux-9692-778701-3-zoom.jpg\" style=\"height:350px; width:350px\" /></p>\n\n<p>- Brand new Electrolux Coffee Maker ECM3200</p>\n\n<p><img alt=\"\" src=\"http://www.upsieutoc.com/images/2014/09/15/electrolux-9689-778701-1-product.jpg\" style=\"height:400px; width:400px\" /></p>\n','EN-US',NULL),(2054,77,1,NULL,NULL,NULL,'KO-KR','Electrolux 커피 메이커 - ECM3200 '),(2055,77,2,NULL,NULL,'<p>온 가족에 적합한 일렉트로 룩스 ECM3200 커피 머신</p>\n\n<p><img alt=\"\" src=\"http://www.upsieutoc.com/images/2014/09/15/electrolux-9689-778701-1-product.jpg\" style=\"height:350px; width:350px\" /><img alt=\"\" src=\"http://www.upsieutoc.com/images/2014/09/15/electrolux-9693-778701-4-zoom.jpg\" style=\"height:350px; width:350px\" /></p>\n\n<p><img alt=\"\" src=\"http://www.upsieutoc.com/images/2014/09/15/electrolux-9690-778701-2-zoom.jpg\" style=\"height:350px; width:350px\" /><img alt=\"\" src=\"http://www.upsieutoc.com/images/2014/09/15/electrolux-9692-778701-3-zoom.jpg\" style=\"height:350px; width:350px\" /></p>\n','KO-KR',NULL),(2056,78,1,NULL,NULL,NULL,'VN-VI','Magic A-03 Hộp cơm hâm nóng (cam)'),(2057,78,18,NULL,NULL,NULL,NULL,''),(2058,78,13,10,NULL,NULL,NULL,NULL),(2059,78,34,NULL,NULL,NULL,NULL,'Magic'),(2060,78,14,1,NULL,NULL,NULL,NULL),(2061,78,24,NULL,26,NULL,NULL,NULL),(2062,78,31,20,NULL,NULL,NULL,NULL),(2063,78,32,50,NULL,NULL,NULL,NULL),(2064,78,33,22,NULL,NULL,NULL,NULL),(2065,78,2,NULL,NULL,'<ul>\n	<li style=\"text-align:left\"><span style=\"color:rgb(84, 83, 81)\">H&acirc;m n&oacute;ng thưc phẩm nhanh ch&oacute;ng</span></li>\n	<li style=\"text-align:left\"><span style=\"color:rgb(84, 83, 81)\">Thiết kế thời trang v&agrave; tinh tế</span></li>\n	<li style=\"text-align:left\"><span style=\"color:rgb(84, 83, 81)\">Nhỏ gọn v&agrave; dễ di chuyển</span></li>\n	<li style=\"text-align:left\"><span style=\"color:rgb(84, 83, 81)\">Th&iacute;ch hợp mang đi du lịch v&agrave; cơm trưa văn ph&ograve;ng</span></li>\n	<li style=\"text-align:left\"><span style=\"color:rgb(84, 83, 81)\">C&ocirc;ng nghệ H&agrave;n Quốc</span></li>\n	<li style=\"text-align:left\"><span style=\"color:rgb(84, 83, 81)\">Bảo h&agrave;nh 12 th&aacute;ng</span></li>\n</ul>\n\n<p>&nbsp;</p>\n','VN-VI',NULL),(2066,78,26,NULL,NULL,'',NULL,NULL),(2067,78,27,3,NULL,NULL,NULL,NULL),(2068,78,28,30,NULL,NULL,NULL,NULL),(2069,78,29,NULL,0,NULL,NULL,NULL),(2070,78,30,NULL,0,NULL,NULL,NULL),(2071,78,21,NULL,NULL,NULL,NULL,''),(2072,78,22,NULL,NULL,'',NULL,NULL),(2073,78,23,NULL,NULL,'',NULL,NULL),(2074,78,1,NULL,NULL,NULL,'EN-US','Magic A-03 Warming Lunch Box (Orange)'),(2075,78,2,NULL,NULL,'<ul>\n	<li style=\"text-align:left\">Warm your meals fast</li>\n	<li style=\"text-align:left\">Fine design</li>\n	<li style=\"text-align:left\">Portable and easy to carry</li>\n	<li style=\"text-align:left\">Korean technology</li>\n	<li style=\"text-align:left\">12 months warranty</li>\n</ul>\n','EN-US',NULL),(2076,78,1,NULL,NULL,NULL,'KO-KR','Magic A-03 도시락 (Orange)'),(2077,78,2,NULL,NULL,'<p>Magic A-03 도시락 (Orange) from Sfriendly</p>\n\n<p><img alt=\"\" src=\"http://www.upsieutoc.com/images/2014/09/15/HopcomMagic3.jpg\" style=\"height:400px; width:400px\" /></p>\n\n<p><img alt=\"\" src=\"http://www.upsieutoc.com/images/2014/09/15/HopcomMagic1.jpg\" style=\"height:400px; width:400px\" /></p>\n','KO-KR',NULL),(2078,79,1,NULL,NULL,NULL,'VN-VI','Áo khoác bé gái PSF màu trắng thêu hình thỏ'),(2079,79,18,NULL,NULL,NULL,NULL,''),(2080,79,13,10,NULL,NULL,NULL,NULL),(2081,79,34,NULL,NULL,NULL,NULL,''),(2082,79,14,1,NULL,NULL,NULL,NULL),(2083,79,24,NULL,0,NULL,NULL,NULL),(2084,79,31,1,NULL,NULL,NULL,NULL),(2085,79,32,1,NULL,NULL,NULL,NULL),(2086,79,33,1,NULL,NULL,NULL,NULL),(2087,79,2,NULL,NULL,'<p><strong>Chất liệu vải cao cấp</strong><br />\nSản phẩm được l&agrave;m từ chất liệu vả cao cấp, &ecirc;m dịu với l&agrave;n da nhạy cảm của b&eacute;, cho b&eacute; y&ecirc;u cảm gi&aacute;c dể chịu, thoải m&aacute;i suốt cả ng&agrave;y.</p>\n\n<p><strong>Thiết kế đ&aacute;ng y&ecirc;u</strong><br />\nVới thiết kế đ&aacute;ng y&ecirc;u, sản phẩm đem lại cho b&eacute; d&aacute;ng vẻ năng động v&agrave; đ&aacute;ng y&ecirc;u.</p>\n\n<p>&nbsp;</p>\n','VN-VI',NULL),(2088,79,26,NULL,NULL,'',NULL,NULL),(2089,79,27,0,NULL,NULL,NULL,NULL),(2090,79,28,0,NULL,NULL,NULL,NULL),(2091,79,29,NULL,0,NULL,NULL,NULL),(2092,79,30,NULL,0,NULL,NULL,NULL),(2093,79,21,NULL,NULL,NULL,NULL,''),(2094,79,22,NULL,NULL,'',NULL,NULL),(2095,79,23,NULL,NULL,'',NULL,NULL),(2096,79,1,NULL,NULL,NULL,'EN-US','Áo khoác bé gái PSF màu trắng thêu hình thỏ'),(2097,79,2,NULL,NULL,'<p><strong>Chất liệu vải cao cấp</strong><br />\nSản phẩm được l&agrave;m từ chất liệu vả cao cấp, &ecirc;m dịu với l&agrave;n da nhạy cảm của b&eacute;, cho b&eacute; y&ecirc;u cảm gi&aacute;c dể chịu, thoải m&aacute;i suốt cả ng&agrave;y.</p>\n\n<p><strong>Thiết kế đ&aacute;ng y&ecirc;u</strong><br />\nVới thiết kế đ&aacute;ng y&ecirc;u, sản phẩm đem lại cho b&eacute; d&aacute;ng vẻ năng động v&agrave; đ&aacute;ng y&ecirc;u.</p>\n\n<p>&nbsp;</p>\n','EN-US',NULL),(2098,79,1,NULL,NULL,NULL,'KO-KR','Áo khoác bé gái PSF màu trắng thêu hình thỏ'),(2099,79,2,NULL,NULL,'<p><strong>Chất liệu vải cao cấp</strong><br />\nSản phẩm được l&agrave;m từ chất liệu vả cao cấp, &ecirc;m dịu với l&agrave;n da nhạy cảm của b&eacute;, cho b&eacute; y&ecirc;u cảm gi&aacute;c dể chịu, thoải m&aacute;i suốt cả ng&agrave;y.</p>\n\n<p><strong>Thiết kế đ&aacute;ng y&ecirc;u</strong><br />\nVới thiết kế đ&aacute;ng y&ecirc;u, sản phẩm đem lại cho b&eacute; d&aacute;ng vẻ năng động v&agrave; đ&aacute;ng y&ecirc;u.</p>\n\n<p>&nbsp;</p>\n','KO-KR',NULL),(2100,80,1,NULL,NULL,NULL,'VN-VI','Gymboree 240894084 – Bộ áo liền quần cho bé (Xanh)'),(2101,80,18,NULL,NULL,NULL,NULL,''),(2102,80,13,10,NULL,NULL,NULL,NULL),(2103,80,34,NULL,NULL,NULL,NULL,''),(2104,80,14,1,NULL,NULL,NULL,NULL),(2105,80,24,NULL,0,NULL,NULL,NULL),(2106,80,31,1,NULL,NULL,NULL,NULL),(2107,80,32,1,NULL,NULL,NULL,NULL),(2108,80,33,1,NULL,NULL,NULL,NULL),(2109,80,2,NULL,NULL,'<p>L&agrave;n da trẻ em vốn mỏng manh, non nớt lại v&ocirc; c&ugrave;ng nhạy cảm, v&igrave; vậy, c&aacute;c bậc phụ huynh cần cẩn trọng khi chọn lựa quần &aacute;o cho b&eacute; trong những năm th&aacute;ng đầu đời. Bộ &aacute;o liền quần cho b&eacute; <strong>Gymboree</strong> sở hữu kiểu d&aacute;ng dễ thương c&ugrave;ng m&agrave;u sắc tươi tắn, l&agrave; một sản phẩm l&yacute; tưởng gi&uacute;p thi&ecirc;n thần nhỏ nh&agrave; bạn c&agrave;ng trở n&ecirc;n đ&aacute;ng y&ecirc;u hơn. Được l&agrave;m ho&agrave;n to&agrave;n từ vải cotton cao cấp, bộ yếm tạo cho b&eacute; cảm gi&aacute;c thoải m&aacute;i v&agrave; dễ chịu khi mặc. Hơn thế nữa, chất liệu mềm mại tuyệt đối an to&agrave;n, kh&ocirc;ng g&acirc;y k&iacute;ch ứng hay độc hại n&ecirc;n bố mẹ c&oacute; thể ho&agrave;n to&agrave;n y&ecirc;n t&acirc;m.</p>\n\n<div><strong>ĐẶC ĐIỂM NỔI BẬT</strong></div>\n\n<p><strong>Chất liệu vải cao cấp</strong><br />\nSản phẩm được l&agrave;m từ chất liệu vải tho&aacute;ng m&aacute;t, thấm h&uacute;t mồ h&ocirc;i tốt, &ecirc;m dịu với l&agrave;n da nhạy cảm của b&eacute;, cho b&eacute; y&ecirc;u cảm gi&aacute;c dễ chịu, thoải m&aacute;i suốt cả ng&agrave;y.</p>\n\n<p><strong>Thiết kế đ&aacute;ng y&ecirc;u</strong><br />\nSản phẩm c&oacute; m&agrave;u sắc rất bắt mắt, gi&uacute;p t&ocirc; điểm th&ecirc;m n&eacute;t xinh xắn của b&eacute;.</p>\n\n<p><strong>Độ tuổi ph&ugrave; hợp: </strong><br />\nTrẻ 3 th&aacute;ng tuổi.</p>\n','VN-VI',NULL),(2110,80,26,NULL,NULL,'',NULL,NULL),(2111,80,27,0,NULL,NULL,NULL,NULL),(2112,80,28,0,NULL,NULL,NULL,NULL),(2113,80,29,NULL,0,NULL,NULL,NULL),(2114,80,30,NULL,0,NULL,NULL,NULL),(2115,80,21,NULL,NULL,NULL,NULL,''),(2116,80,22,NULL,NULL,'',NULL,NULL),(2117,80,23,NULL,NULL,'',NULL,NULL),(2118,80,1,NULL,NULL,NULL,'EN-US','Gymboree 240894084 – Bộ áo liền quần cho bé (Xanh)'),(2119,80,2,NULL,NULL,'<p>L&agrave;n da trẻ em vốn mỏng manh, non nớt lại v&ocirc; c&ugrave;ng nhạy cảm, v&igrave; vậy, c&aacute;c bậc phụ huynh cần cẩn trọng khi chọn lựa quần &aacute;o cho b&eacute; trong những năm th&aacute;ng đầu đời. Bộ &aacute;o liền quần cho b&eacute; <strong>Gymboree</strong> sở hữu kiểu d&aacute;ng dễ thương c&ugrave;ng m&agrave;u sắc tươi tắn, l&agrave; một sản phẩm l&yacute; tưởng gi&uacute;p thi&ecirc;n thần nhỏ nh&agrave; bạn c&agrave;ng trở n&ecirc;n đ&aacute;ng y&ecirc;u hơn. Được l&agrave;m ho&agrave;n to&agrave;n từ vải cotton cao cấp, bộ yếm tạo cho b&eacute; cảm gi&aacute;c thoải m&aacute;i v&agrave; dễ chịu khi mặc. Hơn thế nữa, chất liệu mềm mại tuyệt đối an to&agrave;n, kh&ocirc;ng g&acirc;y k&iacute;ch ứng hay độc hại n&ecirc;n bố mẹ c&oacute; thể ho&agrave;n to&agrave;n y&ecirc;n t&acirc;m.</p>\n\n<div><strong>ĐẶC ĐIỂM NỔI BẬT</strong></div>\n\n<p><strong>Chất liệu vải cao cấp</strong><br />\nSản phẩm được l&agrave;m từ chất liệu vải tho&aacute;ng m&aacute;t, thấm h&uacute;t mồ h&ocirc;i tốt, &ecirc;m dịu với l&agrave;n da nhạy cảm của b&eacute;, cho b&eacute; y&ecirc;u cảm gi&aacute;c dễ chịu, thoải m&aacute;i suốt cả ng&agrave;y.</p>\n\n<p><strong>Thiết kế đ&aacute;ng y&ecirc;u</strong><br />\nSản phẩm c&oacute; m&agrave;u sắc rất bắt mắt, gi&uacute;p t&ocirc; điểm th&ecirc;m n&eacute;t xinh xắn của b&eacute;.</p>\n\n<p><strong>Độ tuổi ph&ugrave; hợp: </strong><br />\nTrẻ 3 th&aacute;ng tuổi.</p>\n','EN-US',NULL),(2120,80,1,NULL,NULL,NULL,'KO-KR','Gymboree 240894084 – Bộ áo liền quần cho bé (Xanh)'),(2121,80,2,NULL,NULL,'<p>L&agrave;n da trẻ em vốn mỏng manh, non nớt lại v&ocirc; c&ugrave;ng nhạy cảm, v&igrave; vậy, c&aacute;c bậc phụ huynh cần cẩn trọng khi chọn lựa quần &aacute;o cho b&eacute; trong những năm th&aacute;ng đầu đời. Bộ &aacute;o liền quần cho b&eacute; <strong>Gymboree</strong> sở hữu kiểu d&aacute;ng dễ thương c&ugrave;ng m&agrave;u sắc tươi tắn, l&agrave; một sản phẩm l&yacute; tưởng gi&uacute;p thi&ecirc;n thần nhỏ nh&agrave; bạn c&agrave;ng trở n&ecirc;n đ&aacute;ng y&ecirc;u hơn. Được l&agrave;m ho&agrave;n to&agrave;n từ vải cotton cao cấp, bộ yếm tạo cho b&eacute; cảm gi&aacute;c thoải m&aacute;i v&agrave; dễ chịu khi mặc. Hơn thế nữa, chất liệu mềm mại tuyệt đối an to&agrave;n, kh&ocirc;ng g&acirc;y k&iacute;ch ứng hay độc hại n&ecirc;n bố mẹ c&oacute; thể ho&agrave;n to&agrave;n y&ecirc;n t&acirc;m.</p>\n\n<div><strong>ĐẶC ĐIỂM NỔI BẬT</strong></div>\n\n<p><strong>Chất liệu vải cao cấp</strong><br />\nSản phẩm được l&agrave;m từ chất liệu vải tho&aacute;ng m&aacute;t, thấm h&uacute;t mồ h&ocirc;i tốt, &ecirc;m dịu với l&agrave;n da nhạy cảm của b&eacute;, cho b&eacute; y&ecirc;u cảm gi&aacute;c dễ chịu, thoải m&aacute;i suốt cả ng&agrave;y.</p>\n\n<p><strong>Thiết kế đ&aacute;ng y&ecirc;u</strong><br />\nSản phẩm c&oacute; m&agrave;u sắc rất bắt mắt, gi&uacute;p t&ocirc; điểm th&ecirc;m n&eacute;t xinh xắn của b&eacute;.</p>\n\n<p><strong>Độ tuổi ph&ugrave; hợp: </strong><br />\nTrẻ 3 th&aacute;ng tuổi.</p>\n','KO-KR',NULL),(2122,81,1,NULL,NULL,NULL,'VN-VI','Hoa Kim 1242 - Bộ yếm bé trai / Xanh dương / Size 3'),(2123,81,18,NULL,NULL,NULL,NULL,''),(2124,81,13,10,NULL,NULL,NULL,NULL),(2125,81,34,NULL,NULL,NULL,NULL,''),(2126,81,14,1,NULL,NULL,NULL,NULL),(2127,81,24,NULL,0,NULL,NULL,NULL),(2128,81,31,1,NULL,NULL,NULL,NULL),(2129,81,32,1,NULL,NULL,NULL,NULL),(2130,81,33,1,NULL,NULL,NULL,NULL),(2131,81,2,NULL,NULL,'<p>L&agrave;n da trẻ em vốn mỏng manh, non nớt lại v&ocirc; c&ugrave;ng nhạy cảm, v&igrave; vậy, c&aacute;c bậc phụ huynh cần cẩn trọng khi chọn lựa quần &aacute;o cho b&eacute; trong những năm th&aacute;ng đầu đời. Bộ yếm b&eacute; trai <strong>Hoa Kim 1242</strong> sở hữu kiểu d&aacute;ng dễ thương c&ugrave;ng m&agrave;u sắc tươi tắn, l&agrave; một sản phẩm l&yacute; tưởng gi&uacute;p thi&ecirc;n thần nhỏ nh&agrave; bạn c&agrave;ng trở n&ecirc;n đ&aacute;ng y&ecirc;u hơn. Được l&agrave;m ho&agrave;n to&agrave;n từ vải cotton cao cấp, bộ yếm tạo cho b&eacute; cảm gi&aacute;c thoải m&aacute;i v&agrave; dễ chịu khi mặc. Hơn thế nữa, chất liệu mềm mại tuyệt đối an to&agrave;n, kh&ocirc;ng g&acirc;y k&iacute;ch ứng hay độc hại n&ecirc;n bố mẹ c&oacute; thể ho&agrave;n to&agrave;n y&ecirc;n t&acirc;m.</p>\n\n<div><strong>HƯỚNG DẪN CHỌN SIZE</strong></div>\n\n<p>Size 1: Trẻ từ 6 - 9 th&aacute;ng<br />\nSize 2: Trẻ từ 12 th&aacute;ng trở l&ecirc;n<br />\nSize 3: Trẻ từ 18 th&aacute;ng trở l&ecirc;n<br />\nSize 4: Trẻ từ 24 th&aacute;ng trở l&ecirc;n</p>\n\n<div><strong>ĐẶC ĐIỂM NỔI BẬT</strong></div>\n\n<p><strong>Chất liệu cao cấp</strong><br />\nSản phẩm c&oacute; chất liệu 100% cotton, mềm mại, tho&aacute;ng m&aacute;t, kh&ocirc;ng g&acirc;y độc hại, mặt vải phẳng, mịn, đẹp, độ bền tốt v&agrave; th&acirc;n thiện với cơ thể của b&eacute;.</p>\n\n<p><strong>Thiết kế đ&aacute;ng y&ecirc;u</strong><br />\nVới thiết kế dễ thương, được t&ocirc; điểm bằng những h&igrave;nh ảnh xinh xắn kết hợp c&ugrave;ng m&agrave;u sắc tươi tắn, bộ yếm gi&uacute;p thi&ecirc;n thần nhỏ của bạn tr&ocirc;ng thật đ&aacute;ng y&ecirc;u.</p>\n\n<p><strong>Dễ d&agrave;ng vệ sinh</strong><br />\nSau khi cho b&eacute; sử dụng, mẹ c&oacute; thể dễ d&agrave;ng giặt sản phẩm bằng tay hoặc m&aacute;y giặt. Chất liệu cotton giặt nhanh sạch v&agrave; mau kh&ocirc;, gi&uacute;p c&aacute;c mẹ tiết kiệm thời gian v&agrave; c&ocirc;ng sức.</p>\n','VN-VI',NULL),(2132,81,26,NULL,NULL,'',NULL,NULL),(2133,81,27,0,NULL,NULL,NULL,NULL),(2134,81,28,0,NULL,NULL,NULL,NULL),(2135,81,29,NULL,0,NULL,NULL,NULL),(2136,81,30,NULL,0,NULL,NULL,NULL),(2137,81,21,NULL,NULL,NULL,NULL,''),(2138,81,22,NULL,NULL,'',NULL,NULL),(2139,81,23,NULL,NULL,'',NULL,NULL),(2140,81,1,NULL,NULL,NULL,'EN-US','Hoa Kim 1242 - Bộ yếm bé trai / Xanh dương / Size 3'),(2141,81,2,NULL,NULL,'<p>L&agrave;n da trẻ em vốn mỏng manh, non nớt lại v&ocirc; c&ugrave;ng nhạy cảm, v&igrave; vậy, c&aacute;c bậc phụ huynh cần cẩn trọng khi chọn lựa quần &aacute;o cho b&eacute; trong những năm th&aacute;ng đầu đời. Bộ yếm b&eacute; trai <strong>Hoa Kim 1242</strong> sở hữu kiểu d&aacute;ng dễ thương c&ugrave;ng m&agrave;u sắc tươi tắn, l&agrave; một sản phẩm l&yacute; tưởng gi&uacute;p thi&ecirc;n thần nhỏ nh&agrave; bạn c&agrave;ng trở n&ecirc;n đ&aacute;ng y&ecirc;u hơn. Được l&agrave;m ho&agrave;n to&agrave;n từ vải cotton cao cấp, bộ yếm tạo cho b&eacute; cảm gi&aacute;c thoải m&aacute;i v&agrave; dễ chịu khi mặc. Hơn thế nữa, chất liệu mềm mại tuyệt đối an to&agrave;n, kh&ocirc;ng g&acirc;y k&iacute;ch ứng hay độc hại n&ecirc;n bố mẹ c&oacute; thể ho&agrave;n to&agrave;n y&ecirc;n t&acirc;m.</p>\n\n<div><strong>HƯỚNG DẪN CHỌN SIZE</strong></div>\n\n<p>Size 1: Trẻ từ 6 - 9 th&aacute;ng<br />\nSize 2: Trẻ từ 12 th&aacute;ng trở l&ecirc;n<br />\nSize 3: Trẻ từ 18 th&aacute;ng trở l&ecirc;n<br />\nSize 4: Trẻ từ 24 th&aacute;ng trở l&ecirc;n</p>\n\n<div><strong>ĐẶC ĐIỂM NỔI BẬT</strong></div>\n\n<p><strong>Chất liệu cao cấp</strong><br />\nSản phẩm c&oacute; chất liệu 100% cotton, mềm mại, tho&aacute;ng m&aacute;t, kh&ocirc;ng g&acirc;y độc hại, mặt vải phẳng, mịn, đẹp, độ bền tốt v&agrave; th&acirc;n thiện với cơ thể của b&eacute;.</p>\n\n<p><strong>Thiết kế đ&aacute;ng y&ecirc;u</strong><br />\nVới thiết kế dễ thương, được t&ocirc; điểm bằng những h&igrave;nh ảnh xinh xắn kết hợp c&ugrave;ng m&agrave;u sắc tươi tắn, bộ yếm gi&uacute;p thi&ecirc;n thần nhỏ của bạn tr&ocirc;ng thật đ&aacute;ng y&ecirc;u.</p>\n\n<p><strong>Dễ d&agrave;ng vệ sinh</strong><br />\nSau khi cho b&eacute; sử dụng, mẹ c&oacute; thể dễ d&agrave;ng giặt sản phẩm bằng tay hoặc m&aacute;y giặt. Chất liệu cotton giặt nhanh sạch v&agrave; mau kh&ocirc;, gi&uacute;p c&aacute;c mẹ tiết kiệm thời gian v&agrave; c&ocirc;ng sức.</p>\n','EN-US',NULL),(2142,81,1,NULL,NULL,NULL,'KO-KR','Hoa Kim 1242 - Bộ yếm bé trai / Xanh dương / Size 3'),(2143,81,2,NULL,NULL,'<p>L&agrave;n da trẻ em vốn mỏng manh, non nớt lại v&ocirc; c&ugrave;ng nhạy cảm, v&igrave; vậy, c&aacute;c bậc phụ huynh cần cẩn trọng khi chọn lựa quần &aacute;o cho b&eacute; trong những năm th&aacute;ng đầu đời. Bộ yếm b&eacute; trai <strong>Hoa Kim 1242</strong> sở hữu kiểu d&aacute;ng dễ thương c&ugrave;ng m&agrave;u sắc tươi tắn, l&agrave; một sản phẩm l&yacute; tưởng gi&uacute;p thi&ecirc;n thần nhỏ nh&agrave; bạn c&agrave;ng trở n&ecirc;n đ&aacute;ng y&ecirc;u hơn. Được l&agrave;m ho&agrave;n to&agrave;n từ vải cotton cao cấp, bộ yếm tạo cho b&eacute; cảm gi&aacute;c thoải m&aacute;i v&agrave; dễ chịu khi mặc. Hơn thế nữa, chất liệu mềm mại tuyệt đối an to&agrave;n, kh&ocirc;ng g&acirc;y k&iacute;ch ứng hay độc hại n&ecirc;n bố mẹ c&oacute; thể ho&agrave;n to&agrave;n y&ecirc;n t&acirc;m.</p>\n\n<div><strong>HƯỚNG DẪN CHỌN SIZE</strong></div>\n\n<p>Size 1: Trẻ từ 6 - 9 th&aacute;ng<br />\nSize 2: Trẻ từ 12 th&aacute;ng trở l&ecirc;n<br />\nSize 3: Trẻ từ 18 th&aacute;ng trở l&ecirc;n<br />\nSize 4: Trẻ từ 24 th&aacute;ng trở l&ecirc;n</p>\n\n<div><strong>ĐẶC ĐIỂM NỔI BẬT</strong></div>\n\n<p><strong>Chất liệu cao cấp</strong><br />\nSản phẩm c&oacute; chất liệu 100% cotton, mềm mại, tho&aacute;ng m&aacute;t, kh&ocirc;ng g&acirc;y độc hại, mặt vải phẳng, mịn, đẹp, độ bền tốt v&agrave; th&acirc;n thiện với cơ thể của b&eacute;.</p>\n\n<p><strong>Thiết kế đ&aacute;ng y&ecirc;u</strong><br />\nVới thiết kế dễ thương, được t&ocirc; điểm bằng những h&igrave;nh ảnh xinh xắn kết hợp c&ugrave;ng m&agrave;u sắc tươi tắn, bộ yếm gi&uacute;p thi&ecirc;n thần nhỏ của bạn tr&ocirc;ng thật đ&aacute;ng y&ecirc;u.</p>\n\n<p><strong>Dễ d&agrave;ng vệ sinh</strong><br />\nSau khi cho b&eacute; sử dụng, mẹ c&oacute; thể dễ d&agrave;ng giặt sản phẩm bằng tay hoặc m&aacute;y giặt. Chất liệu cotton giặt nhanh sạch v&agrave; mau kh&ocirc;, gi&uacute;p c&aacute;c mẹ tiết kiệm thời gian v&agrave; c&ocirc;ng sức.</p>\n','KO-KR',NULL),(2153,82,1,NULL,NULL,NULL,'VN-VI','Hoa Kim 1237 - Bộ yếm bé trai / Xanh đen / Size 2'),(2154,82,18,NULL,NULL,NULL,NULL,''),(2155,82,13,10,NULL,NULL,NULL,NULL),(2156,82,34,NULL,NULL,NULL,NULL,''),(2157,82,14,1,NULL,NULL,NULL,NULL),(2158,82,24,NULL,0,NULL,NULL,NULL),(2159,82,31,1,NULL,NULL,NULL,NULL),(2160,82,32,1,NULL,NULL,NULL,NULL),(2161,82,33,1,NULL,NULL,NULL,NULL),(2162,82,2,NULL,NULL,'<p>L&agrave;n da trẻ em vốn mỏng manh, non nớt lại v&ocirc; c&ugrave;ng nhạy cảm, v&igrave; vậy, c&aacute;c bậc phụ huynh cần cẩn trọng khi chọn lựa quần &aacute;o cho b&eacute; trong những năm th&aacute;ng đầu đời. Bộ yếm b&eacute; trai <strong>Hoa Kim 1237</strong> sở hữu kiểu d&aacute;ng dễ thương c&ugrave;ng m&agrave;u sắc tươi tắn, l&agrave; một sản phẩm l&yacute; tưởng gi&uacute;p thi&ecirc;n thần nhỏ nh&agrave; bạn c&agrave;ng trở n&ecirc;n đ&aacute;ng y&ecirc;u hơn. Được l&agrave;m ho&agrave;n to&agrave;n từ vải cotton cao cấp, bộ yếm tạo cho b&eacute; cảm gi&aacute;c thoải m&aacute;i v&agrave; dễ chịu khi mặc. Hơn thế nữa, chất liệu mềm mại tuyệt đối an to&agrave;n, kh&ocirc;ng g&acirc;y k&iacute;ch ứng hay độc hại n&ecirc;n bố mẹ c&oacute; thể ho&agrave;n to&agrave;n y&ecirc;n t&acirc;m.</p>\n\n<div><strong>HƯỚNG DẪN CHỌN SIZE</strong></div>\n\n<p>Size 1: Trẻ từ 6 - 9 th&aacute;ng<br />\nSize 2: Trẻ từ 12 th&aacute;ng trở l&ecirc;n<br />\nSize 3: Trẻ từ 18 th&aacute;ng trở l&ecirc;n<br />\nSize 4: Trẻ từ 24 th&aacute;ng trở l&ecirc;n</p>\n\n<div><strong>ĐẶC ĐIỂM NỔI BẬT</strong></div>\n\n<p><strong>Chất liệu cao cấp</strong><br />\nSản phẩm c&oacute; chất liệu 100% cotton, mềm mại, tho&aacute;ng m&aacute;t, kh&ocirc;ng g&acirc;y độc hại, mặt vải phẳng, mịn, đẹp, độ bền tốt v&agrave; th&acirc;n thiện với cơ thể của b&eacute;.</p>\n\n<p><strong>Thiết kế đ&aacute;ng y&ecirc;u</strong><br />\nVới thiết kế dễ thương, được t&ocirc; điểm bằng những h&igrave;nh ảnh xinh xắn kết hợp c&ugrave;ng m&agrave;u sắc tươi tắn, bộ yếm gi&uacute;p thi&ecirc;n thần nhỏ của bạn tr&ocirc;ng thật đ&aacute;ng y&ecirc;u.</p>\n\n<p><strong>Dễ d&agrave;ng vệ sinh</strong><br />\nSau khi cho b&eacute; sử dụng, mẹ c&oacute; thể dễ d&agrave;ng giặt sản phẩm bằng tay hoặc m&aacute;y giặt. Chất liệu cotton giặt nhanh sạch v&agrave; mau kh&ocirc;, gi&uacute;p c&aacute;c mẹ tiết kiệm thời gian v&agrave; c&ocirc;ng sức.</p>\n','VN-VI',NULL),(2163,82,26,NULL,NULL,'',NULL,NULL),(2164,82,27,0,NULL,NULL,NULL,NULL),(2165,82,28,0,NULL,NULL,NULL,NULL),(2166,82,29,NULL,0,NULL,NULL,NULL),(2167,82,30,NULL,0,NULL,NULL,NULL),(2168,82,21,NULL,NULL,NULL,NULL,''),(2169,82,22,NULL,NULL,'',NULL,NULL),(2170,82,23,NULL,NULL,'',NULL,NULL),(2171,82,1,NULL,NULL,NULL,'EN-US','Hoa Kim 1237 - Bộ yếm bé trai / Xanh đen / Size 2'),(2172,82,2,NULL,NULL,'<p>L&agrave;n da trẻ em vốn mỏng manh, non nớt lại v&ocirc; c&ugrave;ng nhạy cảm, v&igrave; vậy, c&aacute;c bậc phụ huynh cần cẩn trọng khi chọn lựa quần &aacute;o cho b&eacute; trong những năm th&aacute;ng đầu đời. Bộ yếm b&eacute; trai <strong>Hoa Kim 1237</strong> sở hữu kiểu d&aacute;ng dễ thương c&ugrave;ng m&agrave;u sắc tươi tắn, l&agrave; một sản phẩm l&yacute; tưởng gi&uacute;p thi&ecirc;n thần nhỏ nh&agrave; bạn c&agrave;ng trở n&ecirc;n đ&aacute;ng y&ecirc;u hơn. Được l&agrave;m ho&agrave;n to&agrave;n từ vải cotton cao cấp, bộ yếm tạo cho b&eacute; cảm gi&aacute;c thoải m&aacute;i v&agrave; dễ chịu khi mặc. Hơn thế nữa, chất liệu mềm mại tuyệt đối an to&agrave;n, kh&ocirc;ng g&acirc;y k&iacute;ch ứng hay độc hại n&ecirc;n bố mẹ c&oacute; thể ho&agrave;n to&agrave;n y&ecirc;n t&acirc;m.</p>\n\n<div><strong>HƯỚNG DẪN CHỌN SIZE</strong></div>\n\n<p>Size 1: Trẻ từ 6 - 9 th&aacute;ng<br />\nSize 2: Trẻ từ 12 th&aacute;ng trở l&ecirc;n<br />\nSize 3: Trẻ từ 18 th&aacute;ng trở l&ecirc;n<br />\nSize 4: Trẻ từ 24 th&aacute;ng trở l&ecirc;n</p>\n\n<div><strong>ĐẶC ĐIỂM NỔI BẬT</strong></div>\n\n<p><strong>Chất liệu cao cấp</strong><br />\nSản phẩm c&oacute; chất liệu 100% cotton, mềm mại, tho&aacute;ng m&aacute;t, kh&ocirc;ng g&acirc;y độc hại, mặt vải phẳng, mịn, đẹp, độ bền tốt v&agrave; th&acirc;n thiện với cơ thể của b&eacute;.</p>\n\n<p><strong>Thiết kế đ&aacute;ng y&ecirc;u</strong><br />\nVới thiết kế dễ thương, được t&ocirc; điểm bằng những h&igrave;nh ảnh xinh xắn kết hợp c&ugrave;ng m&agrave;u sắc tươi tắn, bộ yếm gi&uacute;p thi&ecirc;n thần nhỏ của bạn tr&ocirc;ng thật đ&aacute;ng y&ecirc;u.</p>\n\n<p><strong>Dễ d&agrave;ng vệ sinh</strong><br />\nSau khi cho b&eacute; sử dụng, mẹ c&oacute; thể dễ d&agrave;ng giặt sản phẩm bằng tay hoặc m&aacute;y giặt. Chất liệu cotton giặt nhanh sạch v&agrave; mau kh&ocirc;, gi&uacute;p c&aacute;c mẹ tiết kiệm thời gian v&agrave; c&ocirc;ng sức.</p>\n','EN-US',NULL),(2173,82,1,NULL,NULL,NULL,'KO-KR','Hoa Kim 1237 - Bộ yếm bé trai / Xanh đen / Size 2'),(2174,82,2,NULL,NULL,'<p>L&agrave;n da trẻ em vốn mỏng manh, non nớt lại v&ocirc; c&ugrave;ng nhạy cảm, v&igrave; vậy, c&aacute;c bậc phụ huynh cần cẩn trọng khi chọn lựa quần &aacute;o cho b&eacute; trong những năm th&aacute;ng đầu đời. Bộ yếm b&eacute; trai <strong>Hoa Kim 1237</strong> sở hữu kiểu d&aacute;ng dễ thương c&ugrave;ng m&agrave;u sắc tươi tắn, l&agrave; một sản phẩm l&yacute; tưởng gi&uacute;p thi&ecirc;n thần nhỏ nh&agrave; bạn c&agrave;ng trở n&ecirc;n đ&aacute;ng y&ecirc;u hơn. Được l&agrave;m ho&agrave;n to&agrave;n từ vải cotton cao cấp, bộ yếm tạo cho b&eacute; cảm gi&aacute;c thoải m&aacute;i v&agrave; dễ chịu khi mặc. Hơn thế nữa, chất liệu mềm mại tuyệt đối an to&agrave;n, kh&ocirc;ng g&acirc;y k&iacute;ch ứng hay độc hại n&ecirc;n bố mẹ c&oacute; thể ho&agrave;n to&agrave;n y&ecirc;n t&acirc;m.</p>\n\n<div><strong>HƯỚNG DẪN CHỌN SIZE</strong></div>\n\n<p>Size 1: Trẻ từ 6 - 9 th&aacute;ng<br />\nSize 2: Trẻ từ 12 th&aacute;ng trở l&ecirc;n<br />\nSize 3: Trẻ từ 18 th&aacute;ng trở l&ecirc;n<br />\nSize 4: Trẻ từ 24 th&aacute;ng trở l&ecirc;n</p>\n\n<div><strong>ĐẶC ĐIỂM NỔI BẬT</strong></div>\n\n<p><strong>Chất liệu cao cấp</strong><br />\nSản phẩm c&oacute; chất liệu 100% cotton, mềm mại, tho&aacute;ng m&aacute;t, kh&ocirc;ng g&acirc;y độc hại, mặt vải phẳng, mịn, đẹp, độ bền tốt v&agrave; th&acirc;n thiện với cơ thể của b&eacute;.</p>\n\n<p><strong>Thiết kế đ&aacute;ng y&ecirc;u</strong><br />\nVới thiết kế dễ thương, được t&ocirc; điểm bằng những h&igrave;nh ảnh xinh xắn kết hợp c&ugrave;ng m&agrave;u sắc tươi tắn, bộ yếm gi&uacute;p thi&ecirc;n thần nhỏ của bạn tr&ocirc;ng thật đ&aacute;ng y&ecirc;u.</p>\n\n<p><strong>Dễ d&agrave;ng vệ sinh</strong><br />\nSau khi cho b&eacute; sử dụng, mẹ c&oacute; thể dễ d&agrave;ng giặt sản phẩm bằng tay hoặc m&aacute;y giặt. Chất liệu cotton giặt nhanh sạch v&agrave; mau kh&ocirc;, gi&uacute;p c&aacute;c mẹ tiết kiệm thời gian v&agrave; c&ocirc;ng sức.</p>\n','KO-KR',NULL),(2175,83,1,NULL,NULL,NULL,'VN-VI','GERBER - Set 3 Áo liền quần'),(2176,83,18,NULL,NULL,NULL,NULL,''),(2177,83,13,10,NULL,NULL,NULL,NULL),(2178,83,34,NULL,NULL,NULL,NULL,''),(2179,83,14,1,NULL,NULL,NULL,NULL),(2180,83,24,NULL,0,NULL,NULL,NULL),(2181,83,31,1,NULL,NULL,NULL,NULL),(2182,83,32,1,NULL,NULL,NULL,NULL),(2183,83,33,1,NULL,NULL,NULL,NULL),(2184,83,2,NULL,NULL,'<p>Bạn lu&ocirc;n quan t&acirc;m chăm s&oacute;c đến l&agrave;n da của b&eacute;,nhất l&agrave; những năm đầu đời l&agrave;n da của b&eacute; rất mong manh v&agrave; rất nhạy cảm,c&aacute;c bộ quần &aacute;o của b&eacute; phải được đảm bảo kh&ocirc;ng g&acirc;y k&iacute;ch ứng da.Bạn c&oacute; thể y&ecirc;n t&acirc;m với <strong> Set 3 &Aacute;o liền quần -GERBER </strong>.Được thiết kế bằng vải thun 100%cotton vừa co gi&atilde;n linh hoạt vừa tho&aacute;ng m&aacute;t rất th&iacute;ch hợp d&agrave;nh cho c&aacute;c b&eacute; từ 1tuổi.C&aacute;c b&eacute; cưng sẽ rất xinh xắn đ&aacute;ng y&ecirc;u khi được Mẹ măc cho <strong> Set 3 &Aacute;o liền quần -GERBER </strong>.Bộ &aacute;o liền quần gồm c&oacute; 1mẫu m&agrave;u xanh,1 mẫu sọc năng động,1 mẫu hoạ tiết chữ rất hợp thời trang <strong> Set 3 &Aacute;o liền quần -GERBER </strong>c&oacute; những đường may chắc chắn ,lại được thiết kế kiểu cổ yếm sẽ gi&uacute;p cho mẹ rất dễ d&agrave;ng thao t&aacute;c trong việc thay &aacute;o cho b&eacute;.kiểu &aacute;o n&agrave;y rất dễ thương v&agrave; hợp thời trang,bạn c&oacute; thể mặc cho b&eacute; trong mu&agrave; h&egrave; lẫn m&ugrave;a đ&ocirc;ng.C&aacute;c mẹ c&oacute; thể y&ecirc;n t&acirc;m với <strong> Set 3 &Aacute;o liền quần -GERBER </strong>v&igrave; sản phẩm nhập khẩu từ Mỹ .</p>\n\n<p>&nbsp;</p>\n\n<div><strong>ĐẶC ĐIỂM NỔI BẬT</strong></div>\n\n<p><strong>Cảm gi&aacute;c tho&aacute;ng m&aacute;t v&agrave; thoải m&aacute;i </strong><br />\n<strong>Set 3 &Aacute;o liền quần -GERBER </strong>được l&agrave;m bằng chất liệu vải thun 100% cotton n&ecirc;n <strong> Set 3 &Aacute;o liền quần -GERBER </strong>kh&ocirc;ng g&acirc;y k&iacute;ch ứng da cho b&eacute; , đồng thời độ co gi&atilde;n cao v&agrave; thấm h&uacute;t sẽ tạo cho b&eacute; cảm gi&aacute;c tho&aacute;ng m&aacute;t thoải m&aacute;i chạy nhảy .</p>\n\n<p>&nbsp;</p>\n\n<p><strong>Hợp thời trang </strong><br />\n<strong>Set 3 &Aacute;o liền quần -GERBER </strong>đươc may tr&ecirc;n nền vải thun m&agrave;u, sọc v&agrave; hoạ tiết chữ m&agrave;u xanh khoẻ khoắn,hợp thời trang để mẹ c&oacute; thể mặc cho b&eacute; y&ecirc;u mỗi ng&agrave;y được thoải m&aacute;i v&agrave; đ&aacute;ng y&ecirc;u hơn.</p>\n\n<p>&nbsp;</p>\n\n<p><strong>An to&agrave;n</strong><br />\n<strong>Set 3 &Aacute;o liền quần -GERBER </strong>được nhập khẩu từ nước Mỹ ,mẹ c&oacute; thể ho&agrave;n to&agrave;n y&ecirc;n t&acirc;m khi sử dụng cho b&eacute; v&igrave; <strong> Set 3 &Aacute;o liền quần -GERBER </strong>được kiểm tra chất lượng rất nghi&ecirc;m ngặt trước khi đến tay người sử dụng.</p>\n','VN-VI',NULL),(2185,83,26,NULL,NULL,'',NULL,NULL),(2186,83,27,0,NULL,NULL,NULL,NULL),(2187,83,28,0,NULL,NULL,NULL,NULL),(2188,83,29,NULL,0,NULL,NULL,NULL),(2189,83,30,NULL,0,NULL,NULL,NULL),(2190,83,21,NULL,NULL,NULL,NULL,''),(2191,83,22,NULL,NULL,'',NULL,NULL),(2192,83,23,NULL,NULL,'',NULL,NULL),(2193,83,1,NULL,NULL,NULL,'EN-US','GERBER - Set 3 Áo liền quần'),(2194,83,2,NULL,NULL,'<p>Bạn lu&ocirc;n quan t&acirc;m chăm s&oacute;c đến l&agrave;n da của b&eacute;,nhất l&agrave; những năm đầu đời l&agrave;n da của b&eacute; rất mong manh v&agrave; rất nhạy cảm,c&aacute;c bộ quần &aacute;o của b&eacute; phải được đảm bảo kh&ocirc;ng g&acirc;y k&iacute;ch ứng da.Bạn c&oacute; thể y&ecirc;n t&acirc;m với <strong> Set 3 &Aacute;o liền quần -GERBER </strong>.Được thiết kế bằng vải thun 100%cotton vừa co gi&atilde;n linh hoạt vừa tho&aacute;ng m&aacute;t rất th&iacute;ch hợp d&agrave;nh cho c&aacute;c b&eacute; từ 1tuổi.C&aacute;c b&eacute; cưng sẽ rất xinh xắn đ&aacute;ng y&ecirc;u khi được Mẹ măc cho <strong> Set 3 &Aacute;o liền quần -GERBER </strong>.Bộ &aacute;o liền quần gồm c&oacute; 1mẫu m&agrave;u xanh,1 mẫu sọc năng động,1 mẫu hoạ tiết chữ rất hợp thời trang <strong> Set 3 &Aacute;o liền quần -GERBER </strong>c&oacute; những đường may chắc chắn ,lại được thiết kế kiểu cổ yếm sẽ gi&uacute;p cho mẹ rất dễ d&agrave;ng thao t&aacute;c trong việc thay &aacute;o cho b&eacute;.kiểu &aacute;o n&agrave;y rất dễ thương v&agrave; hợp thời trang,bạn c&oacute; thể mặc cho b&eacute; trong mu&agrave; h&egrave; lẫn m&ugrave;a đ&ocirc;ng.C&aacute;c mẹ c&oacute; thể y&ecirc;n t&acirc;m với <strong> Set 3 &Aacute;o liền quần -GERBER </strong>v&igrave; sản phẩm nhập khẩu từ Mỹ .</p>\n\n<p>&nbsp;</p>\n\n<div><strong>ĐẶC ĐIỂM NỔI BẬT</strong></div>\n\n<p><strong>Cảm gi&aacute;c tho&aacute;ng m&aacute;t v&agrave; thoải m&aacute;i </strong><br />\n<strong>Set 3 &Aacute;o liền quần -GERBER </strong>được l&agrave;m bằng chất liệu vải thun 100% cotton n&ecirc;n <strong> Set 3 &Aacute;o liền quần -GERBER </strong>kh&ocirc;ng g&acirc;y k&iacute;ch ứng da cho b&eacute; , đồng thời độ co gi&atilde;n cao v&agrave; thấm h&uacute;t sẽ tạo cho b&eacute; cảm gi&aacute;c tho&aacute;ng m&aacute;t thoải m&aacute;i chạy nhảy .</p>\n\n<p>&nbsp;</p>\n\n<p><strong>Hợp thời trang </strong><br />\n<strong>Set 3 &Aacute;o liền quần -GERBER </strong>đươc may tr&ecirc;n nền vải thun m&agrave;u, sọcv&agrave; hoạ tiết chữ m&agrave;u xanh khoẻ khoắn,hợp thời trang để mẹ c&oacute; thể mặc cho b&eacute; y&ecirc;u mỗi ng&agrave;y được thoải m&aacute;i v&agrave; đ&aacute;ng y&ecirc;u hơn.</p>\n\n<p>&nbsp;</p>\n\n<p><strong>An to&agrave;n</strong><br />\n<strong>Set 3 &Aacute;o liền quần -GERBER </strong>được nhập khẩu từ nước Mỹ ,mẹ c&oacute; thể ho&agrave;n to&agrave;n y&ecirc;n t&acirc;m khi sử dụng cho b&eacute; v&igrave; <strong> Set 3 &Aacute;o liền quần -GERBER </strong>được kiểm tra chất lượng rất nghi&ecirc;m ngặt trước khi đến tay người sử dụng.</p>\n','EN-US',NULL),(2195,83,1,NULL,NULL,NULL,'KO-KR','GERBER - Set 3 Áo liền quần'),(2196,83,2,NULL,NULL,'<p>Bạn lu&ocirc;n quan t&acirc;m chăm s&oacute;c đến l&agrave;n da của b&eacute;,nhất l&agrave; những năm đầu đời l&agrave;n da của b&eacute; rất mong manh v&agrave; rất nhạy cảm,c&aacute;c bộ quần &aacute;o của b&eacute; phải được đảm bảo kh&ocirc;ng g&acirc;y k&iacute;ch ứng da.Bạn c&oacute; thể y&ecirc;n t&acirc;m với <strong> Set 3 &Aacute;o liền quần -GERBER </strong>.Được thiết kế bằng vải thun 100%cotton vừa co gi&atilde;n linh hoạt vừa tho&aacute;ng m&aacute;t rất th&iacute;ch hợp d&agrave;nh cho c&aacute;c b&eacute; từ 1tuổi.C&aacute;c b&eacute; cưng sẽ rất xinh xắn đ&aacute;ng y&ecirc;u khi được Mẹ măc cho <strong> Set 3 &Aacute;o liền quần -GERBER </strong>.Bộ &aacute;o liền quần gồm c&oacute; 1mẫu m&agrave;u xanh,1 mẫu sọc năng động,1 mẫu hoạ tiết chữ rất hợp thời trang <strong> Set 3 &Aacute;o liền quần -GERBER </strong>c&oacute; những đường may chắc chắn ,lại được thiết kế kiểu cổ yếm sẽ gi&uacute;p cho mẹ rất dễ d&agrave;ng thao t&aacute;c trong việc thay &aacute;o cho b&eacute;.kiểu &aacute;o n&agrave;y rất dễ thương v&agrave; hợp thời trang,bạn c&oacute; thể mặc cho b&eacute; trong mu&agrave; h&egrave; lẫn m&ugrave;a đ&ocirc;ng.C&aacute;c mẹ c&oacute; thể y&ecirc;n t&acirc;m với <strong> Set 3 &Aacute;o liền quần -GERBER </strong>v&igrave; sản phẩm nhập khẩu từ Mỹ .</p>\n\n<p>&nbsp;</p>\n\n<div><strong>ĐẶC ĐIỂM NỔI BẬT</strong></div>\n\n<p><strong>Cảm gi&aacute;c tho&aacute;ng m&aacute;t v&agrave; thoải m&aacute;i </strong><br />\n<strong>Set 3 &Aacute;o liền quần -GERBER </strong>được l&agrave;m bằng chất liệu vải thun 100% cotton n&ecirc;n <strong> Set 3 &Aacute;o liền quần -GERBER </strong>kh&ocirc;ng g&acirc;y k&iacute;ch ứng da cho b&eacute; , đồng thời độ co gi&atilde;n cao v&agrave; thấm h&uacute;t sẽ tạo cho b&eacute; cảm gi&aacute;c tho&aacute;ng m&aacute;t thoải m&aacute;i chạy nhảy .</p>\n\n<p>&nbsp;</p>\n\n<p><strong>Hợp thời trang </strong><br />\n<strong>Set 3 &Aacute;o liền quần -GERBER </strong>đươc may tr&ecirc;n nền vải thun m&agrave;u, sọcv&agrave; hoạ tiết chữ m&agrave;u xanh khoẻ khoắn,hợp thời trang để mẹ c&oacute; thể mặc cho b&eacute; y&ecirc;u mỗi ng&agrave;y được thoải m&aacute;i v&agrave; đ&aacute;ng y&ecirc;u hơn.</p>\n\n<p>&nbsp;</p>\n\n<p><strong>An to&agrave;n</strong><br />\n<strong>Set 3 &Aacute;o liền quần -GERBER </strong>được nhập khẩu từ nước Mỹ ,mẹ c&oacute; thể ho&agrave;n to&agrave;n y&ecirc;n t&acirc;m khi sử dụng cho b&eacute; v&igrave; <strong> Set 3 &Aacute;o liền quần -GERBER </strong>được kiểm tra chất lượng rất nghi&ecirc;m ngặt trước khi đến tay người sử dụng.</p>\n','KO-KR',NULL),(2197,84,1,NULL,NULL,NULL,'VN-VI','Gymboree - Đầm thun (Hồng)'),(2198,84,18,NULL,NULL,NULL,NULL,''),(2199,84,13,10,NULL,NULL,NULL,NULL),(2200,84,34,NULL,NULL,NULL,NULL,''),(2201,84,14,1,NULL,NULL,NULL,NULL),(2202,84,24,NULL,0,NULL,NULL,NULL),(2203,84,31,1,NULL,NULL,NULL,NULL),(2204,84,32,1,NULL,NULL,NULL,NULL),(2205,84,33,1,NULL,NULL,NULL,NULL),(2206,84,2,NULL,NULL,'<p>Chiếc đầm <strong>Gymboree</strong> với thiết kế xinh xắn sẽ một m&oacute;n trang phục thật trendy, gi&uacute;p b&eacute; y&ecirc;u thể hiện gu thời trang cực đỉnh. Được l&agrave;m từ chất liệu thun cao cấp, tho&aacute;ng m&aacute;t, mềm mịn, đầm đem lại cho b&eacute; cảm gi&aacute;c thoải m&aacute;i, dễ chịu trong suốt cả ng&agrave;y. Đặc biệt, với thiết kế kiểu v&aacute;y nhiều tầng c&ugrave;ng điểm nhấn l&agrave; b&ocirc;ng hướng dương xinh xắn, b&eacute; sẽ thật tươi tắn v&agrave; đ&aacute;ng y&ecirc;u. Chiếc đầm <strong>Gymboree</strong> sẽ l&agrave; một m&oacute;n qu&agrave; l&iacute; tưởng d&agrave;nh cho b&eacute;.</p>\n\n<div><strong>ĐẶC ĐIỂM NỔI BẬT</strong></div>\n\n<p><strong>Chất liệu thun cao cấp</strong><br />\nSản phẩm được l&agrave;m từ chất liệu thun co gi&atilde;n tho&aacute;ng m&aacute;t, thấm h&uacute;t mồ h&ocirc;i tốt, &ecirc;m dịu với l&agrave;n da nhạy cảm của b&eacute;, cho b&eacute; y&ecirc;u cảm gi&aacute;c dể chịu, thoải m&aacute;i suốt cả ng&agrave;y.</p>\n\n<p><strong>Thiết kế đ&aacute;ng y&ecirc;u</strong><br />\nVới thiết kế kiểu d&aacute;ng v&aacute;y nhiều tầng thời trang, c&ugrave;ng điểm nhấn l&agrave; b&ocirc;ng hướng dương rực rỡ sản phẩm đem lại cho b&eacute; d&aacute;ng vẻ năng động v&agrave; đ&aacute;ng y&ecirc;u.</p>\n\n<p><strong>Gợi &yacute; phối trang phục</strong><br />\nBạn c&oacute; thể diện cho b&eacute; &aacute;o đầm <strong>Gymboree</strong> với một chiếc băng đ&ocirc; v&agrave; một đ&ocirc;i gi&agrave;y b&uacute;p b&ecirc;, b&eacute; sẽ rất năng động v&agrave; tươi tắn.</p>\n','VN-VI',NULL),(2207,84,26,NULL,NULL,'',NULL,NULL),(2208,84,27,0,NULL,NULL,NULL,NULL),(2209,84,28,0,NULL,NULL,NULL,NULL),(2210,84,29,NULL,0,NULL,NULL,NULL),(2211,84,30,NULL,0,NULL,NULL,NULL),(2212,84,21,NULL,NULL,NULL,NULL,''),(2213,84,22,NULL,NULL,'',NULL,NULL),(2214,84,23,NULL,NULL,'',NULL,NULL),(2215,84,1,NULL,NULL,NULL,'EN-US','Gymboree - Đầm thun (Hồng)'),(2216,84,2,NULL,NULL,'<p>Chiếc đầm <strong>Gymboree</strong> với thiết kế xinh xắn sẽ một m&oacute;n trang phục thật trendy, gi&uacute;p b&eacute; y&ecirc;u thể hiện gu thời trang cực đỉnh. Được l&agrave;m từ chất liệu thun cao cấp, tho&aacute;ng m&aacute;t, mềm mịn, đầm đem lại cho b&eacute; cảm gi&aacute;c thoải m&aacute;i, dễ chịu trong suốt cả ng&agrave;y. Đặc biệt, với thiết kế kiểu v&aacute;y nhiều tầng c&ugrave;ng điểm nhấn l&agrave; b&ocirc;ng hướng dương xinh xắn, b&eacute; sẽ thật tươi tắn v&agrave; đ&aacute;ng y&ecirc;u. Chiếc đầm <strong>Gymboree</strong> sẽ l&agrave; một m&oacute;n qu&agrave; l&iacute; tưởng d&agrave;nh cho b&eacute;.</p>\n\n<div><strong>ĐẶC ĐIỂM NỔI BẬT</strong></div>\n\n<p><strong>Chất liệu thun cao cấp</strong><br />\nSản phẩm được l&agrave;m từ chất liệu thun co gi&atilde;n tho&aacute;ng m&aacute;t, thấm h&uacute;t mồ h&ocirc;i tốt, &ecirc;m dịu với l&agrave;n da nhạy cảm của b&eacute;, cho b&eacute; y&ecirc;u cảm gi&aacute;c dể chịu, thoải m&aacute;i suốt cả ng&agrave;y.</p>\n\n<p><strong>Thiết kế đ&aacute;ng y&ecirc;u</strong><br />\nVới thiết kế kiểu d&aacute;ng v&aacute;y nhiều tầng thời trang, c&ugrave;ng điểm nhấn l&agrave; b&ocirc;ng hướng dương rực rỡ sản phẩm đem lại cho b&eacute; d&aacute;ng vẻ năng động v&agrave; đ&aacute;ng y&ecirc;u.</p>\n\n<p><strong>Gợi &yacute; phối trang phục</strong><br />\nBạn c&oacute; thể diện cho b&eacute; &aacute;o đầm <strong>Gymboree</strong> với một chiếc băng đ&ocirc; v&agrave; một đ&ocirc;i gi&agrave;y b&uacute;p b&ecirc;, b&eacute; sẽ rất năng động v&agrave; tươi tắn.</p>\n','EN-US',NULL),(2217,84,1,NULL,NULL,NULL,'KO-KR','Gymboree - Đầm thun (Hồng)'),(2218,84,2,NULL,NULL,'<p>Chiếc đầm <strong>Gymboree</strong> với thiết kế xinh xắn sẽ một m&oacute;n trang phục thật trendy, gi&uacute;p b&eacute; y&ecirc;u thể hiện gu thời trang cực đỉnh. Được l&agrave;m từ chất liệu thun cao cấp, tho&aacute;ng m&aacute;t, mềm mịn, đầm đem lại cho b&eacute; cảm gi&aacute;c thoải m&aacute;i, dễ chịu trong suốt cả ng&agrave;y. Đặc biệt, với thiết kế kiểu v&aacute;y nhiều tầng c&ugrave;ng điểm nhấn l&agrave; b&ocirc;ng hướng dương xinh xắn, b&eacute; sẽ thật tươi tắn v&agrave; đ&aacute;ng y&ecirc;u. Chiếc đầm <strong>Gymboree</strong> sẽ l&agrave; một m&oacute;n qu&agrave; l&iacute; tưởng d&agrave;nh cho b&eacute;.</p>\n\n<div><strong>ĐẶC ĐIỂM NỔI BẬT</strong></div>\n\n<p><strong>Chất liệu thun cao cấp</strong><br />\nSản phẩm được l&agrave;m từ chất liệu thun co gi&atilde;n tho&aacute;ng m&aacute;t, thấm h&uacute;t mồ h&ocirc;i tốt, &ecirc;m dịu với l&agrave;n da nhạy cảm của b&eacute;, cho b&eacute; y&ecirc;u cảm gi&aacute;c dể chịu, thoải m&aacute;i suốt cả ng&agrave;y.</p>\n\n<p><strong>Thiết kế đ&aacute;ng y&ecirc;u</strong><br />\nVới thiết kế kiểu d&aacute;ng v&aacute;y nhiều tầng thời trang, c&ugrave;ng điểm nhấn l&agrave; b&ocirc;ng hướng dương rực rỡ sản phẩm đem lại cho b&eacute; d&aacute;ng vẻ năng động v&agrave; đ&aacute;ng y&ecirc;u.</p>\n\n<p><strong>Gợi &yacute; phối trang phục</strong><br />\nBạn c&oacute; thể diện cho b&eacute; &aacute;o đầm <strong>Gymboree</strong> với một chiếc băng đ&ocirc; v&agrave; một đ&ocirc;i gi&agrave;y b&uacute;p b&ecirc;, b&eacute; sẽ rất năng động v&agrave; tươi tắn.</p>\n','KO-KR',NULL),(2219,85,1,NULL,NULL,NULL,'VN-VI','Carter 13173 - Bộ 5 quần dài'),(2220,85,18,NULL,NULL,NULL,NULL,''),(2221,85,13,10,NULL,NULL,NULL,NULL),(2222,85,34,NULL,NULL,NULL,NULL,''),(2223,85,14,1,NULL,NULL,NULL,NULL),(2224,85,24,NULL,0,NULL,NULL,NULL),(2225,85,31,1,NULL,NULL,NULL,NULL),(2226,85,32,1,NULL,NULL,NULL,NULL),(2227,85,33,1,NULL,NULL,NULL,NULL),(2228,85,2,NULL,NULL,'<p>B&eacute; y&ecirc;u của bạn đ&atilde; c&oacute; bộ quần in h&igrave;nh th&uacute; phi&aacute; sau chưa? H&atilde;y l&agrave;m cho b&eacute; nh&agrave; bạn dễ thương, xinh xắn hơn nữa với bộ 5 quần d&agrave;i <strong>Carter 13173 </strong>. Được thiết kế d&agrave;nh cho c&aacute;c b&eacute; từ 2 tuổi. C&aacute;c b&eacute; cưng sẽ rất xinh xắn đ&aacute;ng y&ecirc;u khi được mẹ măc cho một trong những chiếc quần trong bộ 5 quần d&agrave;i <strong>Carter 13173 </strong>. C&oacute; in h&igrave;nh những con th&uacute; ngộ nghĩnh ph&iacute;a sau, bộ 5 quần d&agrave;i <strong>Carter 13173 </strong>được may tr&ecirc;n chất liệu ho&agrave;n to&agrave;n bằng cotton thấm h&uacute;t, tho&aacute;ng m&aacute;t rất th&iacute;ch hợp mặc cho b&eacute; trong m&ugrave;a h&egrave; lẫn m&ugrave;a đ&ocirc;ng. C&aacute;c mẹ c&oacute; thể y&ecirc;n t&acirc;m với bộ 5 quần d&agrave;i <strong>Carter 13173 </strong> v&igrave; sản phẩm được sản xuất trong nước .</p>\n\n<div><strong>ĐẶC ĐIỂM NỔI BẬT</strong></div>\n\n<p><strong>Cảm gi&aacute;c tho&aacute;ng m&aacute;t v&agrave; thoải m&aacute;i </strong><br />\nBộ 5 quần d&agrave;i <strong>Carter 13173 </strong> được l&agrave;m bằng chất liệu vải 100% cotton n&ecirc;n kh&ocirc;ng g&acirc;y k&iacute;ch ứng da cho b&eacute;, đồng thời độ co gi&atilde;n cao sẽ tạo cho b&eacute; cảm gi&aacute;c thoải m&aacute;i chạy nhảy.</p>\n\n<p><strong>Hợp thời trang </strong><br />\nBộ 5 quần d&agrave;i <strong>Carter 13173 </strong>c&oacute; 5 m&agrave;u với 5 hoạ tiết kh&aacute;c nhau để mẹ c&oacute; thể dễ d&agrave;ng phối hợp với nhiều kiểu &aacute;o để mỗi ng&agrave;y b&eacute; y&ecirc;u được thoải m&aacute;i v&agrave; đ&aacute;ng y&ecirc;u hơn.</p>\n\n<p><strong>An to&agrave;n</strong><br />\nBộ 5 quần d&agrave;i <strong>Carter 13173 </strong> được thiết kế v&agrave; may trong nước cực kỳ an to&agrave;n n&ecirc;n mẹ c&oacute; thể ho&agrave;n to&agrave;n y&ecirc;n t&acirc;m khi sử dụng cho b&eacute;.</p>\n','VN-VI',NULL),(2229,85,26,NULL,NULL,'',NULL,NULL),(2230,85,27,0,NULL,NULL,NULL,NULL),(2231,85,28,0,NULL,NULL,NULL,NULL),(2232,85,29,NULL,0,NULL,NULL,NULL),(2233,85,30,NULL,0,NULL,NULL,NULL),(2234,85,21,NULL,NULL,NULL,NULL,''),(2235,85,22,NULL,NULL,'',NULL,NULL),(2236,85,23,NULL,NULL,'',NULL,NULL),(2237,85,1,NULL,NULL,NULL,'EN-US','Carter 13173 - Bộ 5 quần dài'),(2238,85,2,NULL,NULL,'<p>B&eacute; y&ecirc;u của bạn đ&atilde; c&oacute; bộ quần in h&igrave;nh th&uacute; phi&aacute; sau chưa? H&atilde;y l&agrave;m cho b&eacute; nh&agrave; bạn dễ thương, xinh xắn hơn nữa với bộ 5 quần d&agrave;i <strong>Carter 13173 </strong>. Được thiết kế d&agrave;nh cho c&aacute;c b&eacute; từ 2 tuổi. C&aacute;c b&eacute; cưng sẽ rất xinh xắn đ&aacute;ng y&ecirc;u khi được mẹ măc cho một trong những chiếc quần trong bộ 5 quần d&agrave;i <strong>Carter 13173 </strong>. C&oacute; in h&igrave;nh những con th&uacute; ngộ nghĩnh ph&iacute;a sau, bộ 5 quần d&agrave;i <strong>Carter 13173 </strong>được may tr&ecirc;n chất liệu ho&agrave;n to&agrave;n bằng cotton thấm h&uacute;t, tho&aacute;ng m&aacute;t rất th&iacute;ch hợp mặc cho b&eacute; trong m&ugrave;a h&egrave; lẫn m&ugrave;a đ&ocirc;ng. C&aacute;c mẹ c&oacute; thể y&ecirc;n t&acirc;m với bộ 5 quần d&agrave;i <strong>Carter 13173 </strong> v&igrave; sản phẩm được sản xuất trong nước .</p>\n\n<div><strong>ĐẶC ĐIỂM NỔI BẬT</strong></div>\n\n<p><strong>Cảm gi&aacute;c tho&aacute;ng m&aacute;t v&agrave; thoải m&aacute;i </strong><br />\nBộ 5 quần d&agrave;i <strong>Carter 13173 </strong> được l&agrave;m bằng chất liệu vải 100% cotton n&ecirc;n kh&ocirc;ng g&acirc;y k&iacute;ch ứng da cho b&eacute;, đồng thời độ co gi&atilde;n cao sẽ tạo cho b&eacute; cảm gi&aacute;c thoải m&aacute;i chạy nhảy.</p>\n\n<p><strong>Hợp thời trang </strong><br />\nBộ 5 quần d&agrave;i <strong>Carter 13173 </strong>c&oacute; 5 m&agrave;u với 5 hoạ tiết kh&aacute;c nhau để mẹ c&oacute; thể dễ d&agrave;ng phối hợp với nhiều kiểu &aacute;o để mỗi ng&agrave;y b&eacute; y&ecirc;u được thoải m&aacute;i v&agrave; đ&aacute;ng y&ecirc;u hơn.</p>\n\n<p><strong>An to&agrave;n</strong><br />\nBộ 5 quần d&agrave;i <strong>Carter 13173 </strong> được thiết kế v&agrave; may trong nước cực kỳ an to&agrave;n n&ecirc;n mẹ c&oacute; thể ho&agrave;n to&agrave;n y&ecirc;n t&acirc;m khi sử dụng cho b&eacute;.</p>\n','EN-US',NULL),(2239,85,1,NULL,NULL,NULL,'KO-KR','Carter 13173 - Bộ 5 quần dài'),(2240,85,2,NULL,NULL,'<p>B&eacute; y&ecirc;u của bạn đ&atilde; c&oacute; bộ quần in h&igrave;nh th&uacute; phi&aacute; sau chưa? H&atilde;y l&agrave;m cho b&eacute; nh&agrave; bạn dễ thương, xinh xắn hơn nữa với bộ 5 quần d&agrave;i <strong>Carter 13173 </strong>. Được thiết kế d&agrave;nh cho c&aacute;c b&eacute; từ 2 tuổi. C&aacute;c b&eacute; cưng sẽ rất xinh xắn đ&aacute;ng y&ecirc;u khi được mẹ măc cho một trong những chiếc quần trong bộ 5 quần d&agrave;i <strong>Carter 13173 </strong>. C&oacute; in h&igrave;nh những con th&uacute; ngộ nghĩnh ph&iacute;a sau, bộ 5 quần d&agrave;i <strong>Carter 13173 </strong>được may tr&ecirc;n chất liệu ho&agrave;n to&agrave;n bằng cotton thấm h&uacute;t, tho&aacute;ng m&aacute;t rất th&iacute;ch hợp mặc cho b&eacute; trong m&ugrave;a h&egrave; lẫn m&ugrave;a đ&ocirc;ng. C&aacute;c mẹ c&oacute; thể y&ecirc;n t&acirc;m với bộ 5 quần d&agrave;i <strong>Carter 13173 </strong> v&igrave; sản phẩm được sản xuất trong nước .</p>\n\n<div><strong>ĐẶC ĐIỂM NỔI BẬT</strong></div>\n\n<p><strong>Cảm gi&aacute;c tho&aacute;ng m&aacute;t v&agrave; thoải m&aacute;i </strong><br />\nBộ 5 quần d&agrave;i <strong>Carter 13173 </strong> được l&agrave;m bằng chất liệu vải 100% cotton n&ecirc;n kh&ocirc;ng g&acirc;y k&iacute;ch ứng da cho b&eacute;, đồng thời độ co gi&atilde;n cao sẽ tạo cho b&eacute; cảm gi&aacute;c thoải m&aacute;i chạy nhảy.</p>\n\n<p><strong>Hợp thời trang </strong><br />\nBộ 5 quần d&agrave;i <strong>Carter 13173 </strong>c&oacute; 5 m&agrave;u với 5 hoạ tiết kh&aacute;c nhau để mẹ c&oacute; thể dễ d&agrave;ng phối hợp với nhiều kiểu &aacute;o để mỗi ng&agrave;y b&eacute; y&ecirc;u được thoải m&aacute;i v&agrave; đ&aacute;ng y&ecirc;u hơn.</p>\n\n<p><strong>An to&agrave;n</strong><br />\nBộ 5 quần d&agrave;i <strong>Carter 13173 </strong> được thiết kế v&agrave; may trong nước cực kỳ an to&agrave;n n&ecirc;n mẹ c&oacute; thể ho&agrave;n to&agrave;n y&ecirc;n t&acirc;m khi sử dụng cho b&eacute;.</p>\n','KO-KR',NULL),(2241,86,1,NULL,NULL,NULL,'VN-VI','Miomio 12M - Bộ 5 áo nút giữa tay dài, gấu mây / Xanh'),(2242,86,18,NULL,NULL,NULL,NULL,''),(2243,86,13,10,NULL,NULL,NULL,NULL),(2244,86,34,NULL,NULL,NULL,NULL,''),(2245,86,14,1,NULL,NULL,NULL,NULL),(2246,86,24,NULL,0,NULL,NULL,NULL),(2247,86,31,1,NULL,NULL,NULL,NULL),(2248,86,32,1,NULL,NULL,NULL,NULL),(2249,86,33,1,NULL,NULL,NULL,NULL),(2250,86,2,NULL,NULL,'<pre>\n<span style=\"font-size:14px\"><span style=\"font-family:times new roman,times,serif\">Trẻ nhỏ trong giai đoạn sơ sinh cần thay đổi rất nhiều quần &aacute;o trong ng&agrave;y. Do vậy, mẹ h&atilde;y chọn cho b&eacute; c&aacute;c loại quần &aacute;o kiểu d&aacute;ng đơn giản, dễ mặc, dễ giặt, nhanh kh&ocirc; v&agrave; chất liệu tốt kh&ocirc;ng g&acirc;y k&iacute;ch ứng da cho b&eacute;. Tủ quần &aacute;o của b&eacute; giờ đ&acirc;y sẽ trở n&ecirc;n sinh động v&agrave; nhiều sự lựa chọn hơn với sản phẩm &aacute;o n&uacute;t giữa tay d&agrave;i <strong>Miomio 12M</strong> thiết kế xinh xắn v&agrave; mang lại cảm gi&aacute;c thoải m&aacute;i cho b&eacute;. Sản phẩm &aacute;o n&uacute;t giữa tay d&agrave;i <strong>Miomio 12M</strong> kh&ocirc;ng chỉ hợp thời trang m&agrave; c&ograve;n giữ ấm cho b&eacute;, cho ph&eacute;p b&eacute; được thoải m&aacute;i suốt cả ng&agrave;y.\n\n<strong>C&Aacute;CH D&Ugrave;NG</strong>: Mẹ h&atilde;y mặc cho b&eacute; chiếc &aacute;o d&agrave;i tay n&agrave;y khi cần giữ ấm cho b&eacute; hoặc cho b&eacute; ngủ trong ph&ograve;ng m&aacute;y lạnh.\n\n</span></span></pre>\n\n<div><span style=\"font-size:14px\"><span style=\"font-family:times new roman,times,serif\"><strong>ĐẶC ĐIỂM NỔI BẬT</strong></span></span></div>\n\n<p><span style=\"font-size:14px\"><span style=\"font-family:times new roman,times,serif\"><strong>Chất liệu cotton thấm h&uacute;t tốt</strong> Chất liệu cotton l&agrave; lựa chọn tốt nhất cho l&agrave;n da của b&eacute;, đặc biệt l&agrave; những th&aacute;ng đầu đời v&igrave; sợi b&ocirc;ng tự nhi&ecirc;n sẽ gi&uacute;p b&eacute; thấm mồ h&ocirc;i tốt hơn l&agrave; sợi tổng hợp, sản phẩm l&agrave;m bằng cotton gi&uacute;p cho da của b&eacute; được th&ocirc;ng tho&aacute;ng, vừa giữ ấm cho cơ thể của b&eacute;, mang lại cho b&eacute; cảm gi&aacute;c dễ chịu. </span></span></p>\n\n<p><span style=\"font-size:14px\"><span style=\"font-family:times new roman,times,serif\"><strong>Thiết kế n&uacute;t giữa xinh xắn</strong> Hầu hết trẻ con thường gh&eacute;t việc bị k&eacute;o &aacute;o qua đầu, g&acirc;y cảm gi&aacute;c ngột thở với những chiếc &aacute;o c&oacute; cổ qu&aacute; chật. Sản phẩm với thiết kế c&agrave;i n&uacute;t ph&iacute;a trước gi&uacute;p tạo cảm gi&aacute;c thoải m&aacute;i, kh&ocirc;ng g&ograve; b&oacute; cho b&eacute; vừa gi&uacute;p mẹ c&oacute; thể dễ d&agrave;ng mặc &aacute;o cho b&eacute;.</span></span></p>\n\n<p><span style=\"font-size:14px\"><span style=\"font-family:times new roman,times,serif\"><strong>Kiểu d&aacute;ng xinh xắn, nhiều m&agrave;u sắc</strong> Với bất k&igrave; thời tiết n&agrave;o b&eacute; cũng lu&ocirc;n được mẹ mặc cho những chiếc &aacute;o hợp m&ugrave;a v&agrave; xinh xắn. Với sản phẩm &aacute;o n&uacute;t giữa tay d&agrave;i giữ ấm cho b&eacute;, in h&igrave;nh gấu m&acirc;y nhiều m&agrave;u sắc, mẹ v&agrave; b&eacute; c&oacute; th&ecirc;m nhiều sự lựa chọn, để b&eacute; y&ecirc;u lu&ocirc;n ấm &aacute;p v&agrave; xinh xắn mỗi ng&agrave;y.</span></span></p>\n','VN-VI',NULL),(2251,86,26,NULL,NULL,'',NULL,NULL),(2252,86,27,0,NULL,NULL,NULL,NULL),(2253,86,28,0,NULL,NULL,NULL,NULL),(2254,86,29,NULL,0,NULL,NULL,NULL),(2255,86,30,NULL,0,NULL,NULL,NULL),(2256,86,21,NULL,NULL,NULL,NULL,''),(2257,86,22,NULL,NULL,'',NULL,NULL),(2258,86,23,NULL,NULL,'',NULL,NULL),(2259,86,1,NULL,NULL,NULL,'EN-US','Miomio 12M - Bộ 5 áo nút giữa tay dài, gấu mây / Xanh'),(2260,86,2,NULL,NULL,'<pre>\n<span style=\"font-size:14px\"><span style=\"font-family:times new roman,times,serif\">Trẻ nhỏ trong giai đoạn sơ sinh cần thay đổi rất nhiều quần &aacute;o trong ng&agrave;y. Do vậy, mẹ h&atilde;y chọn cho b&eacute; c&aacute;c loại quần &aacute;o kiểu d&aacute;ng đơn giản, dễ mặc, dễ giặt, nhanh kh&ocirc; v&agrave; chất liệu tốt kh&ocirc;ng g&acirc;y k&iacute;ch ứng da cho b&eacute;. Tủ quần &aacute;o của b&eacute; giờ đ&acirc;y sẽ trở n&ecirc;n sinh động v&agrave; nhiều sự lựa chọn hơn với sản phẩm &aacute;o n&uacute;t giữa tay d&agrave;i <strong>Miomio 12M</strong> thiết kế xinh xắn v&agrave; mang lại cảm gi&aacute;c thoải m&aacute;i cho b&eacute;. Sản phẩm &aacute;o n&uacute;t giữa tay d&agrave;i <strong>Miomio 12M</strong> kh&ocirc;ng chỉ hợp thời trang m&agrave; c&ograve;n giữ ấm cho b&eacute;, cho ph&eacute;p b&eacute; được thoải m&aacute;i suốt cả ng&agrave;y.\n\n<strong>C&Aacute;CH D&Ugrave;NG</strong>: Mẹ h&atilde;y mặc cho b&eacute; chiếc &aacute;o d&agrave;i tay n&agrave;y khi cần giữ ấm cho b&eacute; hoặc cho b&eacute; ngủ trong ph&ograve;ng m&aacute;y lạnh.\n</span></span></pre>\n\n<div><span style=\"font-size:14px\"><span style=\"font-family:times new roman,times,serif\"><strong>ĐẶC ĐIỂM NỔI BẬT</strong></span></span></div>\n\n<p><span style=\"font-size:14px\"><span style=\"font-family:times new roman,times,serif\"><strong>Chất liệu cotton thấm h&uacute;t tốt</strong> Chất liệu cotton l&agrave; lựa chọn tốt nhất cho l&agrave;n da của b&eacute;, đặc biệt l&agrave; những th&aacute;ng đầu đời v&igrave; sợi b&ocirc;ng tự nhi&ecirc;n sẽ gi&uacute;p b&eacute; thấm mồ h&ocirc;i tốt hơn l&agrave; sợi tổng hợp, sản phẩm l&agrave;m bằng cotton gi&uacute;p cho da của b&eacute; được th&ocirc;ng tho&aacute;ng, vừa giữ ấm cho cơ thể của b&eacute;, mang lại cho b&eacute; cảm gi&aacute;c dễ chịu. </span></span></p>\n\n<p><span style=\"font-size:14px\"><span style=\"font-family:times new roman,times,serif\"><strong>Thiết kế n&uacute;t giữa xinh xắn</strong> Hầu hết trẻ con thường gh&eacute;t việc bị k&eacute;o &aacute;o qua đầu, g&acirc;y cảm gi&aacute;c ngột thở với những chiếc &aacute;o c&oacute; cổ qu&aacute; chật. Sản phẩm với thiết kế c&agrave;i n&uacute;t ph&iacute;a trước gi&uacute;p tạo cảm gi&aacute;c thoải m&aacute;i, kh&ocirc;ng g&ograve; b&oacute; cho b&eacute; vừa gi&uacute;p mẹ c&oacute; thể dễ d&agrave;ng mặc &aacute;o cho b&eacute;. </span></span></p>\n\n<p><span style=\"font-size:14px\"><span style=\"font-family:times new roman,times,serif\"><strong>Kiểu d&aacute;ng xinh xắn, nhiều m&agrave;u sắc</strong> Với bất k&igrave; thời tiết n&agrave;o b&eacute; cũng lu&ocirc;n được mẹ mặc cho những chiếc &aacute;o hợp m&ugrave;a v&agrave; xinh xắn. Với sản phẩm &aacute;o n&uacute;t giữa tay d&agrave;i giữ ấm cho b&eacute;, in h&igrave;nh gấu m&acirc;y nhiều m&agrave;u sắc, mẹ v&agrave; b&eacute; c&oacute; th&ecirc;m nhiều sự lựa chọn, để b&eacute; y&ecirc;u lu&ocirc;n ấm &aacute;p v&agrave; xinh xắn mỗi ng&agrave;y.</span></span></p>\n','EN-US',NULL),(2261,86,1,NULL,NULL,NULL,'KO-KR','Miomio 12M - Bộ 5 áo nút giữa tay dài, gấu mây / Xanh'),(2262,86,2,NULL,NULL,'<pre>\n<span style=\"font-size:14px\"><span style=\"font-family:times new roman,times,serif\">Trẻ nhỏ trong giai đoạn sơ sinh cần thay đổi rất nhiều quần &aacute;o trong ng&agrave;y. Do vậy, mẹ h&atilde;y chọn cho b&eacute; c&aacute;c loại quần &aacute;o kiểu d&aacute;ng đơn giản, dễ mặc, dễ giặt, nhanh kh&ocirc; v&agrave; chất liệu tốt kh&ocirc;ng g&acirc;y k&iacute;ch ứng da cho b&eacute;. Tủ quần &aacute;o của b&eacute; giờ đ&acirc;y sẽ trở n&ecirc;n sinh động v&agrave; nhiều sự lựa chọn hơn với sản phẩm &aacute;o n&uacute;t giữa tay d&agrave;i <strong>Miomio 12M</strong> thiết kế xinh xắn v&agrave; mang lại cảm gi&aacute;c thoải m&aacute;i cho b&eacute;. Sản phẩm &aacute;o n&uacute;t giữa tay d&agrave;i <strong>Miomio 12M</strong> kh&ocirc;ng chỉ hợp thời trang m&agrave; c&ograve;n giữ ấm cho b&eacute;, cho ph&eacute;p b&eacute; được thoải m&aacute;i suốt cả ng&agrave;y.\n\n<strong>C&Aacute;CH D&Ugrave;NG</strong>: Mẹ h&atilde;y mặc cho b&eacute; chiếc &aacute;o d&agrave;i tay n&agrave;y khi cần giữ ấm cho b&eacute; hoặc cho b&eacute; ngủ trong ph&ograve;ng m&aacute;y lạnh.\n</span></span></pre>\n\n<div><span style=\"font-size:14px\"><span style=\"font-family:times new roman,times,serif\"><strong>ĐẶC ĐIỂM NỔI BẬT</strong></span></span></div>\n\n<p><span style=\"font-size:14px\"><span style=\"font-family:times new roman,times,serif\"><strong>Chất liệu cotton thấm h&uacute;t tốt</strong> Chất liệu cotton l&agrave; lựa chọn tốt nhất cho l&agrave;n da của b&eacute;, đặc biệt l&agrave; những th&aacute;ng đầu đời v&igrave; sợi b&ocirc;ng tự nhi&ecirc;n sẽ gi&uacute;p b&eacute; thấm mồ h&ocirc;i tốt hơn l&agrave; sợi tổng hợp, sản phẩm l&agrave;m bằng cotton gi&uacute;p cho da của b&eacute; được th&ocirc;ng tho&aacute;ng, vừa giữ ấm cho cơ thể của b&eacute;, mang lại cho b&eacute; cảm gi&aacute;c dễ chịu. </span></span></p>\n\n<p><span style=\"font-size:14px\"><span style=\"font-family:times new roman,times,serif\"><strong>Thiết kế n&uacute;t giữa xinh xắn</strong> Hầu hết trẻ con thường gh&eacute;t việc bị k&eacute;o &aacute;o qua đầu, g&acirc;y cảm gi&aacute;c ngột thở với những chiếc &aacute;o c&oacute; cổ qu&aacute; chật. Sản phẩm với thiết kế c&agrave;i n&uacute;t ph&iacute;a trước gi&uacute;p tạo cảm gi&aacute;c thoải m&aacute;i, kh&ocirc;ng g&ograve; b&oacute; cho b&eacute; vừa gi&uacute;p mẹ c&oacute; thể dễ d&agrave;ng mặc &aacute;o cho b&eacute;. </span></span></p>\n\n<p><span style=\"font-size:14px\"><span style=\"font-family:times new roman,times,serif\"><strong>Kiểu d&aacute;ng xinh xắn, nhiều m&agrave;u sắc</strong> Với bất k&igrave; thời tiết n&agrave;o b&eacute; cũng lu&ocirc;n được mẹ mặc cho những chiếc &aacute;o hợp m&ugrave;a v&agrave; xinh xắn. Với sản phẩm &aacute;o n&uacute;t giữa tay d&agrave;i giữ ấm cho b&eacute;, in h&igrave;nh gấu m&acirc;y nhiều m&agrave;u sắc, mẹ v&agrave; b&eacute; c&oacute; th&ecirc;m nhiều sự lựa chọn, để b&eacute; y&ecirc;u lu&ocirc;n ấm &aacute;p v&agrave; xinh xắn mỗi ng&agrave;y.</span></span></p>\n','KO-KR',NULL),(2263,87,1,NULL,NULL,NULL,'VN-VI','Nanio K0024 - Bộ 5 áo cài giữa bèo thêu tay ngắn màu / Size S4'),(2264,87,18,NULL,NULL,NULL,NULL,''),(2265,87,13,10,NULL,NULL,NULL,NULL),(2266,87,34,NULL,NULL,NULL,NULL,''),(2267,87,14,1,NULL,NULL,NULL,NULL),(2268,87,24,NULL,0,NULL,NULL,NULL),(2269,87,31,1,NULL,NULL,NULL,NULL),(2270,87,32,1,NULL,NULL,NULL,NULL),(2271,87,33,1,NULL,NULL,NULL,NULL),(2272,87,2,NULL,NULL,'<pre>\n<span style=\"font-size:14px\"><span style=\"font-family:times new roman,times,serif\">Trong qu&aacute; tr&igrave;nh chăm s&oacute;c b&eacute;, lựa chọn quần &aacute;o ph&ugrave; hợp để cho b&eacute; lu&ocirc;n được thoải m&aacute;i v&agrave; an to&agrave;n l&agrave; điều hết sức quan trọng. V&igrave; thế mẹ cần chọn những chiếc &aacute;o dễ mặc, dễ giặt, mau kh&ocirc; v&agrave; chất liệu an to&agrave;n với l&agrave;n da mỏng manh của b&eacute;. Bộ 5 &aacute;o c&agrave;i giữa b&egrave;o th&ecirc;u tay d&agrave;i m&agrave;u <strong>Nanio K0025</strong> với 100% cotton sẽ l&agrave;m thỏa m&atilde;n những mong muốn của mẹ. Bộ 5 &aacute;o c&agrave;i giữa b&egrave;o th&ecirc;u tay d&agrave;i m&agrave;u <strong>Nanio K0025</strong> kh&ocirc;ng chỉ hợp thời trang m&agrave; c&ograve;n cho b&eacute; cảm gi&aacute;c tho&aacute;ng m&aacute;t khi mặc. \n\n<strong>C&Aacute;CH D&Ugrave;NG</strong>: Trong l&uacute;c thay &aacute;o, mẹ h&atilde;y d&ugrave;ng những cử chỉ &acirc;u yếm, vuốt ve l&agrave;n da mịn m&agrave;ng của b&eacute; để tăng sự nhạy cảm của x&uacute;c gi&aacute;c. Sau đ&oacute;, mẹ h&atilde;y mặc chiếc &aacute;o ngắn tay n&agrave;y để b&eacute; lu&ocirc;n tho&aacute;ng m&aacute;t trong những ng&agrave;y h&egrave; n&oacute;ng bức.\n</span></span></pre>\n\n<div><span style=\"font-size:14px\"><span style=\"font-family:times new roman,times,serif\"><strong>ĐẶC ĐIỂM NỔI BẬT</strong></span></span></div>\n\n<p><span style=\"font-size:14px\"><span style=\"font-family:times new roman,times,serif\"><strong>Chất liệu cotton 100%</strong> Chất liệu vải cotton mềm mại, thấm h&uacute;t mồ h&ocirc;i tốt, tạo cảm gi&aacute;c thoải m&aacute;i cho b&eacute; khi mặc cũng như gi&uacute;p cho b&eacute; điều h&ograve;a nhiệt độ dễ hơn. Đồng thời, vải kh&ocirc;ng g&acirc;y dị ứng hay mẩn ngứa da b&eacute;. Hơn nữa với chất liệu vải n&agrave;y mẹ dễ d&agrave;ng giặt giũ cũng như phơi kh&ocirc;. </span></span></p>\n\n<p><span style=\"font-size:14px\"><span style=\"font-family:times new roman,times,serif\"><strong>Thiết kế n&uacute;t giữa tiện lợi</strong> Thiết kế tay d&agrave;i với đường may tỉ mỉ, vừa vặn kh&ocirc;ng l&agrave;m hằn l&agrave;n da của b&eacute;. Hầu hết trẻ con thường gh&eacute;t việc bị k&eacute;o &aacute;o qua đầu, g&acirc;y cảm gi&aacute;c ngột thở với những chiếc &aacute;o c&oacute; cổ qu&aacute; chật. Sản phẩm với thiết kế c&agrave;i n&uacute;t ph&iacute;a trước gi&uacute;p tạo cảm gi&aacute;c thoải m&aacute;i, kh&ocirc;ng g&ograve; b&oacute; cho b&eacute; vừa gi&uacute;p mẹ c&oacute; thể dễ d&agrave;ng mặc &aacute;o cho b&eacute;. </span></span></p>\n\n<p><span style=\"font-size:14px\"><span style=\"font-family:times new roman,times,serif\"><strong>Thiết kế xinh xắn, nhiều m&agrave;u sắc</strong> Bộ sản phẩm gồm 5 &aacute;o c&agrave;i giữa c&oacute; m&agrave;u sắc v&agrave; họa tiết kh&aacute;c nhau, mẹ sẽ dễ d&agrave;ng chọn lựa khi phối hợp quần &aacute;o cho b&eacute;. Kh&ocirc;ng những thế, sản phẩm c&oacute; nhiều m&agrave;u sắc tươi tắn, b&eacute; sẽ tr&ocirc;ng đ&aacute;ng y&ecirc;u v&agrave; l&agrave;m căn ph&ograve;ng bừng s&aacute;ng.</span></span></p>\n','VN-VI',NULL),(2273,87,26,NULL,NULL,'',NULL,NULL),(2274,87,27,0,NULL,NULL,NULL,NULL),(2275,87,28,0,NULL,NULL,NULL,NULL),(2276,87,29,NULL,0,NULL,NULL,NULL),(2277,87,30,NULL,0,NULL,NULL,NULL),(2278,87,21,NULL,NULL,NULL,NULL,''),(2279,87,22,NULL,NULL,'',NULL,NULL),(2280,87,23,NULL,NULL,'',NULL,NULL),(2281,87,1,NULL,NULL,NULL,'EN-US','Nanio K0024 - Bộ 5 áo cài giữa bèo thêu tay ngắn màu / Size S4'),(2282,87,2,NULL,NULL,'<pre>\n<span style=\"font-size:14px\"><span style=\"font-family:times new roman,times,serif\">Trong qu&aacute; tr&igrave;nh chăm s&oacute;c b&eacute;, lựa chọn quần &aacute;o ph&ugrave; hợp để cho b&eacute; lu&ocirc;n được thoải m&aacute;i v&agrave; an to&agrave;n l&agrave; điều hết sức quan trọng. V&igrave; thế mẹ cần chọn những chiếc &aacute;o dễ mặc, dễ giặt, mau kh&ocirc; v&agrave; chất liệu an to&agrave;n với l&agrave;n da mỏng manh của b&eacute;. Bộ 5 &aacute;o c&agrave;i giữa b&egrave;o th&ecirc;u tay d&agrave;i m&agrave;u <strong>Nanio K0025</strong> với 100% cotton sẽ l&agrave;m thỏa m&atilde;n những mong muốn của mẹ. Bộ 5 &aacute;o c&agrave;i giữa b&egrave;o th&ecirc;u tay d&agrave;i m&agrave;u <strong>Nanio K0025</strong> kh&ocirc;ng chỉ hợp thời trang m&agrave; c&ograve;n cho b&eacute; cảm gi&aacute;c tho&aacute;ng m&aacute;t khi mặc. \n\n<strong>C&Aacute;CH D&Ugrave;NG</strong>: Trong l&uacute;c thay &aacute;o, mẹ h&atilde;y d&ugrave;ng những cử chỉ &acirc;u yếm, vuốt ve l&agrave;n da mịn m&agrave;ng của b&eacute; để tăng sự nhạy cảm của x&uacute;c gi&aacute;c. Sau đ&oacute;, mẹ h&atilde;y mặc chiếc &aacute;o ngắn tay n&agrave;y để b&eacute; lu&ocirc;n tho&aacute;ng m&aacute;t trong những ng&agrave;y h&egrave; n&oacute;ng bức.\n</span></span></pre>\n\n<div><span style=\"font-size:14px\"><span style=\"font-family:times new roman,times,serif\"><strong>ĐẶC ĐIỂM NỔI BẬT</strong></span></span></div>\n\n<p><span style=\"font-size:14px\"><span style=\"font-family:times new roman,times,serif\"><strong>Chất liệu cotton 100%</strong> Chất liệu vải cotton mềm mại, thấm h&uacute;t mồ h&ocirc;i tốt, tạo cảm gi&aacute;c thoải m&aacute;i cho b&eacute; khi mặc cũng như gi&uacute;p cho b&eacute; điều h&ograve;a nhiệt độ dễ hơn. Đồng thời, vải kh&ocirc;ng g&acirc;y dị ứng hay mẩn ngứa da b&eacute;. Hơn nữa với chất liệu vải n&agrave;y mẹ dễ d&agrave;ng giặt giũ cũng như phơi kh&ocirc;. </span></span></p>\n\n<p><span style=\"font-size:14px\"><span style=\"font-family:times new roman,times,serif\"><strong>Thiết kế n&uacute;t giữa tiện lợi</strong> Thiết kế tay d&agrave;i với đường may tỉ mỉ, vừa vặn kh&ocirc;ng l&agrave;m hằn l&agrave;n da của b&eacute;. Hầu hết trẻ con thường gh&eacute;t việc bị k&eacute;o &aacute;o qua đầu, g&acirc;y cảm gi&aacute;c ngột thở với những chiếc &aacute;o c&oacute; cổ qu&aacute; chật. Sản phẩm với thiết kế c&agrave;i n&uacute;t ph&iacute;a trước gi&uacute;p tạo cảm gi&aacute;c thoải m&aacute;i, kh&ocirc;ng g&ograve; b&oacute; cho b&eacute; vừa gi&uacute;p mẹ c&oacute; thể dễ d&agrave;ng mặc &aacute;o cho b&eacute;. </span></span></p>\n\n<p><span style=\"font-size:14px\"><span style=\"font-family:times new roman,times,serif\"><strong>Thiết kế xinh xắn, nhiều m&agrave;u sắc</strong> Bộ sản phẩm gồm 5 &aacute;o c&agrave;i giữa c&oacute; m&agrave;u sắc v&agrave; họa tiết kh&aacute;c nhau, mẹ sẽ dễ d&agrave;ng chọn lựa khi phối hợp quần &aacute;o cho b&eacute;. Kh&ocirc;ng những thế, sản phẩm c&oacute; nhiều m&agrave;u sắc tươi tắn, b&eacute; sẽ tr&ocirc;ng đ&aacute;ng y&ecirc;u v&agrave; l&agrave;m căn ph&ograve;ng bừng s&aacute;ng.</span></span></p>\n','EN-US',NULL),(2283,87,1,NULL,NULL,NULL,'KO-KR','Nanio K0024 - Bộ 5 áo cài giữa bèo thêu tay ngắn màu / Size S4'),(2284,87,2,NULL,NULL,'<pre>\n<span style=\"font-size:14px\"><span style=\"font-family:times new roman,times,serif\">Trong qu&aacute; tr&igrave;nh chăm s&oacute;c b&eacute;, lựa chọn quần &aacute;o ph&ugrave; hợp để cho b&eacute; lu&ocirc;n được thoải m&aacute;i v&agrave; an to&agrave;n l&agrave; điều hết sức quan trọng. V&igrave; thế mẹ cần chọn những chiếc &aacute;o dễ mặc, dễ giặt, mau kh&ocirc; v&agrave; chất liệu an to&agrave;n với l&agrave;n da mỏng manh của b&eacute;. Bộ 5 &aacute;o c&agrave;i giữa b&egrave;o th&ecirc;u tay d&agrave;i m&agrave;u <strong>Nanio K0025</strong> với 100% cotton sẽ l&agrave;m thỏa m&atilde;n những mong muốn của mẹ. Bộ 5 &aacute;o c&agrave;i giữa b&egrave;o th&ecirc;u tay d&agrave;i m&agrave;u <strong>Nanio K0025</strong> kh&ocirc;ng chỉ hợp thời trang m&agrave; c&ograve;n cho b&eacute; cảm gi&aacute;c tho&aacute;ng m&aacute;t khi mặc. \n\n<strong>C&Aacute;CH D&Ugrave;NG</strong>: Trong l&uacute;c thay &aacute;o, mẹ h&atilde;y d&ugrave;ng những cử chỉ &acirc;u yếm, vuốt ve l&agrave;n da mịn m&agrave;ng của b&eacute; để tăng sự nhạy cảm của x&uacute;c gi&aacute;c. Sau đ&oacute;, mẹ h&atilde;y mặc chiếc &aacute;o ngắn tay n&agrave;y để b&eacute; lu&ocirc;n tho&aacute;ng m&aacute;t trong những ng&agrave;y h&egrave; n&oacute;ng bức.\n</span></span></pre>\n\n<div><span style=\"font-size:14px\"><span style=\"font-family:times new roman,times,serif\"><strong>ĐẶC ĐIỂM NỔI BẬT</strong></span></span></div>\n\n<p><span style=\"font-size:14px\"><span style=\"font-family:times new roman,times,serif\"><strong>Chất liệu cotton 100%</strong> Chất liệu vải cotton mềm mại, thấm h&uacute;t mồ h&ocirc;i tốt, tạo cảm gi&aacute;c thoải m&aacute;i cho b&eacute; khi mặc cũng như gi&uacute;p cho b&eacute; điều h&ograve;a nhiệt độ dễ hơn. Đồng thời, vải kh&ocirc;ng g&acirc;y dị ứng hay mẩn ngứa da b&eacute;. Hơn nữa với chất liệu vải n&agrave;y mẹ dễ d&agrave;ng giặt giũ cũng như phơi kh&ocirc;. </span></span></p>\n\n<p><span style=\"font-size:14px\"><span style=\"font-family:times new roman,times,serif\"><strong>Thiết kế n&uacute;t giữa tiện lợi</strong> Thiết kế tay d&agrave;i với đường may tỉ mỉ, vừa vặn kh&ocirc;ng l&agrave;m hằn l&agrave;n da của b&eacute;. Hầu hết trẻ con thường gh&eacute;t việc bị k&eacute;o &aacute;o qua đầu, g&acirc;y cảm gi&aacute;c ngột thở với những chiếc &aacute;o c&oacute; cổ qu&aacute; chật. Sản phẩm với thiết kế c&agrave;i n&uacute;t ph&iacute;a trước gi&uacute;p tạo cảm gi&aacute;c thoải m&aacute;i, kh&ocirc;ng g&ograve; b&oacute; cho b&eacute; vừa gi&uacute;p mẹ c&oacute; thể dễ d&agrave;ng mặc &aacute;o cho b&eacute;. </span></span></p>\n\n<p><span style=\"font-size:14px\"><span style=\"font-family:times new roman,times,serif\"><strong>Thiết kế xinh xắn, nhiều m&agrave;u sắc</strong> Bộ sản phẩm gồm 5 &aacute;o c&agrave;i giữa c&oacute; m&agrave;u sắc v&agrave; họa tiết kh&aacute;c nhau, mẹ sẽ dễ d&agrave;ng chọn lựa khi phối hợp quần &aacute;o cho b&eacute;. Kh&ocirc;ng những thế, sản phẩm c&oacute; nhiều m&agrave;u sắc tươi tắn, b&eacute; sẽ tr&ocirc;ng đ&aacute;ng y&ecirc;u v&agrave; l&agrave;m căn ph&ograve;ng bừng s&aacute;ng.</span></span></p>\n','KO-KR',NULL);

/*Table structure for table `t_product_attribute_type` */

DROP TABLE IF EXISTS `t_product_attribute_type`;

CREATE TABLE `t_product_attribute_type` (
  `id` int(11) NOT NULL AUTO_INCREMENT,
  `codename` varchar(50) COLLATE utf8_unicode_ci DEFAULT NULL,
  `datatype` enum('number','enum','text','varchar','file') COLLATE utf8_unicode_ci DEFAULT NULL,
  `fk_enum_ref` int(11) DEFAULT NULL,
  `multi_language` tinyint(4) DEFAULT '0',
  `repeating_group` tinyint(4) DEFAULT '0',
  `weight` int(11) DEFAULT '0',
  `default` text COLLATE utf8_unicode_ci,
  `required` tinyint(4) DEFAULT '0',
  PRIMARY KEY (`id`)
) ENGINE=InnoDB AUTO_INCREMENT=35 DEFAULT CHARSET=utf8 COLLATE=utf8_unicode_ci;

/*Data for the table `t_product_attribute_type` */

insert  into `t_product_attribute_type`(`id`,`codename`,`datatype`,`fk_enum_ref`,`multi_language`,`repeating_group`,`weight`,`default`,`required`) values (1,'name','varchar',NULL,1,0,0,NULL,1),(2,'description','text',NULL,1,0,0,NULL,0),(3,'tag','varchar',NULL,1,1,0,NULL,0),(7,'material','enum',1,0,1,0,NULL,0),(8,'gift_target','enum',2,0,1,0,NULL,0),(9,'category','number',NULL,0,0,0,NULL,0),(10,'occasion','enum',3,0,1,0,NULL,0),(13,'quantity','number',NULL,0,0,0,NULL,1),(14,'weight','number',NULL,0,0,0,NULL,1),(15,'source','enum',NULL,0,0,0,NULL,0),(16,'shipping_method','enum',6,0,1,0,NULL,0),(17,'payment_method','enum',7,0,1,0,NULL,0),(18,'storage_code','varchar',NULL,0,0,0,NULL,0),(19,'sales','number',NULL,0,0,0,NULL,0),(20,'storage_code_type','enum',8,0,0,0,NULL,0),(21,'meta_title','varchar',NULL,0,0,0,NULL,0),(22,'meta_keywords','text',NULL,0,0,0,NULL,0),(23,'meta_description','text',NULL,0,0,0,NULL,0),(24,'weight_unit','enum',9,0,0,0,NULL,1),(26,'note','text',NULL,0,0,0,NULL,0),(27,'return_policy','number',NULL,0,0,0,'0',0),(28,'warranty_policy','number',NULL,0,0,0,'0',0),(29,'made_in','enum',12,0,0,0,NULL,0),(30,'import_from','enum',12,0,0,0,NULL,0),(31,'dimension_width','number',NULL,0,0,0,'-1',1),(32,'dimension_height','number',NULL,0,0,0,'-1',1),(33,'dimension_depth','number',NULL,0,0,0,'-1',1),(34,'brand','varchar',NULL,0,0,0,NULL,0);

/*Table structure for table `t_product_comment` */

DROP TABLE IF EXISTS `t_product_comment`;

CREATE TABLE `t_product_comment` (
  `id` int(11) NOT NULL AUTO_INCREMENT,
  `fk_product` int(11) DEFAULT NULL,
  `fk_user` int(11) DEFAULT NULL,
  `fk_parent` int(11) DEFAULT '0',
  `body` text COLLATE utf8_unicode_ci,
  `date_created` datetime DEFAULT NULL,
  PRIMARY KEY (`id`)
) ENGINE=InnoDB DEFAULT CHARSET=utf8 COLLATE=utf8_unicode_ci;

/*Data for the table `t_product_comment` */

/*Table structure for table `t_product_image` */

DROP TABLE IF EXISTS `t_product_image`;

CREATE TABLE `t_product_image` (
  `fk_product` int(11) NOT NULL DEFAULT '0',
  `fk_file` int(11) NOT NULL DEFAULT '0',
  `sort` tinyint(4) DEFAULT NULL,
  `thumbnail` tinyint(4) DEFAULT '0',
  `base_image` tinyint(4) DEFAULT '1',
  `small_image` tinyint(4) DEFAULT '0',
  `facebook_image` tinyint(4) DEFAULT '0',
  `width` int(11) DEFAULT NULL,
  PRIMARY KEY (`fk_product`,`fk_file`)
) ENGINE=InnoDB DEFAULT CHARSET=utf8 COLLATE=utf8_unicode_ci;

/*Data for the table `t_product_image` */

insert  into `t_product_image`(`fk_product`,`fk_file`,`sort`,`thumbnail`,`base_image`,`small_image`,`facebook_image`,`width`) values (1,1,NULL,1,1,0,1,1000),(2,1,NULL,1,1,0,1,1000),(3,1,NULL,1,1,0,1,1000),(4,1,NULL,1,1,0,1,1000),(5,1,NULL,1,1,0,1,1000),(6,1,NULL,1,1,0,1,1000),(7,1,NULL,1,1,0,1,1000),(8,1,NULL,1,1,0,1,1000),(9,1,NULL,1,1,0,1,1000),(10,1,NULL,1,1,0,1,1000),(11,1,NULL,1,1,0,1,1000),(12,1,NULL,1,1,0,1,1000),(14,7,2,1,1,1,1,1000),(14,8,0,0,1,1,0,1000),(15,9,0,1,1,1,0,1000),(20,11,0,1,1,1,1,1000),(20,13,0,0,1,1,0,1000),(20,14,0,0,1,1,0,1000),(20,15,0,0,1,1,0,1000),(24,16,NULL,0,1,0,0,1000),(24,17,NULL,0,1,0,0,1000),(25,18,0,1,1,1,1,1000),(26,33,0,0,1,1,0,257),(26,35,0,0,1,1,0,611),(27,34,0,0,1,1,0,1047),(28,36,0,1,1,1,0,1921),(29,37,NULL,0,1,0,0,952),(31,38,NULL,0,1,0,0,1367),(55,39,0,0,1,1,0,180),(59,40,1,1,1,1,0,500),(59,41,2,0,1,1,0,500),(60,43,1,1,1,1,0,500),(60,44,2,0,1,1,0,800),(61,45,1,1,1,1,0,652),(61,52,2,0,1,1,0,480),(62,49,2,1,1,1,0,999),(62,50,1,0,1,1,0,648),(63,53,0,0,1,1,0,340),(64,54,0,0,1,1,0,400),(65,55,0,0,1,1,0,340),(66,56,0,0,1,1,0,340),(67,58,0,0,1,1,0,340),(68,59,0,0,1,1,0,195),(68,60,0,1,1,1,1,400),(69,61,0,0,1,1,0,340),(70,62,0,0,1,1,0,340),(71,63,0,0,1,1,0,271),(72,64,0,0,1,1,0,225),(73,65,0,0,1,1,0,160),(74,66,0,0,1,1,0,340),(75,68,0,0,1,1,0,355),(75,69,0,0,1,1,0,200),(75,70,0,0,1,1,0,160),(75,71,0,0,1,1,0,111),(75,72,0,0,1,1,0,111),(76,73,3,0,1,1,0,396),(76,74,2,0,1,1,0,400),(76,75,1,1,1,1,0,400),(77,76,0,1,1,1,0,340),(77,77,0,0,1,1,0,850),(77,78,0,0,1,1,0,850),(77,79,0,0,1,1,0,850),(78,80,2,0,1,1,0,850),(78,81,1,1,1,1,0,850),(78,82,3,0,1,1,0,340),(78,83,4,0,1,1,0,850),(79,84,0,0,1,1,0,800),(80,85,0,0,1,1,0,571),(81,86,0,0,1,1,0,236),(82,87,0,0,1,1,0,355),(83,88,0,0,1,1,0,215),(84,89,0,0,1,1,0,960),(85,90,0,0,1,1,0,250),(86,91,0,0,1,1,0,173),(87,92,0,0,1,1,0,400);

/*Table structure for table `t_product_tax` */

DROP TABLE IF EXISTS `t_product_tax`;

CREATE TABLE `t_product_tax` (
  `id` int(11) NOT NULL AUTO_INCREMENT,
  `fk_product` int(11) DEFAULT NULL,
  `fk_tax` int(11) DEFAULT NULL,
  PRIMARY KEY (`id`)
) ENGINE=InnoDB AUTO_INCREMENT=19 DEFAULT CHARSET=utf8 COLLATE=utf8_unicode_ci;

/*Data for the table `t_product_tax` */

insert  into `t_product_tax`(`id`,`fk_product`,`fk_tax`) values (15,14,1),(16,15,1),(17,20,1),(18,78,0);

/*Table structure for table `t_product_view` */

DROP TABLE IF EXISTS `t_product_view`;

CREATE TABLE `t_product_view` (
  `id` int(11) NOT NULL AUTO_INCREMENT,
  `fk_product` int(11) DEFAULT NULL,
  `fk_user` int(11) DEFAULT NULL,
  `count_view` int(11) DEFAULT NULL,
  PRIMARY KEY (`id`)
) ENGINE=InnoDB AUTO_INCREMENT=22 DEFAULT CHARSET=utf8 COLLATE=utf8_unicode_ci;

/*Data for the table `t_product_view` */

insert  into `t_product_view`(`id`,`fk_product`,`fk_user`,`count_view`) values (1,2,0,44),(2,1,0,13),(3,3,0,9),(4,4,0,5),(5,5,0,4),(6,10,0,1),(7,8,0,1),(8,1,1,1),(9,14,1,1),(10,15,1,2),(11,14,5,2),(12,20,5,6),(13,15,5,1),(14,20,0,7),(15,14,0,4),(16,15,0,2),(17,25,5,1),(18,26,5,18),(19,26,0,11),(20,27,5,3),(21,27,0,1);

/*Table structure for table `t_rating` */

DROP TABLE IF EXISTS `t_rating`;

CREATE TABLE `t_rating` (
  `id` int(11) NOT NULL AUTO_INCREMENT,
  `fk_user` int(11) DEFAULT NULL,
  `fk_product` int(11) DEFAULT NULL,
  `rate` tinyint(4) DEFAULT NULL,
  PRIMARY KEY (`id`)
) ENGINE=InnoDB DEFAULT CHARSET=utf8 COLLATE=utf8_unicode_ci;

/*Data for the table `t_rating` */

/*Table structure for table `t_relationship` */

DROP TABLE IF EXISTS `t_relationship`;

CREATE TABLE `t_relationship` (
  `id` int(11) NOT NULL AUTO_INCREMENT,
  `fk_user1` int(11) DEFAULT NULL,
  `fk_user2` int(11) DEFAULT NULL,
  PRIMARY KEY (`id`)
) ENGINE=InnoDB DEFAULT CHARSET=utf8 COLLATE=utf8_unicode_ci;

/*Data for the table `t_relationship` */

/*Table structure for table `t_retailer` */

DROP TABLE IF EXISTS `t_retailer`;

CREATE TABLE `t_retailer` (
  `id` int(11) NOT NULL AUTO_INCREMENT,
  `name` varchar(255) COLLATE utf8_unicode_ci DEFAULT NULL,
  `logo` text COLLATE utf8_unicode_ci,
  `phoneno` varchar(20) COLLATE utf8_unicode_ci DEFAULT NULL,
  `email` varchar(50) COLLATE utf8_unicode_ci DEFAULT NULL,
  `website` varchar(100) COLLATE utf8_unicode_ci DEFAULT NULL,
  `status` tinyint(4) DEFAULT '1',
  `status_date` datetime DEFAULT NULL,
  `status_reason` text COLLATE utf8_unicode_ci,
  `fk_manager` int(11) DEFAULT NULL,
  PRIMARY KEY (`id`)
) ENGINE=InnoDB DEFAULT CHARSET=utf8 COLLATE=utf8_unicode_ci;

/*Data for the table `t_retailer` */

/*Table structure for table `t_retailer_category` */

DROP TABLE IF EXISTS `t_retailer_category`;

CREATE TABLE `t_retailer_category` (
  `id` int(11) NOT NULL AUTO_INCREMENT,
  `fk_retailer` int(11) DEFAULT NULL,
  `fk_category` int(11) DEFAULT NULL,
  PRIMARY KEY (`id`)
) ENGINE=InnoDB DEFAULT CHARSET=utf8 COLLATE=utf8_unicode_ci;

/*Data for the table `t_retailer_category` */

/*Table structure for table `t_role` */

DROP TABLE IF EXISTS `t_role`;

CREATE TABLE `t_role` (
  `id` int(11) NOT NULL AUTO_INCREMENT,
  `name` varchar(255) COLLATE utf8_unicode_ci DEFAULT NULL,
  `codename` varchar(50) COLLATE utf8_unicode_ci DEFAULT NULL,
  PRIMARY KEY (`id`)
) ENGINE=InnoDB AUTO_INCREMENT=5 DEFAULT CHARSET=utf8 COLLATE=utf8_unicode_ci;

/*Data for the table `t_role` */

insert  into `t_role`(`id`,`name`,`codename`) values (1,'Admin','admin'),(2,'Customer','customer'),(3,'Guest','guest'),(4,'Retailer','retailer');

/*Table structure for table `t_section` */

DROP TABLE IF EXISTS `t_section`;

CREATE TABLE `t_section` (
  `id` int(11) NOT NULL AUTO_INCREMENT,
  `display_image` text COLLATE utf8_unicode_ci,
  `display_image_href` text COLLATE utf8_unicode_ci,
  `display_image_title` text COLLATE utf8_unicode_ci,
  PRIMARY KEY (`id`)
) ENGINE=InnoDB AUTO_INCREMENT=2 DEFAULT CHARSET=utf8 COLLATE=utf8_unicode_ci;

/*Data for the table `t_section` */

insert  into `t_section`(`id`,`display_image`,`display_image_href`,`display_image_title`) values (1,'/images/child-slide-item-demo.png','#','title');

/*Table structure for table `t_section_language` */

DROP TABLE IF EXISTS `t_section_language`;

CREATE TABLE `t_section_language` (
  `id` int(11) NOT NULL AUTO_INCREMENT,
  `language` varchar(10) COLLATE utf8_unicode_ci DEFAULT NULL,
  `name` varchar(255) COLLATE utf8_unicode_ci DEFAULT NULL,
  `description` text COLLATE utf8_unicode_ci,
  `fk_section` int(11) DEFAULT NULL,
  PRIMARY KEY (`id`)
) ENGINE=InnoDB AUTO_INCREMENT=3 DEFAULT CHARSET=utf8 COLLATE=utf8_unicode_ci;

/*Data for the table `t_section_language` */

insert  into `t_section_language`(`id`,`language`,`name`,`description`,`fk_section`) values (1,'EN-US','Shopping mall','shopping mall description',1),(2,'VN-VI','Mua sắm','mô ta cho mua sam',1);

/*Table structure for table `t_section_product` */

DROP TABLE IF EXISTS `t_section_product`;

CREATE TABLE `t_section_product` (
  `id` int(11) NOT NULL AUTO_INCREMENT,
  `fk_section` int(11) DEFAULT NULL,
  `fk_product` int(11) DEFAULT NULL,
  `sort` tinyint(4) DEFAULT NULL,
  PRIMARY KEY (`id`)
) ENGINE=InnoDB AUTO_INCREMENT=7 DEFAULT CHARSET=utf8 COLLATE=utf8_unicode_ci;

/*Data for the table `t_section_product` */

insert  into `t_section_product`(`id`,`fk_section`,`fk_product`,`sort`) values (1,1,4,1),(2,1,5,2),(3,1,6,3),(4,1,7,4),(5,1,8,5),(6,1,9,6);

/*Table structure for table `t_seller` */

DROP TABLE IF EXISTS `t_seller`;

CREATE TABLE `t_seller` (
  `id` int(11) NOT NULL AUTO_INCREMENT,
  `name` varchar(255) COLLATE utf8_unicode_ci DEFAULT NULL,
  `logo` text COLLATE utf8_unicode_ci,
  `phoneno` varchar(20) COLLATE utf8_unicode_ci DEFAULT NULL,
  `email` varchar(50) COLLATE utf8_unicode_ci DEFAULT NULL,
  `website` varchar(100) COLLATE utf8_unicode_ci DEFAULT NULL,
  `status` tinyint(4) DEFAULT '1',
  `status_date` datetime DEFAULT NULL,
  `status_reason` text COLLATE utf8_unicode_ci,
  `fk_manager` int(11) DEFAULT NULL,
  `sid` varchar(50) COLLATE utf8_unicode_ci DEFAULT NULL,
  `fk_level` int(11) DEFAULT NULL,
  PRIMARY KEY (`id`)
) ENGINE=InnoDB AUTO_INCREMENT=4 DEFAULT CHARSET=utf8 COLLATE=utf8_unicode_ci;

/*Data for the table `t_seller` */

insert  into `t_seller`(`id`,`name`,`logo`,`phoneno`,`email`,`website`,`status`,`status_date`,`status_reason`,`fk_manager`,`sid`,`fk_level`) values (1,'Samsung','/images/sellers/milano.png',NULL,'admin@samsung.com',NULL,1,NULL,NULL,5,'samsung',1),(2,'Sfriendly Office','/images/sellers/milano.png',NULL,'starlight9x@gmail.com',NULL,1,NULL,NULL,8,NULL,1),(3,'Sfriendly Office ','/images/sellers/milano.png',NULL,'lequan.vcci@gmail.com',NULL,1,NULL,NULL,9,NULL,1);

/*Table structure for table `t_seller_category` */

DROP TABLE IF EXISTS `t_seller_category`;

CREATE TABLE `t_seller_category` (
  `id` int(11) NOT NULL AUTO_INCREMENT,
  `fk_seller` int(11) DEFAULT NULL,
  `fk_category` int(11) DEFAULT NULL,
  PRIMARY KEY (`id`)
) ENGINE=InnoDB DEFAULT CHARSET=utf8 COLLATE=utf8_unicode_ci;

/*Data for the table `t_seller_category` */

/*Table structure for table `t_seller_level` */

DROP TABLE IF EXISTS `t_seller_level`;

CREATE TABLE `t_seller_level` (
  `id` int(11) NOT NULL AUTO_INCREMENT,
  `codename` varchar(50) COLLATE utf8_unicode_ci DEFAULT NULL,
  `commission` tinyint(4) DEFAULT NULL,
  `name` varchar(255) COLLATE utf8_unicode_ci DEFAULT NULL,
  PRIMARY KEY (`id`)
) ENGINE=InnoDB AUTO_INCREMENT=5 DEFAULT CHARSET=utf8 COLLATE=utf8_unicode_ci;

/*Data for the table `t_seller_level` */

insert  into `t_seller_level`(`id`,`codename`,`commission`,`name`) values (1,'standard',5,'Standard seller'),(2,'good',4,'Good seller'),(3,'great',3,'Great seller'),(4,'best',2,'Best seller');

/*Table structure for table `t_setting` */

DROP TABLE IF EXISTS `t_setting`;

CREATE TABLE `t_setting` (
  `id` int(11) NOT NULL AUTO_INCREMENT,
  `key` varchar(100) COLLATE utf8_unicode_ci DEFAULT NULL,
  `value` text COLLATE utf8_unicode_ci,
  `autoload` tinyint(4) DEFAULT '0',
  `class` varchar(100) COLLATE utf8_unicode_ci DEFAULT NULL,
  PRIMARY KEY (`id`)
) ENGINE=InnoDB AUTO_INCREMENT=3 DEFAULT CHARSET=utf8 COLLATE=utf8_unicode_ci;

/*Data for the table `t_setting` */

insert  into `t_setting`(`id`,`key`,`value`,`autoload`,`class`) values (1,'home_banner','<root>\r\n	<img src=\"/images/banner/the_shopper_paradise.jpg\" title=\"Sfriendly.com\" href=\"#\"/>\r\n</root>',0,NULL),(2,'hot_product','<root><product><id>12</id></product></root>',0,NULL);

/*Table structure for table `t_shipment` */

DROP TABLE IF EXISTS `t_shipment`;

CREATE TABLE `t_shipment` (
  `id` int(11) NOT NULL AUTO_INCREMENT,
  `fk_order` int(11) DEFAULT NULL,
  `fk_customer` int(11) DEFAULT NULL,
  `date_created` datetime DEFAULT NULL,
  `date_shipped` datetime DEFAULT NULL,
  `comment` text COLLATE utf8_unicode_ci,
  PRIMARY KEY (`id`)
) ENGINE=InnoDB DEFAULT CHARSET=utf8 COLLATE=utf8_unicode_ci;

/*Data for the table `t_shipment` */

/*Table structure for table `t_shipment_detail` */

DROP TABLE IF EXISTS `t_shipment_detail`;

CREATE TABLE `t_shipment_detail` (
  `id` int(11) NOT NULL,
  `fk_order` int(11) DEFAULT NULL,
  `fk_product` int(11) DEFAULT NULL,
  `quantity` double DEFAULT NULL,
  `fk_shipment` int(11) DEFAULT NULL,
  PRIMARY KEY (`id`)
) ENGINE=InnoDB DEFAULT CHARSET=utf8 COLLATE=utf8_unicode_ci;

/*Data for the table `t_shipment_detail` */

/*Table structure for table `t_shipping_location` */

DROP TABLE IF EXISTS `t_shipping_location`;

CREATE TABLE `t_shipping_location` (
  `id` int(11) NOT NULL AUTO_INCREMENT,
  `fk_shipping_method` int(11) DEFAULT NULL,
  `fk_location` int(11) DEFAULT NULL,
  `base_price` double DEFAULT NULL,
  `base_weight` double DEFAULT NULL,
  `weight_step` double DEFAULT NULL,
  `weight_step_price` double DEFAULT NULL,
  `bulky_weight` double DEFAULT NULL,
  `bulky_step_price` double DEFAULT NULL,
  PRIMARY KEY (`id`)
) ENGINE=InnoDB AUTO_INCREMENT=7 DEFAULT CHARSET=utf8 COLLATE=utf8_unicode_ci;

/*Data for the table `t_shipping_location` */

insert  into `t_shipping_location`(`id`,`fk_shipping_method`,`fk_location`,`base_price`,`base_weight`,`weight_step`,`weight_step_price`,`bulky_weight`,`bulky_step_price`) values (1,1,1,10000,1,1,3000,20,5000),(2,3,1,20000,0.5,0.5,6000,20,10000),(4,1,2,5000,0.5,0.5,2000,20,1000),(5,2,2,5000,0.5,0.5,2000,20,1000),(6,3,2,6000,0.5,0.5,2000,20,1000);

/*Table structure for table `t_shipping_method` */

DROP TABLE IF EXISTS `t_shipping_method`;

CREATE TABLE `t_shipping_method` (
  `id` int(11) NOT NULL AUTO_INCREMENT,
  `codename` varchar(50) COLLATE utf8_unicode_ci DEFAULT NULL,
  `sort` tinyint(4) DEFAULT NULL,
  `localization` text COLLATE utf8_unicode_ci,
  PRIMARY KEY (`id`)
) ENGINE=InnoDB AUTO_INCREMENT=4 DEFAULT CHARSET=utf8 COLLATE=utf8_unicode_ci;

/*Data for the table `t_shipping_method` */

insert  into `t_shipping_method`(`id`,`codename`,`sort`,`localization`) values (1,'standard',1,'<root>\r\n	<en_us>\r\n		<label>Standard (3-5 days)</label>\r\n		<description>3-5 days</description>\r\n	</en_us>\r\n	<vn_vi>\r\n		<label>Gói tiết kiệm (3-5 ngày)</label>\r\n		<description>3-5 ngày</description>\r\n	</vn_vi>\r\n	<ko_kr>\r\n		<label>표준 (3-5)</label>\r\n		<description>3-5 일</description>\r\n	</ko_kr>\r\n</root>'),(2,'premium',3,'<root>\r\n	<en_us>\r\n		<label>Premium (1 day)</label>\r\n		<description>1 day</description>\r\n	</en_us>\r\n	<vn_vi>\r\n		<label>Hỏa tốc (1 ngày)</label>\r\n		<description>1 ngày</description>\r\n	</vn_vi>\r\n	<ko_kr>\r\n		<label>프리미엄 (1)</label>\r\n		<description>1 일</description>\r\n	</ko_kr>\r\n</root>'),(3,'express',2,'<root>\r\n	<en_us>\r\n		<label>Express (1-3 days)</label>\r\n		<description>1-3 days</description>\r\n	</en_us>\r\n	<vn_vi>\r\n		<label>Chuyển phát nhanh (1-3)</label>\r\n		<description>1-3 ngày</description>\r\n	</vn_vi>\r\n	<ko_kr>\r\n		<label>표현 (1-3)</label>\r\n		<description>1-3 일</description>\r\n	</ko_kr>\r\n</root>');

/*Table structure for table `t_tax` */

DROP TABLE IF EXISTS `t_tax`;

CREATE TABLE `t_tax` (
  `id` int(11) NOT NULL AUTO_INCREMENT,
  `fk_seller` int(11) DEFAULT NULL,
  `cost_percent` double DEFAULT NULL,
  `cost_fixed` double DEFAULT NULL,
  `codename` varchar(50) COLLATE utf8_unicode_ci DEFAULT NULL,
  PRIMARY KEY (`id`)
) ENGINE=InnoDB AUTO_INCREMENT=2 DEFAULT CHARSET=utf8 COLLATE=utf8_unicode_ci;

/*Data for the table `t_tax` */

insert  into `t_tax`(`id`,`fk_seller`,`cost_percent`,`cost_fixed`,`codename`) values (1,1,0.1,0,'VAT');

/*Table structure for table `t_tax_language` */

DROP TABLE IF EXISTS `t_tax_language`;

CREATE TABLE `t_tax_language` (
  `id` int(11) NOT NULL AUTO_INCREMENT,
  `fk_tax` int(11) DEFAULT NULL,
  `language` varchar(10) COLLATE utf8_unicode_ci DEFAULT NULL,
  `name` varchar(255) COLLATE utf8_unicode_ci DEFAULT NULL,
  PRIMARY KEY (`id`)
) ENGINE=InnoDB AUTO_INCREMENT=3 DEFAULT CHARSET=utf8 COLLATE=utf8_unicode_ci;

/*Data for the table `t_tax_language` */

insert  into `t_tax_language`(`id`,`fk_tax`,`language`,`name`) values (1,1,'VN-VI','VAT'),(2,1,'EN-US','VAT');

/*Table structure for table `t_user` */

DROP TABLE IF EXISTS `t_user`;

CREATE TABLE `t_user` (
  `id` int(11) NOT NULL AUTO_INCREMENT,
  `portal_id` int(11) NOT NULL,
  `platform_key` tinyint(4) NOT NULL DEFAULT '0',
  `user_type` varchar(25) COLLATE utf8_unicode_ci NOT NULL,
  `created_date` datetime NOT NULL,
  PRIMARY KEY (`id`)
) ENGINE=InnoDB AUTO_INCREMENT=12 DEFAULT CHARSET=utf8 COLLATE=utf8_unicode_ci;

/*Data for the table `t_user` */

insert  into `t_user`(`id`,`portal_id`,`platform_key`,`user_type`,`created_date`) values (5,50,0,'ADMIN','2014-05-31 10:05:36'),(6,51,0,'ADMIN','2014-07-19 10:07:04'),(7,56,0,'USER','2014-09-12 11:09:04'),(8,57,0,'USER','2014-09-13 12:09:06'),(9,55,0,'USER','2014-09-13 11:09:43'),(10,52,0,'USER','2014-09-14 10:09:11');

/*Table structure for table `t_user_address` */

DROP TABLE IF EXISTS `t_user_address`;

CREATE TABLE `t_user_address` (
  `id` int(11) NOT NULL AUTO_INCREMENT,
  `fk_user` int(11) DEFAULT NULL,
  `date_created` datetime DEFAULT NULL,
  `date_used` datetime DEFAULT NULL,
  `count_used` int(11) DEFAULT NULL,
  `fullname` varchar(255) COLLATE utf8_unicode_ci DEFAULT NULL,
  `company` varchar(255) COLLATE utf8_unicode_ci DEFAULT NULL,
  `street_address` text COLLATE utf8_unicode_ci,
  `city` varchar(100) COLLATE utf8_unicode_ci DEFAULT NULL,
  `country` varchar(10) COLLATE utf8_unicode_ci DEFAULT 'vietnam',
  `fk_state_province` int(11) DEFAULT NULL,
  `zip_postal_code` varchar(10) COLLATE utf8_unicode_ci DEFAULT NULL,
  `telephone` varchar(20) COLLATE utf8_unicode_ci DEFAULT NULL,
  `fax` varchar(20) COLLATE utf8_unicode_ci DEFAULT NULL,
  `vat_number` varchar(50) COLLATE utf8_unicode_ci DEFAULT NULL,
  `type` enum('shipping','billing') COLLATE utf8_unicode_ci DEFAULT NULL,
  `status` tinyint(4) DEFAULT '0',
  PRIMARY KEY (`id`)
) ENGINE=InnoDB AUTO_INCREMENT=2 DEFAULT CHARSET=utf8 COLLATE=utf8_unicode_ci;

/*Data for the table `t_user_address` */

insert  into `t_user_address`(`id`,`fk_user`,`date_created`,`date_used`,`count_used`,`fullname`,`company`,`street_address`,`city`,`country`,`fk_state_province`,`zip_postal_code`,`telephone`,`fax`,`vat_number`,`type`,`status`) values (1,2,NULL,NULL,1,NULL,NULL,'12 Wall st\r\n','0','America',NULL,NULL,'012347888',NULL,NULL,NULL,0);

/*Table structure for table `t_user_role` */

DROP TABLE IF EXISTS `t_user_role`;

CREATE TABLE `t_user_role` (
  `id` int(11) NOT NULL AUTO_INCREMENT,
  `fk_user` int(11) DEFAULT NULL,
  `fk_role` int(11) DEFAULT NULL,
  PRIMARY KEY (`id`)
) ENGINE=InnoDB AUTO_INCREMENT=4 DEFAULT CHARSET=utf8 COLLATE=utf8_unicode_ci;

/*Data for the table `t_user_role` */

insert  into `t_user_role`(`id`,`fk_user`,`fk_role`) values (1,1,1),(2,2,2),(3,3,4);

/*Table structure for table `t_wishlist` */

DROP TABLE IF EXISTS `t_wishlist`;

CREATE TABLE `t_wishlist` (
  `id` int(11) NOT NULL AUTO_INCREMENT,
  `fk_customer` int(11) DEFAULT NULL,
  `name` varchar(255) COLLATE utf8_unicode_ci DEFAULT NULL,
  `remind_date` datetime DEFAULT NULL,
  `note` text COLLATE utf8_unicode_ci,
  `date_created` datetime DEFAULT NULL,
  PRIMARY KEY (`id`)
) ENGINE=InnoDB AUTO_INCREMENT=481 DEFAULT CHARSET=utf8 COLLATE=utf8_unicode_ci;

/*Data for the table `t_wishlist` */

insert  into `t_wishlist`(`id`,`fk_customer`,`name`,`remind_date`,`note`,`date_created`) values (22,5,'main',NULL,NULL,'2014-06-01 11:32:15'),(23,NULL,'main',NULL,NULL,'2014-06-01 22:51:46'),(24,NULL,'main',NULL,NULL,'2014-06-01 23:01:26'),(25,NULL,'main',NULL,NULL,'2014-06-01 23:01:34'),(26,NULL,'main',NULL,NULL,'2014-06-08 17:21:21'),(27,NULL,'main',NULL,NULL,'2014-06-13 19:12:38'),(28,NULL,'main',NULL,NULL,'2014-06-13 19:19:10'),(29,NULL,'main',NULL,NULL,'2014-06-25 22:07:54'),(30,NULL,'main',NULL,NULL,'2014-06-30 19:58:49'),(31,NULL,'main',NULL,NULL,'2014-06-30 20:13:16'),(32,NULL,'main',NULL,NULL,'2014-07-05 17:52:49'),(33,NULL,'main',NULL,NULL,'2014-07-06 07:33:38'),(34,NULL,'main',NULL,NULL,'2014-07-06 07:41:15'),(35,NULL,'main',NULL,NULL,'2014-07-06 07:47:40'),(36,NULL,'main',NULL,NULL,'2014-07-06 08:53:49'),(37,NULL,'main',NULL,NULL,'2014-07-06 09:18:58'),(38,NULL,'main',NULL,NULL,'2014-07-06 10:04:21'),(39,NULL,'main',NULL,NULL,'2014-07-06 13:07:41'),(40,NULL,'main',NULL,NULL,'2014-07-06 13:40:33'),(41,NULL,'main',NULL,NULL,'2014-07-06 13:43:31'),(42,NULL,'main',NULL,NULL,'2014-07-09 21:31:33'),(43,NULL,'main',NULL,NULL,'2014-07-09 21:42:36'),(44,NULL,'main',NULL,NULL,'2014-07-09 21:59:57'),(45,NULL,'main',NULL,NULL,'2014-07-16 18:56:14'),(46,NULL,'main',NULL,NULL,'2014-08-24 14:14:36'),(47,NULL,'main',NULL,NULL,'2014-08-24 14:14:38'),(48,NULL,'main',NULL,NULL,'2014-08-24 14:15:10'),(49,NULL,'main',NULL,NULL,'2014-08-24 14:15:12'),(50,NULL,'main',NULL,NULL,'2014-08-24 14:15:21'),(51,NULL,'main',NULL,NULL,'2014-08-24 14:15:23'),(52,NULL,'main',NULL,NULL,'2014-08-24 14:16:05'),(53,NULL,'main',NULL,NULL,'2014-08-24 14:16:07'),(54,NULL,'main',NULL,NULL,'2014-08-24 14:16:13'),(55,NULL,'main',NULL,NULL,'2014-08-24 14:16:15'),(56,NULL,'main',NULL,NULL,'2014-08-24 14:16:42'),(57,NULL,'main',NULL,NULL,'2014-08-24 14:16:44'),(58,NULL,'main',NULL,NULL,'2014-08-24 14:18:08'),(59,NULL,'main',NULL,NULL,'2014-08-24 14:18:10'),(60,NULL,'main',NULL,NULL,'2014-08-24 14:18:19'),(61,NULL,'main',NULL,NULL,'2014-08-24 14:18:21'),(62,NULL,'main',NULL,NULL,'2014-08-24 14:19:30'),(63,NULL,'main',NULL,NULL,'2014-08-24 14:19:32'),(64,NULL,'main',NULL,NULL,'2014-08-24 14:19:47'),(65,NULL,'main',NULL,NULL,'2014-08-24 14:19:49'),(66,NULL,'main',NULL,NULL,'2014-08-24 14:20:15'),(67,NULL,'main',NULL,NULL,'2014-08-24 14:20:17'),(68,NULL,'main',NULL,NULL,'2014-08-24 14:20:21'),(69,NULL,'main',NULL,NULL,'2014-08-24 14:20:23'),(70,NULL,'main',NULL,NULL,'2014-08-24 14:21:48'),(71,NULL,'main',NULL,NULL,'2014-08-24 14:21:50'),(72,NULL,'main',NULL,NULL,'2014-08-24 14:22:47'),(73,NULL,'main',NULL,NULL,'2014-08-24 14:22:49'),(74,NULL,'main',NULL,NULL,'2014-08-24 14:24:42'),(75,NULL,'main',NULL,NULL,'2014-08-24 14:24:44'),(76,NULL,'main',NULL,NULL,'2014-08-24 14:26:35'),(77,NULL,'main',NULL,NULL,'2014-08-24 14:26:37'),(78,NULL,'main',NULL,NULL,'2014-08-24 14:28:28'),(79,NULL,'main',NULL,NULL,'2014-08-24 14:28:30'),(80,NULL,'main',NULL,NULL,'2014-08-24 14:31:59'),(81,NULL,'main',NULL,NULL,'2014-08-24 14:32:01'),(82,NULL,'main',NULL,NULL,'2014-08-24 14:32:19'),(83,NULL,'main',NULL,NULL,'2014-08-24 14:32:21'),(84,NULL,'main',NULL,NULL,'2014-08-24 14:32:38'),(85,NULL,'main',NULL,NULL,'2014-08-24 14:32:40'),(86,NULL,'main',NULL,NULL,'2014-08-24 14:32:49'),(87,NULL,'main',NULL,NULL,'2014-08-24 14:32:51'),(88,NULL,'main',NULL,NULL,'2014-08-24 14:33:04'),(89,NULL,'main',NULL,NULL,'2014-08-24 14:33:06'),(90,NULL,'main',NULL,NULL,'2014-08-24 14:33:16'),(91,NULL,'main',NULL,NULL,'2014-08-24 14:33:18'),(92,NULL,'main',NULL,NULL,'2014-08-24 14:36:25'),(93,NULL,'main',NULL,NULL,'2014-08-24 14:36:27'),(94,NULL,'main',NULL,NULL,'2014-08-24 14:37:52'),(95,NULL,'main',NULL,NULL,'2014-08-24 14:37:54'),(96,NULL,'main',NULL,NULL,'2014-08-24 14:39:06'),(97,NULL,'main',NULL,NULL,'2014-08-24 14:39:08'),(98,NULL,'main',NULL,NULL,'2014-08-24 14:41:39'),(99,NULL,'main',NULL,NULL,'2014-08-24 14:41:41'),(100,NULL,'main',NULL,NULL,'2014-08-24 14:42:21'),(101,NULL,'main',NULL,NULL,'2014-08-24 14:42:23'),(102,NULL,'main',NULL,NULL,'2014-08-24 14:42:36'),(103,NULL,'main',NULL,NULL,'2014-08-24 14:42:38'),(104,NULL,'main',NULL,NULL,'2014-08-24 14:42:43'),(105,NULL,'main',NULL,NULL,'2014-08-24 14:42:45'),(106,NULL,'main',NULL,NULL,'2014-08-24 14:43:44'),(107,NULL,'main',NULL,NULL,'2014-08-24 14:43:45'),(108,NULL,'main',NULL,NULL,'2014-08-24 14:43:56'),(109,NULL,'main',NULL,NULL,'2014-08-24 14:43:57'),(110,NULL,'main',NULL,NULL,'2014-08-24 14:44:19'),(111,NULL,'main',NULL,NULL,'2014-08-24 14:44:21'),(112,NULL,'main',NULL,NULL,'2014-08-24 14:48:36'),(113,NULL,'main',NULL,NULL,'2014-08-24 14:48:38'),(114,NULL,'main',NULL,NULL,'2014-08-24 14:49:16'),(115,NULL,'main',NULL,NULL,'2014-08-24 14:49:18'),(116,NULL,'main',NULL,NULL,'2014-08-24 14:49:59'),(117,NULL,'main',NULL,NULL,'2014-08-24 14:50:02'),(118,NULL,'main',NULL,NULL,'2014-08-24 14:52:36'),(119,NULL,'main',NULL,NULL,'2014-08-24 14:52:39'),(120,NULL,'main',NULL,NULL,'2014-08-24 14:52:50'),(121,NULL,'main',NULL,NULL,'2014-08-24 14:52:52'),(122,NULL,'main',NULL,NULL,'2014-08-24 14:57:33'),(123,NULL,'main',NULL,NULL,'2014-08-24 14:57:35'),(124,NULL,'main',NULL,NULL,'2014-08-24 14:59:54'),(125,NULL,'main',NULL,NULL,'2014-08-24 14:59:57'),(126,NULL,'main',NULL,NULL,'2014-08-24 15:00:09'),(127,NULL,'main',NULL,NULL,'2014-08-24 15:00:11'),(128,NULL,'main',NULL,NULL,'2014-08-24 15:00:32'),(129,NULL,'main',NULL,NULL,'2014-08-24 15:00:34'),(130,NULL,'main',NULL,NULL,'2014-08-24 15:00:48'),(131,NULL,'main',NULL,NULL,'2014-08-24 15:00:51'),(132,NULL,'main',NULL,NULL,'2014-08-24 15:01:19'),(133,NULL,'main',NULL,NULL,'2014-08-24 15:01:21'),(134,NULL,'main',NULL,NULL,'2014-08-24 15:01:41'),(135,NULL,'main',NULL,NULL,'2014-08-24 15:01:43'),(136,NULL,'main',NULL,NULL,'2014-08-24 15:02:12'),(137,NULL,'main',NULL,NULL,'2014-08-24 15:02:14'),(138,NULL,'main',NULL,NULL,'2014-08-24 15:02:21'),(139,NULL,'main',NULL,NULL,'2014-08-24 15:02:23'),(140,NULL,'main',NULL,NULL,'2014-08-24 15:02:29'),(141,NULL,'main',NULL,NULL,'2014-08-24 15:02:38'),(142,NULL,'main',NULL,NULL,'2014-08-24 15:04:15'),(143,NULL,'main',NULL,NULL,'2014-08-24 15:04:17'),(144,NULL,'main',NULL,NULL,'2014-08-24 15:04:19'),(145,NULL,'main',NULL,NULL,'2014-08-24 15:04:20'),(146,NULL,'main',NULL,NULL,'2014-08-24 15:07:02'),(147,NULL,'main',NULL,NULL,'2014-08-24 15:07:04'),(148,NULL,'main',NULL,NULL,'2014-08-24 15:07:39'),(149,NULL,'main',NULL,NULL,'2014-08-24 15:07:41'),(150,NULL,'main',NULL,NULL,'2014-08-24 15:07:56'),(151,NULL,'main',NULL,NULL,'2014-08-24 15:07:58'),(152,NULL,'main',NULL,NULL,'2014-08-24 15:08:03'),(153,NULL,'main',NULL,NULL,'2014-08-24 15:08:04'),(154,NULL,'main',NULL,NULL,'2014-08-24 15:08:33'),(155,NULL,'main',NULL,NULL,'2014-08-24 15:08:34'),(156,NULL,'main',NULL,NULL,'2014-08-24 15:08:44'),(157,NULL,'main',NULL,NULL,'2014-08-24 15:08:46'),(158,NULL,'main',NULL,NULL,'2014-08-24 16:02:32'),(159,NULL,'main',NULL,NULL,'2014-08-24 16:02:34'),(160,NULL,'main',NULL,NULL,'2014-08-24 16:03:07'),(161,NULL,'main',NULL,NULL,'2014-08-24 16:03:09'),(162,NULL,'main',NULL,NULL,'2014-08-24 16:03:51'),(163,NULL,'main',NULL,NULL,'2014-08-24 16:03:53'),(164,NULL,'main',NULL,NULL,'2014-08-24 16:07:23'),(165,NULL,'main',NULL,NULL,'2014-08-24 16:07:25'),(166,NULL,'main',NULL,NULL,'2014-08-24 16:08:17'),(167,NULL,'main',NULL,NULL,'2014-08-24 16:08:19'),(168,NULL,'main',NULL,NULL,'2014-08-24 16:11:19'),(169,NULL,'main',NULL,NULL,'2014-08-24 16:11:21'),(170,NULL,'main',NULL,NULL,'2014-08-24 16:11:29'),(171,NULL,'main',NULL,NULL,'2014-08-24 16:11:30'),(172,NULL,'main',NULL,NULL,'2014-08-24 16:14:49'),(173,NULL,'main',NULL,NULL,'2014-08-24 16:14:51'),(174,NULL,'main',NULL,NULL,'2014-08-24 16:27:31'),(175,NULL,'main',NULL,NULL,'2014-08-24 16:27:33'),(176,NULL,'main',NULL,NULL,'2014-08-24 16:27:45'),(177,NULL,'main',NULL,NULL,'2014-08-24 16:27:47'),(178,NULL,'main',NULL,NULL,'2014-08-24 16:28:18'),(179,NULL,'main',NULL,NULL,'2014-08-24 16:28:20'),(180,NULL,'main',NULL,NULL,'2014-08-24 16:28:37'),(181,NULL,'main',NULL,NULL,'2014-08-24 16:28:39'),(182,NULL,'main',NULL,NULL,'2014-08-24 16:29:01'),(183,NULL,'main',NULL,NULL,'2014-08-24 16:29:03'),(184,NULL,'main',NULL,NULL,'2014-08-24 16:31:38'),(185,NULL,'main',NULL,NULL,'2014-08-24 16:31:40'),(186,NULL,'main',NULL,NULL,'2014-08-24 16:32:20'),(187,NULL,'main',NULL,NULL,'2014-08-24 16:32:22'),(188,NULL,'main',NULL,NULL,'2014-08-24 16:32:45'),(189,NULL,'main',NULL,NULL,'2014-08-24 16:32:47'),(190,NULL,'main',NULL,NULL,'2014-08-24 16:33:11'),(191,NULL,'main',NULL,NULL,'2014-08-24 16:33:13'),(192,NULL,'main',NULL,NULL,'2014-08-24 16:33:45'),(193,NULL,'main',NULL,NULL,'2014-08-24 16:33:47'),(194,NULL,'main',NULL,NULL,'2014-08-24 16:34:31'),(195,NULL,'main',NULL,NULL,'2014-08-24 16:34:33'),(196,NULL,'main',NULL,NULL,'2014-08-24 16:34:41'),(197,NULL,'main',NULL,NULL,'2014-08-24 16:34:43'),(198,NULL,'main',NULL,NULL,'2014-08-24 16:35:13'),(199,NULL,'main',NULL,NULL,'2014-08-24 16:35:15'),(200,NULL,'main',NULL,NULL,'2014-08-24 16:35:36'),(201,NULL,'main',NULL,NULL,'2014-08-24 16:35:38'),(202,NULL,'main',NULL,NULL,'2014-08-24 16:36:01'),(203,NULL,'main',NULL,NULL,'2014-08-24 16:36:03'),(204,NULL,'main',NULL,NULL,'2014-08-24 16:36:18'),(205,NULL,'main',NULL,NULL,'2014-08-24 16:36:20'),(206,NULL,'main',NULL,NULL,'2014-08-24 16:36:49'),(207,NULL,'main',NULL,NULL,'2014-08-24 16:36:51'),(208,NULL,'main',NULL,NULL,'2014-08-24 16:37:35'),(209,NULL,'main',NULL,NULL,'2014-08-24 16:37:38'),(210,NULL,'main',NULL,NULL,'2014-08-24 16:37:52'),(211,NULL,'main',NULL,NULL,'2014-08-24 16:37:54'),(212,NULL,'main',NULL,NULL,'2014-08-24 16:40:39'),(213,NULL,'main',NULL,NULL,'2014-08-24 16:40:41'),(214,NULL,'main',NULL,NULL,'2014-08-24 16:40:54'),(215,NULL,'main',NULL,NULL,'2014-08-24 16:40:56'),(216,NULL,'main',NULL,NULL,'2014-08-24 16:41:08'),(217,NULL,'main',NULL,NULL,'2014-08-24 16:41:10'),(218,NULL,'main',NULL,NULL,'2014-08-24 16:41:30'),(219,NULL,'main',NULL,NULL,'2014-08-24 16:41:32'),(220,NULL,'main',NULL,NULL,'2014-08-24 16:42:01'),(221,NULL,'main',NULL,NULL,'2014-08-24 16:42:03'),(222,NULL,'main',NULL,NULL,'2014-08-24 16:42:17'),(223,NULL,'main',NULL,NULL,'2014-08-24 16:42:19'),(224,NULL,'main',NULL,NULL,'2014-08-24 16:44:32'),(225,NULL,'main',NULL,NULL,'2014-08-24 16:44:34'),(226,NULL,'main',NULL,NULL,'2014-08-24 16:44:45'),(227,NULL,'main',NULL,NULL,'2014-08-24 16:44:47'),(228,NULL,'main',NULL,NULL,'2014-08-24 16:45:28'),(229,NULL,'main',NULL,NULL,'2014-08-24 16:45:31'),(230,NULL,'main',NULL,NULL,'2014-08-24 16:45:36'),(231,NULL,'main',NULL,NULL,'2014-08-24 16:45:38'),(232,NULL,'main',NULL,NULL,'2014-08-24 16:46:05'),(233,NULL,'main',NULL,NULL,'2014-08-24 16:46:07'),(234,NULL,'main',NULL,NULL,'2014-08-24 16:46:40'),(235,NULL,'main',NULL,NULL,'2014-08-24 16:46:43'),(236,NULL,'main',NULL,NULL,'2014-08-24 16:47:33'),(237,NULL,'main',NULL,NULL,'2014-08-24 16:47:34'),(238,NULL,'main',NULL,NULL,'2014-08-24 16:47:46'),(239,NULL,'main',NULL,NULL,'2014-08-24 16:47:47'),(240,NULL,'main',NULL,NULL,'2014-08-24 16:49:53'),(241,NULL,'main',NULL,NULL,'2014-08-24 16:49:54'),(242,NULL,'main',NULL,NULL,'2014-08-24 16:50:39'),(243,NULL,'main',NULL,NULL,'2014-08-24 16:50:41'),(244,NULL,'main',NULL,NULL,'2014-08-24 16:53:39'),(245,NULL,'main',NULL,NULL,'2014-08-24 16:53:41'),(246,NULL,'main',NULL,NULL,'2014-08-24 16:54:05'),(247,NULL,'main',NULL,NULL,'2014-08-24 16:54:07'),(248,NULL,'main',NULL,NULL,'2014-08-24 16:55:11'),(249,NULL,'main',NULL,NULL,'2014-08-24 16:55:13'),(250,NULL,'main',NULL,NULL,'2014-08-24 16:56:14'),(251,NULL,'main',NULL,NULL,'2014-08-24 16:56:16'),(252,NULL,'main',NULL,NULL,'2014-08-24 16:56:30'),(253,NULL,'main',NULL,NULL,'2014-08-24 16:56:31'),(254,NULL,'main',NULL,NULL,'2014-08-24 17:05:32'),(255,NULL,'main',NULL,NULL,'2014-08-24 17:05:34'),(256,NULL,'main',NULL,NULL,'2014-08-24 17:05:43'),(257,NULL,'main',NULL,NULL,'2014-08-24 17:05:45'),(258,NULL,'main',NULL,NULL,'2014-08-24 17:06:23'),(259,NULL,'main',NULL,NULL,'2014-08-24 17:06:25'),(260,NULL,'main',NULL,NULL,'2014-08-24 17:06:36'),(261,NULL,'main',NULL,NULL,'2014-08-24 17:06:38'),(262,NULL,'main',NULL,NULL,'2014-08-24 17:06:53'),(263,NULL,'main',NULL,NULL,'2014-08-24 17:06:55'),(264,NULL,'main',NULL,NULL,'2014-08-24 17:07:06'),(265,NULL,'main',NULL,NULL,'2014-08-24 17:07:08'),(266,NULL,'main',NULL,NULL,'2014-08-24 17:07:28'),(267,NULL,'main',NULL,NULL,'2014-08-24 17:07:31'),(268,NULL,'main',NULL,NULL,'2014-08-24 17:11:20'),(269,NULL,'main',NULL,NULL,'2014-08-24 17:11:22'),(270,NULL,'main',NULL,NULL,'2014-08-24 17:12:16'),(271,NULL,'main',NULL,NULL,'2014-08-24 17:12:20'),(272,NULL,'main',NULL,NULL,'2014-08-24 17:20:02'),(273,NULL,'main',NULL,NULL,'2014-08-24 17:20:04'),(274,NULL,'main',NULL,NULL,'2014-08-24 17:28:31'),(275,NULL,'main',NULL,NULL,'2014-08-24 17:28:33'),(276,NULL,'main',NULL,NULL,'2014-08-24 17:28:51'),(277,NULL,'main',NULL,NULL,'2014-08-24 17:28:53'),(278,NULL,'main',NULL,NULL,'2014-08-24 17:29:10'),(279,NULL,'main',NULL,NULL,'2014-08-24 17:29:12'),(280,NULL,'main',NULL,NULL,'2014-08-24 17:29:55'),(281,NULL,'main',NULL,NULL,'2014-08-24 17:30:40'),(282,NULL,'main',NULL,NULL,'2014-08-24 17:30:52'),(283,NULL,'main',NULL,NULL,'2014-08-24 17:33:53'),(284,NULL,'main',NULL,NULL,'2014-08-24 17:34:20'),(285,NULL,'main',NULL,NULL,'2014-08-24 17:34:37'),(286,NULL,'main',NULL,NULL,'2014-08-24 17:35:45'),(287,NULL,'main',NULL,NULL,'2014-08-24 18:03:53'),(288,NULL,'main',NULL,NULL,'2014-08-24 18:04:21'),(289,NULL,'main',NULL,NULL,'2014-08-24 18:04:46'),(290,NULL,'main',NULL,NULL,'2014-08-24 18:04:57'),(291,NULL,'main',NULL,NULL,'2014-08-24 18:07:23'),(292,NULL,'main',NULL,NULL,'2014-08-24 18:08:07'),(293,NULL,'main',NULL,NULL,'2014-08-24 18:08:24'),(294,NULL,'main',NULL,NULL,'2014-08-24 18:08:38'),(295,NULL,'main',NULL,NULL,'2014-08-24 18:08:57'),(296,NULL,'main',NULL,NULL,'2014-08-24 18:09:02'),(297,NULL,'main',NULL,NULL,'2014-08-24 18:09:23'),(298,NULL,'main',NULL,NULL,'2014-08-24 18:18:11'),(299,NULL,'main',NULL,NULL,'2014-08-24 18:18:43'),(300,NULL,'main',NULL,NULL,'2014-08-24 18:18:51'),(301,NULL,'main',NULL,NULL,'2014-08-24 18:19:18'),(302,NULL,'main',NULL,NULL,'2014-08-24 18:19:28'),(303,NULL,'main',NULL,NULL,'2014-08-24 18:19:33'),(304,NULL,'main',NULL,NULL,'2014-08-24 18:23:16'),(305,NULL,'main',NULL,NULL,'2014-08-24 18:41:01'),(306,NULL,'main',NULL,NULL,'2014-08-24 18:42:30'),(307,NULL,'main',NULL,NULL,'2014-08-24 18:42:49'),(308,NULL,'main',NULL,NULL,'2014-08-24 18:43:01'),(309,NULL,'main',NULL,NULL,'2014-08-24 18:47:52'),(310,NULL,'main',NULL,NULL,'2014-08-24 18:55:23'),(311,NULL,'main',NULL,NULL,'2014-08-24 20:40:12'),(312,NULL,'main',NULL,NULL,'2014-08-24 20:49:15'),(313,NULL,'main',NULL,NULL,'2014-08-24 20:49:40'),(314,NULL,'main',NULL,NULL,'2014-08-24 20:50:49'),(315,NULL,'main',NULL,NULL,'2014-08-24 20:51:22'),(316,NULL,'main',NULL,NULL,'2014-08-24 21:20:46'),(317,NULL,'main',NULL,NULL,'2014-08-24 21:21:19'),(318,NULL,'main',NULL,NULL,'2014-08-24 21:22:01'),(319,NULL,'main',NULL,NULL,'2014-08-24 21:22:18'),(320,NULL,'main',NULL,NULL,'2014-08-24 21:22:50'),(321,NULL,'main',NULL,NULL,'2014-08-24 21:22:55'),(322,NULL,'main',NULL,NULL,'2014-08-24 21:23:42'),(323,NULL,'main',NULL,NULL,'2014-08-24 21:23:50'),(324,NULL,'main',NULL,NULL,'2014-08-24 21:24:43'),(325,NULL,'main',NULL,NULL,'2014-08-24 21:25:09'),(326,NULL,'main',NULL,NULL,'2014-08-24 21:25:18'),(327,NULL,'main',NULL,NULL,'2014-08-24 21:26:37'),(328,NULL,'main',NULL,NULL,'2014-08-24 21:32:36'),(329,NULL,'main',NULL,NULL,'2014-08-24 21:33:08'),(330,NULL,'main',NULL,NULL,'2014-08-24 21:33:48'),(331,NULL,'main',NULL,NULL,'2014-08-24 21:34:42'),(332,NULL,'main',NULL,NULL,'2014-08-24 21:35:01'),(333,NULL,'main',NULL,NULL,'2014-08-24 21:35:17'),(334,NULL,'main',NULL,NULL,'2014-08-24 21:50:09'),(335,NULL,'main',NULL,NULL,'2014-08-24 21:55:00'),(336,NULL,'main',NULL,NULL,'2014-08-24 22:02:01'),(337,NULL,'main',NULL,NULL,'2014-08-24 22:02:47'),(338,NULL,'main',NULL,NULL,'2014-08-24 22:06:29'),(339,NULL,'main',NULL,NULL,'2014-08-24 22:06:50'),(340,NULL,'main',NULL,NULL,'2014-08-24 22:06:53'),(341,NULL,'main',NULL,NULL,'2014-08-24 22:07:07'),(342,NULL,'main',NULL,NULL,'2014-08-24 22:07:15'),(343,NULL,'main',NULL,NULL,'2014-08-24 22:10:36'),(344,NULL,'main',NULL,NULL,'2014-08-24 22:11:11'),(345,NULL,'main',NULL,NULL,'2014-08-24 22:11:18'),(346,NULL,'main',NULL,NULL,'2014-08-24 22:13:09'),(347,NULL,'main',NULL,NULL,'2014-08-24 22:13:31'),(348,NULL,'main',NULL,NULL,'2014-08-24 22:15:38'),(349,NULL,'main',NULL,NULL,'2014-08-24 22:15:54'),(350,NULL,'main',NULL,NULL,'2014-08-24 22:21:29'),(351,NULL,'main',NULL,NULL,'2014-08-24 22:25:58'),(352,NULL,'main',NULL,NULL,'2014-08-24 22:26:29'),(353,NULL,'main',NULL,NULL,'2014-08-24 22:27:18'),(354,NULL,'main',NULL,NULL,'2014-08-24 22:27:25'),(355,NULL,'main',NULL,NULL,'2014-08-24 22:28:29'),(356,NULL,'main',NULL,NULL,'2014-08-24 22:28:56'),(357,NULL,'main',NULL,NULL,'2014-08-24 22:29:13'),(358,NULL,'main',NULL,NULL,'2014-08-24 22:30:22'),(359,NULL,'main',NULL,NULL,'2014-08-24 22:31:29'),(360,NULL,'main',NULL,NULL,'2014-08-24 22:32:02'),(361,NULL,'main',NULL,NULL,'2014-08-24 22:34:22'),(362,NULL,'main',NULL,NULL,'2014-08-24 22:37:05'),(363,NULL,'main',NULL,NULL,'2014-08-24 22:37:49'),(364,NULL,'main',NULL,NULL,'2014-08-24 22:38:11'),(365,NULL,'main',NULL,NULL,'2014-08-24 22:38:51'),(366,NULL,'main',NULL,NULL,'2014-08-24 22:39:13'),(367,NULL,'main',NULL,NULL,'2014-08-24 22:39:36'),(368,NULL,'main',NULL,NULL,'2014-08-24 22:49:10'),(369,NULL,'main',NULL,NULL,'2014-08-24 22:49:33'),(370,NULL,'main',NULL,NULL,'2014-08-24 22:49:49'),(371,NULL,'main',NULL,NULL,'2014-08-24 22:50:34'),(372,NULL,'main',NULL,NULL,'2014-08-24 22:50:49'),(373,NULL,'main',NULL,NULL,'2014-08-24 22:51:12'),(374,NULL,'main',NULL,NULL,'2014-08-24 22:51:36'),(375,NULL,'main',NULL,NULL,'2014-08-24 22:52:59'),(376,NULL,'main',NULL,NULL,'2014-08-24 22:53:26'),(377,NULL,'main',NULL,NULL,'2014-08-24 22:54:14'),(378,NULL,'main',NULL,NULL,'2014-08-24 22:54:20'),(379,NULL,'main',NULL,NULL,'2014-08-24 22:54:26'),(380,NULL,'main',NULL,NULL,'2014-08-24 22:54:55'),(381,NULL,'main',NULL,NULL,'2014-08-24 22:55:21'),(382,NULL,'main',NULL,NULL,'2014-08-24 22:55:40'),(383,NULL,'main',NULL,NULL,'2014-08-24 22:55:49'),(384,NULL,'main',NULL,NULL,'2014-08-24 22:56:06'),(385,NULL,'main',NULL,NULL,'2014-08-24 22:59:16'),(386,NULL,'main',NULL,NULL,'2014-08-24 22:59:35'),(387,NULL,'main',NULL,NULL,'2014-08-24 23:02:25'),(388,NULL,'main',NULL,NULL,'2014-08-24 23:02:41'),(389,NULL,'main',NULL,NULL,'2014-08-24 23:04:22'),(390,NULL,'main',NULL,NULL,'2014-08-24 23:06:21'),(391,NULL,'main',NULL,NULL,'2014-08-24 23:07:14'),(392,NULL,'main',NULL,NULL,'2014-08-24 23:12:41'),(393,NULL,'main',NULL,NULL,'2014-08-24 23:13:32'),(394,NULL,'main',NULL,NULL,'2014-08-24 23:14:04'),(395,NULL,'main',NULL,NULL,'2014-08-24 23:14:35'),(396,NULL,'main',NULL,NULL,'2014-08-24 23:15:41'),(397,NULL,'main',NULL,NULL,'2014-08-24 23:16:31'),(398,NULL,'main',NULL,NULL,'2014-08-24 23:18:18'),(399,NULL,'main',NULL,NULL,'2014-08-24 23:37:13'),(400,NULL,'main',NULL,NULL,'2014-08-25 20:55:07'),(401,NULL,'main',NULL,NULL,'2014-08-25 21:09:53'),(402,NULL,'main',NULL,NULL,'2014-08-25 21:17:25'),(403,NULL,'main',NULL,NULL,'2014-08-25 21:25:43'),(404,NULL,'main',NULL,NULL,'2014-08-25 21:25:48'),(405,NULL,'main',NULL,NULL,'2014-08-25 21:28:04'),(406,NULL,'main',NULL,NULL,'2014-08-25 21:28:06'),(407,NULL,'main',NULL,NULL,'2014-08-25 21:29:08'),(408,NULL,'main',NULL,NULL,'2014-08-25 21:59:33'),(409,NULL,'main',NULL,NULL,'2014-08-25 22:00:21'),(410,NULL,'main',NULL,NULL,'2014-08-27 21:13:03'),(411,NULL,'main',NULL,NULL,'2014-08-27 22:09:01'),(412,NULL,'main',NULL,NULL,'2014-08-29 21:59:47'),(413,NULL,'main',NULL,NULL,'2014-08-29 22:23:34'),(414,NULL,'main',NULL,NULL,'2014-08-31 11:43:38'),(415,NULL,'main',NULL,NULL,'2014-08-31 14:55:25'),(416,NULL,'main',NULL,NULL,'2014-08-31 19:00:08'),(417,NULL,'main',NULL,NULL,'2014-08-31 19:03:39'),(418,NULL,'main',NULL,NULL,'2014-08-31 19:03:43'),(419,NULL,'main',NULL,NULL,'2014-08-31 19:39:35'),(420,NULL,'main',NULL,NULL,'2014-08-31 19:44:36'),(421,NULL,'main',NULL,NULL,'2014-08-31 19:45:19'),(422,NULL,'main',NULL,NULL,'2014-08-31 19:45:45'),(423,NULL,'main',NULL,NULL,'2014-08-31 19:47:45'),(424,NULL,'main',NULL,NULL,'2014-08-31 19:48:13'),(425,NULL,'main',NULL,NULL,'2014-08-31 19:49:58'),(426,NULL,'main',NULL,NULL,'2014-08-31 19:50:54'),(427,NULL,'main',NULL,NULL,'2014-08-31 19:51:10'),(428,NULL,'main',NULL,NULL,'2014-08-31 19:51:44'),(429,NULL,'main',NULL,NULL,'2014-09-05 21:53:17'),(430,NULL,'main',NULL,NULL,'2014-09-11 22:19:59'),(431,NULL,'main',NULL,NULL,'2014-09-11 22:30:32'),(432,NULL,'main',NULL,NULL,'2014-09-11 22:50:13'),(433,8,'main',NULL,NULL,'2014-09-13 00:05:55'),(434,NULL,'main',NULL,NULL,'2014-09-13 00:43:39'),(435,NULL,'main',NULL,NULL,'2014-09-13 00:44:22'),(436,NULL,'main',NULL,NULL,'2014-09-13 00:44:24'),(437,NULL,'main',NULL,NULL,'2014-09-13 00:44:42'),(438,NULL,'main',NULL,NULL,'2014-09-13 02:10:51'),(439,NULL,'main',NULL,NULL,'2014-09-15 00:09:10'),(440,NULL,'main',NULL,NULL,'2014-09-15 08:51:06'),(441,9,'main',NULL,NULL,'2014-09-16 16:13:29'),(442,NULL,'main',NULL,NULL,'2014-09-16 21:57:26'),(443,NULL,'main',NULL,NULL,'2014-09-18 14:37:35'),(444,NULL,'main',NULL,NULL,'2014-09-18 18:19:51'),(445,NULL,'main',NULL,NULL,'2014-09-18 18:21:18'),(446,NULL,'main',NULL,NULL,'2014-09-18 21:27:01'),(447,NULL,'main',NULL,NULL,'2014-09-18 21:31:56'),(448,NULL,'main',NULL,NULL,'2014-09-19 14:58:48'),(449,NULL,'main',NULL,NULL,'2014-09-19 15:00:57'),(450,NULL,'main',NULL,NULL,'2014-09-19 15:01:07'),(451,NULL,'main',NULL,NULL,'2014-09-19 15:01:15'),(452,NULL,'main',NULL,NULL,'2014-09-19 16:06:34'),(453,NULL,'main',NULL,NULL,'2014-09-19 16:49:37'),(454,NULL,'main',NULL,NULL,'2014-09-19 19:38:17'),(455,NULL,'main',NULL,NULL,'2014-09-19 19:47:17'),(456,NULL,'main',NULL,NULL,'2014-09-19 19:50:34'),(457,NULL,'main',NULL,NULL,'2014-09-19 19:52:43'),(458,NULL,'main',NULL,NULL,'2014-09-19 19:53:07'),(459,NULL,'main',NULL,NULL,'2014-09-19 19:54:45'),(460,NULL,'main',NULL,NULL,'2014-09-19 19:55:31'),(461,NULL,'main',NULL,NULL,'2014-09-19 19:55:31'),(462,NULL,'main',NULL,NULL,'2014-09-19 20:08:00'),(463,NULL,'main',NULL,NULL,'2014-09-19 20:09:18'),(464,NULL,'main',NULL,NULL,'2014-09-19 21:36:04'),(465,NULL,'main',NULL,NULL,'2014-09-20 10:54:00'),(466,NULL,'main',NULL,NULL,'2014-09-20 10:59:57'),(467,NULL,'main',NULL,NULL,'2014-09-20 11:27:46'),(468,NULL,'main',NULL,NULL,'2014-09-20 11:50:19'),(469,NULL,'main',NULL,NULL,'2014-09-20 18:04:04'),(470,NULL,'main',NULL,NULL,'2014-09-20 18:51:48'),(471,NULL,'main',NULL,NULL,'2014-09-20 18:53:21'),(472,NULL,'main',NULL,NULL,'2014-09-20 18:53:35'),(473,NULL,'main',NULL,NULL,'2014-09-20 18:53:44'),(474,NULL,'main',NULL,NULL,'2014-09-20 18:54:00'),(475,NULL,'main',NULL,NULL,'2014-09-20 18:54:39'),(476,NULL,'main',NULL,NULL,'2014-09-20 23:16:50'),(477,NULL,'main',NULL,NULL,'2014-09-20 23:17:49'),(478,NULL,'main',NULL,NULL,'2014-09-21 09:16:47'),(479,NULL,'main',NULL,NULL,'2014-09-21 10:15:14'),(480,NULL,'main',NULL,NULL,'2014-09-21 10:38:36');

/*Table structure for table `t_wishlist_detail` */

DROP TABLE IF EXISTS `t_wishlist_detail`;

CREATE TABLE `t_wishlist_detail` (
  `id` int(11) NOT NULL AUTO_INCREMENT,
  `fk_wishlist` int(11) DEFAULT NULL,
  `type` enum('product','note','link') COLLATE utf8_unicode_ci DEFAULT NULL,
  `note` text COLLATE utf8_unicode_ci,
  `fk_product` int(11) DEFAULT NULL,
  `status` tinyint(4) DEFAULT '1',
  PRIMARY KEY (`id`)
) ENGINE=InnoDB AUTO_INCREMENT=32 DEFAULT CHARSET=utf8 COLLATE=utf8_unicode_ci;

/*Data for the table `t_wishlist_detail` */

insert  into `t_wishlist_detail`(`id`,`fk_wishlist`,`type`,`note`,`fk_product`,`status`) values (17,22,NULL,NULL,20,0),(18,22,NULL,NULL,15,0),(19,22,NULL,NULL,0,1),(20,22,NULL,NULL,0,1),(21,22,NULL,NULL,0,1),(22,22,NULL,NULL,14,0),(23,22,NULL,NULL,20,0),(24,22,NULL,NULL,26,0),(25,22,NULL,NULL,26,0),(26,22,NULL,NULL,26,0),(27,22,NULL,NULL,26,0),(28,22,NULL,NULL,26,0),(29,22,NULL,NULL,26,0),(30,22,NULL,NULL,26,0),(31,22,NULL,NULL,26,0);

/*!40101 SET SQL_MODE=@OLD_SQL_MODE */;
/*!40014 SET FOREIGN_KEY_CHECKS=@OLD_FOREIGN_KEY_CHECKS */;
