/*
SQLyog Ultimate v11.3 (64 bit)
MySQL - 5.5.32 : Database - portal_e_project
*********************************************************************
*/

/*!40101 SET NAMES utf8 */;

/*!40101 SET SQL_MODE=''*/;

/*!40014 SET @OLD_UNIQUE_CHECKS=@@UNIQUE_CHECKS, UNIQUE_CHECKS=0 */;
/*!40014 SET @OLD_FOREIGN_KEY_CHECKS=@@FOREIGN_KEY_CHECKS, FOREIGN_KEY_CHECKS=0 */;
/*!40101 SET @OLD_SQL_MODE=@@SQL_MODE, SQL_MODE='NO_AUTO_VALUE_ON_ZERO' */;
/*!40111 SET @OLD_SQL_NOTES=@@SQL_NOTES, SQL_NOTES=0 */;
CREATE DATABASE /*!32312 IF NOT EXISTS*/`portal_e_project` /*!40100 DEFAULT CHARACTER SET utf8 COLLATE utf8_unicode_ci */;

USE `portal_e_project`;

/*Table structure for table `t_invoice` */

DROP TABLE IF EXISTS `t_invoice`;

CREATE TABLE `t_invoice` (
  `id` int(11) NOT NULL AUTO_INCREMENT,
  `fk_order` int(11) DEFAULT NULL,
  `created_user` int(11) DEFAULT NULL,
  `created_date` datetime DEFAULT NULL,
  `paid_date` datetime DEFAULT NULL,
  `cancelled_date` datetime DEFAULT NULL,
  `rejected_date` datetime DEFAULT NULL,
  `comment` text COLLATE utf8_unicode_ci,
  `payment_id` char(25) COLLATE utf8_unicode_ci DEFAULT NULL,
  `payment_method` varchar(25) COLLATE utf8_unicode_ci DEFAULT NULL,
  `payment_currency` char(10) COLLATE utf8_unicode_ci DEFAULT NULL,
  `invoice_type` enum('input','output') COLLATE utf8_unicode_ci NOT NULL,
  PRIMARY KEY (`id`),
  KEY `fk_order` (`fk_order`),
  CONSTRAINT `t_invoice_ibfk_1` FOREIGN KEY (`fk_order`) REFERENCES `t_order` (`id`)
) ENGINE=InnoDB AUTO_INCREMENT=191 DEFAULT CHARSET=utf8 COLLATE=utf8_unicode_ci;

/*Data for the table `t_invoice` */

insert  into `t_invoice`(`id`,`fk_order`,`created_user`,`created_date`,`paid_date`,`cancelled_date`,`rejected_date`,`comment`,`payment_id`,`payment_method`,`payment_currency`,`invoice_type`) values (1,1,50,'2014-05-13 08:05:36','2014-05-13 08:05:02',NULL,NULL,NULL,NULL,'NganLuong',NULL,'input'),(2,2,50,'2014-05-13 08:05:10',NULL,NULL,NULL,NULL,NULL,NULL,NULL,'input'),(3,3,50,'2014-05-13 08:05:49',NULL,NULL,NULL,NULL,NULL,NULL,NULL,'input'),(4,4,50,'2014-05-13 09:05:26',NULL,NULL,NULL,NULL,NULL,NULL,NULL,'input'),(5,5,50,'2014-05-13 09:05:01',NULL,NULL,NULL,NULL,NULL,NULL,NULL,'input'),(6,6,50,'2014-05-13 09:05:55',NULL,NULL,NULL,NULL,NULL,NULL,NULL,'input'),(7,7,50,'2014-05-13 09:05:15',NULL,NULL,NULL,NULL,NULL,NULL,NULL,'input'),(8,8,50,'2014-05-13 09:05:43',NULL,NULL,NULL,NULL,NULL,NULL,NULL,'input'),(9,9,50,'2014-05-13 09:05:18',NULL,NULL,NULL,NULL,NULL,NULL,NULL,'input'),(10,10,50,'2014-05-13 09:05:29',NULL,NULL,NULL,NULL,NULL,NULL,NULL,'input'),(11,11,50,'2014-05-13 09:05:58',NULL,NULL,NULL,NULL,NULL,NULL,NULL,'input'),(12,12,50,'2014-05-13 09:05:23',NULL,NULL,NULL,NULL,NULL,NULL,NULL,'input'),(13,13,50,'2014-05-13 09:05:57',NULL,NULL,NULL,NULL,NULL,NULL,NULL,'input'),(14,14,50,'2014-05-13 09:05:31',NULL,NULL,NULL,NULL,NULL,NULL,NULL,'input'),(15,15,50,'2014-05-13 09:05:41',NULL,NULL,NULL,NULL,NULL,NULL,NULL,'input'),(16,16,50,'2014-05-13 09:05:48',NULL,NULL,NULL,NULL,NULL,NULL,NULL,'input'),(17,17,50,'2014-05-13 09:05:05',NULL,NULL,NULL,NULL,NULL,NULL,NULL,'input'),(18,18,50,'2014-05-13 09:05:21',NULL,NULL,NULL,NULL,NULL,NULL,NULL,'input'),(19,19,50,'2014-05-13 09:05:31',NULL,NULL,NULL,NULL,NULL,NULL,NULL,'input'),(20,20,50,'2014-05-13 09:05:20',NULL,NULL,NULL,NULL,NULL,NULL,NULL,'input'),(21,21,50,'2014-05-13 09:05:44',NULL,NULL,NULL,NULL,NULL,NULL,NULL,'input'),(22,22,50,'2014-05-13 09:05:58',NULL,NULL,NULL,NULL,NULL,NULL,NULL,'input'),(23,23,50,'2014-05-13 09:05:13',NULL,NULL,NULL,NULL,NULL,NULL,NULL,'input'),(24,24,50,'2014-05-13 09:05:24',NULL,NULL,NULL,NULL,NULL,NULL,NULL,'input'),(25,25,50,'2014-05-13 09:05:06',NULL,NULL,NULL,NULL,NULL,NULL,NULL,'input'),(26,26,50,'2014-05-13 09:05:32',NULL,NULL,NULL,NULL,NULL,NULL,NULL,'input'),(27,27,50,'2014-05-13 09:05:48',NULL,NULL,NULL,NULL,NULL,NULL,NULL,'input'),(28,28,50,'2014-05-13 09:05:14',NULL,NULL,NULL,NULL,NULL,NULL,NULL,'input'),(29,29,50,'2014-05-13 09:05:29',NULL,NULL,NULL,NULL,NULL,NULL,NULL,'input'),(30,30,50,'2014-05-13 09:05:40',NULL,NULL,NULL,NULL,NULL,NULL,NULL,'input'),(31,31,50,'2014-05-13 09:05:36',NULL,NULL,NULL,NULL,NULL,NULL,NULL,'input'),(32,32,50,'2014-05-13 09:05:28',NULL,NULL,NULL,NULL,NULL,NULL,NULL,'input'),(33,33,50,'2014-05-13 09:05:04',NULL,NULL,NULL,NULL,NULL,NULL,NULL,'input'),(34,34,50,'2014-05-13 09:05:52',NULL,NULL,NULL,NULL,NULL,NULL,NULL,'input'),(35,35,50,'2014-05-13 09:05:04',NULL,NULL,NULL,NULL,NULL,NULL,NULL,'input'),(36,36,50,'2014-05-13 09:05:13',NULL,NULL,NULL,NULL,NULL,NULL,NULL,'input'),(37,37,50,'2014-05-13 09:05:41',NULL,NULL,NULL,NULL,NULL,NULL,NULL,'input'),(38,38,50,'2014-05-13 09:05:44',NULL,NULL,NULL,NULL,NULL,NULL,NULL,'input'),(39,39,50,'2014-05-13 09:05:23',NULL,NULL,NULL,NULL,NULL,NULL,NULL,'input'),(40,40,50,'2014-05-13 09:05:36',NULL,NULL,NULL,NULL,NULL,NULL,NULL,'input'),(41,41,50,'2014-05-13 09:05:42',NULL,NULL,NULL,NULL,NULL,NULL,NULL,'input'),(42,42,50,'2014-05-13 09:05:14',NULL,NULL,NULL,NULL,NULL,NULL,NULL,'input'),(43,43,50,'2014-05-13 09:05:02',NULL,NULL,NULL,NULL,NULL,NULL,NULL,'input'),(44,44,50,'2014-05-13 09:05:28',NULL,NULL,NULL,NULL,NULL,NULL,NULL,'input'),(45,45,50,'2014-05-13 09:05:21',NULL,NULL,NULL,NULL,NULL,NULL,NULL,'input'),(46,46,50,'2014-05-13 09:05:53',NULL,NULL,NULL,NULL,NULL,NULL,NULL,'input'),(47,47,50,'2014-05-13 10:05:40',NULL,NULL,NULL,NULL,NULL,NULL,NULL,'input'),(48,48,50,'2014-05-13 10:05:05',NULL,NULL,NULL,NULL,NULL,NULL,NULL,'input'),(49,49,50,'2014-05-13 10:05:40',NULL,NULL,NULL,NULL,NULL,NULL,NULL,'input'),(50,50,50,'2014-05-13 10:05:10',NULL,NULL,NULL,NULL,NULL,NULL,NULL,'input'),(51,51,50,'2014-05-13 10:05:13',NULL,NULL,NULL,NULL,NULL,NULL,NULL,'input'),(52,52,50,'2014-05-13 10:05:14',NULL,NULL,NULL,NULL,NULL,NULL,NULL,'input'),(53,53,50,'2014-05-13 10:05:15',NULL,NULL,NULL,NULL,NULL,NULL,NULL,'input'),(54,54,50,'2014-05-13 10:05:16',NULL,NULL,NULL,NULL,NULL,NULL,NULL,'input'),(55,55,50,'2014-05-13 10:05:32',NULL,NULL,NULL,NULL,NULL,NULL,NULL,'input'),(56,56,50,'2014-05-13 10:05:31',NULL,NULL,NULL,NULL,NULL,NULL,NULL,'input'),(57,57,50,'2014-05-13 10:05:55',NULL,NULL,NULL,NULL,NULL,NULL,NULL,'input'),(58,58,50,'2014-05-13 10:05:54',NULL,NULL,NULL,NULL,NULL,NULL,NULL,'input'),(59,59,50,'2014-05-13 10:05:07',NULL,NULL,NULL,NULL,NULL,NULL,NULL,'input'),(60,60,50,'2014-05-13 10:05:55',NULL,NULL,NULL,NULL,NULL,NULL,NULL,'input'),(61,61,50,'2014-05-13 10:05:21',NULL,NULL,NULL,NULL,NULL,NULL,NULL,'input'),(62,62,50,'2014-05-13 10:05:49',NULL,NULL,NULL,NULL,NULL,NULL,NULL,'input'),(63,63,50,'2014-05-13 10:05:11',NULL,NULL,NULL,NULL,NULL,NULL,NULL,'input'),(64,64,50,'2014-05-13 10:05:53',NULL,NULL,NULL,NULL,NULL,NULL,NULL,'input'),(65,65,50,'2014-05-13 10:05:44',NULL,NULL,NULL,NULL,NULL,NULL,NULL,'input'),(66,66,50,'2014-05-13 10:05:07',NULL,NULL,NULL,NULL,NULL,NULL,NULL,'input'),(67,67,50,'2014-05-13 10:05:26',NULL,NULL,NULL,NULL,NULL,NULL,NULL,'input'),(68,68,50,'2014-05-13 10:05:59',NULL,NULL,NULL,NULL,NULL,NULL,NULL,'input'),(69,69,50,'2014-05-13 10:05:05',NULL,NULL,NULL,NULL,NULL,NULL,NULL,'input'),(70,70,50,'2014-05-13 10:05:20',NULL,NULL,NULL,NULL,NULL,NULL,NULL,'input'),(71,71,50,'2014-05-13 10:05:35',NULL,NULL,NULL,NULL,NULL,NULL,NULL,'input'),(72,72,50,'2014-05-13 10:05:14',NULL,NULL,NULL,NULL,NULL,NULL,NULL,'input'),(73,73,50,'2014-05-13 10:05:23',NULL,NULL,NULL,NULL,NULL,NULL,NULL,'input'),(74,74,50,'2014-05-13 10:05:59',NULL,NULL,NULL,NULL,NULL,NULL,NULL,'input'),(75,75,50,'2014-05-13 10:05:02',NULL,NULL,NULL,NULL,NULL,NULL,NULL,'input'),(76,76,50,'2014-05-13 10:05:03',NULL,NULL,NULL,NULL,NULL,NULL,NULL,'input'),(77,77,50,'2014-05-13 10:05:03',NULL,NULL,NULL,NULL,NULL,NULL,NULL,'input'),(78,78,50,'2014-05-13 10:05:03',NULL,NULL,NULL,NULL,NULL,NULL,NULL,'input'),(79,79,50,'2014-05-13 10:05:03',NULL,NULL,NULL,NULL,NULL,NULL,NULL,'input'),(80,80,50,'2014-05-13 10:05:03',NULL,NULL,NULL,NULL,NULL,NULL,NULL,'input'),(81,81,50,'2014-05-13 10:05:43',NULL,NULL,NULL,NULL,NULL,NULL,NULL,'input'),(82,82,50,'2014-05-13 10:05:07',NULL,NULL,NULL,NULL,NULL,NULL,NULL,'input'),(83,83,50,'2014-05-13 10:05:46',NULL,NULL,NULL,NULL,NULL,NULL,NULL,'input'),(84,84,50,'2014-05-13 10:05:31',NULL,NULL,NULL,NULL,NULL,NULL,NULL,'input'),(85,85,50,'2014-05-13 10:05:20',NULL,NULL,NULL,NULL,NULL,NULL,NULL,'input'),(86,86,50,'2014-05-13 10:05:24',NULL,NULL,NULL,NULL,NULL,NULL,NULL,'input'),(87,87,50,'2014-05-13 10:05:07',NULL,NULL,NULL,NULL,NULL,NULL,NULL,'input'),(88,88,50,'2014-05-13 10:05:22',NULL,NULL,NULL,NULL,NULL,NULL,NULL,'input'),(89,89,50,'2014-05-13 10:05:37',NULL,NULL,NULL,NULL,NULL,NULL,NULL,'input'),(90,90,50,'2014-05-13 10:05:38',NULL,NULL,NULL,NULL,NULL,NULL,NULL,'input'),(91,91,50,'2014-05-13 10:05:59',NULL,NULL,NULL,NULL,NULL,NULL,NULL,'input'),(92,92,50,'2014-05-13 10:05:22',NULL,NULL,NULL,NULL,NULL,NULL,NULL,'input'),(93,93,50,'2014-05-13 10:05:44',NULL,NULL,NULL,NULL,NULL,NULL,NULL,'input'),(94,94,50,'2014-05-13 10:05:21',NULL,NULL,NULL,NULL,NULL,NULL,NULL,'input'),(95,95,50,'2014-05-13 10:05:35',NULL,NULL,NULL,NULL,NULL,NULL,NULL,'input'),(96,96,50,'2014-05-13 10:05:01',NULL,NULL,NULL,NULL,NULL,NULL,NULL,'input'),(97,97,50,'2014-05-13 10:05:22',NULL,NULL,NULL,NULL,NULL,NULL,NULL,'input'),(98,98,50,'2014-05-13 10:05:35',NULL,NULL,NULL,NULL,NULL,NULL,NULL,'input'),(99,99,50,'2014-05-13 10:05:38',NULL,NULL,NULL,NULL,NULL,NULL,NULL,'input'),(100,100,50,'2014-05-13 10:05:49',NULL,NULL,NULL,NULL,NULL,NULL,NULL,'input'),(101,101,50,'2014-05-13 10:05:32',NULL,NULL,NULL,NULL,NULL,NULL,NULL,'input'),(102,102,50,'2014-05-13 10:05:59',NULL,NULL,NULL,NULL,NULL,NULL,NULL,'input'),(103,103,50,'2014-05-13 10:05:42',NULL,NULL,NULL,NULL,NULL,NULL,NULL,'input'),(104,104,50,'2014-05-13 10:05:23',NULL,NULL,NULL,NULL,NULL,NULL,NULL,'input'),(105,105,50,'2014-05-13 10:05:39',NULL,NULL,NULL,NULL,NULL,NULL,NULL,'input'),(106,106,50,'2014-05-13 10:05:50',NULL,NULL,NULL,NULL,NULL,NULL,NULL,'input'),(107,107,50,'2014-05-13 10:05:58',NULL,NULL,NULL,NULL,NULL,NULL,NULL,'input'),(108,108,50,'2014-05-13 10:05:52',NULL,NULL,NULL,NULL,NULL,NULL,NULL,'input'),(109,109,50,'2014-05-13 10:05:13',NULL,NULL,NULL,NULL,NULL,NULL,NULL,'input'),(110,110,50,'2014-05-13 10:05:44',NULL,NULL,NULL,NULL,NULL,NULL,NULL,'input'),(111,111,50,'2014-05-13 10:05:12',NULL,NULL,NULL,NULL,NULL,NULL,NULL,'input'),(112,112,50,'2014-05-13 10:05:38',NULL,NULL,NULL,NULL,NULL,NULL,NULL,'input'),(113,113,50,'2014-05-13 11:05:00',NULL,NULL,NULL,NULL,NULL,NULL,NULL,'input'),(114,114,50,'2014-05-13 11:05:11',NULL,NULL,NULL,NULL,NULL,NULL,NULL,'input'),(115,115,50,'2014-05-13 11:05:29',NULL,NULL,NULL,NULL,NULL,NULL,NULL,'input'),(116,116,50,'2014-05-13 11:05:39',NULL,NULL,NULL,NULL,NULL,NULL,NULL,'input'),(117,117,50,'2014-05-13 11:05:20',NULL,NULL,NULL,NULL,NULL,NULL,NULL,'input'),(118,118,50,'2014-05-13 11:05:26',NULL,NULL,NULL,NULL,NULL,NULL,NULL,'input'),(119,119,50,'2014-05-13 11:05:38',NULL,NULL,NULL,NULL,NULL,NULL,NULL,'input'),(120,120,50,'2014-05-13 11:05:39',NULL,NULL,NULL,NULL,NULL,NULL,NULL,'input'),(121,121,50,'2014-05-13 11:05:16',NULL,NULL,NULL,NULL,NULL,NULL,NULL,'input'),(122,122,50,'2014-05-13 11:05:23',NULL,NULL,NULL,NULL,NULL,NULL,NULL,'input'),(123,123,50,'2014-05-13 11:05:30',NULL,NULL,NULL,NULL,NULL,NULL,NULL,'input'),(124,124,50,'2014-05-13 11:05:37',NULL,NULL,NULL,NULL,NULL,NULL,NULL,'input'),(125,125,50,'2014-05-13 11:05:43',NULL,NULL,NULL,NULL,NULL,NULL,NULL,'input'),(126,126,50,'2014-05-13 11:05:47',NULL,NULL,NULL,NULL,NULL,NULL,NULL,'input'),(127,127,50,'2014-05-13 11:05:01',NULL,NULL,NULL,NULL,NULL,NULL,NULL,'input'),(128,128,50,'2014-05-13 11:05:13',NULL,NULL,NULL,NULL,NULL,NULL,NULL,'input'),(129,129,50,'2014-05-13 11:05:19',NULL,NULL,NULL,NULL,NULL,NULL,NULL,'input'),(130,130,50,'2014-05-13 11:05:37',NULL,NULL,NULL,NULL,NULL,NULL,NULL,'input'),(131,131,50,'2014-05-13 11:05:41',NULL,NULL,NULL,NULL,NULL,NULL,NULL,'input'),(132,132,50,'2014-05-13 11:05:45',NULL,NULL,NULL,NULL,NULL,NULL,NULL,'input'),(133,133,50,'2014-05-13 11:05:02',NULL,NULL,NULL,NULL,NULL,NULL,NULL,'input'),(134,134,50,'2014-05-13 11:05:41',NULL,NULL,NULL,NULL,NULL,NULL,NULL,'input'),(135,135,50,'2014-05-13 11:05:41',NULL,NULL,NULL,NULL,NULL,NULL,NULL,'input'),(136,136,50,'2014-05-13 11:05:51',NULL,NULL,NULL,NULL,NULL,NULL,NULL,'input'),(137,137,50,'2014-05-13 11:05:03',NULL,NULL,NULL,NULL,NULL,NULL,NULL,'input'),(138,138,50,'2014-05-13 11:05:33',NULL,NULL,NULL,NULL,NULL,NULL,NULL,'input'),(139,139,50,'2014-05-13 11:05:51',NULL,NULL,NULL,NULL,NULL,NULL,NULL,'input'),(140,140,50,'2014-05-13 11:05:12',NULL,NULL,NULL,NULL,NULL,NULL,NULL,'input'),(141,141,50,'2014-05-13 11:05:27',NULL,NULL,NULL,NULL,NULL,NULL,NULL,'input'),(142,142,50,'2014-05-13 11:05:00',NULL,NULL,NULL,NULL,NULL,NULL,NULL,'input'),(143,143,50,'2014-05-13 11:05:50',NULL,NULL,NULL,NULL,NULL,NULL,NULL,'input'),(144,144,50,'2014-05-13 11:05:57',NULL,NULL,NULL,NULL,NULL,NULL,NULL,'input'),(145,145,50,'2014-05-13 11:05:24',NULL,NULL,NULL,NULL,NULL,NULL,NULL,'input'),(146,146,50,'2014-05-13 11:05:30',NULL,NULL,NULL,NULL,NULL,NULL,NULL,'input'),(147,147,50,'2014-05-13 11:05:26',NULL,NULL,NULL,NULL,NULL,NULL,NULL,'input'),(148,148,50,'2014-05-13 11:05:44',NULL,NULL,NULL,NULL,NULL,NULL,NULL,'input'),(149,149,50,'2014-05-13 11:05:39',NULL,NULL,NULL,NULL,NULL,NULL,NULL,'input'),(150,150,50,'2014-05-13 11:05:07',NULL,NULL,NULL,NULL,NULL,NULL,NULL,'input'),(151,151,50,'2014-05-13 11:05:54',NULL,NULL,NULL,NULL,NULL,NULL,NULL,'input'),(152,152,50,'2014-05-13 11:05:59','2014-05-13 11:05:55',NULL,NULL,NULL,NULL,'Onepay',NULL,'input'),(153,153,50,'2014-05-13 11:05:30',NULL,NULL,NULL,NULL,NULL,NULL,NULL,'input'),(154,154,50,'2014-05-14 12:05:02',NULL,NULL,NULL,NULL,NULL,NULL,NULL,'input'),(155,155,50,'2014-05-14 12:05:38',NULL,NULL,NULL,NULL,NULL,NULL,NULL,'input'),(156,156,50,'2014-05-14 12:05:47',NULL,NULL,NULL,NULL,NULL,NULL,NULL,'input'),(157,157,50,'2014-05-14 12:05:23',NULL,NULL,NULL,NULL,NULL,NULL,NULL,'input'),(158,158,50,'2014-05-14 12:05:17',NULL,NULL,NULL,NULL,NULL,NULL,NULL,'input'),(159,159,NULL,'2014-05-14 09:05:49',NULL,NULL,NULL,NULL,NULL,NULL,NULL,'input'),(160,160,NULL,'2014-05-14 09:05:54',NULL,NULL,NULL,NULL,NULL,NULL,NULL,'input'),(161,161,NULL,'2014-05-14 09:05:42',NULL,NULL,NULL,NULL,NULL,NULL,NULL,'input'),(162,162,NULL,'2014-05-14 09:05:30',NULL,NULL,NULL,NULL,NULL,NULL,NULL,'input'),(163,163,NULL,'2014-05-14 10:05:27',NULL,NULL,NULL,NULL,NULL,NULL,NULL,'input'),(164,164,NULL,'2014-05-14 10:05:23',NULL,NULL,NULL,NULL,NULL,NULL,NULL,'input'),(165,165,NULL,'2014-05-14 10:05:12',NULL,NULL,NULL,NULL,NULL,NULL,NULL,'input'),(166,166,NULL,'2014-05-14 11:05:57',NULL,NULL,NULL,NULL,NULL,NULL,NULL,'input'),(167,167,NULL,'2014-05-14 11:05:30',NULL,NULL,NULL,NULL,NULL,NULL,NULL,'input'),(168,168,NULL,'2014-05-14 11:05:03',NULL,NULL,NULL,NULL,NULL,NULL,NULL,'input'),(169,169,NULL,'2014-05-14 11:05:50',NULL,NULL,NULL,NULL,NULL,NULL,NULL,'input'),(170,170,NULL,'2014-05-15 08:05:07',NULL,NULL,NULL,NULL,NULL,NULL,NULL,'input'),(171,171,NULL,'2014-05-15 09:05:46',NULL,NULL,NULL,NULL,NULL,NULL,NULL,'input'),(172,172,NULL,'2014-05-15 10:05:58',NULL,NULL,NULL,NULL,NULL,NULL,NULL,'input'),(173,173,NULL,'2014-05-15 10:05:25','2014-05-15 10:05:17',NULL,NULL,NULL,NULL,'NganLuong',NULL,'input'),(174,174,NULL,'2014-05-15 10:05:22','2014-05-15 10:05:12',NULL,NULL,NULL,NULL,'visaAndMaster',NULL,'input'),(175,175,50,'2014-05-15 11:05:09','2014-05-15 11:05:22',NULL,NULL,NULL,NULL,'Onepay',NULL,'input'),(176,176,50,'2014-05-15 11:05:23',NULL,NULL,NULL,NULL,NULL,NULL,NULL,'input'),(177,177,50,'2014-05-15 11:05:09',NULL,NULL,NULL,NULL,NULL,NULL,NULL,'input'),(178,178,NULL,'2014-05-16 06:05:43','2014-05-16 06:05:13',NULL,NULL,NULL,NULL,'NganLuong',NULL,'input'),(179,179,NULL,'2014-05-16 06:05:37','2014-05-16 06:05:05',NULL,NULL,NULL,NULL,'NganLuong',NULL,'input'),(180,180,NULL,'2014-05-16 06:05:17','2014-05-16 06:05:24',NULL,NULL,NULL,NULL,'NganLuong',NULL,'input'),(181,181,NULL,'2014-05-16 07:05:52',NULL,NULL,NULL,NULL,NULL,NULL,NULL,'input'),(182,182,NULL,'2014-05-18 10:05:33','2014-05-18 10:05:38',NULL,NULL,NULL,NULL,'NganLuong',NULL,'input'),(183,183,NULL,'2014-05-18 10:05:33','2014-05-18 10:05:38',NULL,NULL,NULL,NULL,'NganLuong',NULL,'input'),(184,184,NULL,'2014-05-18 04:05:57',NULL,NULL,NULL,NULL,NULL,NULL,NULL,'input'),(185,185,NULL,'2014-05-18 04:05:53','2014-05-18 04:05:21',NULL,NULL,NULL,NULL,'PAYMENT_BY_NGANLUONG',NULL,'input'),(186,186,NULL,'2014-05-18 05:05:15','2014-05-18 05:05:21',NULL,NULL,NULL,'4a7b8d0caa724ec1f6e12949b','PAYMENT_BY_NGANLUONG',NULL,'input'),(187,187,NULL,'2014-05-19 10:05:52','2014-05-20 04:05:43',NULL,NULL,NULL,'4a7b8d0caa724ec1f6e12949b','PAYMENT_BY_NGANLUONG',NULL,'input'),(188,188,NULL,'2014-05-21 10:05:53','2014-05-21 10:05:08',NULL,NULL,NULL,'4a7b8d0caa724ec1f6e12949b','PAYMENT_BY_NGANLUONG',NULL,'input'),(189,189,NULL,'2014-05-24 07:05:41',NULL,NULL,NULL,NULL,NULL,NULL,NULL,'input'),(190,190,NULL,'2014-05-25 08:05:56',NULL,NULL,NULL,NULL,NULL,NULL,NULL,'input');

/*Table structure for table `t_invoice_other_cost` */

DROP TABLE IF EXISTS `t_invoice_other_cost`;

CREATE TABLE `t_invoice_other_cost` (
  `id` int(11) NOT NULL AUTO_INCREMENT,
  `fk_invoice` int(11) DEFAULT NULL,
  `value` double DEFAULT NULL,
  `comment` text COLLATE utf8_unicode_ci,
  PRIMARY KEY (`id`),
  KEY `fk_invoice` (`fk_invoice`),
  CONSTRAINT `t_invoice_other_cost_ibfk_1` FOREIGN KEY (`fk_invoice`) REFERENCES `t_invoice` (`id`)
) ENGINE=InnoDB AUTO_INCREMENT=52 DEFAULT CHARSET=utf8 COLLATE=utf8_unicode_ci;

/*Data for the table `t_invoice_other_cost` */

insert  into `t_invoice_other_cost`(`id`,`fk_invoice`,`value`,`comment`) values (1,170,1,'PAYMENT_BY_VISA'),(2,170,1.05,'PAYMENT_BY_NGANLUONG'),(3,170,1.1025,'PAYMENT_BY_NGANLUONG'),(4,170,1.157625,'PAYMENT_BY_NGANLUONG'),(5,170,1.21550625,'PAYMENT_BY_NGANLUONG'),(6,170,1.2762815625,'PAYMENT_BY_NGANLUONG'),(7,171,1.5,'PAYMENT_BY_NGANLUONG'),(8,171,1.575,'PAYMENT_BY_NGANLUONG'),(9,171,1.65375,'PAYMENT_BY_NGANLUONG'),(10,171,1.7364375,'PAYMENT_BY_NGANLUONG'),(11,171,1.823259375,'PAYMENT_BY_NGANLUONG'),(12,171,1.91442234375,'PAYMENT_BY_NGANLUONG'),(13,171,2.0101434609375,'PAYMENT_BY_NGANLUONG'),(14,171,2.1106506339844,'PAYMENT_BY_NGANLUONG'),(15,171,2.2161831656836,'PAYMENT_BY_NGANLUONG'),(16,171,2.3269923239678,'PAYMENT_BY_NGANLUONG'),(17,171,2.4433419401662,'PAYMENT_BY_NGANLUONG'),(18,171,2.5655090371745,'PAYMENT_BY_NGANLUONG'),(19,171,2.6937844890332,'PAYMENT_BY_NGANLUONG'),(20,171,2.8284737134849,'PAYMENT_BY_NGANLUONG'),(21,171,12501.969897399,'PAYMENT_BY_NGANLUONG'),(22,171,13127.068392269,'PAYMENT_BY_NGANLUONG'),(23,171,13783.421811883,'PAYMENT_BY_NGANLUONG'),(24,171,14472.592902477,'PAYMENT_BY_NGANLUONG'),(25,171,15196.222547601,'PAYMENT_BY_NGANLUONG'),(26,172,15000.5,'PAYMENT_BY_NGANLUONG'),(27,173,15000.5,'PAYMENT_BY_NGANLUONG'),(28,174,3,'PAYMENT_BY_NGANLUONG'),(29,174,3.15,'PAYMENT_BY_VISA'),(30,175,10,'PAYMENT_BY_ONEPAY'),(31,178,5000.55,'PAYMENT_BY_NGANLUONG'),(32,178,5250.5775,'PAYMENT_BY_NGANLUONG'),(33,178,5513.106375,'PAYMENT_BY_NGANLUONG'),(34,178,5788.76169375,'PAYMENT_BY_NGANLUONG'),(35,179,1.6,'PAYMENT_BY_NGANLUONG'),(36,180,10000.65,'PAYMENT_BY_NGANLUONG'),(37,180,10500.6825,'PAYMENT_BY_NGANLUONG'),(38,182,1.05,'PAYMENT_BY_NGANLUONG'),(39,183,1.6,'PAYMENT_BY_NGANLUONG'),(40,184,1.05,'PAYMENT_BY_NGANLUONG'),(41,185,1.6,'PAYMENT_BY_NGANLUONG'),(42,185,1.68,'PAYMENT_BY_NGANLUONG'),(43,185,1.764,'PAYMENT_BY_NGANLUONG'),(44,186,2.15,'PAYMENT_BY_NGANLUONG'),(45,187,1.05,'PAYMENT_BY_NGANLUONG'),(46,187,1.1025,'PAYMENT_BY_NGANLUONG'),(47,187,1.157625,'PAYMENT_BY_NGANLUONG'),(48,187,1.21550625,'PAYMENT_BY_NGANLUONG'),(49,187,1.2762815625,'PAYMENT_BY_NGANLUONG'),(50,187,1.340095640625,'PAYMENT_BY_NGANLUONG'),(51,188,1.05,'PAYMENT_BY_NGANLUONG');

/*Table structure for table `t_invoice_product` */

DROP TABLE IF EXISTS `t_invoice_product`;

CREATE TABLE `t_invoice_product` (
  `id` int(11) NOT NULL AUTO_INCREMENT,
  `fk_invoice` int(11) DEFAULT NULL,
  `fk_product` int(11) DEFAULT NULL,
  PRIMARY KEY (`id`),
  KEY `fk_invoice` (`fk_invoice`),
  KEY `fk_product` (`fk_product`),
  CONSTRAINT `t_invoice_product_ibfk_1` FOREIGN KEY (`fk_invoice`) REFERENCES `t_invoice` (`id`),
  CONSTRAINT `t_invoice_product_ibfk_2` FOREIGN KEY (`fk_product`) REFERENCES `t_product` (`id`)
) ENGINE=InnoDB AUTO_INCREMENT=374 DEFAULT CHARSET=utf8 COLLATE=utf8_unicode_ci;

/*Data for the table `t_invoice_product` */

insert  into `t_invoice_product`(`id`,`fk_invoice`,`fk_product`) values (1,1,1),(2,2,2),(3,3,3),(4,4,4),(5,4,5),(6,5,6),(7,5,7),(8,6,8),(9,6,9),(10,7,10),(11,7,11),(12,8,12),(13,8,13),(14,9,14),(15,9,15),(16,10,16),(17,10,17),(18,11,18),(19,11,19),(20,12,20),(21,12,21),(22,13,22),(23,13,23),(24,14,24),(25,14,25),(26,15,26),(27,15,27),(28,16,28),(29,16,29),(30,17,30),(31,17,31),(32,18,32),(33,18,33),(34,19,34),(35,19,35),(36,20,36),(37,20,37),(38,21,38),(39,21,39),(40,22,40),(41,22,41),(42,23,42),(43,23,43),(44,24,44),(45,24,45),(46,25,46),(47,25,47),(48,26,48),(49,26,49),(50,27,50),(51,27,51),(52,28,52),(53,28,53),(54,29,54),(55,29,55),(56,30,56),(57,30,57),(58,31,58),(59,31,59),(60,32,60),(61,32,61),(62,33,62),(63,33,63),(64,34,64),(65,34,65),(66,35,66),(67,35,67),(68,36,68),(69,36,69),(70,37,70),(71,37,71),(72,38,72),(73,38,73),(74,39,74),(75,39,75),(76,40,76),(77,40,77),(78,41,78),(79,41,79),(80,42,80),(81,42,81),(82,43,82),(83,43,83),(84,44,84),(85,44,85),(86,45,86),(87,45,87),(88,46,88),(89,46,89),(90,47,90),(91,47,91),(92,48,92),(93,48,93),(94,49,94),(95,49,95),(96,50,96),(97,50,97),(98,51,98),(99,51,99),(100,52,100),(101,52,101),(102,53,102),(103,53,103),(104,54,104),(105,54,105),(106,55,106),(107,55,107),(108,56,108),(109,56,109),(110,57,110),(111,57,111),(112,58,112),(113,58,113),(114,59,114),(115,59,115),(116,60,116),(117,60,117),(118,61,118),(119,61,119),(120,62,120),(121,62,121),(122,63,122),(123,63,123),(124,64,124),(125,64,125),(126,65,126),(127,65,127),(128,66,128),(129,66,129),(130,67,130),(131,67,131),(132,68,132),(133,68,133),(134,69,134),(135,69,135),(136,70,136),(137,70,137),(138,71,138),(139,71,139),(140,72,140),(141,72,141),(142,73,142),(143,73,143),(144,74,144),(145,74,145),(146,75,146),(147,75,147),(148,76,148),(149,76,149),(150,77,150),(151,77,151),(152,78,152),(153,78,153),(154,79,154),(155,79,155),(156,80,156),(157,80,157),(158,81,158),(159,81,159),(160,82,160),(161,82,161),(162,83,162),(163,83,163),(164,84,164),(165,84,165),(166,85,166),(167,85,167),(168,86,168),(169,86,169),(170,87,170),(171,87,171),(172,88,172),(173,88,173),(174,89,174),(175,89,175),(176,90,176),(177,90,177),(178,91,178),(179,91,179),(180,92,180),(181,92,181),(182,93,182),(183,93,183),(184,94,184),(185,94,185),(186,95,186),(187,95,187),(188,96,188),(189,96,189),(190,97,190),(191,97,191),(192,98,192),(193,98,193),(194,99,194),(195,99,195),(196,100,196),(197,100,197),(198,101,198),(199,101,199),(200,102,200),(201,102,201),(202,103,202),(203,103,203),(204,104,204),(205,104,205),(206,105,206),(207,105,207),(208,106,208),(209,106,209),(210,107,210),(211,107,211),(212,108,212),(213,108,213),(214,109,214),(215,109,215),(216,110,216),(217,110,217),(218,111,218),(219,111,219),(220,112,220),(221,112,221),(222,113,222),(223,113,223),(224,114,224),(225,114,225),(226,115,226),(227,115,227),(228,116,228),(229,116,229),(230,117,230),(231,117,231),(232,118,232),(233,118,233),(234,119,234),(235,119,235),(236,120,236),(237,120,237),(238,121,238),(239,121,239),(240,122,240),(241,122,241),(242,123,242),(243,123,243),(244,124,244),(245,124,245),(246,125,246),(247,125,247),(248,126,248),(249,126,249),(250,127,250),(251,127,251),(252,128,252),(253,128,253),(254,129,254),(255,129,255),(256,130,256),(257,130,257),(258,131,258),(259,131,259),(260,132,260),(261,132,261),(262,133,262),(263,133,263),(264,134,264),(265,134,265),(266,135,266),(267,135,267),(268,136,268),(269,136,269),(270,137,270),(271,137,271),(272,138,272),(273,138,273),(274,139,274),(275,139,275),(276,140,276),(277,140,277),(278,141,278),(279,141,279),(280,142,280),(281,142,281),(282,143,282),(283,143,283),(284,144,284),(285,144,285),(286,145,286),(287,145,287),(288,146,288),(289,146,289),(290,147,290),(291,147,291),(292,148,292),(293,148,293),(294,149,294),(295,149,295),(296,149,296),(297,150,297),(298,150,298),(299,151,299),(300,151,300),(301,152,301),(302,152,302),(303,153,303),(304,153,304),(305,154,305),(306,154,306),(307,155,307),(308,155,308),(309,156,309),(310,156,310),(311,157,311),(312,157,312),(313,158,313),(314,158,314),(315,159,315),(316,159,316),(317,160,317),(318,160,318),(319,161,319),(320,161,320),(321,162,321),(322,162,322),(323,163,323),(324,163,324),(325,164,325),(326,164,326),(327,165,327),(328,165,328),(329,166,329),(330,166,330),(331,167,331),(332,167,332),(333,168,333),(334,168,334),(335,169,335),(336,169,336),(337,169,337),(338,170,338),(339,171,339),(340,171,340),(341,172,341),(342,172,342),(343,172,343),(344,173,344),(345,173,345),(346,173,346),(347,174,347),(348,174,348),(349,174,349),(350,175,350),(351,175,351),(352,175,352),(353,176,353),(354,176,354),(355,176,355),(356,177,356),(357,177,357),(358,177,358),(359,178,359),(360,179,360),(361,180,361),(362,180,362),(363,181,363),(364,181,364),(365,182,365),(366,183,366),(367,184,367),(368,185,368),(369,186,369),(370,187,370),(371,188,371),(372,189,372),(373,190,373);

/*Table structure for table `t_invoice_shipping` */

DROP TABLE IF EXISTS `t_invoice_shipping`;

CREATE TABLE `t_invoice_shipping` (
  `id` int(11) NOT NULL AUTO_INCREMENT,
  `sub_id` int(11) DEFAULT NULL,
  `fk_invoice` int(11) DEFAULT NULL,
  `fk_user_contact` int(11) DEFAULT NULL,
  `created_user` datetime DEFAULT NULL,
  `display_name` varchar(50) COLLATE utf8_unicode_ci DEFAULT NULL,
  `price` double DEFAULT NULL,
  `status` enum('ACTIVE','INACTIVE') COLLATE utf8_unicode_ci DEFAULT NULL,
  `created_date` datetime DEFAULT NULL,
  `ship_date` datetime DEFAULT NULL,
  `complete_date` datetime DEFAULT NULL,
  `shipping_type` enum('PAY','SHIP') COLLATE utf8_unicode_ci DEFAULT NULL,
  PRIMARY KEY (`id`),
  KEY `t_invoice_shipping_ibfk_1` (`fk_invoice`),
  KEY `fk_user_contact` (`fk_user_contact`),
  CONSTRAINT `t_invoice_shipping_ibfk_1` FOREIGN KEY (`fk_invoice`) REFERENCES `t_invoice` (`id`),
  CONSTRAINT `t_invoice_shipping_ibfk_2` FOREIGN KEY (`fk_user_contact`) REFERENCES `t_user_contact` (`id`)
) ENGINE=InnoDB AUTO_INCREMENT=191 DEFAULT CHARSET=utf8 COLLATE=utf8_unicode_ci;

/*Data for the table `t_invoice_shipping` */

insert  into `t_invoice_shipping`(`id`,`sub_id`,`fk_invoice`,`fk_user_contact`,`created_user`,`display_name`,`price`,`status`,`created_date`,`ship_date`,`complete_date`,`shipping_type`) values (1,0,1,5,'0000-00-00 00:00:00','standard',10,'ACTIVE','2014-05-13 08:05:36',NULL,NULL,'SHIP'),(2,0,2,6,'0000-00-00 00:00:00','standard',10,'ACTIVE','2014-05-13 08:05:10',NULL,NULL,'SHIP'),(3,0,3,7,'0000-00-00 00:00:00','standard',10,'ACTIVE','2014-05-13 08:05:49',NULL,NULL,'SHIP'),(4,0,4,8,'0000-00-00 00:00:00','standard',10,'ACTIVE','2014-05-13 09:05:26',NULL,NULL,'SHIP'),(5,0,5,9,'0000-00-00 00:00:00','standard',10,'ACTIVE','2014-05-13 09:05:01',NULL,NULL,'SHIP'),(6,0,6,10,'0000-00-00 00:00:00','standard',10,'ACTIVE','2014-05-13 09:05:55',NULL,NULL,'SHIP'),(7,0,7,11,'0000-00-00 00:00:00','standard',10,'ACTIVE','2014-05-13 09:05:15',NULL,NULL,'SHIP'),(8,0,8,12,'0000-00-00 00:00:00','standard',10,'ACTIVE','2014-05-13 09:05:43',NULL,NULL,'SHIP'),(9,0,9,13,'0000-00-00 00:00:00','standard',10,'ACTIVE','2014-05-13 09:05:18',NULL,NULL,'SHIP'),(10,0,10,14,'0000-00-00 00:00:00','standard',10,'ACTIVE','2014-05-13 09:05:29',NULL,NULL,'SHIP'),(11,0,11,15,'0000-00-00 00:00:00','standard',10,'ACTIVE','2014-05-13 09:05:58',NULL,NULL,'SHIP'),(12,0,12,16,'0000-00-00 00:00:00','standard',10,'ACTIVE','2014-05-13 09:05:23',NULL,NULL,'SHIP'),(13,0,13,17,'0000-00-00 00:00:00','standard',10,'ACTIVE','2014-05-13 09:05:57',NULL,NULL,'SHIP'),(14,0,14,18,'0000-00-00 00:00:00','standard',10,'ACTIVE','2014-05-13 09:05:31',NULL,NULL,'SHIP'),(15,0,15,19,'0000-00-00 00:00:00','standard',10,'ACTIVE','2014-05-13 09:05:41',NULL,NULL,'SHIP'),(16,0,16,20,'0000-00-00 00:00:00','standard',10,'ACTIVE','2014-05-13 09:05:48',NULL,NULL,'SHIP'),(17,0,17,21,'0000-00-00 00:00:00','standard',10,'ACTIVE','2014-05-13 09:05:05',NULL,NULL,'SHIP'),(18,0,18,22,'0000-00-00 00:00:00','standard',10,'ACTIVE','2014-05-13 09:05:21',NULL,NULL,'SHIP'),(19,0,19,23,'0000-00-00 00:00:00','standard',10,'ACTIVE','2014-05-13 09:05:31',NULL,NULL,'SHIP'),(20,0,20,24,'0000-00-00 00:00:00','standard',10,'ACTIVE','2014-05-13 09:05:20',NULL,NULL,'SHIP'),(21,0,21,25,'0000-00-00 00:00:00','standard',10,'ACTIVE','2014-05-13 09:05:44',NULL,NULL,'SHIP'),(22,0,22,26,'0000-00-00 00:00:00','standard',10,'ACTIVE','2014-05-13 09:05:58',NULL,NULL,'SHIP'),(23,0,23,27,'0000-00-00 00:00:00','standard',10,'ACTIVE','2014-05-13 09:05:13',NULL,NULL,'SHIP'),(24,0,24,28,'0000-00-00 00:00:00','standard',10,'ACTIVE','2014-05-13 09:05:24',NULL,NULL,'SHIP'),(25,0,25,29,'0000-00-00 00:00:00','standard',10,'ACTIVE','2014-05-13 09:05:06',NULL,NULL,'SHIP'),(26,0,26,30,'0000-00-00 00:00:00','standard',10,'ACTIVE','2014-05-13 09:05:32',NULL,NULL,'SHIP'),(27,0,27,31,'0000-00-00 00:00:00','standard',10,'ACTIVE','2014-05-13 09:05:48',NULL,NULL,'SHIP'),(28,0,28,32,'0000-00-00 00:00:00','standard',10,'ACTIVE','2014-05-13 09:05:14',NULL,NULL,'SHIP'),(29,0,29,33,'0000-00-00 00:00:00','standard',10,'ACTIVE','2014-05-13 09:05:29',NULL,NULL,'SHIP'),(30,0,30,34,'0000-00-00 00:00:00','standard',10,'ACTIVE','2014-05-13 09:05:40',NULL,NULL,'SHIP'),(31,0,31,35,'0000-00-00 00:00:00','standard',10,'ACTIVE','2014-05-13 09:05:36',NULL,NULL,'SHIP'),(32,0,32,36,'0000-00-00 00:00:00','standard',10,'ACTIVE','2014-05-13 09:05:28',NULL,NULL,'SHIP'),(33,0,33,37,'0000-00-00 00:00:00','standard',10,'ACTIVE','2014-05-13 09:05:04',NULL,NULL,'SHIP'),(34,0,34,38,'0000-00-00 00:00:00','standard',10,'ACTIVE','2014-05-13 09:05:52',NULL,NULL,'SHIP'),(35,0,35,39,'0000-00-00 00:00:00','standard',10,'ACTIVE','2014-05-13 09:05:04',NULL,NULL,'SHIP'),(36,0,36,40,'0000-00-00 00:00:00','standard',10,'ACTIVE','2014-05-13 09:05:13',NULL,NULL,'SHIP'),(37,0,37,41,'0000-00-00 00:00:00','standard',10,'ACTIVE','2014-05-13 09:05:41',NULL,NULL,'SHIP'),(38,0,38,42,'0000-00-00 00:00:00','standard',10,'ACTIVE','2014-05-13 09:05:44',NULL,NULL,'SHIP'),(39,0,39,43,'0000-00-00 00:00:00','standard',10,'ACTIVE','2014-05-13 09:05:23',NULL,NULL,'SHIP'),(40,0,40,44,'0000-00-00 00:00:00','standard',10,'ACTIVE','2014-05-13 09:05:36',NULL,NULL,'SHIP'),(41,0,41,45,'0000-00-00 00:00:00','standard',10,'ACTIVE','2014-05-13 09:05:42',NULL,NULL,'SHIP'),(42,0,42,46,'0000-00-00 00:00:00','standard',10,'ACTIVE','2014-05-13 09:05:14',NULL,NULL,'SHIP'),(43,0,43,47,'0000-00-00 00:00:00','standard',10,'ACTIVE','2014-05-13 09:05:02',NULL,NULL,'SHIP'),(44,0,44,48,'0000-00-00 00:00:00','standard',10,'ACTIVE','2014-05-13 09:05:28',NULL,NULL,'SHIP'),(45,0,45,49,'0000-00-00 00:00:00','standard',10,'ACTIVE','2014-05-13 09:05:21',NULL,NULL,'SHIP'),(46,0,46,50,'0000-00-00 00:00:00','standard',10,'ACTIVE','2014-05-13 09:05:53',NULL,NULL,'SHIP'),(47,0,47,51,'0000-00-00 00:00:00','standard',10,'ACTIVE','2014-05-13 10:05:40',NULL,NULL,'SHIP'),(48,0,48,52,'0000-00-00 00:00:00','standard',10,'ACTIVE','2014-05-13 10:05:05',NULL,NULL,'SHIP'),(49,0,49,53,'0000-00-00 00:00:00','standard',10,'ACTIVE','2014-05-13 10:05:40',NULL,NULL,'SHIP'),(50,0,50,54,'0000-00-00 00:00:00','standard',10,'ACTIVE','2014-05-13 10:05:10',NULL,NULL,'SHIP'),(51,0,51,55,'0000-00-00 00:00:00','standard',10,'ACTIVE','2014-05-13 10:05:13',NULL,NULL,'SHIP'),(52,0,52,56,'0000-00-00 00:00:00','standard',10,'ACTIVE','2014-05-13 10:05:14',NULL,NULL,'SHIP'),(53,0,53,57,'0000-00-00 00:00:00','standard',10,'ACTIVE','2014-05-13 10:05:15',NULL,NULL,'SHIP'),(54,0,54,58,'0000-00-00 00:00:00','standard',10,'ACTIVE','2014-05-13 10:05:16',NULL,NULL,'SHIP'),(55,0,55,59,'0000-00-00 00:00:00','standard',10,'ACTIVE','2014-05-13 10:05:32',NULL,NULL,'SHIP'),(56,0,56,60,'0000-00-00 00:00:00','standard',10,'ACTIVE','2014-05-13 10:05:32',NULL,NULL,'SHIP'),(57,0,57,61,'0000-00-00 00:00:00','standard',10,'ACTIVE','2014-05-13 10:05:55',NULL,NULL,'SHIP'),(58,0,58,62,'0000-00-00 00:00:00','standard',10,'ACTIVE','2014-05-13 10:05:54',NULL,NULL,'SHIP'),(59,0,59,63,'0000-00-00 00:00:00','standard',10,'ACTIVE','2014-05-13 10:05:07',NULL,NULL,'SHIP'),(60,0,60,64,'0000-00-00 00:00:00','standard',10,'ACTIVE','2014-05-13 10:05:56',NULL,NULL,'SHIP'),(61,0,61,65,'0000-00-00 00:00:00','standard',10,'ACTIVE','2014-05-13 10:05:21',NULL,NULL,'SHIP'),(62,0,62,66,'0000-00-00 00:00:00','standard',10,'ACTIVE','2014-05-13 10:05:49',NULL,NULL,'SHIP'),(63,0,63,67,'0000-00-00 00:00:00','standard',10,'ACTIVE','2014-05-13 10:05:11',NULL,NULL,'SHIP'),(64,0,64,68,'0000-00-00 00:00:00','standard',10,'ACTIVE','2014-05-13 10:05:53',NULL,NULL,'SHIP'),(65,0,65,69,'0000-00-00 00:00:00','standard',10,'ACTIVE','2014-05-13 10:05:44',NULL,NULL,'SHIP'),(66,0,66,70,'0000-00-00 00:00:00','standard',10,'ACTIVE','2014-05-13 10:05:07',NULL,NULL,'SHIP'),(67,0,67,71,'0000-00-00 00:00:00','standard',10,'ACTIVE','2014-05-13 10:05:26',NULL,NULL,'SHIP'),(68,0,68,72,'0000-00-00 00:00:00','standard',10,'ACTIVE','2014-05-13 10:05:59',NULL,NULL,'SHIP'),(69,0,69,73,'0000-00-00 00:00:00','standard',10,'ACTIVE','2014-05-13 10:05:05',NULL,NULL,'SHIP'),(70,0,70,74,'0000-00-00 00:00:00','standard',10,'ACTIVE','2014-05-13 10:05:20',NULL,NULL,'SHIP'),(71,0,71,75,'0000-00-00 00:00:00','standard',10,'ACTIVE','2014-05-13 10:05:35',NULL,NULL,'SHIP'),(72,0,72,76,'0000-00-00 00:00:00','standard',10,'ACTIVE','2014-05-13 10:05:14',NULL,NULL,'SHIP'),(73,0,73,77,'0000-00-00 00:00:00','standard',10,'ACTIVE','2014-05-13 10:05:23',NULL,NULL,'SHIP'),(74,0,74,78,'0000-00-00 00:00:00','standard',10,'ACTIVE','2014-05-13 10:05:59',NULL,NULL,'SHIP'),(75,0,75,79,'0000-00-00 00:00:00','standard',10,'ACTIVE','2014-05-13 10:05:02',NULL,NULL,'SHIP'),(76,0,76,80,'0000-00-00 00:00:00','standard',10,'ACTIVE','2014-05-13 10:05:03',NULL,NULL,'SHIP'),(77,0,77,81,'0000-00-00 00:00:00','standard',10,'ACTIVE','2014-05-13 10:05:03',NULL,NULL,'SHIP'),(78,0,78,82,'0000-00-00 00:00:00','standard',10,'ACTIVE','2014-05-13 10:05:03',NULL,NULL,'SHIP'),(79,0,79,83,'0000-00-00 00:00:00','standard',10,'ACTIVE','2014-05-13 10:05:03',NULL,NULL,'SHIP'),(80,0,80,84,'0000-00-00 00:00:00','standard',10,'ACTIVE','2014-05-13 10:05:03',NULL,NULL,'SHIP'),(81,0,81,85,'0000-00-00 00:00:00','standard',10,'ACTIVE','2014-05-13 10:05:43',NULL,NULL,'SHIP'),(82,0,82,86,'0000-00-00 00:00:00','standard',10,'ACTIVE','2014-05-13 10:05:07',NULL,NULL,'SHIP'),(83,0,83,87,'0000-00-00 00:00:00','standard',10,'ACTIVE','2014-05-13 10:05:46',NULL,NULL,'SHIP'),(84,0,84,88,'0000-00-00 00:00:00','standard',10,'ACTIVE','2014-05-13 10:05:31',NULL,NULL,'SHIP'),(85,0,85,89,'0000-00-00 00:00:00','standard',10,'ACTIVE','2014-05-13 10:05:20',NULL,NULL,'SHIP'),(86,0,86,90,'0000-00-00 00:00:00','standard',10,'ACTIVE','2014-05-13 10:05:24',NULL,NULL,'SHIP'),(87,0,87,91,'0000-00-00 00:00:00','standard',10,'ACTIVE','2014-05-13 10:05:07',NULL,NULL,'SHIP'),(88,0,88,92,'0000-00-00 00:00:00','standard',10,'ACTIVE','2014-05-13 10:05:22',NULL,NULL,'SHIP'),(89,0,89,93,'0000-00-00 00:00:00','standard',10,'ACTIVE','2014-05-13 10:05:37',NULL,NULL,'SHIP'),(90,0,90,94,'0000-00-00 00:00:00','standard',10,'ACTIVE','2014-05-13 10:05:38',NULL,NULL,'SHIP'),(91,0,91,95,'0000-00-00 00:00:00','standard',10,'ACTIVE','2014-05-13 10:05:59',NULL,NULL,'SHIP'),(92,0,92,96,'0000-00-00 00:00:00','standard',10,'ACTIVE','2014-05-13 10:05:22',NULL,NULL,'SHIP'),(93,0,93,97,'0000-00-00 00:00:00','standard',10,'ACTIVE','2014-05-13 10:05:44',NULL,NULL,'SHIP'),(94,0,94,98,'0000-00-00 00:00:00','standard',10,'ACTIVE','2014-05-13 10:05:21',NULL,NULL,'SHIP'),(95,0,95,99,'0000-00-00 00:00:00','standard',10,'ACTIVE','2014-05-13 10:05:35',NULL,NULL,'SHIP'),(96,0,96,100,'0000-00-00 00:00:00','standard',10,'ACTIVE','2014-05-13 10:05:01',NULL,NULL,'SHIP'),(97,0,97,101,'0000-00-00 00:00:00','standard',10,'ACTIVE','2014-05-13 10:05:22',NULL,NULL,'SHIP'),(98,0,98,102,'0000-00-00 00:00:00','standard',10,'ACTIVE','2014-05-13 10:05:35',NULL,NULL,'SHIP'),(99,0,99,103,'0000-00-00 00:00:00','standard',10,'ACTIVE','2014-05-13 10:05:38',NULL,NULL,'SHIP'),(100,0,100,104,'0000-00-00 00:00:00','standard',10,'ACTIVE','2014-05-13 10:05:49',NULL,NULL,'SHIP'),(101,0,101,105,'0000-00-00 00:00:00','standard',10,'ACTIVE','2014-05-13 10:05:32',NULL,NULL,'SHIP'),(102,0,102,106,'0000-00-00 00:00:00','standard',10,'ACTIVE','2014-05-13 10:05:59',NULL,NULL,'SHIP'),(103,0,103,107,'0000-00-00 00:00:00','standard',10,'ACTIVE','2014-05-13 10:05:42',NULL,NULL,'SHIP'),(104,0,104,108,'0000-00-00 00:00:00','standard',10,'ACTIVE','2014-05-13 10:05:23',NULL,NULL,'SHIP'),(105,0,105,109,'0000-00-00 00:00:00','standard',10,'ACTIVE','2014-05-13 10:05:39',NULL,NULL,'SHIP'),(106,0,106,110,'0000-00-00 00:00:00','standard',10,'ACTIVE','2014-05-13 10:05:50',NULL,NULL,'SHIP'),(107,0,107,111,'0000-00-00 00:00:00','standard',10,'ACTIVE','2014-05-13 10:05:58',NULL,NULL,'SHIP'),(108,0,108,112,'0000-00-00 00:00:00','standard',10,'ACTIVE','2014-05-13 10:05:52',NULL,NULL,'SHIP'),(109,0,109,113,'0000-00-00 00:00:00','standard',10,'ACTIVE','2014-05-13 10:05:13',NULL,NULL,'SHIP'),(110,0,110,114,'0000-00-00 00:00:00','standard',10,'ACTIVE','2014-05-13 10:05:44',NULL,NULL,'SHIP'),(111,0,111,115,'0000-00-00 00:00:00','standard',10,'ACTIVE','2014-05-13 10:05:12',NULL,NULL,'SHIP'),(112,0,112,116,'0000-00-00 00:00:00','standard',10,'ACTIVE','2014-05-13 10:05:38',NULL,NULL,'SHIP'),(113,0,113,117,'0000-00-00 00:00:00','standard',10,'ACTIVE','2014-05-13 11:05:00',NULL,NULL,'SHIP'),(114,0,114,118,'0000-00-00 00:00:00','standard',10,'ACTIVE','2014-05-13 11:05:11',NULL,NULL,'SHIP'),(115,0,115,119,'0000-00-00 00:00:00','standard',10,'ACTIVE','2014-05-13 11:05:29',NULL,NULL,'SHIP'),(116,0,116,120,'0000-00-00 00:00:00','standard',10,'ACTIVE','2014-05-13 11:05:39',NULL,NULL,'SHIP'),(117,0,117,121,'0000-00-00 00:00:00','standard',10,'ACTIVE','2014-05-13 11:05:20',NULL,NULL,'SHIP'),(118,0,118,122,'0000-00-00 00:00:00','standard',10,'ACTIVE','2014-05-13 11:05:26',NULL,NULL,'SHIP'),(119,0,119,123,'0000-00-00 00:00:00','standard',10,'ACTIVE','2014-05-13 11:05:38',NULL,NULL,'SHIP'),(120,0,120,124,'0000-00-00 00:00:00','standard',10,'ACTIVE','2014-05-13 11:05:39',NULL,NULL,'SHIP'),(121,0,121,125,'0000-00-00 00:00:00','standard',10,'ACTIVE','2014-05-13 11:05:16',NULL,NULL,'SHIP'),(122,0,122,126,'0000-00-00 00:00:00','standard',10,'ACTIVE','2014-05-13 11:05:23',NULL,NULL,'SHIP'),(123,0,123,127,'0000-00-00 00:00:00','standard',10,'ACTIVE','2014-05-13 11:05:30',NULL,NULL,'SHIP'),(124,0,124,128,'0000-00-00 00:00:00','standard',10,'ACTIVE','2014-05-13 11:05:37',NULL,NULL,'SHIP'),(125,0,125,129,'0000-00-00 00:00:00','standard',10,'ACTIVE','2014-05-13 11:05:43',NULL,NULL,'SHIP'),(126,0,126,130,'0000-00-00 00:00:00','standard',10,'ACTIVE','2014-05-13 11:05:47',NULL,NULL,'SHIP'),(127,0,127,131,'0000-00-00 00:00:00','standard',10,'ACTIVE','2014-05-13 11:05:01',NULL,NULL,'SHIP'),(128,0,128,132,'0000-00-00 00:00:00','standard',10,'ACTIVE','2014-05-13 11:05:13',NULL,NULL,'SHIP'),(129,0,129,133,'0000-00-00 00:00:00','standard',10,'ACTIVE','2014-05-13 11:05:19',NULL,NULL,'SHIP'),(130,0,130,134,'0000-00-00 00:00:00','standard',10,'ACTIVE','2014-05-13 11:05:37',NULL,NULL,'SHIP'),(131,0,131,135,'0000-00-00 00:00:00','standard',10,'ACTIVE','2014-05-13 11:05:41',NULL,NULL,'SHIP'),(132,0,132,136,'0000-00-00 00:00:00','standard',10,'ACTIVE','2014-05-13 11:05:45',NULL,NULL,'SHIP'),(133,0,133,137,'0000-00-00 00:00:00','standard',10,'ACTIVE','2014-05-13 11:05:02',NULL,NULL,'SHIP'),(134,0,134,138,'0000-00-00 00:00:00','standard',10,'ACTIVE','2014-05-13 11:05:41',NULL,NULL,'SHIP'),(135,0,135,139,'0000-00-00 00:00:00','standard',10,'ACTIVE','2014-05-13 11:05:41',NULL,NULL,'SHIP'),(136,0,136,140,'0000-00-00 00:00:00','standard',10,'ACTIVE','2014-05-13 11:05:51',NULL,NULL,'SHIP'),(137,0,137,141,'0000-00-00 00:00:00','standard',10,'ACTIVE','2014-05-13 11:05:03',NULL,NULL,'SHIP'),(138,0,138,142,'0000-00-00 00:00:00','standard',10,'ACTIVE','2014-05-13 11:05:33',NULL,NULL,'SHIP'),(139,0,139,143,'0000-00-00 00:00:00','standard',10,'ACTIVE','2014-05-13 11:05:51',NULL,NULL,'SHIP'),(140,0,140,144,'0000-00-00 00:00:00','standard',10,'ACTIVE','2014-05-13 11:05:12',NULL,NULL,'SHIP'),(141,0,141,145,'0000-00-00 00:00:00','standard',10,'ACTIVE','2014-05-13 11:05:28',NULL,NULL,'SHIP'),(142,0,142,146,'0000-00-00 00:00:00','standard',10,'ACTIVE','2014-05-13 11:05:00',NULL,NULL,'SHIP'),(143,0,143,147,'0000-00-00 00:00:00','standard',10,'ACTIVE','2014-05-13 11:05:50',NULL,NULL,'SHIP'),(144,0,144,148,'0000-00-00 00:00:00','standard',10,'ACTIVE','2014-05-13 11:05:57',NULL,NULL,'SHIP'),(145,0,145,149,'0000-00-00 00:00:00','standard',10,'ACTIVE','2014-05-13 11:05:24',NULL,NULL,'SHIP'),(146,0,146,150,'0000-00-00 00:00:00','standard',10,'ACTIVE','2014-05-13 11:05:30',NULL,NULL,'SHIP'),(147,0,147,151,'0000-00-00 00:00:00','standard',10,'ACTIVE','2014-05-13 11:05:26',NULL,NULL,'SHIP'),(148,0,148,152,'0000-00-00 00:00:00','standard',10,'ACTIVE','2014-05-13 11:05:44',NULL,NULL,'SHIP'),(149,0,149,153,'0000-00-00 00:00:00','standard',10,'ACTIVE','2014-05-13 11:05:39',NULL,NULL,'SHIP'),(150,0,150,154,'0000-00-00 00:00:00','standard',10,'ACTIVE','2014-05-13 11:05:07',NULL,NULL,'SHIP'),(151,0,151,155,'0000-00-00 00:00:00','standard',10,'ACTIVE','2014-05-13 11:05:54',NULL,NULL,'SHIP'),(152,0,152,156,'0000-00-00 00:00:00','standard',10,'ACTIVE','2014-05-13 11:05:59',NULL,NULL,'SHIP'),(153,0,153,157,'0000-00-00 00:00:00','standard',10,'ACTIVE','2014-05-13 11:05:31',NULL,NULL,'SHIP'),(154,0,154,158,'0000-00-00 00:00:00','standard',10,'ACTIVE','2014-05-14 12:05:02',NULL,NULL,'SHIP'),(155,0,155,159,'0000-00-00 00:00:00','standard',10,'ACTIVE','2014-05-14 12:05:38',NULL,NULL,'SHIP'),(156,0,156,160,'0000-00-00 00:00:00','standard',10,'ACTIVE','2014-05-14 12:05:47',NULL,NULL,'SHIP'),(157,0,157,161,'0000-00-00 00:00:00','standard',10,'ACTIVE','2014-05-14 12:05:23',NULL,NULL,'SHIP'),(158,0,158,162,'0000-00-00 00:00:00','standard',10,'ACTIVE','2014-05-14 12:05:17',NULL,NULL,'SHIP'),(159,0,159,163,NULL,'standard',10,'ACTIVE','2014-05-14 09:05:49',NULL,NULL,'SHIP'),(160,0,160,164,NULL,'standard',10,'ACTIVE','2014-05-14 09:05:54',NULL,NULL,'SHIP'),(161,0,161,165,NULL,'standard',10,'ACTIVE','2014-05-14 09:05:42',NULL,NULL,'SHIP'),(162,0,162,166,NULL,'standard',10,'ACTIVE','2014-05-14 09:05:30',NULL,NULL,'SHIP'),(163,0,163,167,NULL,'standard',10,'ACTIVE','2014-05-14 10:05:27',NULL,NULL,'SHIP'),(164,0,164,168,NULL,'standard',10,'ACTIVE','2014-05-14 10:05:23',NULL,NULL,'SHIP'),(165,0,165,169,NULL,'standard',10,'ACTIVE','2014-05-14 10:05:12',NULL,NULL,'SHIP'),(166,0,166,170,NULL,'standard',10,'ACTIVE','2014-05-14 11:05:57',NULL,NULL,'SHIP'),(167,0,167,171,NULL,'standard',10,'ACTIVE','2014-05-14 11:05:30',NULL,NULL,'SHIP'),(168,0,168,172,NULL,'standard',10,'ACTIVE','2014-05-14 11:05:03',NULL,NULL,'SHIP'),(169,0,169,173,NULL,'standard',10,'ACTIVE','2014-05-14 11:05:50',NULL,NULL,'SHIP'),(170,0,170,174,NULL,'standard',10,'ACTIVE','2014-05-15 08:05:07',NULL,NULL,'SHIP'),(171,0,171,175,NULL,'standard',10,'ACTIVE','2014-05-15 09:05:46',NULL,NULL,'SHIP'),(172,0,172,176,NULL,'standard',10,'ACTIVE','2014-05-15 10:05:58',NULL,NULL,'SHIP'),(173,0,173,177,NULL,'standard',10,'ACTIVE','2014-05-15 10:05:25',NULL,NULL,'SHIP'),(174,0,174,178,NULL,'standard',10,'ACTIVE','2014-05-15 10:05:22',NULL,NULL,'SHIP'),(175,0,175,179,'0000-00-00 00:00:00','standard',10,'ACTIVE','2014-05-15 11:05:09',NULL,NULL,'SHIP'),(176,0,176,180,'0000-00-00 00:00:00','standard',10,'ACTIVE','2014-05-15 11:05:23',NULL,NULL,'SHIP'),(177,0,177,181,'0000-00-00 00:00:00','standard',10,'ACTIVE','2014-05-15 11:05:09',NULL,NULL,'SHIP'),(178,0,178,182,NULL,'standard',10,'ACTIVE','2014-05-16 06:05:43',NULL,NULL,'SHIP'),(179,0,179,183,NULL,'standard',10,'ACTIVE','2014-05-16 06:05:37',NULL,NULL,'SHIP'),(180,0,180,184,NULL,'standard',10,'ACTIVE','2014-05-16 06:05:17',NULL,NULL,'SHIP'),(181,0,181,185,NULL,'standard',10,'ACTIVE','2014-05-16 07:05:52',NULL,NULL,'SHIP'),(182,0,182,186,NULL,'standard',10,'ACTIVE','2014-05-18 10:05:33',NULL,NULL,'SHIP'),(183,0,183,187,NULL,'standard',10,'ACTIVE','2014-05-18 10:05:33',NULL,NULL,'SHIP'),(184,0,184,188,NULL,'standard',10,'ACTIVE','2014-05-18 04:05:57',NULL,NULL,'SHIP'),(185,0,185,189,NULL,'standard',10,'ACTIVE','2014-05-18 04:05:53',NULL,NULL,'SHIP'),(186,0,186,190,NULL,'standard',10,'ACTIVE','2014-05-18 05:05:15',NULL,NULL,'SHIP'),(187,0,187,191,NULL,'standard',10,'ACTIVE','2014-05-19 10:05:52',NULL,NULL,'SHIP'),(188,0,188,192,NULL,'standard',10,'ACTIVE','2014-05-21 10:05:53',NULL,NULL,'SHIP'),(189,0,189,194,NULL,'standard',10,'ACTIVE','2014-05-24 07:05:41',NULL,NULL,'SHIP'),(190,0,190,195,NULL,'standard',10,'ACTIVE','2014-05-25 08:05:56',NULL,NULL,'SHIP');

/*Table structure for table `t_order` */

DROP TABLE IF EXISTS `t_order`;

CREATE TABLE `t_order` (
  `id` int(11) NOT NULL AUTO_INCREMENT,
  `sub_key` varchar(50) COLLATE utf8_unicode_ci NOT NULL,
  `fk_user` int(11) DEFAULT NULL,
  `created_user` int(11) DEFAULT NULL,
  `created_date` datetime DEFAULT NULL,
  `shiped_date` datetime DEFAULT NULL,
  `canceled_date` datetime DEFAULT NULL,
  `completed_date` datetime DEFAULT NULL,
  PRIMARY KEY (`id`),
  KEY `fk_user` (`fk_user`),
  CONSTRAINT `t_order_ibfk_1` FOREIGN KEY (`fk_user`) REFERENCES `t_user` (`id`)
) ENGINE=InnoDB AUTO_INCREMENT=191 DEFAULT CHARSET=utf8 COLLATE=utf8_unicode_ci;

/*Data for the table `t_order` */

insert  into `t_order`(`id`,`sub_key`,`fk_user`,`created_user`,`created_date`,`shiped_date`,`canceled_date`,`completed_date`) values (1,'GIFT',50,50,'2014-05-13 08:05:36',NULL,NULL,NULL),(2,'GIFT',50,50,'2014-05-13 08:05:10',NULL,NULL,NULL),(3,'GIFT',50,50,'2014-05-13 08:05:49',NULL,NULL,NULL),(4,'GIFT',50,50,'2014-05-13 09:05:26',NULL,NULL,NULL),(5,'GIFT',50,50,'2014-05-13 09:05:01',NULL,NULL,NULL),(6,'GIFT',50,50,'2014-05-13 09:05:55',NULL,NULL,NULL),(7,'GIFT',50,50,'2014-05-13 09:05:15',NULL,NULL,NULL),(8,'GIFT',50,50,'2014-05-13 09:05:43',NULL,NULL,NULL),(9,'GIFT',50,50,'2014-05-13 09:05:18',NULL,NULL,NULL),(10,'GIFT',50,50,'2014-05-13 09:05:29',NULL,NULL,NULL),(11,'GIFT',50,50,'2014-05-13 09:05:58',NULL,NULL,NULL),(12,'GIFT',50,50,'2014-05-13 09:05:23',NULL,NULL,NULL),(13,'GIFT',50,50,'2014-05-13 09:05:57',NULL,NULL,NULL),(14,'GIFT',50,50,'2014-05-13 09:05:31',NULL,NULL,NULL),(15,'GIFT',50,50,'2014-05-13 09:05:41',NULL,NULL,NULL),(16,'GIFT',50,50,'2014-05-13 09:05:48',NULL,NULL,NULL),(17,'GIFT',50,50,'2014-05-13 09:05:05',NULL,NULL,NULL),(18,'GIFT',50,50,'2014-05-13 09:05:21',NULL,NULL,NULL),(19,'GIFT',50,50,'2014-05-13 09:05:31',NULL,NULL,NULL),(20,'GIFT',50,50,'2014-05-13 09:05:20',NULL,NULL,NULL),(21,'GIFT',50,50,'2014-05-13 09:05:44',NULL,NULL,NULL),(22,'GIFT',50,50,'2014-05-13 09:05:58',NULL,NULL,NULL),(23,'GIFT',50,50,'2014-05-13 09:05:13',NULL,NULL,NULL),(24,'GIFT',50,50,'2014-05-13 09:05:23',NULL,NULL,NULL),(25,'GIFT',50,50,'2014-05-13 09:05:06',NULL,NULL,NULL),(26,'GIFT',50,50,'2014-05-13 09:05:32',NULL,NULL,NULL),(27,'GIFT',50,50,'2014-05-13 09:05:47',NULL,NULL,NULL),(28,'GIFT',50,50,'2014-05-13 09:05:14',NULL,NULL,NULL),(29,'GIFT',50,50,'2014-05-13 09:05:29',NULL,NULL,NULL),(30,'GIFT',50,50,'2014-05-13 09:05:40',NULL,NULL,NULL),(31,'GIFT',50,50,'2014-05-13 09:05:36',NULL,NULL,NULL),(32,'GIFT',50,50,'2014-05-13 09:05:28',NULL,NULL,NULL),(33,'GIFT',50,50,'2014-05-13 09:05:04',NULL,NULL,NULL),(34,'GIFT',50,50,'2014-05-13 09:05:52',NULL,NULL,NULL),(35,'GIFT',50,50,'2014-05-13 09:05:04',NULL,NULL,NULL),(36,'GIFT',50,50,'2014-05-13 09:05:13',NULL,NULL,NULL),(37,'GIFT',50,50,'2014-05-13 09:05:41',NULL,NULL,NULL),(38,'GIFT',50,50,'2014-05-13 09:05:44',NULL,NULL,NULL),(39,'GIFT',50,50,'2014-05-13 09:05:23',NULL,NULL,NULL),(40,'GIFT',50,50,'2014-05-13 09:05:36',NULL,NULL,NULL),(41,'GIFT',50,50,'2014-05-13 09:05:42',NULL,NULL,NULL),(42,'GIFT',50,50,'2014-05-13 09:05:14',NULL,NULL,NULL),(43,'GIFT',50,50,'2014-05-13 09:05:02',NULL,NULL,NULL),(44,'GIFT',50,50,'2014-05-13 09:05:28',NULL,NULL,NULL),(45,'GIFT',50,50,'2014-05-13 09:05:21',NULL,NULL,NULL),(46,'GIFT',50,50,'2014-05-13 09:05:53',NULL,NULL,NULL),(47,'GIFT',50,50,'2014-05-13 10:05:40',NULL,NULL,NULL),(48,'GIFT',50,50,'2014-05-13 10:05:05',NULL,NULL,NULL),(49,'GIFT',50,50,'2014-05-13 10:05:40',NULL,NULL,NULL),(50,'GIFT',50,50,'2014-05-13 10:05:10',NULL,NULL,NULL),(51,'GIFT',50,50,'2014-05-13 10:05:13',NULL,NULL,NULL),(52,'GIFT',50,50,'2014-05-13 10:05:14',NULL,NULL,NULL),(53,'GIFT',50,50,'2014-05-13 10:05:15',NULL,NULL,NULL),(54,'GIFT',50,50,'2014-05-13 10:05:16',NULL,NULL,NULL),(55,'GIFT',50,50,'2014-05-13 10:05:32',NULL,NULL,NULL),(56,'GIFT',50,50,'2014-05-13 10:05:31',NULL,NULL,NULL),(57,'GIFT',50,50,'2014-05-13 10:05:55',NULL,NULL,NULL),(58,'GIFT',50,50,'2014-05-13 10:05:54',NULL,NULL,NULL),(59,'GIFT',50,50,'2014-05-13 10:05:07',NULL,NULL,NULL),(60,'GIFT',50,50,'2014-05-13 10:05:55',NULL,NULL,NULL),(61,'GIFT',50,50,'2014-05-13 10:05:21',NULL,NULL,NULL),(62,'GIFT',50,50,'2014-05-13 10:05:49',NULL,NULL,NULL),(63,'GIFT',50,50,'2014-05-13 10:05:11',NULL,NULL,NULL),(64,'GIFT',50,50,'2014-05-13 10:05:53',NULL,NULL,NULL),(65,'GIFT',50,50,'2014-05-13 10:05:44',NULL,NULL,NULL),(66,'GIFT',50,50,'2014-05-13 10:05:07',NULL,NULL,NULL),(67,'GIFT',50,50,'2014-05-13 10:05:26',NULL,NULL,NULL),(68,'GIFT',50,50,'2014-05-13 10:05:59',NULL,NULL,NULL),(69,'GIFT',50,50,'2014-05-13 10:05:05',NULL,NULL,NULL),(70,'GIFT',50,50,'2014-05-13 10:05:20',NULL,NULL,NULL),(71,'GIFT',50,50,'2014-05-13 10:05:35',NULL,NULL,NULL),(72,'GIFT',50,50,'2014-05-13 10:05:14',NULL,NULL,NULL),(73,'GIFT',50,50,'2014-05-13 10:05:23',NULL,NULL,NULL),(74,'GIFT',50,50,'2014-05-13 10:05:59',NULL,NULL,NULL),(75,'GIFT',50,50,'2014-05-13 10:05:02',NULL,NULL,NULL),(76,'GIFT',50,50,'2014-05-13 10:05:03',NULL,NULL,NULL),(77,'GIFT',50,50,'2014-05-13 10:05:03',NULL,NULL,NULL),(78,'GIFT',50,50,'2014-05-13 10:05:03',NULL,NULL,NULL),(79,'GIFT',50,50,'2014-05-13 10:05:03',NULL,NULL,NULL),(80,'GIFT',50,50,'2014-05-13 10:05:03',NULL,NULL,NULL),(81,'GIFT',50,50,'2014-05-13 10:05:43',NULL,NULL,NULL),(82,'GIFT',50,50,'2014-05-13 10:05:07',NULL,NULL,NULL),(83,'GIFT',50,50,'2014-05-13 10:05:46',NULL,NULL,NULL),(84,'GIFT',50,50,'2014-05-13 10:05:31',NULL,NULL,NULL),(85,'GIFT',50,50,'2014-05-13 10:05:20',NULL,NULL,NULL),(86,'GIFT',50,50,'2014-05-13 10:05:24',NULL,NULL,NULL),(87,'GIFT',50,50,'2014-05-13 10:05:07',NULL,NULL,NULL),(88,'GIFT',50,50,'2014-05-13 10:05:22',NULL,NULL,NULL),(89,'GIFT',50,50,'2014-05-13 10:05:37',NULL,NULL,NULL),(90,'GIFT',50,50,'2014-05-13 10:05:38',NULL,NULL,NULL),(91,'GIFT',50,50,'2014-05-13 10:05:59',NULL,NULL,NULL),(92,'GIFT',50,50,'2014-05-13 10:05:22',NULL,NULL,NULL),(93,'GIFT',50,50,'2014-05-13 10:05:44',NULL,NULL,NULL),(94,'GIFT',50,50,'2014-05-13 10:05:21',NULL,NULL,NULL),(95,'GIFT',50,50,'2014-05-13 10:05:35',NULL,NULL,NULL),(96,'GIFT',50,50,'2014-05-13 10:05:01',NULL,NULL,NULL),(97,'GIFT',50,50,'2014-05-13 10:05:22',NULL,NULL,NULL),(98,'GIFT',50,50,'2014-05-13 10:05:35',NULL,NULL,NULL),(99,'GIFT',50,50,'2014-05-13 10:05:38',NULL,NULL,NULL),(100,'GIFT',50,50,'2014-05-13 10:05:49',NULL,NULL,NULL),(101,'GIFT',50,50,'2014-05-13 10:05:32',NULL,NULL,NULL),(102,'GIFT',50,50,'2014-05-13 10:05:59',NULL,NULL,NULL),(103,'GIFT',50,50,'2014-05-13 10:05:42',NULL,NULL,NULL),(104,'GIFT',50,50,'2014-05-13 10:05:23',NULL,NULL,NULL),(105,'GIFT',50,50,'2014-05-13 10:05:39',NULL,NULL,NULL),(106,'GIFT',50,50,'2014-05-13 10:05:50',NULL,NULL,NULL),(107,'GIFT',50,50,'2014-05-13 10:05:58',NULL,NULL,NULL),(108,'GIFT',50,50,'2014-05-13 10:05:52',NULL,NULL,NULL),(109,'GIFT',50,50,'2014-05-13 10:05:13',NULL,NULL,NULL),(110,'GIFT',50,50,'2014-05-13 10:05:44',NULL,NULL,NULL),(111,'GIFT',50,50,'2014-05-13 10:05:12',NULL,NULL,NULL),(112,'GIFT',50,50,'2014-05-13 10:05:38',NULL,NULL,NULL),(113,'GIFT',50,50,'2014-05-13 11:05:00',NULL,NULL,NULL),(114,'GIFT',50,50,'2014-05-13 11:05:11',NULL,NULL,NULL),(115,'GIFT',50,50,'2014-05-13 11:05:29',NULL,NULL,NULL),(116,'GIFT',50,50,'2014-05-13 11:05:39',NULL,NULL,NULL),(117,'GIFT',50,50,'2014-05-13 11:05:20',NULL,NULL,NULL),(118,'GIFT',50,50,'2014-05-13 11:05:26',NULL,NULL,NULL),(119,'GIFT',50,50,'2014-05-13 11:05:38',NULL,NULL,NULL),(120,'GIFT',50,50,'2014-05-13 11:05:39',NULL,NULL,NULL),(121,'GIFT',50,50,'2014-05-13 11:05:16',NULL,NULL,NULL),(122,'GIFT',50,50,'2014-05-13 11:05:22',NULL,NULL,NULL),(123,'GIFT',50,50,'2014-05-13 11:05:30',NULL,NULL,NULL),(124,'GIFT',50,50,'2014-05-13 11:05:37',NULL,NULL,NULL),(125,'GIFT',50,50,'2014-05-13 11:05:43',NULL,NULL,NULL),(126,'GIFT',50,50,'2014-05-13 11:05:47',NULL,NULL,NULL),(127,'GIFT',50,50,'2014-05-13 11:05:01',NULL,NULL,NULL),(128,'GIFT',50,50,'2014-05-13 11:05:13',NULL,NULL,NULL),(129,'GIFT',50,50,'2014-05-13 11:05:19',NULL,NULL,NULL),(130,'GIFT',50,50,'2014-05-13 11:05:37',NULL,NULL,NULL),(131,'GIFT',50,50,'2014-05-13 11:05:41',NULL,NULL,NULL),(132,'GIFT',50,50,'2014-05-13 11:05:45',NULL,NULL,NULL),(133,'GIFT',50,50,'2014-05-13 11:05:02',NULL,NULL,NULL),(134,'GIFT',50,50,'2014-05-13 11:05:41',NULL,NULL,NULL),(135,'GIFT',50,50,'2014-05-13 11:05:41',NULL,NULL,NULL),(136,'GIFT',50,50,'2014-05-13 11:05:51',NULL,NULL,NULL),(137,'GIFT',50,50,'2014-05-13 11:05:03',NULL,NULL,NULL),(138,'GIFT',50,50,'2014-05-13 11:05:33',NULL,NULL,NULL),(139,'GIFT',50,50,'2014-05-13 11:05:51',NULL,NULL,NULL),(140,'GIFT',50,50,'2014-05-13 11:05:12',NULL,NULL,NULL),(141,'GIFT',50,50,'2014-05-13 11:05:27',NULL,NULL,NULL),(142,'GIFT',50,50,'2014-05-13 11:05:00',NULL,NULL,NULL),(143,'GIFT',50,50,'2014-05-13 11:05:50',NULL,NULL,NULL),(144,'GIFT',50,50,'2014-05-13 11:05:57',NULL,NULL,NULL),(145,'GIFT',50,50,'2014-05-13 11:05:24',NULL,NULL,NULL),(146,'GIFT',50,50,'2014-05-13 11:05:30',NULL,NULL,NULL),(147,'GIFT',50,50,'2014-05-13 11:05:26',NULL,NULL,NULL),(148,'GIFT',50,50,'2014-05-13 11:05:44',NULL,NULL,NULL),(149,'GIFT',50,50,'2014-05-13 11:05:39',NULL,NULL,NULL),(150,'GIFT',50,50,'2014-05-13 11:05:07',NULL,NULL,NULL),(151,'GIFT',50,50,'2014-05-13 11:05:54',NULL,NULL,NULL),(152,'GIFT',50,50,'2014-05-13 11:05:59',NULL,NULL,NULL),(153,'GIFT',50,50,'2014-05-13 11:05:30',NULL,NULL,NULL),(154,'GIFT',50,50,'2014-05-14 12:05:01',NULL,NULL,NULL),(155,'GIFT',50,50,'2014-05-14 12:05:38',NULL,NULL,NULL),(156,'GIFT',50,50,'2014-05-14 12:05:47',NULL,NULL,NULL),(157,'GIFT',50,50,'2014-05-14 12:05:23',NULL,NULL,NULL),(158,'GIFT',50,50,'2014-05-14 12:05:17',NULL,NULL,NULL),(159,'GIFT',NULL,NULL,'2014-05-14 09:05:49',NULL,NULL,NULL),(160,'GIFT',NULL,NULL,'2014-05-14 09:05:54',NULL,NULL,NULL),(161,'GIFT',NULL,NULL,'2014-05-14 09:05:42',NULL,NULL,NULL),(162,'GIFT',NULL,NULL,'2014-05-14 09:05:30',NULL,NULL,NULL),(163,'GIFT',NULL,NULL,'2014-05-14 10:05:27',NULL,NULL,NULL),(164,'GIFT',NULL,NULL,'2014-05-14 10:05:23',NULL,NULL,NULL),(165,'GIFT',NULL,NULL,'2014-05-14 10:05:12',NULL,NULL,NULL),(166,'GIFT',NULL,NULL,'2014-05-14 11:05:57',NULL,NULL,NULL),(167,'GIFT',NULL,NULL,'2014-05-14 11:05:30',NULL,NULL,NULL),(168,'GIFT',NULL,NULL,'2014-05-14 11:05:03',NULL,NULL,NULL),(169,'GIFT',NULL,NULL,'2014-05-14 11:05:50',NULL,NULL,NULL),(170,'GIFT',NULL,NULL,'2014-05-15 08:05:07',NULL,NULL,NULL),(171,'GIFT',NULL,NULL,'2014-05-15 09:05:46',NULL,NULL,NULL),(172,'GIFT',NULL,NULL,'2014-05-15 10:05:58',NULL,NULL,NULL),(173,'GIFT',NULL,NULL,'2014-05-15 10:05:25',NULL,NULL,NULL),(174,'GIFT',NULL,NULL,'2014-05-15 10:05:22',NULL,NULL,NULL),(175,'GIFT',50,50,'2014-05-15 11:05:09',NULL,NULL,NULL),(176,'GIFT',50,50,'2014-05-15 11:05:23',NULL,NULL,NULL),(177,'GIFT',50,50,'2014-05-15 11:05:09',NULL,NULL,NULL),(178,'GIFT',NULL,NULL,'2014-05-16 06:05:43',NULL,NULL,NULL),(179,'GIFT',NULL,NULL,'2014-05-16 06:05:37',NULL,NULL,NULL),(180,'GIFT',NULL,NULL,'2014-05-16 06:05:17',NULL,NULL,NULL),(181,'GIFT',NULL,NULL,'2014-05-16 07:05:52',NULL,NULL,NULL),(182,'GIFT',NULL,NULL,'2014-05-18 10:05:33',NULL,NULL,NULL),(183,'GIFT',NULL,NULL,'2014-05-18 10:05:33',NULL,NULL,NULL),(184,'GIFT',NULL,NULL,'2014-05-18 04:05:57',NULL,NULL,NULL),(185,'GIFT',NULL,NULL,'2014-05-18 04:05:53',NULL,NULL,NULL),(186,'GIFT',NULL,NULL,'2014-05-18 05:05:15',NULL,NULL,NULL),(187,'GIFT',NULL,NULL,'2014-05-19 10:05:52',NULL,NULL,NULL),(188,'GIFT',NULL,NULL,'2014-05-21 10:05:52',NULL,NULL,NULL),(189,'GIFT',NULL,NULL,'2014-05-24 07:05:41',NULL,NULL,NULL),(190,'GIFT',NULL,NULL,'2014-05-25 08:05:56',NULL,NULL,NULL);

/*Table structure for table `t_order_status` */

DROP TABLE IF EXISTS `t_order_status`;

CREATE TABLE `t_order_status` (
  `id` int(11) NOT NULL AUTO_INCREMENT,
  `fk_order` int(11) DEFAULT NULL,
  `status` enum('VERIFYING','SHIPPING','DELIVERED','ORDER_PLACED','ORDER_CANCELLED','REJECTED') COLLATE utf8_unicode_ci DEFAULT NULL,
  `updated_user` int(11) DEFAULT NULL,
  `updated_date` datetime DEFAULT NULL,
  `comment` text COLLATE utf8_unicode_ci,
  PRIMARY KEY (`id`)
) ENGINE=InnoDB AUTO_INCREMENT=219 DEFAULT CHARSET=utf8 COLLATE=utf8_unicode_ci;

/*Data for the table `t_order_status` */

insert  into `t_order_status`(`id`,`fk_order`,`status`,`updated_user`,`updated_date`,`comment`) values (1,1,'ORDER_PLACED',50,'2014-05-13 08:05:36',NULL),(2,1,'VERIFYING',50,'2014-05-13 08:05:02',NULL),(3,2,'ORDER_PLACED',50,'2014-05-13 08:05:10',NULL),(4,3,'ORDER_PLACED',50,'2014-05-13 08:05:49',NULL),(5,4,'ORDER_PLACED',50,'2014-05-13 09:05:26',NULL),(6,5,'ORDER_PLACED',50,'2014-05-13 09:05:01',NULL),(7,6,'ORDER_PLACED',50,'2014-05-13 09:05:55',NULL),(8,7,'ORDER_PLACED',50,'2014-05-13 09:05:15',NULL),(9,8,'ORDER_PLACED',50,'2014-05-13 09:05:43',NULL),(10,9,'ORDER_PLACED',50,'2014-05-13 09:05:18',NULL),(11,10,'ORDER_PLACED',50,'2014-05-13 09:05:29',NULL),(12,11,'ORDER_PLACED',50,'2014-05-13 09:05:58',NULL),(13,12,'ORDER_PLACED',50,'2014-05-13 09:05:23',NULL),(14,13,'ORDER_PLACED',50,'2014-05-13 09:05:57',NULL),(15,14,'ORDER_PLACED',50,'2014-05-13 09:05:31',NULL),(16,15,'ORDER_PLACED',50,'2014-05-13 09:05:41',NULL),(17,16,'ORDER_PLACED',50,'2014-05-13 09:05:48',NULL),(18,17,'ORDER_PLACED',50,'2014-05-13 09:05:05',NULL),(19,18,'ORDER_PLACED',50,'2014-05-13 09:05:21',NULL),(20,19,'ORDER_PLACED',50,'2014-05-13 09:05:31',NULL),(21,20,'ORDER_PLACED',50,'2014-05-13 09:05:20',NULL),(22,21,'ORDER_PLACED',50,'2014-05-13 09:05:44',NULL),(23,22,'ORDER_PLACED',50,'2014-05-13 09:05:58',NULL),(24,23,'ORDER_PLACED',50,'2014-05-13 09:05:13',NULL),(25,24,'ORDER_PLACED',50,'2014-05-13 09:05:24',NULL),(26,25,'ORDER_PLACED',50,'2014-05-13 09:05:06',NULL),(27,26,'ORDER_PLACED',50,'2014-05-13 09:05:32',NULL),(28,27,'ORDER_PLACED',50,'2014-05-13 09:05:48',NULL),(29,28,'ORDER_PLACED',50,'2014-05-13 09:05:14',NULL),(30,29,'ORDER_PLACED',50,'2014-05-13 09:05:29',NULL),(31,30,'ORDER_PLACED',50,'2014-05-13 09:05:40',NULL),(32,31,'ORDER_PLACED',50,'2014-05-13 09:05:36',NULL),(33,32,'ORDER_PLACED',50,'2014-05-13 09:05:28',NULL),(34,33,'ORDER_PLACED',50,'2014-05-13 09:05:04',NULL),(35,34,'ORDER_PLACED',50,'2014-05-13 09:05:52',NULL),(36,35,'ORDER_PLACED',50,'2014-05-13 09:05:04',NULL),(37,36,'ORDER_PLACED',50,'2014-05-13 09:05:13',NULL),(38,37,'ORDER_PLACED',50,'2014-05-13 09:05:41',NULL),(39,38,'ORDER_PLACED',50,'2014-05-13 09:05:44',NULL),(40,39,'ORDER_PLACED',50,'2014-05-13 09:05:23',NULL),(41,40,'ORDER_PLACED',50,'2014-05-13 09:05:36',NULL),(42,41,'ORDER_PLACED',50,'2014-05-13 09:05:42',NULL),(43,42,'ORDER_PLACED',50,'2014-05-13 09:05:14',NULL),(44,43,'ORDER_PLACED',50,'2014-05-13 09:05:02',NULL),(45,44,'ORDER_PLACED',50,'2014-05-13 09:05:28',NULL),(46,45,'ORDER_PLACED',50,'2014-05-13 09:05:21',NULL),(47,46,'ORDER_PLACED',50,'2014-05-13 09:05:53',NULL),(48,47,'ORDER_PLACED',50,'2014-05-13 10:05:40',NULL),(49,48,'ORDER_PLACED',50,'2014-05-13 10:05:05',NULL),(50,49,'ORDER_PLACED',50,'2014-05-13 10:05:40',NULL),(51,50,'ORDER_PLACED',50,'2014-05-13 10:05:10',NULL),(52,51,'ORDER_PLACED',50,'2014-05-13 10:05:13',NULL),(53,52,'ORDER_PLACED',50,'2014-05-13 10:05:14',NULL),(54,53,'ORDER_PLACED',50,'2014-05-13 10:05:15',NULL),(55,54,'ORDER_PLACED',50,'2014-05-13 10:05:16',NULL),(56,55,'ORDER_PLACED',50,'2014-05-13 10:05:32',NULL),(57,56,'ORDER_PLACED',50,'2014-05-13 10:05:32',NULL),(58,57,'ORDER_PLACED',50,'2014-05-13 10:05:55',NULL),(59,58,'ORDER_PLACED',50,'2014-05-13 10:05:54',NULL),(60,59,'ORDER_PLACED',50,'2014-05-13 10:05:07',NULL),(61,60,'ORDER_PLACED',50,'2014-05-13 10:05:56',NULL),(62,61,'ORDER_PLACED',50,'2014-05-13 10:05:21',NULL),(63,62,'ORDER_PLACED',50,'2014-05-13 10:05:49',NULL),(64,63,'ORDER_PLACED',50,'2014-05-13 10:05:11',NULL),(65,64,'ORDER_PLACED',50,'2014-05-13 10:05:53',NULL),(66,65,'ORDER_PLACED',50,'2014-05-13 10:05:44',NULL),(67,66,'ORDER_PLACED',50,'2014-05-13 10:05:07',NULL),(68,67,'ORDER_PLACED',50,'2014-05-13 10:05:26',NULL),(69,68,'ORDER_PLACED',50,'2014-05-13 10:05:59',NULL),(70,69,'ORDER_PLACED',50,'2014-05-13 10:05:05',NULL),(71,70,'ORDER_PLACED',50,'2014-05-13 10:05:20',NULL),(72,71,'ORDER_PLACED',50,'2014-05-13 10:05:35',NULL),(73,72,'ORDER_PLACED',50,'2014-05-13 10:05:14',NULL),(74,73,'ORDER_PLACED',50,'2014-05-13 10:05:23',NULL),(75,74,'ORDER_PLACED',50,'2014-05-13 10:05:59',NULL),(76,75,'ORDER_PLACED',50,'2014-05-13 10:05:02',NULL),(77,76,'ORDER_PLACED',50,'2014-05-13 10:05:03',NULL),(78,77,'ORDER_PLACED',50,'2014-05-13 10:05:03',NULL),(79,78,'ORDER_PLACED',50,'2014-05-13 10:05:03',NULL),(80,79,'ORDER_PLACED',50,'2014-05-13 10:05:03',NULL),(81,80,'ORDER_PLACED',50,'2014-05-13 10:05:03',NULL),(82,81,'ORDER_PLACED',50,'2014-05-13 10:05:43',NULL),(83,82,'ORDER_PLACED',50,'2014-05-13 10:05:07',NULL),(84,83,'ORDER_PLACED',50,'2014-05-13 10:05:46',NULL),(85,84,'ORDER_PLACED',50,'2014-05-13 10:05:31',NULL),(86,85,'ORDER_PLACED',50,'2014-05-13 10:05:20',NULL),(87,86,'ORDER_PLACED',50,'2014-05-13 10:05:24',NULL),(88,87,'ORDER_PLACED',50,'2014-05-13 10:05:07',NULL),(89,88,'ORDER_PLACED',50,'2014-05-13 10:05:22',NULL),(90,89,'ORDER_PLACED',50,'2014-05-13 10:05:37',NULL),(91,90,'ORDER_PLACED',50,'2014-05-13 10:05:38',NULL),(92,91,'ORDER_PLACED',50,'2014-05-13 10:05:59',NULL),(93,92,'ORDER_PLACED',50,'2014-05-13 10:05:22',NULL),(94,93,'ORDER_PLACED',50,'2014-05-13 10:05:44',NULL),(95,94,'ORDER_PLACED',50,'2014-05-13 10:05:21',NULL),(96,95,'ORDER_PLACED',50,'2014-05-13 10:05:35',NULL),(97,96,'ORDER_PLACED',50,'2014-05-13 10:05:01',NULL),(98,97,'ORDER_PLACED',50,'2014-05-13 10:05:22',NULL),(99,98,'ORDER_PLACED',50,'2014-05-13 10:05:35',NULL),(100,99,'ORDER_PLACED',50,'2014-05-13 10:05:38',NULL),(101,100,'ORDER_PLACED',50,'2014-05-13 10:05:49',NULL),(102,101,'ORDER_PLACED',50,'2014-05-13 10:05:32',NULL),(103,102,'ORDER_PLACED',50,'2014-05-13 10:05:59',NULL),(104,103,'ORDER_PLACED',50,'2014-05-13 10:05:42',NULL),(105,104,'ORDER_PLACED',50,'2014-05-13 10:05:23',NULL),(106,105,'ORDER_PLACED',50,'2014-05-13 10:05:39',NULL),(107,106,'ORDER_PLACED',50,'2014-05-13 10:05:50',NULL),(108,107,'ORDER_PLACED',50,'2014-05-13 10:05:58',NULL),(109,108,'ORDER_PLACED',50,'2014-05-13 10:05:52',NULL),(110,109,'ORDER_PLACED',50,'2014-05-13 10:05:13',NULL),(111,110,'ORDER_PLACED',50,'2014-05-13 10:05:44',NULL),(112,111,'ORDER_PLACED',50,'2014-05-13 10:05:12',NULL),(113,112,'ORDER_PLACED',50,'2014-05-13 10:05:38',NULL),(114,113,'ORDER_PLACED',50,'2014-05-13 11:05:00',NULL),(115,114,'ORDER_PLACED',50,'2014-05-13 11:05:11',NULL),(116,115,'ORDER_PLACED',50,'2014-05-13 11:05:29',NULL),(117,116,'ORDER_PLACED',50,'2014-05-13 11:05:39',NULL),(118,117,'ORDER_PLACED',50,'2014-05-13 11:05:20',NULL),(119,118,'ORDER_PLACED',50,'2014-05-13 11:05:26',NULL),(120,119,'ORDER_PLACED',50,'2014-05-13 11:05:38',NULL),(121,120,'ORDER_PLACED',50,'2014-05-13 11:05:39',NULL),(122,121,'ORDER_PLACED',50,'2014-05-13 11:05:16',NULL),(123,122,'ORDER_PLACED',50,'2014-05-13 11:05:23',NULL),(124,123,'ORDER_PLACED',50,'2014-05-13 11:05:30',NULL),(125,124,'ORDER_PLACED',50,'2014-05-13 11:05:37',NULL),(126,125,'ORDER_PLACED',50,'2014-05-13 11:05:43',NULL),(127,126,'ORDER_PLACED',50,'2014-05-13 11:05:47',NULL),(128,127,'ORDER_PLACED',50,'2014-05-13 11:05:01',NULL),(129,128,'ORDER_PLACED',50,'2014-05-13 11:05:13',NULL),(130,129,'ORDER_PLACED',50,'2014-05-13 11:05:19',NULL),(131,130,'ORDER_PLACED',50,'2014-05-13 11:05:37',NULL),(132,131,'ORDER_PLACED',50,'2014-05-13 11:05:41',NULL),(133,132,'ORDER_PLACED',50,'2014-05-13 11:05:45',NULL),(134,133,'ORDER_PLACED',50,'2014-05-13 11:05:02',NULL),(135,134,'ORDER_PLACED',50,'2014-05-13 11:05:41',NULL),(136,135,'ORDER_PLACED',50,'2014-05-13 11:05:41',NULL),(137,136,'ORDER_PLACED',50,'2014-05-13 11:05:51',NULL),(138,137,'ORDER_PLACED',50,'2014-05-13 11:05:03',NULL),(139,138,'ORDER_PLACED',50,'2014-05-13 11:05:33',NULL),(140,139,'ORDER_PLACED',50,'2014-05-13 11:05:51',NULL),(141,140,'ORDER_PLACED',50,'2014-05-13 11:05:12',NULL),(142,141,'ORDER_PLACED',50,'2014-05-13 11:05:28',NULL),(143,142,'ORDER_PLACED',50,'2014-05-13 11:05:00',NULL),(144,143,'ORDER_PLACED',50,'2014-05-13 11:05:50',NULL),(145,144,'ORDER_PLACED',50,'2014-05-13 11:05:57',NULL),(146,145,'ORDER_PLACED',50,'2014-05-13 11:05:24',NULL),(147,146,'ORDER_PLACED',50,'2014-05-13 11:05:30',NULL),(148,147,'ORDER_PLACED',50,'2014-05-13 11:05:26',NULL),(149,148,'ORDER_PLACED',50,'2014-05-13 11:05:44',NULL),(150,149,'ORDER_PLACED',50,'2014-05-13 11:05:39',NULL),(151,150,'ORDER_PLACED',50,'2014-05-13 11:05:07',NULL),(152,151,'ORDER_PLACED',50,'2014-05-13 11:05:54',NULL),(153,152,'ORDER_PLACED',50,'2014-05-13 11:05:59',NULL),(154,152,'VERIFYING',50,'2014-05-13 11:05:02',NULL),(155,152,'VERIFYING',50,'2014-05-13 11:05:55',NULL),(156,153,'ORDER_PLACED',50,'2014-05-13 11:05:31',NULL),(157,154,'ORDER_PLACED',50,'2014-05-14 12:05:02',NULL),(158,155,'ORDER_PLACED',50,'2014-05-14 12:05:38',NULL),(159,156,'ORDER_PLACED',50,'2014-05-14 12:05:47',NULL),(160,157,'ORDER_PLACED',50,'2014-05-14 12:05:23',NULL),(161,158,'ORDER_PLACED',50,'2014-05-14 12:05:17',NULL),(162,159,'ORDER_PLACED',NULL,'2014-05-14 09:05:49',NULL),(163,160,'ORDER_PLACED',NULL,'2014-05-14 09:05:54',NULL),(164,161,'ORDER_PLACED',NULL,'2014-05-14 09:05:42',NULL),(165,162,'ORDER_PLACED',NULL,'2014-05-14 09:05:30',NULL),(166,163,'ORDER_PLACED',NULL,'2014-05-14 10:05:27',NULL),(167,164,'ORDER_PLACED',NULL,'2014-05-14 10:05:23',NULL),(168,165,'ORDER_PLACED',NULL,'2014-05-14 10:05:12',NULL),(169,166,'ORDER_PLACED',NULL,'2014-05-14 11:05:57',NULL),(170,167,'ORDER_PLACED',NULL,'2014-05-14 11:05:30',NULL),(171,168,'ORDER_PLACED',NULL,'2014-05-14 11:05:03',NULL),(172,169,'ORDER_PLACED',NULL,'2014-05-14 11:05:50',NULL),(173,170,'ORDER_PLACED',NULL,'2014-05-15 08:05:07',NULL),(174,171,'ORDER_PLACED',NULL,'2014-05-15 09:05:46',NULL),(175,172,'ORDER_PLACED',NULL,'2014-05-15 10:05:58',NULL),(176,173,'ORDER_PLACED',NULL,'2014-05-15 10:05:25',NULL),(177,173,'VERIFYING',NULL,'2014-05-15 10:05:17',NULL),(178,174,'ORDER_PLACED',NULL,'2014-05-15 10:05:22',NULL),(179,174,'VERIFYING',NULL,'2014-05-15 10:05:02',NULL),(180,174,'VERIFYING',NULL,'2014-05-15 10:05:12',NULL),(181,175,'ORDER_PLACED',50,'2014-05-15 11:05:09',NULL),(182,175,'VERIFYING',50,'2014-05-15 11:05:22',NULL),(183,176,'ORDER_PLACED',50,'2014-05-15 11:05:23',NULL),(184,177,'ORDER_PLACED',50,'2014-05-15 11:05:09',NULL),(185,178,'ORDER_PLACED',NULL,'2014-05-16 06:05:43',NULL),(186,178,'VERIFYING',NULL,'2014-05-16 06:05:19',NULL),(187,178,'VERIFYING',NULL,'2014-05-16 06:05:25',NULL),(188,178,'VERIFYING',NULL,'2014-05-16 06:05:40',NULL),(189,178,'VERIFYING',NULL,'2014-05-16 06:05:13',NULL),(190,179,'ORDER_PLACED',NULL,'2014-05-16 06:05:37',NULL),(191,179,'VERIFYING',NULL,'2014-05-16 06:05:05',NULL),(192,180,'ORDER_PLACED',NULL,'2014-05-16 06:05:17',NULL),(193,180,'VERIFYING',NULL,'2014-05-16 06:05:24',NULL),(194,180,'VERIFYING',NULL,'2014-05-16 06:05:24',NULL),(195,181,'ORDER_PLACED',NULL,'2014-05-16 07:05:52',NULL),(196,182,'ORDER_PLACED',NULL,'2014-05-18 10:05:33',NULL),(197,182,'VERIFYING',NULL,'2014-05-18 10:05:38',NULL),(198,183,'ORDER_PLACED',NULL,'2014-05-18 10:05:33',NULL),(199,183,'VERIFYING',NULL,'2014-05-18 10:05:38',NULL),(200,184,'ORDER_PLACED',NULL,'2014-05-18 04:05:57',NULL),(201,185,'ORDER_PLACED',NULL,'2014-05-18 04:05:53',NULL),(202,185,'VERIFYING',NULL,'2014-05-18 04:05:21',NULL),(203,187,'VERIFYING',NULL,'2014-05-18 04:05:50',NULL),(204,186,'ORDER_PLACED',NULL,'2014-05-18 05:05:15',NULL),(205,186,'VERIFYING',NULL,'2014-05-18 05:05:21',NULL),(206,187,'ORDER_PLACED',NULL,'2014-05-19 10:05:52',NULL),(207,187,'VERIFYING',NULL,'2014-05-20 04:05:26',NULL),(208,187,'VERIFYING',NULL,'2014-05-20 04:05:03',NULL),(209,187,'VERIFYING',NULL,'2014-05-20 04:05:39',NULL),(210,187,'VERIFYING',NULL,'2014-05-20 04:05:56',NULL),(211,187,'VERIFYING',NULL,'2014-05-20 04:05:33',NULL),(212,187,'VERIFYING',NULL,'2014-05-20 04:05:37',NULL),(213,187,'VERIFYING',NULL,'2014-05-20 04:05:43',NULL),(214,188,'ORDER_PLACED',NULL,'2014-05-21 10:05:53',NULL),(215,188,'VERIFYING',NULL,'2014-05-21 10:05:08',NULL),(216,188,'VERIFYING',NULL,'2014-05-21 10:05:08',NULL),(217,189,'ORDER_PLACED',NULL,'2014-05-24 07:05:41',NULL),(218,190,'ORDER_PLACED',NULL,'2014-05-25 08:05:56',NULL);

/*Table structure for table `t_payment_temp` */

DROP TABLE IF EXISTS `t_payment_temp`;

CREATE TABLE `t_payment_temp` (
  `id` int(11) NOT NULL AUTO_INCREMENT,
  `fk_user` int(11) DEFAULT NULL,
  `created_date` datetime DEFAULT NULL,
  `data` text COLLATE utf8_unicode_ci,
  `session_id` char(50) COLLATE utf8_unicode_ci DEFAULT NULL,
  `ip_address` char(25) COLLATE utf8_unicode_ci DEFAULT NULL,
  `user_agrent` varchar(50) COLLATE utf8_unicode_ci DEFAULT NULL,
  `processed_date` datetime DEFAULT NULL,
  `cancelled_date` datetime DEFAULT NULL,
  PRIMARY KEY (`id`)
) ENGINE=InnoDB AUTO_INCREMENT=41 DEFAULT CHARSET=utf8 COLLATE=utf8_unicode_ci;

/*Data for the table `t_payment_temp` */

insert  into `t_payment_temp`(`id`,`fk_user`,`created_date`,`data`,`session_id`,`ip_address`,`user_agrent`,`processed_date`,`cancelled_date`) values (1,51,'2014-05-13 08:05:34','{\"secretKey\":\"11544379ba2eda20ec5639a9d63fc455\",\"orderkey\":\"0738f46612c41a8808bffb5e8b30f867\",\"su\":\"GIFT\",\"user\":{\"is_authorized\":true,\"languageKey\":\"EN-US\",\"currencyKey\":\"VND\",\"id\":\"51\",\"firstname\":\"L\\u00ca \",\"lastname\":\"Thanh An \",\"account\":\"lethanhan.2305@gmail.com\",\"sex\":\"M\",\"DOB\":\"0000-00-00 00:00:00\",\"date_joined\":null,\"status\":null,\"last_active\":\"2014-05-04 07:05:27\",\"platform_key\":\"0\",\"secretKey\":\"11544379ba2eda20ec5639a9d63fc455\"},\"products\":[{\"id\":\"1\",\"name\":\"Pha l\\u00ea d\\u00e2u\",\"image\":\"http:\\/\\/localhost.com\\/index.php\\/uploads\\/2014\\/3\\/27\\/image4.jpg\",\"shortDesc\":\"mo ta sp\",\"price\":10,\"quantity\":1,\"totalPrice\":10,\"actualPrice\":10,\"taxes\":[{\"name\":\"VAT\",\"totalTax\":1}],\"sellerName\":\"Samsung\",\"sid\":\"samsung\"}],\"shipping\":{\"shippingKey\":\"standard-projecte\",\"shippingDisplayName\":\"standard\",\"shippingPrice\":\"10\"},\"addresses\":{\"shipping\":{\"fullname\":null,\"telephone\":\"0916002305\",\"streetAddress\":\"0916002305\",\"cityDistrict\":[null,\"0916002305\"],\"stateProvince\":[\"101\",\"hanoi\"]}}}','9cc1b32ee6a396be04ebd4e846989efe','127.0.0.1','Mozilla/5.0 (Windows NT 6.3; WOW64) AppleWebKit/53','2014-05-13 08:05:36',NULL),(2,50,'2014-05-13 08:05:08','{\"secretKey\":\"520f59adc6ab088260d35bcf2ff22403\",\"orderkey\":\"89b1db3eccdbaa56b3237cbd025c6bd8\",\"su\":\"GIFT\",\"user\":{\"is_authorized\":true,\"languageKey\":\"EN-US\",\"currencyKey\":\"VND\",\"id\":\"50\",\"firstname\":\"L\\u00ca \",\"lastname\":\"AN \",\"account\":\"lethanhan.bkaptech@gmail.com\",\"sex\":\"M\",\"DOB\":\"1742-08-21 00:00:00\",\"date_joined\":null,\"status\":null,\"last_active\":\"2014-04-29 10:04:54\",\"platform_key\":\"0\",\"secretKey\":\"520f59adc6ab088260d35bcf2ff22403\"},\"products\":[{\"id\":\"1\",\"name\":\"Pha l\\u00ea d\\u00e2u\",\"image\":\"http:\\/\\/localhost.com\\/index.php\\/uploads\\/2014\\/3\\/27\\/image4.jpg\",\"shortDesc\":\"mo ta sp\",\"price\":10,\"quantity\":2,\"totalPrice\":20,\"actualPrice\":20,\"taxes\":[{\"name\":\"VAT\",\"totalTax\":2}],\"sellerName\":\"Samsung\",\"sid\":\"samsung\"}],\"shipping\":{\"shippingKey\":\"standard-projecte\",\"shippingDisplayName\":\"standard\",\"shippingPrice\":\"10\"},\"addresses\":{\"shipping\":{\"fullname\":null,\"telephone\":\"\\u0111\\u1ea5\",\"streetAddress\":\"\\u0111\\u1ea5\",\"cityDistrict\":[null,\"\\u0111\\u1ea5\"],\"stateProvince\":[\"101\",\"hanoi\"]}}}','66b1e7a0543cfe851707bde48f5170ef','127.0.0.1','Mozilla/5.0 (Windows NT 6.3; WOW64) AppleWebKit/53','2014-05-13 08:05:10',NULL),(3,NULL,'2014-05-13 08:05:47','{\"secretKey\":null,\"orderkey\":\"d1b17894eb7d5ab65d4b72cd4f79ab65\",\"su\":\"GIFT\",\"user\":{\"is_authorized\":false,\"languageKey\":\"VN-VI\",\"currencyKey\":\"VND\",\"id\":null,\"firstname\":null,\"lastname\":null,\"account\":null,\"sex\":null,\"DOB\":null,\"date_joined\":null,\"status\":null,\"last_active\":null,\"platform_key\":null,\"secretKey\":null},\"products\":[{\"id\":\"1\",\"name\":\"Pha l\\u00ea d\\u00e2u\",\"image\":\"http:\\/\\/localhost.com\\/index.php\\/uploads\\/2014\\/3\\/27\\/image4.jpg\",\"shortDesc\":\"mo ta sp\",\"price\":10,\"quantity\":1,\"totalPrice\":10,\"actualPrice\":10,\"taxes\":[{\"name\":\"VAT\",\"totalTax\":1}],\"sellerName\":\"Samsung\",\"sid\":\"samsung\"}],\"shipping\":{\"shippingKey\":\"standard-projecte\",\"shippingDisplayName\":\"standard\",\"shippingPrice\":\"10\"},\"addresses\":{\"shipping\":{\"fullname\":null,\"telephone\":\"\\u00e2sdvasdvasdv\",\"streetAddress\":\"\\u00e2sdvasdvasdv\",\"cityDistrict\":[null,\"\\u00e2sdvasdvasdv\"],\"stateProvince\":[\"101\",\"hanoi\"]}}}','62e03f7b656a6ff11e207f2a5e2cc436','127.0.0.1','Mozilla/5.0 (Windows NT 6.3; WOW64) AppleWebKit/53','2014-05-13 08:05:49',NULL),(4,NULL,'2014-05-13 09:05:25','{\"secretKey\":null,\"orderkey\":\"7c83a99089eafe4c571a0a6ee501dbfe\",\"su\":\"GIFT\",\"user\":{\"is_authorized\":false,\"languageKey\":\"VN-VI\",\"currencyKey\":\"VND\",\"id\":null,\"firstname\":null,\"lastname\":null,\"account\":null,\"sex\":null,\"DOB\":null,\"date_joined\":null,\"status\":null,\"last_active\":null,\"platform_key\":null,\"secretKey\":null},\"products\":[{\"id\":\"1\",\"name\":\"Pha l\\u00ea d\\u00e2u\",\"image\":\"http:\\/\\/localhost.com\\/index.php\\/uploads\\/2014\\/3\\/27\\/image4.jpg\",\"shortDesc\":\"mo ta sp\",\"price\":10,\"quantity\":1,\"totalPrice\":10,\"actualPrice\":10,\"taxes\":[{\"name\":\"VAT\",\"totalTax\":1}],\"sellerName\":\"Samsung\",\"sid\":\"samsung\"},{\"id\":\"2\",\"name\":\"Pha l\\u00ea d\\u00e2u\",\"image\":\"http:\\/\\/localhost.com\\/index.php\\/uploads\\/2014\\/3\\/27\\/image4.jpg\",\"shortDesc\":\"mo ta sp\",\"price\":10,\"quantity\":1,\"totalPrice\":10,\"actualPrice\":10,\"taxes\":[{\"name\":\"VAT\",\"totalTax\":1}],\"sellerName\":\"Samsung\",\"sid\":\"samsung\"}],\"shipping\":{\"shippingKey\":\"standard-projecte\",\"shippingDisplayName\":\"standard\",\"shippingPrice\":\"10\"},\"addresses\":{\"shipping\":{\"fullname\":null,\"telephone\":\"AN \",\"streetAddress\":\"AN \",\"cityDistrict\":[null,\"AN \"],\"stateProvince\":[\"101\",\"hanoi\"]}}}','8b8b1c35b0bf3c8c427c1c3f4d52d768','127.0.0.1','Mozilla/5.0 (Windows NT 6.3; WOW64) AppleWebKit/53','2014-05-13 10:05:32',NULL),(5,50,'2014-05-13 10:05:30','{\"secretKey\":\"520f59adc6ab088260d35bcf2ff22403\",\"orderkey\":\"630aedc057cfa73019f1cba04cf06a22\",\"su\":\"GIFT\",\"user\":{\"is_authorized\":true,\"languageKey\":\"EN-US\",\"currencyKey\":\"VND\",\"id\":\"50\",\"firstname\":\"L\\u00ca \",\"lastname\":\"AN \",\"account\":\"lethanhan.bkaptech@gmail.com\",\"sex\":\"M\",\"DOB\":\"1742-08-21 00:00:00\",\"date_joined\":null,\"status\":null,\"last_active\":\"2014-04-29 10:04:54\",\"platform_key\":\"0\",\"secretKey\":\"520f59adc6ab088260d35bcf2ff22403\"},\"products\":[{\"id\":\"1\",\"name\":\"Pha l\\u00ea d\\u00e2u\",\"image\":\"http:\\/\\/localhost.com\\/index.php\\/uploads\\/2014\\/3\\/27\\/image4.jpg\",\"shortDesc\":\"mo ta sp\",\"price\":10,\"quantity\":1,\"totalPrice\":10,\"actualPrice\":10,\"taxes\":[{\"name\":\"VAT\",\"totalTax\":1}],\"sellerName\":\"Samsung\",\"sid\":\"samsung\"},{\"id\":\"2\",\"name\":\"Pha l\\u00ea d\\u00e2u\",\"image\":\"http:\\/\\/localhost.com\\/index.php\\/uploads\\/2014\\/3\\/27\\/image4.jpg\",\"shortDesc\":\"mo ta sp\",\"price\":10,\"quantity\":2,\"totalPrice\":20,\"actualPrice\":20,\"taxes\":[{\"name\":\"VAT\",\"totalTax\":2}],\"sellerName\":\"Samsung\",\"sid\":\"samsung\"}],\"shipping\":{\"shippingKey\":\"standard-projecte\",\"shippingDisplayName\":\"standard\",\"shippingPrice\":\"10\"},\"addresses\":{\"shipping\":{\"fullname\":null,\"telephone\":\"0916002305\",\"streetAddress\":\"0916002305\",\"cityDistrict\":[null,\"0916002305\"],\"stateProvince\":[\"101\",\"hanoi\"]}}}','f6b653562334924907485dca9d7b7e1b','127.0.0.1','Mozilla/5.0 (Windows NT 6.3; WOW64) AppleWebKit/53','2014-05-14 12:05:17',NULL),(6,NULL,'2014-05-13 11:05:36','{\"secretKey\":null,\"orderkey\":\"904c1966504987373a18c4b1320b92a6\",\"su\":\"GIFT\",\"user\":{\"is_authorized\":false,\"languageKey\":\"VN-VI\",\"currencyKey\":\"VND\",\"id\":null,\"firstname\":null,\"lastname\":null,\"account\":null,\"sex\":null,\"DOB\":null,\"date_joined\":null,\"status\":null,\"last_active\":null,\"platform_key\":null,\"secretKey\":null},\"products\":[{\"id\":\"2\",\"name\":\"Pha l\\u00ea d\\u00e2u\",\"image\":\"http:\\/\\/localhost.com\\/index.php\\/uploads\\/2014\\/3\\/27\\/image4.jpg\",\"shortDesc\":\"mo ta sp\",\"price\":10,\"quantity\":1,\"totalPrice\":10,\"actualPrice\":10,\"taxes\":[{\"name\":\"VAT\",\"totalTax\":1}],\"sellerName\":\"Samsung\",\"sid\":\"samsung\"},{\"id\":\"4\",\"name\":\"Pha l\\u00ea d\\u00e2u\",\"image\":\"http:\\/\\/localhost.com\\/index.php\\/uploads\\/2014\\/3\\/27\\/image4.jpg\",\"shortDesc\":\"mo ta sp\",\"price\":10,\"quantity\":1,\"totalPrice\":10,\"actualPrice\":10,\"taxes\":[{\"name\":\"VAT\",\"totalTax\":1}],\"sellerName\":\"Samsung\",\"sid\":\"samsung\"},{\"id\":\"7\",\"name\":\"Pha l\\u00ea d\\u00e2u\",\"image\":\"http:\\/\\/localhost.com\\/index.php\\/uploads\\/2014\\/3\\/27\\/image4.jpg\",\"shortDesc\":\"mo ta sp\",\"price\":99,\"quantity\":1,\"totalPrice\":99,\"actualPrice\":99,\"taxes\":[{\"name\":\"VAT\",\"totalTax\":9.9}],\"sellerName\":\"Samsung\",\"sid\":\"samsung\"}],\"shipping\":{\"shippingKey\":\"standard-projecte\",\"shippingDisplayName\":\"standard\",\"shippingPrice\":\"10\"},\"addresses\":{\"shipping\":{\"fullname\":null,\"telephone\":\"0916002305\",\"streetAddress\":\"0916002305\",\"cityDistrict\":[null,\"0916002305\"],\"stateProvince\":[\"101\",\"hanoi\"]}}}','50c01c1ff53e17211de99f023600bb9d','127.0.0.1','Mozilla/5.0 (Windows NT 6.3; WOW64; rv:28.0) Gecko','2014-05-13 11:05:39',NULL),(7,NULL,'2014-05-14 09:05:22','{\"secretKey\":null,\"orderkey\":\"af34343415b30c701093e5fec3295da5\",\"su\":\"GIFT\",\"user\":{\"is_authorized\":false,\"languageKey\":\"VN-VI\",\"currencyKey\":\"VND\",\"id\":null,\"firstname\":null,\"lastname\":null,\"account\":null,\"sex\":null,\"DOB\":null,\"date_joined\":null,\"status\":null,\"last_active\":null,\"platform_key\":null,\"secretKey\":null},\"products\":[{\"id\":\"1\",\"name\":\"Pha l\\u00ea d\\u00e2u\",\"image\":\"http:\\/\\/localhost.com\\/index.php\\/uploads\\/2014\\/3\\/27\\/image4.jpg\",\"shortDesc\":\"mo ta sp\",\"price\":10,\"quantity\":3,\"totalPrice\":30,\"actualPrice\":30,\"taxes\":[{\"name\":\"VAT\",\"totalTax\":3}],\"sellerName\":\"Samsung\",\"sid\":\"samsung\"},{\"id\":\"2\",\"name\":\"Pha l\\u00ea d\\u00e2u\",\"image\":\"http:\\/\\/localhost.com\\/index.php\\/uploads\\/2014\\/3\\/27\\/image4.jpg\",\"shortDesc\":\"mo ta sp\",\"price\":10,\"quantity\":1,\"totalPrice\":10,\"actualPrice\":10,\"taxes\":[{\"name\":\"VAT\",\"totalTax\":1}],\"sellerName\":\"Samsung\",\"sid\":\"samsung\"}],\"shipping\":{\"shippingKey\":\"standard-projecte\",\"shippingDisplayName\":\"standard\",\"shippingPrice\":\"10\"},\"addresses\":{\"shipping\":{\"fullname\":null,\"telephone\":\"asdasd\",\"streetAddress\":\"asdasd\",\"cityDistrict\":[null,\"asdasd\"],\"stateProvince\":[\"101\",\"hanoi\"]}}}','790a74980e83899ac0f956a5c5553c15','127.0.0.1','Mozilla/5.0 (Windows NT 6.3; WOW64) AppleWebKit/53',NULL,NULL),(8,NULL,'2014-05-14 09:05:42','{\"secretKey\":null,\"orderkey\":\"af34343415b30c701093e5fec3295da5\",\"su\":\"GIFT\",\"user\":{\"is_authorized\":false,\"languageKey\":\"VN-VI\",\"currencyKey\":\"VND\",\"id\":null,\"firstname\":null,\"lastname\":null,\"account\":null,\"sex\":null,\"DOB\":null,\"date_joined\":null,\"status\":null,\"last_active\":null,\"platform_key\":null,\"secretKey\":null},\"products\":[{\"id\":\"1\",\"name\":\"Pha l\\u00ea d\\u00e2u\",\"image\":\"http:\\/\\/localhost.com\\/index.php\\/uploads\\/2014\\/3\\/27\\/image4.jpg\",\"shortDesc\":\"mo ta sp\",\"price\":10,\"quantity\":3,\"totalPrice\":30,\"actualPrice\":30,\"taxes\":[{\"name\":\"VAT\",\"totalTax\":3}],\"sellerName\":\"Samsung\",\"sid\":\"samsung\"},{\"id\":\"2\",\"name\":\"Pha l\\u00ea d\\u00e2u\",\"image\":\"http:\\/\\/localhost.com\\/index.php\\/uploads\\/2014\\/3\\/27\\/image4.jpg\",\"shortDesc\":\"mo ta sp\",\"price\":10,\"quantity\":1,\"totalPrice\":10,\"actualPrice\":10,\"taxes\":[{\"name\":\"VAT\",\"totalTax\":1}],\"sellerName\":\"Samsung\",\"sid\":\"samsung\"}],\"shipping\":{\"shippingKey\":\"standard-projecte\",\"shippingDisplayName\":\"standard\",\"shippingPrice\":\"10\"},\"addresses\":{\"shipping\":{\"fullname\":null,\"telephone\":\"asdasd\",\"streetAddress\":\"asdasd\",\"cityDistrict\":[null,\"asdasd\"],\"stateProvince\":[\"101\",\"hanoi\"]}}}','790a74980e83899ac0f956a5c5553c15','127.0.0.1','Mozilla/5.0 (Windows NT 6.3; WOW64) AppleWebKit/53',NULL,NULL),(9,NULL,'2014-05-14 09:05:49','{\"secretKey\":null,\"orderkey\":\"af34343415b30c701093e5fec3295da5\",\"su\":\"GIFT\",\"user\":{\"is_authorized\":false,\"languageKey\":\"VN-VI\",\"currencyKey\":\"VND\",\"id\":null,\"firstname\":null,\"lastname\":null,\"account\":null,\"sex\":null,\"DOB\":null,\"date_joined\":null,\"status\":null,\"last_active\":null,\"platform_key\":null,\"secretKey\":null},\"products\":[{\"id\":\"1\",\"name\":\"Pha l\\u00ea d\\u00e2u\",\"image\":\"http:\\/\\/localhost.com\\/index.php\\/uploads\\/2014\\/3\\/27\\/image4.jpg\",\"shortDesc\":\"mo ta sp\",\"price\":10,\"quantity\":3,\"totalPrice\":30,\"actualPrice\":30,\"taxes\":[{\"name\":\"VAT\",\"totalTax\":3}],\"sellerName\":\"Samsung\",\"sid\":\"samsung\"},{\"id\":\"2\",\"name\":\"Pha l\\u00ea d\\u00e2u\",\"image\":\"http:\\/\\/localhost.com\\/index.php\\/uploads\\/2014\\/3\\/27\\/image4.jpg\",\"shortDesc\":\"mo ta sp\",\"price\":10,\"quantity\":1,\"totalPrice\":10,\"actualPrice\":10,\"taxes\":[{\"name\":\"VAT\",\"totalTax\":1}],\"sellerName\":\"Samsung\",\"sid\":\"samsung\"}],\"shipping\":{\"shippingKey\":\"standard-projecte\",\"shippingDisplayName\":\"standard\",\"shippingPrice\":\"10\"},\"addresses\":{\"shipping\":{\"fullname\":null,\"telephone\":\"asdasd\",\"streetAddress\":\"asdasd\",\"cityDistrict\":[null,\"asdasd\"],\"stateProvince\":[\"101\",\"hanoi\"]}}}','4c4c76dcea82155974ed0f20cc45051e','127.0.0.1','Mozilla/5.0 (Windows NT 6.3; WOW64) AppleWebKit/53','2014-05-14 09:05:49',NULL),(10,NULL,'2014-05-14 09:05:54','{\"secretKey\":null,\"orderkey\":\"365163ea87a7c96219eea53bfa480883\",\"su\":\"GIFT\",\"user\":{\"is_authorized\":false,\"languageKey\":\"VN-VI\",\"currencyKey\":\"VND\",\"id\":null,\"firstname\":null,\"lastname\":null,\"account\":null,\"sex\":null,\"DOB\":null,\"date_joined\":null,\"status\":null,\"last_active\":null,\"platform_key\":null,\"secretKey\":null},\"products\":[{\"id\":\"1\",\"name\":\"Pha l\\u00ea d\\u00e2u\",\"image\":\"http:\\/\\/localhost.com\\/index.php\\/uploads\\/2014\\/3\\/27\\/image4.jpg\",\"shortDesc\":\"mo ta sp\",\"price\":10,\"quantity\":3,\"totalPrice\":30,\"actualPrice\":30,\"taxes\":[{\"name\":\"VAT\",\"totalTax\":3}],\"sellerName\":\"Samsung\",\"sid\":\"samsung\"},{\"id\":\"2\",\"name\":\"Pha l\\u00ea d\\u00e2u\",\"image\":\"http:\\/\\/localhost.com\\/index.php\\/uploads\\/2014\\/3\\/27\\/image4.jpg\",\"shortDesc\":\"mo ta sp\",\"price\":10,\"quantity\":1,\"totalPrice\":10,\"actualPrice\":10,\"taxes\":[{\"name\":\"VAT\",\"totalTax\":1}],\"sellerName\":\"Samsung\",\"sid\":\"samsung\"}],\"shipping\":{\"shippingKey\":\"standard-projecte\",\"shippingDisplayName\":\"standard\",\"shippingPrice\":\"10\"},\"addresses\":{\"shipping\":{\"fullname\":null,\"telephone\":\"\\u00e1dasd\",\"streetAddress\":\"\\u00e1dasd\",\"cityDistrict\":[null,\"\\u00e1dasd\"],\"stateProvince\":[\"101\",\"hanoi\"]}}}','8c8c1f75d4ad6dd99d13d378ed7eefe2','127.0.0.1','Mozilla/5.0 (Windows NT 6.3; WOW64) AppleWebKit/53','2014-05-14 09:05:54',NULL),(11,NULL,'2014-05-14 09:05:42','{\"secretKey\":null,\"orderkey\":\"120e2d2ff7d75ba7245463dc771b31a0\",\"su\":\"GIFT\",\"user\":{\"is_authorized\":false,\"languageKey\":\"VN-VI\",\"currencyKey\":\"VND\",\"id\":null,\"firstname\":null,\"lastname\":null,\"account\":null,\"sex\":null,\"DOB\":null,\"date_joined\":null,\"status\":null,\"last_active\":null,\"platform_key\":null,\"secretKey\":null},\"products\":[{\"id\":\"1\",\"name\":\"Pha l\\u00ea d\\u00e2u\",\"image\":\"http:\\/\\/localhost.com\\/index.php\\/uploads\\/2014\\/3\\/27\\/image4.jpg\",\"shortDesc\":\"mo ta sp\",\"price\":10,\"quantity\":3,\"totalPrice\":30,\"actualPrice\":30,\"taxes\":[{\"name\":\"VAT\",\"totalTax\":3}],\"sellerName\":\"Samsung\",\"sid\":\"samsung\"},{\"id\":\"2\",\"name\":\"Pha l\\u00ea d\\u00e2u\",\"image\":\"http:\\/\\/localhost.com\\/index.php\\/uploads\\/2014\\/3\\/27\\/image4.jpg\",\"shortDesc\":\"mo ta sp\",\"price\":10,\"quantity\":1,\"totalPrice\":10,\"actualPrice\":10,\"taxes\":[{\"name\":\"VAT\",\"totalTax\":1}],\"sellerName\":\"Samsung\",\"sid\":\"samsung\"}],\"shipping\":{\"shippingKey\":\"standard-projecte\",\"shippingDisplayName\":\"standard\",\"shippingPrice\":\"10\"},\"addresses\":{\"shipping\":{\"fullname\":null,\"telephone\":\"\\u00e1dasd\",\"streetAddress\":\"\\u00e1dasd\",\"cityDistrict\":[null,\"\\u00e1dasd\"],\"stateProvince\":[\"101\",\"hanoi\"]}}}','45099e988144900089a899dc29bf2071','127.0.0.1','Mozilla/5.0 (Windows NT 6.3; WOW64) AppleWebKit/53','2014-05-14 09:05:42',NULL),(12,NULL,'2014-05-14 09:05:30','{\"secretKey\":null,\"orderkey\":\"0ab100d055ce9101f951b6d821062e4d\",\"su\":\"GIFT\",\"user\":{\"is_authorized\":false,\"languageKey\":\"VN-VI\",\"currencyKey\":\"VND\",\"id\":null,\"firstname\":null,\"lastname\":null,\"account\":null,\"sex\":null,\"DOB\":null,\"date_joined\":null,\"status\":null,\"last_active\":null,\"platform_key\":null,\"secretKey\":null},\"products\":[{\"id\":\"1\",\"name\":\"Pha l\\u00ea d\\u00e2u\",\"image\":\"http:\\/\\/localhost.com\\/index.php\\/uploads\\/2014\\/3\\/27\\/image4.jpg\",\"shortDesc\":\"mo ta sp\",\"price\":10,\"quantity\":3,\"totalPrice\":30,\"actualPrice\":30,\"taxes\":[{\"name\":\"VAT\",\"totalTax\":3}],\"sellerName\":\"Samsung\",\"sid\":\"samsung\"},{\"id\":\"2\",\"name\":\"Pha l\\u00ea d\\u00e2u\",\"image\":\"http:\\/\\/localhost.com\\/index.php\\/uploads\\/2014\\/3\\/27\\/image4.jpg\",\"shortDesc\":\"mo ta sp\",\"price\":10,\"quantity\":1,\"totalPrice\":10,\"actualPrice\":10,\"taxes\":[{\"name\":\"VAT\",\"totalTax\":1}],\"sellerName\":\"Samsung\",\"sid\":\"samsung\"}],\"shipping\":{\"shippingKey\":\"standard-projecte\",\"shippingDisplayName\":\"standard\",\"shippingPrice\":\"10\"},\"addresses\":{\"shipping\":{\"fullname\":null,\"telephone\":\"\\u00e1dasd\",\"streetAddress\":\"\\u00e1dasd\",\"cityDistrict\":[null,\"\\u00e1dasd\"],\"stateProvince\":[\"101\",\"hanoi\"]}}}','5a38e93b6fc8aa36261c83d57a5d28f5','127.0.0.1','Mozilla/5.0 (Windows NT 6.3; WOW64) AppleWebKit/53','2014-05-14 09:05:30',NULL),(13,NULL,'2014-05-14 10:05:27','{\"secretKey\":null,\"orderkey\":\"f67b692b91bd65cf33bebd14f46b6e40\",\"su\":\"GIFT\",\"user\":{\"is_authorized\":false,\"languageKey\":\"VN-VI\",\"currencyKey\":\"VND\",\"id\":null,\"firstname\":null,\"lastname\":null,\"account\":null,\"sex\":null,\"DOB\":null,\"date_joined\":null,\"status\":null,\"last_active\":null,\"platform_key\":null,\"secretKey\":null},\"products\":[{\"id\":\"1\",\"name\":\"Pha l\\u00ea d\\u00e2u\",\"image\":\"http:\\/\\/localhost.com\\/index.php\\/uploads\\/2014\\/3\\/27\\/image4.jpg\",\"shortDesc\":\"mo ta sp\",\"price\":10,\"quantity\":3,\"totalPrice\":30,\"actualPrice\":30,\"taxes\":[{\"name\":\"VAT\",\"totalTax\":3}],\"sellerName\":\"Samsung\",\"sid\":\"samsung\"},{\"id\":\"2\",\"name\":\"Pha l\\u00ea d\\u00e2u\",\"image\":\"http:\\/\\/localhost.com\\/index.php\\/uploads\\/2014\\/3\\/27\\/image4.jpg\",\"shortDesc\":\"mo ta sp\",\"price\":10,\"quantity\":1,\"totalPrice\":10,\"actualPrice\":10,\"taxes\":[{\"name\":\"VAT\",\"totalTax\":1}],\"sellerName\":\"Samsung\",\"sid\":\"samsung\"}],\"shipping\":{\"shippingKey\":\"standard-projecte\",\"shippingDisplayName\":\"standard\",\"shippingPrice\":\"10\"},\"addresses\":{\"shipping\":{\"fullname\":null,\"telephone\":\"adasdas\",\"streetAddress\":\"adasdas\",\"cityDistrict\":[null,\"adasdas\"],\"stateProvince\":[\"101\",\"hanoi\"]}}}','ae2ef09a6edf126c4881f25a5e38e388','127.0.0.1','Mozilla/5.0 (Windows NT 6.3; WOW64) AppleWebKit/53','2014-05-14 10:05:27',NULL),(14,NULL,'2014-05-14 10:05:23','{\"secretKey\":null,\"orderkey\":\"8d85dd9c37080a1acf246d273fe9a78f\",\"su\":\"GIFT\",\"user\":{\"is_authorized\":false,\"languageKey\":\"VN-VI\",\"currencyKey\":\"VND\",\"id\":null,\"firstname\":null,\"lastname\":null,\"account\":null,\"sex\":null,\"DOB\":null,\"date_joined\":null,\"status\":null,\"last_active\":null,\"platform_key\":null,\"secretKey\":null},\"products\":[{\"id\":\"1\",\"name\":\"Pha l\\u00ea d\\u00e2u\",\"image\":\"http:\\/\\/localhost.com\\/index.php\\/uploads\\/2014\\/3\\/27\\/image4.jpg\",\"shortDesc\":\"mo ta sp\",\"price\":10,\"quantity\":3,\"totalPrice\":30,\"actualPrice\":30,\"taxes\":[{\"name\":\"VAT\",\"totalTax\":3}],\"sellerName\":\"Samsung\",\"sid\":\"samsung\"},{\"id\":\"2\",\"name\":\"Pha l\\u00ea d\\u00e2u\",\"image\":\"http:\\/\\/localhost.com\\/index.php\\/uploads\\/2014\\/3\\/27\\/image4.jpg\",\"shortDesc\":\"mo ta sp\",\"price\":10,\"quantity\":1,\"totalPrice\":10,\"actualPrice\":10,\"taxes\":[{\"name\":\"VAT\",\"totalTax\":1}],\"sellerName\":\"Samsung\",\"sid\":\"samsung\"}],\"shipping\":{\"shippingKey\":\"standard-projecte\",\"shippingDisplayName\":\"standard\",\"shippingPrice\":\"10\"},\"addresses\":{\"shipping\":{\"fullname\":null,\"telephone\":\"asdasda\",\"streetAddress\":\"asdasda\",\"cityDistrict\":[null,\"asdasda\"],\"stateProvince\":[\"101\",\"hanoi\"]}}}','bf7f78fdd0ad4a90e9ec92ca4813481e','127.0.0.1','Mozilla/5.0 (Windows NT 6.3; WOW64) AppleWebKit/53','2014-05-14 10:05:23',NULL),(15,NULL,'2014-05-14 10:05:12','{\"secretKey\":null,\"orderkey\":\"cc29b6c0d2690f0e4da4dde52e482c9b\",\"su\":\"GIFT\",\"user\":{\"is_authorized\":false,\"languageKey\":\"VN-VI\",\"currencyKey\":\"VND\",\"id\":null,\"firstname\":null,\"lastname\":null,\"account\":null,\"sex\":null,\"DOB\":null,\"date_joined\":null,\"status\":null,\"last_active\":null,\"platform_key\":null,\"secretKey\":null},\"products\":[{\"id\":\"1\",\"name\":\"Pha l\\u00ea d\\u00e2u\",\"image\":\"http:\\/\\/localhost.com\\/index.php\\/uploads\\/2014\\/3\\/27\\/image4.jpg\",\"shortDesc\":\"mo ta sp\",\"price\":10,\"quantity\":3,\"totalPrice\":30,\"actualPrice\":30,\"taxes\":[{\"name\":\"VAT\",\"totalTax\":3}],\"sellerName\":\"Samsung\",\"sid\":\"samsung\"},{\"id\":\"2\",\"name\":\"Pha l\\u00ea d\\u00e2u\",\"image\":\"http:\\/\\/localhost.com\\/index.php\\/uploads\\/2014\\/3\\/27\\/image4.jpg\",\"shortDesc\":\"mo ta sp\",\"price\":10,\"quantity\":1,\"totalPrice\":10,\"actualPrice\":10,\"taxes\":[{\"name\":\"VAT\",\"totalTax\":1}],\"sellerName\":\"Samsung\",\"sid\":\"samsung\"}],\"shipping\":{\"shippingKey\":\"standard-projecte\",\"shippingDisplayName\":\"standard\",\"shippingPrice\":\"10\"},\"addresses\":{\"shipping\":{\"fullname\":null,\"telephone\":\"asdasd\",\"streetAddress\":\"asdasd\",\"cityDistrict\":[null,\"asdasd\"],\"stateProvince\":[\"101\",\"hanoi\"]}}}','bf7f78fdd0ad4a90e9ec92ca4813481e','127.0.0.1','Mozilla/5.0 (Windows NT 6.3; WOW64) AppleWebKit/53','2014-05-14 10:05:12',NULL),(16,NULL,'2014-05-14 11:05:57','{\"secretKey\":null,\"orderkey\":\"9b042463d92786878f7dcf350b951488\",\"su\":\"GIFT\",\"user\":{\"is_authorized\":false,\"languageKey\":\"VN-VI\",\"currencyKey\":\"VND\",\"id\":null,\"firstname\":null,\"lastname\":null,\"account\":null,\"sex\":null,\"DOB\":null,\"date_joined\":null,\"status\":null,\"last_active\":null,\"platform_key\":null,\"secretKey\":null},\"products\":[{\"id\":\"1\",\"name\":\"Pha l\\u00ea d\\u00e2u\",\"image\":\"http:\\/\\/localhost.com\\/index.php\\/uploads\\/2014\\/3\\/27\\/image4.jpg\",\"shortDesc\":\"mo ta sp\",\"price\":10,\"quantity\":1,\"totalPrice\":10,\"actualPrice\":10,\"taxes\":[{\"name\":\"VAT\",\"totalTax\":1}],\"sellerName\":\"Samsung\",\"sid\":\"samsung\"},{\"id\":\"7\",\"name\":\"Pha l\\u00ea d\\u00e2u\",\"image\":\"http:\\/\\/localhost.com\\/index.php\\/uploads\\/2014\\/3\\/27\\/image4.jpg\",\"shortDesc\":\"mo ta sp\",\"price\":99,\"quantity\":1,\"totalPrice\":99,\"actualPrice\":99,\"taxes\":[{\"name\":\"VAT\",\"totalTax\":9.9}],\"sellerName\":\"Samsung\",\"sid\":\"samsung\"}],\"shipping\":{\"shippingKey\":\"standard-projecte\",\"shippingDisplayName\":\"standard\",\"shippingPrice\":\"10\"},\"addresses\":{\"shipping\":{\"fullname\":null,\"telephone\":\"0916002305\",\"streetAddress\":\"0916002305\",\"cityDistrict\":[null,\"0916002305\"],\"stateProvince\":[\"101\",\"hanoi\"]}}}','b1ffb6e7d656929ecec40d6fc4706276','127.0.0.1','Mozilla/5.0 (Windows NT 6.3; WOW64; rv:29.0) Gecko','2014-05-14 11:05:57',NULL),(17,NULL,'2014-05-14 11:05:30','{\"secretKey\":null,\"orderkey\":\"9b042463d92786878f7dcf350b951488\",\"su\":\"GIFT\",\"user\":{\"is_authorized\":false,\"languageKey\":\"VN-VI\",\"currencyKey\":\"VND\",\"id\":null,\"firstname\":null,\"lastname\":null,\"account\":null,\"sex\":null,\"DOB\":null,\"date_joined\":null,\"status\":null,\"last_active\":null,\"platform_key\":null,\"secretKey\":null},\"products\":[{\"id\":\"1\",\"name\":\"Pha l\\u00ea d\\u00e2u\",\"image\":\"http:\\/\\/localhost.com\\/index.php\\/uploads\\/2014\\/3\\/27\\/image4.jpg\",\"shortDesc\":\"mo ta sp\",\"price\":10,\"quantity\":1,\"totalPrice\":10,\"actualPrice\":10,\"taxes\":[{\"name\":\"VAT\",\"totalTax\":1}],\"sellerName\":\"Samsung\",\"sid\":\"samsung\"},{\"id\":\"7\",\"name\":\"Pha l\\u00ea d\\u00e2u\",\"image\":\"http:\\/\\/localhost.com\\/index.php\\/uploads\\/2014\\/3\\/27\\/image4.jpg\",\"shortDesc\":\"mo ta sp\",\"price\":99,\"quantity\":1,\"totalPrice\":99,\"actualPrice\":99,\"taxes\":[{\"name\":\"VAT\",\"totalTax\":9.9}],\"sellerName\":\"Samsung\",\"sid\":\"samsung\"}],\"shipping\":{\"shippingKey\":\"standard-projecte\",\"shippingDisplayName\":\"standard\",\"shippingPrice\":\"10\"},\"addresses\":{\"shipping\":{\"fullname\":null,\"telephone\":\"0916002305\",\"streetAddress\":\"0916002305\",\"cityDistrict\":[null,\"0916002305\"],\"stateProvince\":[\"101\",\"hanoi\"]}}}','b1ffb6e7d656929ecec40d6fc4706276','127.0.0.1','Mozilla/5.0 (Windows NT 6.3; WOW64; rv:29.0) Gecko','2014-05-14 11:05:30',NULL),(18,NULL,'2014-05-14 11:05:03','{\"secretKey\":null,\"orderkey\":\"e1f976c6b8dabb41f101ef9f4e553f0c\",\"su\":\"GIFT\",\"user\":{\"is_authorized\":false,\"languageKey\":\"VN-VI\",\"currencyKey\":\"VND\",\"id\":null,\"firstname\":null,\"lastname\":null,\"account\":null,\"sex\":null,\"DOB\":null,\"date_joined\":null,\"status\":null,\"last_active\":null,\"platform_key\":null,\"secretKey\":null},\"products\":[{\"id\":\"1\",\"name\":\"Pha l\\u00ea d\\u00e2u\",\"image\":\"http:\\/\\/localhost.com\\/index.php\\/uploads\\/2014\\/3\\/27\\/image4.jpg\",\"shortDesc\":\"mo ta sp\",\"price\":10,\"quantity\":1,\"totalPrice\":10,\"actualPrice\":10,\"taxes\":[{\"name\":\"VAT\",\"totalTax\":1}],\"sellerName\":\"Samsung\",\"sid\":\"samsung\"},{\"id\":\"7\",\"name\":\"Pha l\\u00ea d\\u00e2u\",\"image\":\"http:\\/\\/localhost.com\\/index.php\\/uploads\\/2014\\/3\\/27\\/image4.jpg\",\"shortDesc\":\"mo ta sp\",\"price\":99,\"quantity\":1,\"totalPrice\":99,\"actualPrice\":99,\"taxes\":[{\"name\":\"VAT\",\"totalTax\":9.9}],\"sellerName\":\"Samsung\",\"sid\":\"samsung\"}],\"shipping\":{\"shippingKey\":\"standard-projecte\",\"shippingDisplayName\":\"standard\",\"shippingPrice\":\"10\"},\"addresses\":{\"shipping\":{\"fullname\":null,\"telephone\":\"3121323\",\"streetAddress\":\"3121323\",\"cityDistrict\":[null,\"3121323\"],\"stateProvince\":[\"101\",\"hanoi\"]}}}','5f723076bdbd10d70b834dd915c57f4d','127.0.0.1','Mozilla/5.0 (Windows NT 6.3; WOW64; rv:29.0) Gecko','2014-05-14 11:05:03',NULL),(19,NULL,'2014-05-14 11:05:50','{\"secretKey\":null,\"orderkey\":\"d4cab49d91ab76f35d38e3b49a4fbea3\",\"su\":\"GIFT\",\"user\":{\"is_authorized\":false,\"languageKey\":\"VN-VI\",\"currencyKey\":\"VND\",\"id\":null,\"firstname\":null,\"lastname\":null,\"account\":null,\"sex\":null,\"DOB\":null,\"date_joined\":null,\"status\":null,\"last_active\":null,\"platform_key\":null,\"secretKey\":null},\"products\":[{\"id\":\"1\",\"name\":\"Pha l\\u00ea d\\u00e2u\",\"image\":\"http:\\/\\/localhost.com\\/index.php\\/uploads\\/2014\\/3\\/27\\/image4.jpg\",\"shortDesc\":\"mo ta sp\",\"price\":10,\"quantity\":3,\"totalPrice\":30,\"actualPrice\":30,\"taxes\":[{\"name\":\"VAT\",\"totalTax\":3}],\"sellerName\":\"Samsung\",\"sid\":\"samsung\"},{\"id\":\"2\",\"name\":\"Pha l\\u00ea d\\u00e2u\",\"image\":\"http:\\/\\/localhost.com\\/index.php\\/uploads\\/2014\\/3\\/27\\/image4.jpg\",\"shortDesc\":\"mo ta sp\",\"price\":10,\"quantity\":1,\"totalPrice\":10,\"actualPrice\":10,\"taxes\":[{\"name\":\"VAT\",\"totalTax\":1}],\"sellerName\":\"Samsung\",\"sid\":\"samsung\"},{\"id\":\"7\",\"name\":\"Pha l\\u00ea d\\u00e2u\",\"image\":\"http:\\/\\/localhost.com\\/index.php\\/uploads\\/2014\\/3\\/27\\/image4.jpg\",\"shortDesc\":\"mo ta sp\",\"price\":99,\"quantity\":1,\"totalPrice\":99,\"actualPrice\":99,\"taxes\":[{\"name\":\"VAT\",\"totalTax\":9.9}],\"sellerName\":\"Samsung\",\"sid\":\"samsung\"}],\"shipping\":{\"shippingKey\":\"standard-projecte\",\"shippingDisplayName\":\"standard\",\"shippingPrice\":\"10\"},\"addresses\":{\"shipping\":{\"fullname\":null,\"telephone\":\"0916002305\",\"streetAddress\":\"0916002305\",\"cityDistrict\":[null,\"0916002305\"],\"stateProvince\":[\"101\",\"hanoi\"]}}}','a796cc5f4bfd061f2fb142a678708a2e','127.0.0.1','Mozilla/5.0 (Windows NT 6.3; WOW64) AppleWebKit/53','2014-05-14 11:05:50',NULL),(20,NULL,'2014-05-15 08:05:07','{\"secretKey\":null,\"orderkey\":\"1c4d8de7b7bc640ad710b8259f689024\",\"su\":\"GIFT\",\"user\":{\"is_authorized\":false,\"languageKey\":\"VN-VI\",\"currencyKey\":\"VND\",\"id\":null,\"firstname\":null,\"lastname\":null,\"account\":null,\"sex\":null,\"DOB\":null,\"date_joined\":null,\"status\":null,\"last_active\":null,\"platform_key\":null,\"secretKey\":null},\"products\":[{\"id\":\"2\",\"name\":\"Pha l\\u00ea d\\u00e2u\",\"image\":\"http:\\/\\/localhost.com\\/index.php\\/uploads\\/2014\\/3\\/27\\/image4.jpg\",\"shortDesc\":\"mo ta sp\",\"price\":10,\"quantity\":1,\"totalPrice\":10,\"actualPrice\":10,\"taxes\":[{\"name\":\"VAT\",\"totalTax\":1}],\"sellerName\":\"Samsung\",\"sid\":\"samsung\"}],\"shipping\":{\"shippingKey\":\"standard-projecte\",\"shippingDisplayName\":\"standard\",\"shippingPrice\":\"10\"},\"addresses\":{\"shipping\":{\"fullname\":null,\"telephone\":\"\\u00e1dasd\",\"streetAddress\":\"\\u00e1dasd\",\"cityDistrict\":[null,\"\\u00e1dasd\"],\"stateProvince\":[\"101\",\"hanoi\"]}}}','e37811158e925522746e07f79110350b','127.0.0.1','Mozilla/5.0 (Windows NT 6.3; WOW64) AppleWebKit/53','2014-05-15 08:05:07',NULL),(21,NULL,'2014-05-15 09:05:46','{\"secretKey\":null,\"orderkey\":\"2f6c7b34164626340fee3fa84bb0de77\",\"su\":\"GIFT\",\"user\":{\"is_authorized\":false,\"languageKey\":\"VN-VI\",\"currencyKey\":\"VND\",\"id\":null,\"firstname\":null,\"lastname\":null,\"account\":null,\"sex\":null,\"DOB\":null,\"date_joined\":null,\"status\":null,\"last_active\":null,\"platform_key\":null,\"secretKey\":null},\"products\":[{\"id\":\"1\",\"name\":\"Pha l\\u00ea d\\u00e2u\",\"image\":\"http:\\/\\/localhost.com\\/index.php\\/uploads\\/2014\\/3\\/27\\/image4.jpg\",\"shortDesc\":\"mo ta sp\",\"price\":10,\"quantity\":1,\"totalPrice\":10,\"actualPrice\":10,\"taxes\":[{\"name\":\"VAT\",\"totalTax\":1}],\"sellerName\":\"Samsung\",\"sid\":\"samsung\"},{\"id\":\"2\",\"name\":\"Pha l\\u00ea d\\u00e2u\",\"image\":\"http:\\/\\/localhost.com\\/index.php\\/uploads\\/2014\\/3\\/27\\/image4.jpg\",\"shortDesc\":\"mo ta sp\",\"price\":10,\"quantity\":1,\"totalPrice\":10,\"actualPrice\":10,\"taxes\":[{\"name\":\"VAT\",\"totalTax\":1}],\"sellerName\":\"Samsung\",\"sid\":\"samsung\"}],\"shipping\":{\"shippingKey\":\"standard-projecte\",\"shippingDisplayName\":\"standard\",\"shippingPrice\":\"10\"},\"addresses\":{\"shipping\":{\"fullname\":null,\"telephone\":\"asdasdfasd\",\"streetAddress\":\"asdasdfasd\",\"cityDistrict\":[null,\"asdasdfasd\"],\"stateProvince\":[\"101\",\"hanoi\"]}}}','e530463691dd594b0f4d5428f324312c','127.0.0.1','Mozilla/5.0 (Windows NT 6.3; WOW64) AppleWebKit/53','2014-05-15 09:05:46',NULL),(22,NULL,'2014-05-15 10:05:58','{\"secretKey\":null,\"orderkey\":\"166f7884326112a9d7c4aa0732440304\",\"su\":\"GIFT\",\"user\":{\"is_authorized\":false,\"languageKey\":\"VN-VI\",\"currencyKey\":\"VND\",\"id\":null,\"firstname\":null,\"lastname\":null,\"account\":null,\"sex\":null,\"DOB\":null,\"date_joined\":null,\"status\":null,\"last_active\":null,\"platform_key\":null,\"secretKey\":null},\"products\":[{\"id\":\"1\",\"name\":\"Pha l\\u00ea d\\u00e2u\",\"image\":\"http:\\/\\/localhost.com\\/index.php\\/uploads\\/2014\\/3\\/27\\/image4.jpg\",\"shortDesc\":\"mo ta sp\",\"price\":10,\"quantity\":1,\"totalPrice\":10,\"actualPrice\":10,\"taxes\":[{\"name\":\"VAT\",\"totalTax\":1}],\"sellerName\":\"Samsung\",\"sid\":\"samsung\"},{\"id\":\"2\",\"name\":\"Pha l\\u00ea d\\u00e2u\",\"image\":\"http:\\/\\/localhost.com\\/index.php\\/uploads\\/2014\\/3\\/27\\/image4.jpg\",\"shortDesc\":\"mo ta sp\",\"price\":10,\"quantity\":1,\"totalPrice\":10,\"actualPrice\":10,\"taxes\":[{\"name\":\"VAT\",\"totalTax\":1}],\"sellerName\":\"Samsung\",\"sid\":\"samsung\"},{\"id\":\"4\",\"name\":\"Pha l\\u00ea d\\u00e2u\",\"image\":\"http:\\/\\/localhost.com\\/index.php\\/uploads\\/2014\\/3\\/27\\/image4.jpg\",\"shortDesc\":\"mo ta sp\",\"price\":10,\"quantity\":1,\"totalPrice\":10,\"actualPrice\":10,\"taxes\":[{\"name\":\"VAT\",\"totalTax\":1}],\"sellerName\":\"Samsung\",\"sid\":\"samsung\"}],\"shipping\":{\"shippingKey\":\"standard-projecte\",\"shippingDisplayName\":\"standard\",\"shippingPrice\":\"10\"},\"addresses\":{\"shipping\":{\"fullname\":null,\"telephone\":\"asdasda\",\"streetAddress\":\"asdasda\",\"cityDistrict\":[null,\"asdasda\"],\"stateProvince\":[\"101\",\"hanoi\"]}}}','bf5c8fda5b401c26882b589895bac128','127.0.0.1','Mozilla/5.0 (Windows NT 6.3; WOW64) AppleWebKit/53','2014-05-15 10:05:58',NULL),(23,NULL,'2014-05-15 10:05:25','{\"secretKey\":null,\"orderkey\":\"499b623fde06179fd401666c7e1b3a1b\",\"su\":\"GIFT\",\"user\":{\"is_authorized\":false,\"languageKey\":\"VN-VI\",\"currencyKey\":\"VND\",\"id\":null,\"firstname\":null,\"lastname\":null,\"account\":null,\"sex\":null,\"DOB\":null,\"date_joined\":null,\"status\":null,\"last_active\":null,\"platform_key\":null,\"secretKey\":null},\"products\":[{\"id\":\"1\",\"name\":\"Pha l\\u00ea d\\u00e2u\",\"image\":\"http:\\/\\/localhost.com\\/index.php\\/uploads\\/2014\\/3\\/27\\/image4.jpg\",\"shortDesc\":\"mo ta sp\",\"price\":10,\"quantity\":2,\"totalPrice\":20,\"actualPrice\":20,\"taxes\":[{\"name\":\"VAT\",\"totalTax\":2}],\"sellerName\":\"Samsung\",\"sid\":\"samsung\"},{\"id\":\"2\",\"name\":\"Pha l\\u00ea d\\u00e2u\",\"image\":\"http:\\/\\/localhost.com\\/index.php\\/uploads\\/2014\\/3\\/27\\/image4.jpg\",\"shortDesc\":\"mo ta sp\",\"price\":10,\"quantity\":1,\"totalPrice\":10,\"actualPrice\":10,\"taxes\":[{\"name\":\"VAT\",\"totalTax\":1}],\"sellerName\":\"Samsung\",\"sid\":\"samsung\"},{\"id\":\"4\",\"name\":\"Pha l\\u00ea d\\u00e2u\",\"image\":\"http:\\/\\/localhost.com\\/index.php\\/uploads\\/2014\\/3\\/27\\/image4.jpg\",\"shortDesc\":\"mo ta sp\",\"price\":10,\"quantity\":1,\"totalPrice\":10,\"actualPrice\":10,\"taxes\":[{\"name\":\"VAT\",\"totalTax\":1}],\"sellerName\":\"Samsung\",\"sid\":\"samsung\"}],\"shipping\":{\"shippingKey\":\"standard-projecte\",\"shippingDisplayName\":\"standard\",\"shippingPrice\":\"10\"},\"addresses\":{\"shipping\":{\"fullname\":null,\"telephone\":\"sdsd\",\"streetAddress\":\"sdsd\",\"cityDistrict\":[null,\"sdsd\"],\"stateProvince\":[\"101\",\"hanoi\"]}}}','961416e1a2945c7fe634effb54d8d3a3','127.0.0.1','Mozilla/5.0 (Windows NT 6.3; WOW64) AppleWebKit/53','2014-05-15 10:05:25',NULL),(24,NULL,'2014-05-15 10:05:22','{\"secretKey\":null,\"orderkey\":\"352a81e19e59c0653c56cfe050f08d63\",\"su\":\"GIFT\",\"user\":{\"is_authorized\":false,\"languageKey\":\"VN-VI\",\"currencyKey\":\"VND\",\"id\":null,\"firstname\":null,\"lastname\":null,\"account\":null,\"sex\":null,\"DOB\":null,\"date_joined\":null,\"status\":null,\"last_active\":null,\"platform_key\":null,\"secretKey\":null},\"products\":[{\"id\":\"1\",\"name\":\"Pha l\\u00ea d\\u00e2u\",\"image\":\"http:\\/\\/localhost.com\\/index.php\\/uploads\\/2014\\/3\\/27\\/image4.jpg\",\"shortDesc\":\"mo ta sp\",\"price\":10,\"quantity\":3,\"totalPrice\":30,\"actualPrice\":30,\"taxes\":[{\"name\":\"VAT\",\"totalTax\":3}],\"sellerName\":\"Samsung\",\"sid\":\"samsung\"},{\"id\":\"2\",\"name\":\"Pha l\\u00ea d\\u00e2u\",\"image\":\"http:\\/\\/localhost.com\\/index.php\\/uploads\\/2014\\/3\\/27\\/image4.jpg\",\"shortDesc\":\"mo ta sp\",\"price\":10,\"quantity\":1,\"totalPrice\":10,\"actualPrice\":10,\"taxes\":[{\"name\":\"VAT\",\"totalTax\":1}],\"sellerName\":\"Samsung\",\"sid\":\"samsung\"},{\"id\":\"4\",\"name\":\"Pha l\\u00ea d\\u00e2u\",\"image\":\"http:\\/\\/localhost.com\\/index.php\\/uploads\\/2014\\/3\\/27\\/image4.jpg\",\"shortDesc\":\"mo ta sp\",\"price\":10,\"quantity\":1,\"totalPrice\":10,\"actualPrice\":10,\"taxes\":[{\"name\":\"VAT\",\"totalTax\":1}],\"sellerName\":\"Samsung\",\"sid\":\"samsung\"}],\"shipping\":{\"shippingKey\":\"standard-projecte\",\"shippingDisplayName\":\"standard\",\"shippingPrice\":\"10\"},\"addresses\":{\"shipping\":{\"fullname\":null,\"telephone\":\"sdfasdf\",\"streetAddress\":\"sdfasdf\",\"cityDistrict\":[null,\"sdfasdf\"],\"stateProvince\":[\"101\",\"hanoi\"]}}}','68f18844408cc296f22bcd35aa5e4c76','127.0.0.1','Mozilla/5.0 (Windows NT 6.3; WOW64) AppleWebKit/53','2014-05-15 10:05:22',NULL),(25,50,'2014-05-15 11:05:09','{\"secretKey\":\"520f59adc6ab088260d35bcf2ff22403\",\"orderkey\":\"9e26038af6976ba6e5df2bbd8ba4a0af\",\"su\":\"GIFT\",\"user\":{\"is_authorized\":true,\"languageKey\":\"VN-VI\",\"currencyKey\":\"VND\",\"id\":\"50\",\"firstname\":\"L\\u00ca \",\"lastname\":\"AN \",\"account\":\"lethanhan.bkaptech@gmail.com\",\"sex\":\"M\",\"DOB\":\"1742-08-21 00:00:00\",\"date_joined\":null,\"status\":null,\"last_active\":\"2014-04-29 10:04:54\",\"platform_key\":\"0\",\"secretKey\":\"520f59adc6ab088260d35bcf2ff22403\"},\"products\":[{\"id\":\"1\",\"name\":\"Pha l\\u00ea d\\u00e2u\",\"image\":\"http:\\/\\/localhost.com\\/index.php\\/uploads\\/2014\\/3\\/27\\/image4.jpg\",\"shortDesc\":\"mo ta sp\",\"price\":10,\"quantity\":3,\"totalPrice\":30,\"actualPrice\":30,\"taxes\":[{\"name\":\"VAT\",\"totalTax\":3}],\"sellerName\":\"Samsung\",\"sid\":\"samsung\"},{\"id\":\"2\",\"name\":\"Pha l\\u00ea d\\u00e2u\",\"image\":\"http:\\/\\/localhost.com\\/index.php\\/uploads\\/2014\\/3\\/27\\/image4.jpg\",\"shortDesc\":\"mo ta sp\",\"price\":10,\"quantity\":1,\"totalPrice\":10,\"actualPrice\":10,\"taxes\":[{\"name\":\"VAT\",\"totalTax\":1}],\"sellerName\":\"Samsung\",\"sid\":\"samsung\"},{\"id\":\"4\",\"name\":\"Pha l\\u00ea d\\u00e2u\",\"image\":\"http:\\/\\/localhost.com\\/index.php\\/uploads\\/2014\\/3\\/27\\/image4.jpg\",\"shortDesc\":\"mo ta sp\",\"price\":10,\"quantity\":2,\"totalPrice\":20,\"actualPrice\":20,\"taxes\":[{\"name\":\"VAT\",\"totalTax\":2}],\"sellerName\":\"Samsung\",\"sid\":\"samsung\"}],\"shipping\":{\"shippingKey\":\"standard-projecte\",\"shippingDisplayName\":\"standard\",\"shippingPrice\":\"10\"},\"addresses\":{\"shipping\":{\"fullname\":null,\"telephone\":\"\\u00e1dfasdfasd\",\"streetAddress\":\"\\u00e1dfasdfasd\",\"cityDistrict\":[null,\"\\u00e1dfasdfasd\"],\"stateProvince\":[\"101\",\"hanoi\"]}}}','4e321f1afd35a4b6cd648edf70863198','127.0.0.1','Mozilla/5.0 (Windows NT 6.3; WOW64) AppleWebKit/53','2014-05-15 11:05:09',NULL),(26,50,'2014-05-15 11:05:23','{\"secretKey\":\"520f59adc6ab088260d35bcf2ff22403\",\"orderkey\":\"4baa0e581cf3a934c2b7eafff9c41808\",\"su\":\"GIFT\",\"user\":{\"is_authorized\":true,\"languageKey\":\"VN-VI\",\"currencyKey\":\"VND\",\"id\":\"50\",\"firstname\":\"L\\u00ca \",\"lastname\":\"AN \",\"account\":\"lethanhan.bkaptech@gmail.com\",\"sex\":\"M\",\"DOB\":\"1742-08-21 00:00:00\",\"date_joined\":null,\"status\":null,\"last_active\":\"2014-04-29 10:04:54\",\"platform_key\":\"0\",\"secretKey\":\"520f59adc6ab088260d35bcf2ff22403\"},\"products\":[{\"id\":\"1\",\"name\":\"Pha l\\u00ea d\\u00e2u\",\"image\":\"http:\\/\\/localhost.com\\/index.php\\/uploads\\/2014\\/3\\/27\\/image4.jpg\",\"shortDesc\":\"mo ta sp\",\"price\":10,\"quantity\":3,\"totalPrice\":30,\"actualPrice\":30,\"taxes\":[{\"name\":\"VAT\",\"totalTax\":3}],\"sellerName\":\"Samsung\",\"sid\":\"samsung\"},{\"id\":\"2\",\"name\":\"Pha l\\u00ea d\\u00e2u\",\"image\":\"http:\\/\\/localhost.com\\/index.php\\/uploads\\/2014\\/3\\/27\\/image4.jpg\",\"shortDesc\":\"mo ta sp\",\"price\":10,\"quantity\":1,\"totalPrice\":10,\"actualPrice\":10,\"taxes\":[{\"name\":\"VAT\",\"totalTax\":1}],\"sellerName\":\"Samsung\",\"sid\":\"samsung\"},{\"id\":\"4\",\"name\":\"Pha l\\u00ea d\\u00e2u\",\"image\":\"http:\\/\\/localhost.com\\/index.php\\/uploads\\/2014\\/3\\/27\\/image4.jpg\",\"shortDesc\":\"mo ta sp\",\"price\":10,\"quantity\":2,\"totalPrice\":20,\"actualPrice\":20,\"taxes\":[{\"name\":\"VAT\",\"totalTax\":2}],\"sellerName\":\"Samsung\",\"sid\":\"samsung\"}],\"shipping\":{\"shippingKey\":\"standard-projecte\",\"shippingDisplayName\":\"standard\",\"shippingPrice\":\"10\"},\"addresses\":{\"shipping\":{\"fullname\":null,\"telephone\":\"sad fasdf\",\"streetAddress\":\"sad fasdf\",\"cityDistrict\":[null,\"sad fasdf\"],\"stateProvince\":[\"101\",\"hanoi\"]}}}','afcef5a0ab7c5eb5303e2108f555d984','127.0.0.1','Mozilla/5.0 (Windows NT 6.3; WOW64) AppleWebKit/53','2014-05-15 11:05:23',NULL),(27,50,'2014-05-15 11:05:09','{\"secretKey\":\"520f59adc6ab088260d35bcf2ff22403\",\"orderkey\":\"14ffe0c6dc85bda049ae2f47c02eec49\",\"su\":\"GIFT\",\"user\":{\"is_authorized\":true,\"languageKey\":\"VN-VI\",\"currencyKey\":\"VND\",\"id\":\"50\",\"firstname\":\"L\\u00ca \",\"lastname\":\"AN \",\"account\":\"lethanhan.bkaptech@gmail.com\",\"sex\":\"M\",\"DOB\":\"1742-08-21 00:00:00\",\"date_joined\":null,\"status\":null,\"last_active\":\"2014-04-29 10:04:54\",\"platform_key\":\"0\",\"secretKey\":\"520f59adc6ab088260d35bcf2ff22403\"},\"products\":[{\"id\":\"1\",\"name\":\"Pha l\\u00ea d\\u00e2u\",\"image\":\"http:\\/\\/localhost.com\\/index.php\\/uploads\\/2014\\/3\\/27\\/image4.jpg\",\"shortDesc\":\"mo ta sp\",\"price\":10,\"quantity\":3,\"totalPrice\":30,\"actualPrice\":30,\"taxes\":[{\"name\":\"VAT\",\"totalTax\":3}],\"sellerName\":\"Samsung\",\"sid\":\"samsung\"},{\"id\":\"2\",\"name\":\"Pha l\\u00ea d\\u00e2u\",\"image\":\"http:\\/\\/localhost.com\\/index.php\\/uploads\\/2014\\/3\\/27\\/image4.jpg\",\"shortDesc\":\"mo ta sp\",\"price\":10,\"quantity\":1,\"totalPrice\":10,\"actualPrice\":10,\"taxes\":[{\"name\":\"VAT\",\"totalTax\":1}],\"sellerName\":\"Samsung\",\"sid\":\"samsung\"},{\"id\":\"4\",\"name\":\"Pha l\\u00ea d\\u00e2u\",\"image\":\"http:\\/\\/localhost.com\\/index.php\\/uploads\\/2014\\/3\\/27\\/image4.jpg\",\"shortDesc\":\"mo ta sp\",\"price\":10,\"quantity\":2,\"totalPrice\":20,\"actualPrice\":20,\"taxes\":[{\"name\":\"VAT\",\"totalTax\":2}],\"sellerName\":\"Samsung\",\"sid\":\"samsung\"}],\"shipping\":{\"shippingKey\":\"standard-projecte\",\"shippingDisplayName\":\"standard\",\"shippingPrice\":\"10\"},\"addresses\":{\"shipping\":{\"fullname\":null,\"telephone\":\"sad sdf sdf\",\"streetAddress\":\"sad sdf sdf\",\"cityDistrict\":[null,\"sad sdf sdf\"],\"stateProvince\":[\"101\",\"hanoi\"]}}}','148dd6bd552b565c8964cc9bb80b206a','127.0.0.1','Mozilla/5.0 (Windows NT 6.3; WOW64) AppleWebKit/53','2014-05-15 11:05:09',NULL),(28,NULL,'2014-05-16 06:05:43','{\"secretKey\":null,\"orderkey\":\"203abcb94d464cc6fb54f3c1dd8374b0\",\"su\":\"GIFT\",\"user\":{\"is_authorized\":false,\"languageKey\":\"VN-VI\",\"currencyKey\":\"VND\",\"id\":null,\"firstname\":null,\"lastname\":null,\"account\":null,\"sex\":null,\"DOB\":null,\"date_joined\":null,\"status\":null,\"last_active\":null,\"platform_key\":null,\"secretKey\":null},\"products\":[{\"id\":\"2\",\"name\":\"Pha l\\u00ea d\\u00e2u\",\"image\":\"http:\\/\\/localhost.com\\/index.php\\/uploads\\/2014\\/3\\/27\\/image4.jpg\",\"shortDesc\":\"mo ta sp\",\"price\":10,\"quantity\":1,\"totalPrice\":10,\"actualPrice\":10,\"taxes\":[{\"name\":\"VAT\",\"totalTax\":1}],\"sellerName\":\"Samsung\",\"sid\":\"samsung\"}],\"shipping\":{\"shippingKey\":\"standard-projecte\",\"shippingDisplayName\":\"standard\",\"shippingPrice\":\"10\"},\"addresses\":{\"shipping\":{\"fullname\":null,\"telephone\":\"asdasd\",\"streetAddress\":\"asdasd\",\"cityDistrict\":[null,\"asdasd\"],\"stateProvince\":[\"101\",\"hanoi\"]}}}','d74175221e92cc315135522e9fe89ba1','127.0.0.1','Mozilla/5.0 (Windows NT 6.3; WOW64) AppleWebKit/53','2014-05-16 06:05:43',NULL),(29,NULL,'2014-05-16 06:05:37','{\"secretKey\":null,\"orderkey\":\"58621c2f1b61e05004d49ade36a825bf\",\"su\":\"GIFT\",\"user\":{\"is_authorized\":false,\"languageKey\":\"VN-VI\",\"currencyKey\":\"VND\",\"id\":null,\"firstname\":null,\"lastname\":null,\"account\":null,\"sex\":null,\"DOB\":null,\"date_joined\":null,\"status\":null,\"last_active\":null,\"platform_key\":null,\"secretKey\":null},\"products\":[{\"id\":\"2\",\"name\":\"Pha l\\u00ea d\\u00e2u\",\"image\":\"http:\\/\\/localhost.com\\/index.php\\/uploads\\/2014\\/3\\/27\\/image4.jpg\",\"shortDesc\":\"mo ta sp\",\"price\":10,\"quantity\":2,\"totalPrice\":20,\"actualPrice\":20,\"taxes\":[{\"name\":\"VAT\",\"totalTax\":2}],\"sellerName\":\"Samsung\",\"sid\":\"samsung\"}],\"shipping\":{\"shippingKey\":\"standard-projecte\",\"shippingDisplayName\":\"standard\",\"shippingPrice\":\"10\"},\"addresses\":{\"shipping\":{\"fullname\":null,\"telephone\":\"asdfasdf\",\"streetAddress\":\"asdfasdf\",\"cityDistrict\":[null,\"asdfasdf\"],\"stateProvince\":[\"101\",\"hanoi\"]}}}','7bd6398bbe73e1b6b3cbcc0008b0eff4','127.0.0.1','Mozilla/5.0 (Windows NT 6.3; WOW64) AppleWebKit/53','2014-05-16 06:05:37',NULL),(30,NULL,'2014-05-16 06:05:17','{\"secretKey\":null,\"orderkey\":\"97249a5bc800403f9ac2be0db2889760\",\"su\":\"GIFT\",\"user\":{\"is_authorized\":false,\"languageKey\":\"VN-VI\",\"currencyKey\":\"VND\",\"id\":null,\"firstname\":null,\"lastname\":null,\"account\":null,\"sex\":null,\"DOB\":null,\"date_joined\":null,\"status\":null,\"last_active\":null,\"platform_key\":null,\"secretKey\":null},\"products\":[{\"id\":\"2\",\"name\":\"Pha l\\u00ea d\\u00e2u\",\"image\":\"http:\\/\\/localhost.com\\/index.php\\/uploads\\/2014\\/3\\/27\\/image4.jpg\",\"shortDesc\":\"mo ta sp\",\"price\":10,\"quantity\":2,\"totalPrice\":20,\"actualPrice\":20,\"taxes\":[{\"name\":\"VAT\",\"totalTax\":2}],\"sellerName\":\"Samsung\",\"sid\":\"samsung\"},{\"id\":\"3\",\"name\":\"Pha l\\u00ea d\\u00e2u\",\"image\":\"http:\\/\\/localhost.com\\/index.php\\/uploads\\/2014\\/3\\/27\\/image4.jpg\",\"shortDesc\":\"mo ta sp\",\"price\":10,\"quantity\":1,\"totalPrice\":10,\"actualPrice\":10,\"taxes\":[{\"name\":\"VAT\",\"totalTax\":1}],\"sellerName\":\"Samsung\",\"sid\":\"samsung\"}],\"shipping\":{\"shippingKey\":\"standard-projecte\",\"shippingDisplayName\":\"standard\",\"shippingPrice\":\"10\"},\"addresses\":{\"shipping\":{\"fullname\":null,\"telephone\":\"\\u00e1dasd\",\"streetAddress\":\"\\u00e1dasd\",\"cityDistrict\":[null,\"\\u00e1dasd\"],\"stateProvince\":[\"101\",\"hanoi\"]}}}','ac39223d519ca0a9e93fd2b952ac653f','127.0.0.1','Mozilla/5.0 (Windows NT 6.3; WOW64) AppleWebKit/53','2014-05-16 06:05:17',NULL),(31,NULL,'2014-05-16 07:05:52','{\"secretKey\":null,\"orderkey\":\"4aca9bf7d760f19464992801c59e3832\",\"su\":\"GIFT\",\"user\":{\"is_authorized\":false,\"languageKey\":\"VN-VI\",\"currencyKey\":\"VND\",\"id\":null,\"firstname\":null,\"lastname\":null,\"account\":null,\"sex\":null,\"DOB\":null,\"date_joined\":null,\"status\":null,\"last_active\":null,\"platform_key\":null,\"secretKey\":null},\"products\":[{\"id\":\"2\",\"name\":\"Pha l\\u00ea d\\u00e2u\",\"image\":\"http:\\/\\/localhost.com\\/index.php\\/uploads\\/2014\\/3\\/27\\/image4.jpg\",\"shortDesc\":\"mo ta sp\",\"price\":10,\"quantity\":3,\"totalPrice\":30,\"actualPrice\":30,\"taxes\":[{\"name\":\"VAT\",\"totalTax\":3}],\"sellerName\":\"Samsung\",\"sid\":\"samsung\"},{\"id\":\"3\",\"name\":\"Pha l\\u00ea d\\u00e2u\",\"image\":\"http:\\/\\/localhost.com\\/index.php\\/uploads\\/2014\\/3\\/27\\/image4.jpg\",\"shortDesc\":\"mo ta sp\",\"price\":10,\"quantity\":1,\"totalPrice\":10,\"actualPrice\":10,\"taxes\":[{\"name\":\"VAT\",\"totalTax\":1}],\"sellerName\":\"Samsung\",\"sid\":\"samsung\"}],\"shipping\":{\"shippingKey\":\"standard-projecte\",\"shippingDisplayName\":\"standard\",\"shippingPrice\":\"10\"},\"addresses\":{\"shipping\":{\"fullname\":null,\"telephone\":\"\\u00e1dasd\",\"streetAddress\":\"\\u00e1dasd\",\"cityDistrict\":[null,\"\\u00e1dasd\"],\"stateProvince\":[\"101\",\"hanoi\"]}}}','4cc3aeb188156e5c2e2fc058cbbaf1e5','127.0.0.1','Mozilla/5.0 (Windows NT 6.3; WOW64) AppleWebKit/53','2014-05-16 07:05:52',NULL),(32,NULL,'2014-05-18 10:05:32','{\"secretKey\":null,\"orderkey\":\"44ef8c3b4fed18022f3dd5dcabfca2ad\",\"su\":\"GIFT\",\"user\":{\"is_authorized\":false,\"languageKey\":\"VN-VI\",\"currencyKey\":\"VND\",\"id\":null,\"firstname\":null,\"lastname\":null,\"account\":null,\"sex\":null,\"DOB\":null,\"date_joined\":null,\"status\":null,\"last_active\":null,\"platform_key\":null,\"secretKey\":null,\"fullname\":\" \"},\"products\":[{\"id\":\"1\",\"name\":\"Pha l\\u00ea d\\u00e2u\",\"image\":\"http:\\/\\/localhost.com\\/uploads\\/2014\\/3\\/27\\/image4.jpg\",\"shortDesc\":\"mo ta sp\",\"price\":10,\"quantity\":1,\"totalPrice\":10,\"actualPrice\":10,\"taxes\":[{\"name\":\"VAT\",\"totalTax\":1}],\"sellerName\":\"Samsung\",\"sid\":\"samsung\"}],\"shipping\":{\"shippingKey\":\"standard-projecte\",\"shippingDisplayName\":\"standard\",\"shippingPrice\":\"10\"},\"addresses\":{\"shipping\":{\"fullname\":null,\"telephone\":\"\\u00e1dasd\",\"streetAddress\":\"\\u00e1dasd\",\"cityDistrict\":[null,\"\\u00e1dasd\"],\"stateProvince\":[\"101\",\"hanoi\"]}}}','ad014ef967b05ceca8b86ec5ea076e8f','127.0.0.1','Mozilla/5.0 (Windows NT 6.3; WOW64) AppleWebKit/53','2014-05-18 10:05:33',NULL),(33,NULL,'2014-05-18 10:05:33','{\"secretKey\":null,\"orderkey\":\"4a4fdc5a06945c63f496d3df368fbcba\",\"su\":\"GIFT\",\"user\":{\"is_authorized\":false,\"languageKey\":\"VN-VI\",\"currencyKey\":\"VND\",\"id\":null,\"firstname\":null,\"lastname\":null,\"account\":null,\"sex\":null,\"DOB\":null,\"date_joined\":null,\"status\":null,\"last_active\":null,\"platform_key\":null,\"secretKey\":null,\"fullname\":\" \"},\"products\":[{\"id\":\"1\",\"name\":\"Pha l\\u00ea d\\u00e2u\",\"image\":\"http:\\/\\/localhost.com\\/uploads\\/2014\\/3\\/27\\/image4.jpg\",\"shortDesc\":\"mo ta sp\",\"price\":10,\"quantity\":2,\"totalPrice\":20,\"actualPrice\":20,\"taxes\":[{\"name\":\"VAT\",\"totalTax\":2}],\"sellerName\":\"Samsung\",\"sid\":\"samsung\"}],\"shipping\":{\"shippingKey\":\"standard-projecte\",\"shippingDisplayName\":\"standard\",\"shippingPrice\":\"10\"},\"addresses\":{\"shipping\":{\"fullname\":null,\"telephone\":\"asdasd\",\"streetAddress\":\"asdasd\",\"cityDistrict\":[null,\"asdasd\"],\"stateProvince\":[\"101\",\"hanoi\"]}}}','86050ce6f0467bded4e1a45394088993','127.0.0.1','Mozilla/5.0 (Windows NT 6.3; WOW64) AppleWebKit/53','2014-05-18 10:05:33',NULL),(34,NULL,'2014-05-18 04:05:57','{\"secretKey\":null,\"orderkey\":\"fabe8da24b38b5e2f1fc61505fdec57f\",\"su\":\"GIFT\",\"user\":{\"is_authorized\":false,\"languageKey\":\"VN-VI\",\"currencyKey\":\"VND\",\"id\":null,\"firstname\":null,\"lastname\":null,\"account\":null,\"sex\":null,\"DOB\":null,\"date_joined\":null,\"status\":null,\"last_active\":null,\"platform_key\":null,\"secretKey\":null,\"fullname\":\" \"},\"products\":[{\"id\":\"1\",\"name\":\"Pha l\\u00ea d\\u00e2u\",\"image\":\"http:\\/\\/localhost.com\\/uploads\\/2014\\/3\\/27\\/image4.jpg\",\"shortDesc\":\"mo ta sp\",\"price\":10,\"quantity\":1,\"totalPrice\":10,\"actualPrice\":10,\"taxes\":[{\"name\":\"VAT\",\"totalTax\":1}],\"sellerName\":\"Samsung\",\"sid\":\"samsung\"}],\"shipping\":{\"shippingKey\":\"standard-projecte\",\"shippingDisplayName\":\"standard\",\"shippingPrice\":\"10\"},\"addresses\":{\"shipping\":{\"fullname\":null,\"telephone\":\"\\u00e1dasdasd\",\"streetAddress\":\"\\u00e1dasdasd\",\"cityDistrict\":[null,\"\\u00e1dasdasd\"],\"stateProvince\":[\"101\",\"hanoi\"]}}}','6cd275262396ab136b916a682a5e5dc3','127.0.0.1','Mozilla/5.0 (Windows NT 6.3; WOW64) AppleWebKit/53','2014-05-18 04:05:57',NULL),(35,NULL,'2014-05-18 04:05:53','{\"secretKey\":null,\"orderkey\":\"e7a84051ddb4496aeb7ba5d7f577f3ed\",\"su\":\"GIFT\",\"user\":{\"is_authorized\":false,\"languageKey\":\"VN-VI\",\"currencyKey\":\"VND\",\"id\":null,\"firstname\":null,\"lastname\":null,\"account\":null,\"sex\":null,\"DOB\":null,\"date_joined\":null,\"status\":null,\"last_active\":null,\"platform_key\":null,\"secretKey\":null,\"fullname\":\" \"},\"products\":[{\"id\":\"1\",\"name\":\"Pha l\\u00ea d\\u00e2u\",\"image\":\"http:\\/\\/localhost.com\\/uploads\\/2014\\/3\\/27\\/image4.jpg\",\"shortDesc\":\"mo ta sp\",\"price\":10,\"quantity\":2,\"totalPrice\":20,\"actualPrice\":20,\"taxes\":[{\"name\":\"VAT\",\"totalTax\":2}],\"sellerName\":\"Samsung\",\"sid\":\"samsung\"}],\"shipping\":{\"shippingKey\":\"standard-projecte\",\"shippingDisplayName\":\"standard\",\"shippingPrice\":\"10\"},\"addresses\":{\"shipping\":{\"fullname\":null,\"telephone\":\"\\u00e1dasd\",\"streetAddress\":\"\\u00e1dasd\",\"cityDistrict\":[null,\"\\u00e1dasd\"],\"stateProvince\":[\"101\",\"hanoi\"]}}}','875d6e90a4677d3667fc9e0f73197c3e','127.0.0.1','Mozilla/5.0 (Windows NT 6.3; WOW64) AppleWebKit/53','2014-05-18 04:05:53',NULL),(36,NULL,'2014-05-18 05:05:15','{\"secretKey\":null,\"orderkey\":\"2a10ae6290175728fd3408d81c776084\",\"su\":\"GIFT\",\"user\":{\"is_authorized\":false,\"languageKey\":\"VN-VI\",\"currencyKey\":\"VND\",\"id\":null,\"firstname\":null,\"lastname\":null,\"account\":null,\"sex\":null,\"DOB\":null,\"date_joined\":null,\"status\":null,\"last_active\":null,\"platform_key\":null,\"secretKey\":null,\"fullname\":\" \"},\"products\":[{\"id\":\"1\",\"name\":\"Pha l\\u00ea d\\u00e2u\",\"image\":\"http:\\/\\/localhost.com\\/uploads\\/2014\\/3\\/27\\/image4.jpg\",\"shortDesc\":\"mo ta sp\",\"price\":10,\"quantity\":3,\"totalPrice\":30,\"actualPrice\":30,\"taxes\":[{\"name\":\"VAT\",\"totalTax\":3}],\"sellerName\":\"Samsung\",\"sid\":\"samsung\"}],\"shipping\":{\"shippingKey\":\"standard-projecte\",\"shippingDisplayName\":\"standard\",\"shippingPrice\":\"10\"},\"addresses\":{\"shipping\":{\"fullname\":null,\"telephone\":\"asdasdasd\",\"streetAddress\":\"asdasdasd\",\"cityDistrict\":[null,\"asdasdasd\"],\"stateProvince\":[\"101\",\"hanoi\"]}}}','e507f9fb5736d9178624c8f9f55d3264','127.0.0.1','Mozilla/5.0 (Windows NT 6.3; WOW64) AppleWebKit/53','2014-05-18 05:05:15',NULL),(37,NULL,'2014-05-19 10:05:52','{\"secretKey\":null,\"orderkey\":\"2edba5b59e9a57057d162eda6080cd65\",\"su\":\"GIFT\",\"user\":{\"is_authorized\":false,\"languageKey\":\"VN-VI\",\"currencyKey\":\"VND\",\"id\":null,\"firstname\":null,\"lastname\":null,\"account\":null,\"sex\":null,\"DOB\":null,\"date_joined\":null,\"status\":null,\"last_active\":null,\"platform_key\":null,\"secretKey\":null,\"fullname\":\" \"},\"products\":[{\"id\":\"1\",\"name\":\"Pha l\\u00ea d\\u00e2u\",\"image\":\"http:\\/\\/localhost.com\\/uploads\\/2014\\/3\\/27\\/image4.jpg\",\"shortDesc\":\"mo ta sp\",\"price\":10,\"quantity\":1,\"totalPrice\":10,\"actualPrice\":10,\"taxes\":[{\"name\":\"VAT\",\"totalTax\":1}],\"sellerName\":\"Samsung\",\"sid\":\"samsung\"}],\"shipping\":{\"shippingKey\":\"standard-projecte\",\"shippingDisplayName\":\"standard\",\"shippingPrice\":\"10\"},\"addresses\":{\"shipping\":{\"fullname\":null,\"telephone\":\"\\u00e1dasdad\",\"streetAddress\":\"\\u00e1dasdad\",\"cityDistrict\":[null,\"\\u00e1dasdad\"],\"stateProvince\":[\"101\",\"hanoi\"]}}}','8b5578af64eab3a2ab3072fd05ec68f2','127.0.0.1','Mozilla/5.0 (Windows NT 6.3; WOW64) AppleWebKit/53','2014-05-19 10:05:52',NULL),(38,NULL,'2014-05-21 10:05:52','{\"secretKey\":null,\"orderkey\":\"3479b6f382a29753a4f1e44fd499303f\",\"su\":\"GIFT\",\"user\":{\"is_authorized\":false,\"languageKey\":\"VN-VI\",\"currencyKey\":\"VND\",\"id\":null,\"firstname\":null,\"lastname\":null,\"account\":null,\"sex\":null,\"DOB\":null,\"date_joined\":null,\"status\":null,\"last_active\":null,\"platform_key\":null,\"secretKey\":null,\"fullname\":\" \"},\"products\":[{\"id\":\"1\",\"name\":\"Pha l\\u00ea d\\u00e2u\",\"image\":\"http:\\/\\/localhost.com\\/uploads\\/2014\\/3\\/27\\/image4.jpg\",\"shortDesc\":\"mo ta sp\",\"price\":10,\"quantity\":1,\"totalPrice\":10,\"actualPrice\":10,\"taxes\":[{\"name\":\"VAT\",\"totalTax\":1}],\"sellerName\":\"Samsung\",\"sid\":\"samsung\"}],\"shipping\":{\"shippingKey\":\"standard-projecte\",\"shippingDisplayName\":\"standard\",\"shippingPrice\":\"10\"},\"addresses\":{\"shipping\":{\"fullname\":null,\"telephone\":\"\\u00e1dasdasd\",\"streetAddress\":\"\\u00e1dasdasd\",\"cityDistrict\":[null,\"\\u00e1dasdasd\"],\"stateProvince\":[\"101\",\"hanoi\"]}}}','5823906197df8dfc3b5dc653720901f3','127.0.0.1','Mozilla/5.0 (Windows NT 6.3; WOW64) AppleWebKit/53','2014-05-21 10:05:53',NULL),(39,NULL,'2014-05-24 07:05:41','{\"secretKey\":null,\"orderkey\":\"453f25fc106fbe84ac02407034f66d06\",\"su\":\"GIFT\",\"user\":{\"is_authorized\":false,\"languageKey\":\"VN-VI\",\"currencyKey\":\"VND\",\"id\":null,\"firstname\":null,\"lastname\":null,\"account\":null,\"sex\":null,\"DOB\":null,\"date_joined\":null,\"status\":null,\"last_active\":null,\"platform_key\":null,\"secretKey\":null,\"fullname\":\" \"},\"products\":[{\"id\":\"15\",\"name\":\"def\",\"image\":\"http:\\/\\/localhost.com\\/uploads\\/2014\\/05\\/20\\/ae8564fee192da10b00b78cefd09fe00.jpg\",\"shortDesc\":\"<p>sdasda<\\/p>\",\"price\":60000,\"quantity\":1,\"totalPrice\":60000,\"actualPrice\":60000,\"taxes\":[{\"name\":\"VAT\",\"totalTax\":6000}],\"sellerName\":\"Samsung\",\"sid\":\"samsung\"}],\"shipping\":{\"shippingKey\":\"standard-projecte\",\"shippingDisplayName\":\"standard\",\"shippingPrice\":\"10\"},\"addresses\":{\"shipping\":{\"fullname\":null,\"telephone\":\"l\\u00ea thanh an \",\"streetAddress\":\"l\\u00ea thanh an \",\"cityDistrict\":[null,\"l\\u00ea thanh an \"],\"stateProvince\":[\"101\",\"hanoi\"]}}}','8f25c1cec03dbe5490104310bc0e5eae','127.0.0.1','Mozilla/5.0 (Windows NT 6.3; WOW64) AppleWebKit/53','2014-05-24 07:05:41',NULL),(40,NULL,'2014-05-25 08:05:55','{\"secretKey\":null,\"orderkey\":\"6fb5ca8406aa27b67fca4529272a2464\",\"su\":\"GIFT\",\"user\":{\"is_authorized\":false,\"languageKey\":\"VN-VI\",\"currencyKey\":\"VND\",\"id\":null,\"firstname\":null,\"lastname\":null,\"account\":null,\"sex\":null,\"DOB\":null,\"date_joined\":null,\"status\":null,\"last_active\":null,\"platform_key\":null,\"secretKey\":null,\"fullname\":\" \"},\"products\":[{\"id\":\"20\",\"name\":\"Pha l\\u00ea d\\u00e2u\",\"image\":\"http:\\/\\/localhost.com\\/uploads\\/2014\\/05\\/22\\/46c46554bfc2ffb6e8ce0f6dca210b9a.jpg\",\"shortDesc\":\"<p>zxsadas<\\/p>\",\"price\":100000,\"quantity\":1,\"totalPrice\":100000,\"actualPrice\":100000,\"taxes\":[{\"name\":\"VAT\",\"totalTax\":10000}],\"sellerName\":\"Samsung\",\"sid\":\"samsung\"}],\"shipping\":{\"shippingKey\":\"standard-projecte\",\"shippingDisplayName\":\"standard\",\"shippingPrice\":\"10\"},\"addresses\":{\"shipping\":{\"fullname\":null,\"telephone\":\"\\u00e1dasd\",\"streetAddress\":\"\\u00e1dasd\",\"cityDistrict\":[null,\"\\u00e1dasd\"],\"stateProvince\":[\"101\",\"hanoi\"]}}}','8b703cbb30cfac1cbac73c64a399f793','127.0.0.1','Mozilla/5.0 (Windows NT 6.3; WOW64) AppleWebKit/53','2014-05-25 08:05:57',NULL);

/*Table structure for table `t_product` */

DROP TABLE IF EXISTS `t_product`;

CREATE TABLE `t_product` (
  `id` int(11) NOT NULL AUTO_INCREMENT,
  `sub_id` int(11) DEFAULT NULL,
  `name` varchar(11) COLLATE utf8_unicode_ci DEFAULT NULL,
  `sub_image` varchar(255) COLLATE utf8_unicode_ci DEFAULT NULL,
  `short_description` varchar(500) COLLATE utf8_unicode_ci DEFAULT NULL,
  `price` double DEFAULT NULL,
  `quantity` double DEFAULT NULL,
  `total_price` double DEFAULT NULL,
  `actual_price` double DEFAULT NULL,
  `seller_id` int(11) DEFAULT NULL,
  `seller_name` text COLLATE utf8_unicode_ci,
  PRIMARY KEY (`id`)
) ENGINE=InnoDB AUTO_INCREMENT=374 DEFAULT CHARSET=utf8 COLLATE=utf8_unicode_ci;

/*Data for the table `t_product` */

insert  into `t_product`(`id`,`sub_id`,`name`,`sub_image`,`short_description`,`price`,`quantity`,`total_price`,`actual_price`,`seller_id`,`seller_name`) values (1,1,'Pha l du','http://localhost.com/index.php/uploads/2014/3/27/image4.jpg','mo ta sp',10,1,10,10,NULL,NULL),(2,1,'Pha l du','http://localhost.com/index.php/uploads/2014/3/27/image4.jpg','mo ta sp',10,2,20,20,NULL,NULL),(3,1,'Pha l du','http://localhost.com/index.php/uploads/2014/3/27/image4.jpg','mo ta sp',10,1,10,10,NULL,NULL),(4,1,'Pha l du','http://localhost.com/index.php/uploads/2014/3/27/image4.jpg','mo ta sp',10,1,10,10,NULL,NULL),(5,2,'Pha l du','http://localhost.com/index.php/uploads/2014/3/27/image4.jpg','mo ta sp',10,1,10,10,NULL,NULL),(6,1,'Pha l du','http://localhost.com/index.php/uploads/2014/3/27/image4.jpg','mo ta sp',10,1,10,10,NULL,NULL),(7,2,'Pha l du','http://localhost.com/index.php/uploads/2014/3/27/image4.jpg','mo ta sp',10,1,10,10,NULL,NULL),(8,1,'Pha l du','http://localhost.com/index.php/uploads/2014/3/27/image4.jpg','mo ta sp',10,1,10,10,NULL,NULL),(9,2,'Pha l du','http://localhost.com/index.php/uploads/2014/3/27/image4.jpg','mo ta sp',10,1,10,10,NULL,NULL),(10,1,'Pha l du','http://localhost.com/index.php/uploads/2014/3/27/image4.jpg','mo ta sp',10,1,10,10,NULL,NULL),(11,2,'Pha l du','http://localhost.com/index.php/uploads/2014/3/27/image4.jpg','mo ta sp',10,1,10,10,NULL,NULL),(12,1,'Pha l du','http://localhost.com/index.php/uploads/2014/3/27/image4.jpg','mo ta sp',10,1,10,10,NULL,NULL),(13,2,'Pha l du','http://localhost.com/index.php/uploads/2014/3/27/image4.jpg','mo ta sp',10,1,10,10,NULL,NULL),(14,1,'Pha l du','http://localhost.com/index.php/uploads/2014/3/27/image4.jpg','mo ta sp',10,1,10,10,NULL,NULL),(15,2,'Pha l du','http://localhost.com/index.php/uploads/2014/3/27/image4.jpg','mo ta sp',10,1,10,10,NULL,NULL),(16,1,'Pha l du','http://localhost.com/index.php/uploads/2014/3/27/image4.jpg','mo ta sp',10,1,10,10,NULL,NULL),(17,2,'Pha l du','http://localhost.com/index.php/uploads/2014/3/27/image4.jpg','mo ta sp',10,1,10,10,NULL,NULL),(18,1,'Pha l du','http://localhost.com/index.php/uploads/2014/3/27/image4.jpg','mo ta sp',10,1,10,10,NULL,NULL),(19,2,'Pha l du','http://localhost.com/index.php/uploads/2014/3/27/image4.jpg','mo ta sp',10,1,10,10,NULL,NULL),(20,1,'Pha l du','http://localhost.com/index.php/uploads/2014/3/27/image4.jpg','mo ta sp',10,1,10,10,NULL,NULL),(21,2,'Pha l du','http://localhost.com/index.php/uploads/2014/3/27/image4.jpg','mo ta sp',10,1,10,10,NULL,NULL),(22,1,'Pha l du','http://localhost.com/index.php/uploads/2014/3/27/image4.jpg','mo ta sp',10,1,10,10,NULL,NULL),(23,2,'Pha l du','http://localhost.com/index.php/uploads/2014/3/27/image4.jpg','mo ta sp',10,1,10,10,NULL,NULL),(24,1,'Pha l du','http://localhost.com/index.php/uploads/2014/3/27/image4.jpg','mo ta sp',10,1,10,10,NULL,NULL),(25,2,'Pha l du','http://localhost.com/index.php/uploads/2014/3/27/image4.jpg','mo ta sp',10,1,10,10,NULL,NULL),(26,1,'Pha l du','http://localhost.com/index.php/uploads/2014/3/27/image4.jpg','mo ta sp',10,1,10,10,NULL,NULL),(27,2,'Pha l du','http://localhost.com/index.php/uploads/2014/3/27/image4.jpg','mo ta sp',10,1,10,10,NULL,NULL),(28,1,'Pha l du','http://localhost.com/index.php/uploads/2014/3/27/image4.jpg','mo ta sp',10,1,10,10,NULL,NULL),(29,2,'Pha l du','http://localhost.com/index.php/uploads/2014/3/27/image4.jpg','mo ta sp',10,1,10,10,NULL,NULL),(30,1,'Pha l du','http://localhost.com/index.php/uploads/2014/3/27/image4.jpg','mo ta sp',10,1,10,10,NULL,NULL),(31,2,'Pha l du','http://localhost.com/index.php/uploads/2014/3/27/image4.jpg','mo ta sp',10,1,10,10,NULL,NULL),(32,1,'Pha l du','http://localhost.com/index.php/uploads/2014/3/27/image4.jpg','mo ta sp',10,1,10,10,NULL,NULL),(33,2,'Pha l du','http://localhost.com/index.php/uploads/2014/3/27/image4.jpg','mo ta sp',10,1,10,10,NULL,NULL),(34,1,'Pha l du','http://localhost.com/index.php/uploads/2014/3/27/image4.jpg','mo ta sp',10,1,10,10,NULL,NULL),(35,2,'Pha l du','http://localhost.com/index.php/uploads/2014/3/27/image4.jpg','mo ta sp',10,1,10,10,NULL,NULL),(36,1,'Pha l du','http://localhost.com/index.php/uploads/2014/3/27/image4.jpg','mo ta sp',10,1,10,10,NULL,NULL),(37,2,'Pha l du','http://localhost.com/index.php/uploads/2014/3/27/image4.jpg','mo ta sp',10,1,10,10,NULL,NULL),(38,1,'Pha l du','http://localhost.com/index.php/uploads/2014/3/27/image4.jpg','mo ta sp',10,1,10,10,NULL,NULL),(39,2,'Pha l du','http://localhost.com/index.php/uploads/2014/3/27/image4.jpg','mo ta sp',10,1,10,10,NULL,NULL),(40,1,'Pha l du','http://localhost.com/index.php/uploads/2014/3/27/image4.jpg','mo ta sp',10,1,10,10,NULL,NULL),(41,2,'Pha l du','http://localhost.com/index.php/uploads/2014/3/27/image4.jpg','mo ta sp',10,1,10,10,NULL,NULL),(42,1,'Pha l du','http://localhost.com/index.php/uploads/2014/3/27/image4.jpg','mo ta sp',10,1,10,10,NULL,NULL),(43,2,'Pha l du','http://localhost.com/index.php/uploads/2014/3/27/image4.jpg','mo ta sp',10,1,10,10,NULL,NULL),(44,1,'Pha l du','http://localhost.com/index.php/uploads/2014/3/27/image4.jpg','mo ta sp',10,1,10,10,NULL,NULL),(45,2,'Pha l du','http://localhost.com/index.php/uploads/2014/3/27/image4.jpg','mo ta sp',10,1,10,10,NULL,NULL),(46,1,'Pha l du','http://localhost.com/index.php/uploads/2014/3/27/image4.jpg','mo ta sp',10,1,10,10,NULL,NULL),(47,2,'Pha l du','http://localhost.com/index.php/uploads/2014/3/27/image4.jpg','mo ta sp',10,1,10,10,NULL,NULL),(48,1,'Pha l du','http://localhost.com/index.php/uploads/2014/3/27/image4.jpg','mo ta sp',10,1,10,10,NULL,NULL),(49,2,'Pha l du','http://localhost.com/index.php/uploads/2014/3/27/image4.jpg','mo ta sp',10,1,10,10,NULL,NULL),(50,1,'Pha l du','http://localhost.com/index.php/uploads/2014/3/27/image4.jpg','mo ta sp',10,1,10,10,NULL,NULL),(51,2,'Pha l du','http://localhost.com/index.php/uploads/2014/3/27/image4.jpg','mo ta sp',10,1,10,10,NULL,NULL),(52,1,'Pha l du','http://localhost.com/index.php/uploads/2014/3/27/image4.jpg','mo ta sp',10,1,10,10,NULL,NULL),(53,2,'Pha l du','http://localhost.com/index.php/uploads/2014/3/27/image4.jpg','mo ta sp',10,1,10,10,NULL,NULL),(54,1,'Pha l du','http://localhost.com/index.php/uploads/2014/3/27/image4.jpg','mo ta sp',10,1,10,10,NULL,NULL),(55,2,'Pha l du','http://localhost.com/index.php/uploads/2014/3/27/image4.jpg','mo ta sp',10,1,10,10,NULL,NULL),(56,1,'Pha l du','http://localhost.com/index.php/uploads/2014/3/27/image4.jpg','mo ta sp',10,1,10,10,NULL,NULL),(57,2,'Pha l du','http://localhost.com/index.php/uploads/2014/3/27/image4.jpg','mo ta sp',10,1,10,10,NULL,NULL),(58,1,'Pha l du','http://localhost.com/index.php/uploads/2014/3/27/image4.jpg','mo ta sp',10,1,10,10,NULL,NULL),(59,2,'Pha l du','http://localhost.com/index.php/uploads/2014/3/27/image4.jpg','mo ta sp',10,1,10,10,NULL,NULL),(60,1,'Pha l du','http://localhost.com/index.php/uploads/2014/3/27/image4.jpg','mo ta sp',10,1,10,10,NULL,NULL),(61,2,'Pha l du','http://localhost.com/index.php/uploads/2014/3/27/image4.jpg','mo ta sp',10,1,10,10,NULL,NULL),(62,1,'Pha l du','http://localhost.com/index.php/uploads/2014/3/27/image4.jpg','mo ta sp',10,1,10,10,NULL,NULL),(63,2,'Pha l du','http://localhost.com/index.php/uploads/2014/3/27/image4.jpg','mo ta sp',10,1,10,10,NULL,NULL),(64,1,'Pha l du','http://localhost.com/index.php/uploads/2014/3/27/image4.jpg','mo ta sp',10,1,10,10,NULL,NULL),(65,2,'Pha l du','http://localhost.com/index.php/uploads/2014/3/27/image4.jpg','mo ta sp',10,1,10,10,NULL,NULL),(66,1,'Pha l du','http://localhost.com/index.php/uploads/2014/3/27/image4.jpg','mo ta sp',10,1,10,10,NULL,NULL),(67,2,'Pha l du','http://localhost.com/index.php/uploads/2014/3/27/image4.jpg','mo ta sp',10,1,10,10,NULL,NULL),(68,1,'Pha l du','http://localhost.com/index.php/uploads/2014/3/27/image4.jpg','mo ta sp',10,1,10,10,NULL,NULL),(69,2,'Pha l du','http://localhost.com/index.php/uploads/2014/3/27/image4.jpg','mo ta sp',10,1,10,10,NULL,NULL),(70,1,'Pha l du','http://localhost.com/index.php/uploads/2014/3/27/image4.jpg','mo ta sp',10,1,10,10,NULL,NULL),(71,2,'Pha l du','http://localhost.com/index.php/uploads/2014/3/27/image4.jpg','mo ta sp',10,1,10,10,NULL,NULL),(72,1,'Pha l du','http://localhost.com/index.php/uploads/2014/3/27/image4.jpg','mo ta sp',10,1,10,10,NULL,NULL),(73,2,'Pha l du','http://localhost.com/index.php/uploads/2014/3/27/image4.jpg','mo ta sp',10,1,10,10,NULL,NULL),(74,1,'Pha l du','http://localhost.com/index.php/uploads/2014/3/27/image4.jpg','mo ta sp',10,1,10,10,NULL,NULL),(75,2,'Pha l du','http://localhost.com/index.php/uploads/2014/3/27/image4.jpg','mo ta sp',10,1,10,10,NULL,NULL),(76,1,'Pha l du','http://localhost.com/index.php/uploads/2014/3/27/image4.jpg','mo ta sp',10,1,10,10,NULL,NULL),(77,2,'Pha l du','http://localhost.com/index.php/uploads/2014/3/27/image4.jpg','mo ta sp',10,1,10,10,NULL,NULL),(78,1,'Pha l du','http://localhost.com/index.php/uploads/2014/3/27/image4.jpg','mo ta sp',10,1,10,10,NULL,NULL),(79,2,'Pha l du','http://localhost.com/index.php/uploads/2014/3/27/image4.jpg','mo ta sp',10,1,10,10,NULL,NULL),(80,1,'Pha l du','http://localhost.com/index.php/uploads/2014/3/27/image4.jpg','mo ta sp',10,1,10,10,NULL,NULL),(81,2,'Pha l du','http://localhost.com/index.php/uploads/2014/3/27/image4.jpg','mo ta sp',10,1,10,10,NULL,NULL),(82,1,'Pha l du','http://localhost.com/index.php/uploads/2014/3/27/image4.jpg','mo ta sp',10,1,10,10,NULL,NULL),(83,2,'Pha l du','http://localhost.com/index.php/uploads/2014/3/27/image4.jpg','mo ta sp',10,1,10,10,NULL,NULL),(84,1,'Pha l du','http://localhost.com/index.php/uploads/2014/3/27/image4.jpg','mo ta sp',10,1,10,10,NULL,NULL),(85,2,'Pha l du','http://localhost.com/index.php/uploads/2014/3/27/image4.jpg','mo ta sp',10,1,10,10,NULL,NULL),(86,1,'Pha l du','http://localhost.com/index.php/uploads/2014/3/27/image4.jpg','mo ta sp',10,1,10,10,NULL,NULL),(87,2,'Pha l du','http://localhost.com/index.php/uploads/2014/3/27/image4.jpg','mo ta sp',10,1,10,10,NULL,NULL),(88,1,'Pha l du','http://localhost.com/index.php/uploads/2014/3/27/image4.jpg','mo ta sp',10,1,10,10,NULL,NULL),(89,2,'Pha l du','http://localhost.com/index.php/uploads/2014/3/27/image4.jpg','mo ta sp',10,1,10,10,NULL,NULL),(90,1,'Pha l du','http://localhost.com/index.php/uploads/2014/3/27/image4.jpg','mo ta sp',10,1,10,10,NULL,NULL),(91,2,'Pha l du','http://localhost.com/index.php/uploads/2014/3/27/image4.jpg','mo ta sp',10,1,10,10,NULL,NULL),(92,1,'Pha l du','http://localhost.com/index.php/uploads/2014/3/27/image4.jpg','mo ta sp',10,1,10,10,NULL,NULL),(93,2,'Pha l du','http://localhost.com/index.php/uploads/2014/3/27/image4.jpg','mo ta sp',10,1,10,10,NULL,NULL),(94,1,'Pha l du','http://localhost.com/index.php/uploads/2014/3/27/image4.jpg','mo ta sp',10,1,10,10,NULL,NULL),(95,2,'Pha l du','http://localhost.com/index.php/uploads/2014/3/27/image4.jpg','mo ta sp',10,1,10,10,NULL,NULL),(96,1,'Pha l du','http://localhost.com/index.php/uploads/2014/3/27/image4.jpg','mo ta sp',10,1,10,10,NULL,NULL),(97,2,'Pha l du','http://localhost.com/index.php/uploads/2014/3/27/image4.jpg','mo ta sp',10,1,10,10,NULL,NULL),(98,1,'Pha l du','http://localhost.com/index.php/uploads/2014/3/27/image4.jpg','mo ta sp',10,1,10,10,NULL,NULL),(99,2,'Pha l du','http://localhost.com/index.php/uploads/2014/3/27/image4.jpg','mo ta sp',10,1,10,10,NULL,NULL),(100,1,'Pha l du','http://localhost.com/index.php/uploads/2014/3/27/image4.jpg','mo ta sp',10,1,10,10,NULL,NULL),(101,2,'Pha l du','http://localhost.com/index.php/uploads/2014/3/27/image4.jpg','mo ta sp',10,1,10,10,NULL,NULL),(102,1,'Pha l du','http://localhost.com/index.php/uploads/2014/3/27/image4.jpg','mo ta sp',10,1,10,10,NULL,NULL),(103,2,'Pha l du','http://localhost.com/index.php/uploads/2014/3/27/image4.jpg','mo ta sp',10,1,10,10,NULL,NULL),(104,1,'Pha l du','http://localhost.com/index.php/uploads/2014/3/27/image4.jpg','mo ta sp',10,1,10,10,NULL,NULL),(105,2,'Pha l du','http://localhost.com/index.php/uploads/2014/3/27/image4.jpg','mo ta sp',10,1,10,10,NULL,NULL),(106,1,'Pha l du','http://localhost.com/index.php/uploads/2014/3/27/image4.jpg','mo ta sp',10,1,10,10,NULL,NULL),(107,2,'Pha l du','http://localhost.com/index.php/uploads/2014/3/27/image4.jpg','mo ta sp',10,1,10,10,NULL,NULL),(108,1,'Pha l du','http://localhost.com/index.php/uploads/2014/3/27/image4.jpg','mo ta sp',10,1,10,10,NULL,NULL),(109,2,'Pha l du','http://localhost.com/index.php/uploads/2014/3/27/image4.jpg','mo ta sp',10,2,20,20,NULL,NULL),(110,1,'Pha l du','http://localhost.com/index.php/uploads/2014/3/27/image4.jpg','mo ta sp',10,1,10,10,NULL,NULL),(111,2,'Pha l du','http://localhost.com/index.php/uploads/2014/3/27/image4.jpg','mo ta sp',10,2,20,20,NULL,NULL),(112,1,'Pha l du','http://localhost.com/index.php/uploads/2014/3/27/image4.jpg','mo ta sp',10,1,10,10,NULL,NULL),(113,2,'Pha l du','http://localhost.com/index.php/uploads/2014/3/27/image4.jpg','mo ta sp',10,2,20,20,NULL,NULL),(114,1,'Pha l du','http://localhost.com/index.php/uploads/2014/3/27/image4.jpg','mo ta sp',10,1,10,10,NULL,NULL),(115,2,'Pha l du','http://localhost.com/index.php/uploads/2014/3/27/image4.jpg','mo ta sp',10,2,20,20,NULL,NULL),(116,1,'Pha l du','http://localhost.com/index.php/uploads/2014/3/27/image4.jpg','mo ta sp',10,1,10,10,NULL,NULL),(117,2,'Pha l du','http://localhost.com/index.php/uploads/2014/3/27/image4.jpg','mo ta sp',10,2,20,20,NULL,NULL),(118,1,'Pha l du','http://localhost.com/index.php/uploads/2014/3/27/image4.jpg','mo ta sp',10,1,10,10,NULL,NULL),(119,2,'Pha l du','http://localhost.com/index.php/uploads/2014/3/27/image4.jpg','mo ta sp',10,2,20,20,NULL,NULL),(120,1,'Pha l du','http://localhost.com/index.php/uploads/2014/3/27/image4.jpg','mo ta sp',10,1,10,10,NULL,NULL),(121,2,'Pha l du','http://localhost.com/index.php/uploads/2014/3/27/image4.jpg','mo ta sp',10,2,20,20,NULL,NULL),(122,1,'Pha l du','http://localhost.com/index.php/uploads/2014/3/27/image4.jpg','mo ta sp',10,1,10,10,NULL,NULL),(123,2,'Pha l du','http://localhost.com/index.php/uploads/2014/3/27/image4.jpg','mo ta sp',10,2,20,20,NULL,NULL),(124,1,'Pha l du','http://localhost.com/index.php/uploads/2014/3/27/image4.jpg','mo ta sp',10,1,10,10,NULL,NULL),(125,2,'Pha l du','http://localhost.com/index.php/uploads/2014/3/27/image4.jpg','mo ta sp',10,2,20,20,NULL,NULL),(126,1,'Pha l du','http://localhost.com/index.php/uploads/2014/3/27/image4.jpg','mo ta sp',10,1,10,10,NULL,NULL),(127,2,'Pha l du','http://localhost.com/index.php/uploads/2014/3/27/image4.jpg','mo ta sp',10,2,20,20,NULL,NULL),(128,1,'Pha l du','http://localhost.com/index.php/uploads/2014/3/27/image4.jpg','mo ta sp',10,1,10,10,NULL,NULL),(129,2,'Pha l du','http://localhost.com/index.php/uploads/2014/3/27/image4.jpg','mo ta sp',10,2,20,20,NULL,NULL),(130,1,'Pha l du','http://localhost.com/index.php/uploads/2014/3/27/image4.jpg','mo ta sp',10,1,10,10,NULL,NULL),(131,2,'Pha l du','http://localhost.com/index.php/uploads/2014/3/27/image4.jpg','mo ta sp',10,2,20,20,NULL,NULL),(132,1,'Pha l du','http://localhost.com/index.php/uploads/2014/3/27/image4.jpg','mo ta sp',10,1,10,10,NULL,NULL),(133,2,'Pha l du','http://localhost.com/index.php/uploads/2014/3/27/image4.jpg','mo ta sp',10,2,20,20,NULL,NULL),(134,1,'Pha l du','http://localhost.com/index.php/uploads/2014/3/27/image4.jpg','mo ta sp',10,1,10,10,NULL,NULL),(135,2,'Pha l du','http://localhost.com/index.php/uploads/2014/3/27/image4.jpg','mo ta sp',10,2,20,20,NULL,NULL),(136,1,'Pha l du','http://localhost.com/index.php/uploads/2014/3/27/image4.jpg','mo ta sp',10,1,10,10,NULL,NULL),(137,2,'Pha l du','http://localhost.com/index.php/uploads/2014/3/27/image4.jpg','mo ta sp',10,2,20,20,NULL,NULL),(138,1,'Pha l du','http://localhost.com/index.php/uploads/2014/3/27/image4.jpg','mo ta sp',10,1,10,10,NULL,NULL),(139,2,'Pha l du','http://localhost.com/index.php/uploads/2014/3/27/image4.jpg','mo ta sp',10,2,20,20,NULL,NULL),(140,1,'Pha l du','http://localhost.com/index.php/uploads/2014/3/27/image4.jpg','mo ta sp',10,1,10,10,NULL,NULL),(141,2,'Pha l du','http://localhost.com/index.php/uploads/2014/3/27/image4.jpg','mo ta sp',10,2,20,20,NULL,NULL),(142,1,'Pha l du','http://localhost.com/index.php/uploads/2014/3/27/image4.jpg','mo ta sp',10,1,10,10,NULL,NULL),(143,2,'Pha l du','http://localhost.com/index.php/uploads/2014/3/27/image4.jpg','mo ta sp',10,2,20,20,NULL,NULL),(144,1,'Pha l du','http://localhost.com/index.php/uploads/2014/3/27/image4.jpg','mo ta sp',10,1,10,10,NULL,NULL),(145,2,'Pha l du','http://localhost.com/index.php/uploads/2014/3/27/image4.jpg','mo ta sp',10,2,20,20,NULL,NULL),(146,1,'Pha l du','http://localhost.com/index.php/uploads/2014/3/27/image4.jpg','mo ta sp',10,1,10,10,NULL,NULL),(147,2,'Pha l du','http://localhost.com/index.php/uploads/2014/3/27/image4.jpg','mo ta sp',10,2,20,20,NULL,NULL),(148,1,'Pha l du','http://localhost.com/index.php/uploads/2014/3/27/image4.jpg','mo ta sp',10,1,10,10,NULL,NULL),(149,2,'Pha l du','http://localhost.com/index.php/uploads/2014/3/27/image4.jpg','mo ta sp',10,2,20,20,NULL,NULL),(150,1,'Pha l du','http://localhost.com/index.php/uploads/2014/3/27/image4.jpg','mo ta sp',10,1,10,10,NULL,NULL),(151,2,'Pha l du','http://localhost.com/index.php/uploads/2014/3/27/image4.jpg','mo ta sp',10,2,20,20,NULL,NULL),(152,1,'Pha l du','http://localhost.com/index.php/uploads/2014/3/27/image4.jpg','mo ta sp',10,1,10,10,NULL,NULL),(153,2,'Pha l du','http://localhost.com/index.php/uploads/2014/3/27/image4.jpg','mo ta sp',10,2,20,20,NULL,NULL),(154,1,'Pha l du','http://localhost.com/index.php/uploads/2014/3/27/image4.jpg','mo ta sp',10,1,10,10,NULL,NULL),(155,2,'Pha l du','http://localhost.com/index.php/uploads/2014/3/27/image4.jpg','mo ta sp',10,2,20,20,NULL,NULL),(156,1,'Pha l du','http://localhost.com/index.php/uploads/2014/3/27/image4.jpg','mo ta sp',10,1,10,10,NULL,NULL),(157,2,'Pha l du','http://localhost.com/index.php/uploads/2014/3/27/image4.jpg','mo ta sp',10,2,20,20,NULL,NULL),(158,1,'Pha l du','http://localhost.com/index.php/uploads/2014/3/27/image4.jpg','mo ta sp',10,1,10,10,NULL,NULL),(159,2,'Pha l du','http://localhost.com/index.php/uploads/2014/3/27/image4.jpg','mo ta sp',10,2,20,20,NULL,NULL),(160,1,'Pha l du','http://localhost.com/index.php/uploads/2014/3/27/image4.jpg','mo ta sp',10,1,10,10,NULL,NULL),(161,2,'Pha l du','http://localhost.com/index.php/uploads/2014/3/27/image4.jpg','mo ta sp',10,2,20,20,NULL,NULL),(162,1,'Pha l du','http://localhost.com/index.php/uploads/2014/3/27/image4.jpg','mo ta sp',10,1,10,10,NULL,NULL),(163,2,'Pha l du','http://localhost.com/index.php/uploads/2014/3/27/image4.jpg','mo ta sp',10,2,20,20,NULL,NULL),(164,1,'Pha l du','http://localhost.com/index.php/uploads/2014/3/27/image4.jpg','mo ta sp',10,1,10,10,NULL,NULL),(165,2,'Pha l du','http://localhost.com/index.php/uploads/2014/3/27/image4.jpg','mo ta sp',10,2,20,20,NULL,NULL),(166,1,'Pha l du','http://localhost.com/index.php/uploads/2014/3/27/image4.jpg','mo ta sp',10,1,10,10,NULL,NULL),(167,2,'Pha l du','http://localhost.com/index.php/uploads/2014/3/27/image4.jpg','mo ta sp',10,2,20,20,NULL,NULL),(168,1,'Pha l du','http://localhost.com/index.php/uploads/2014/3/27/image4.jpg','mo ta sp',10,1,10,10,NULL,NULL),(169,2,'Pha l du','http://localhost.com/index.php/uploads/2014/3/27/image4.jpg','mo ta sp',10,2,20,20,NULL,NULL),(170,1,'Pha l du','http://localhost.com/index.php/uploads/2014/3/27/image4.jpg','mo ta sp',10,1,10,10,NULL,NULL),(171,2,'Pha l du','http://localhost.com/index.php/uploads/2014/3/27/image4.jpg','mo ta sp',10,2,20,20,NULL,NULL),(172,1,'Pha l du','http://localhost.com/index.php/uploads/2014/3/27/image4.jpg','mo ta sp',10,1,10,10,NULL,NULL),(173,2,'Pha l du','http://localhost.com/index.php/uploads/2014/3/27/image4.jpg','mo ta sp',10,2,20,20,NULL,NULL),(174,1,'Pha l du','http://localhost.com/index.php/uploads/2014/3/27/image4.jpg','mo ta sp',10,1,10,10,NULL,NULL),(175,2,'Pha l du','http://localhost.com/index.php/uploads/2014/3/27/image4.jpg','mo ta sp',10,2,20,20,NULL,NULL),(176,1,'Pha l du','http://localhost.com/index.php/uploads/2014/3/27/image4.jpg','mo ta sp',10,1,10,10,NULL,NULL),(177,2,'Pha l du','http://localhost.com/index.php/uploads/2014/3/27/image4.jpg','mo ta sp',10,2,20,20,NULL,NULL),(178,1,'Pha l du','http://localhost.com/index.php/uploads/2014/3/27/image4.jpg','mo ta sp',10,1,10,10,NULL,NULL),(179,2,'Pha l du','http://localhost.com/index.php/uploads/2014/3/27/image4.jpg','mo ta sp',10,2,20,20,NULL,NULL),(180,1,'Pha l du','http://localhost.com/index.php/uploads/2014/3/27/image4.jpg','mo ta sp',10,1,10,10,NULL,NULL),(181,2,'Pha l du','http://localhost.com/index.php/uploads/2014/3/27/image4.jpg','mo ta sp',10,2,20,20,NULL,NULL),(182,1,'Pha l du','http://localhost.com/index.php/uploads/2014/3/27/image4.jpg','mo ta sp',10,1,10,10,NULL,NULL),(183,2,'Pha l du','http://localhost.com/index.php/uploads/2014/3/27/image4.jpg','mo ta sp',10,2,20,20,NULL,NULL),(184,1,'Pha l du','http://localhost.com/index.php/uploads/2014/3/27/image4.jpg','mo ta sp',10,1,10,10,NULL,NULL),(185,2,'Pha l du','http://localhost.com/index.php/uploads/2014/3/27/image4.jpg','mo ta sp',10,2,20,20,NULL,NULL),(186,1,'Pha l du','http://localhost.com/index.php/uploads/2014/3/27/image4.jpg','mo ta sp',10,1,10,10,NULL,NULL),(187,2,'Pha l du','http://localhost.com/index.php/uploads/2014/3/27/image4.jpg','mo ta sp',10,2,20,20,NULL,NULL),(188,1,'Pha l du','http://localhost.com/index.php/uploads/2014/3/27/image4.jpg','mo ta sp',10,1,10,10,NULL,NULL),(189,2,'Pha l du','http://localhost.com/index.php/uploads/2014/3/27/image4.jpg','mo ta sp',10,2,20,20,NULL,NULL),(190,1,'Pha l du','http://localhost.com/index.php/uploads/2014/3/27/image4.jpg','mo ta sp',10,1,10,10,NULL,NULL),(191,2,'Pha l du','http://localhost.com/index.php/uploads/2014/3/27/image4.jpg','mo ta sp',10,2,20,20,NULL,NULL),(192,1,'Pha l du','http://localhost.com/index.php/uploads/2014/3/27/image4.jpg','mo ta sp',10,1,10,10,NULL,NULL),(193,2,'Pha l du','http://localhost.com/index.php/uploads/2014/3/27/image4.jpg','mo ta sp',10,2,20,20,NULL,NULL),(194,1,'Pha l du','http://localhost.com/index.php/uploads/2014/3/27/image4.jpg','mo ta sp',10,1,10,10,NULL,NULL),(195,2,'Pha l du','http://localhost.com/index.php/uploads/2014/3/27/image4.jpg','mo ta sp',10,2,20,20,NULL,NULL),(196,1,'Pha l du','http://localhost.com/index.php/uploads/2014/3/27/image4.jpg','mo ta sp',10,1,10,10,NULL,NULL),(197,2,'Pha l du','http://localhost.com/index.php/uploads/2014/3/27/image4.jpg','mo ta sp',10,2,20,20,NULL,NULL),(198,1,'Pha l du','http://localhost.com/index.php/uploads/2014/3/27/image4.jpg','mo ta sp',10,1,10,10,NULL,NULL),(199,2,'Pha l du','http://localhost.com/index.php/uploads/2014/3/27/image4.jpg','mo ta sp',10,2,20,20,NULL,NULL),(200,1,'Pha l du','http://localhost.com/index.php/uploads/2014/3/27/image4.jpg','mo ta sp',10,1,10,10,NULL,NULL),(201,2,'Pha l du','http://localhost.com/index.php/uploads/2014/3/27/image4.jpg','mo ta sp',10,2,20,20,NULL,NULL),(202,1,'Pha l du','http://localhost.com/index.php/uploads/2014/3/27/image4.jpg','mo ta sp',10,1,10,10,NULL,NULL),(203,2,'Pha l du','http://localhost.com/index.php/uploads/2014/3/27/image4.jpg','mo ta sp',10,2,20,20,NULL,NULL),(204,1,'Pha l du','http://localhost.com/index.php/uploads/2014/3/27/image4.jpg','mo ta sp',10,1,10,10,NULL,NULL),(205,2,'Pha l du','http://localhost.com/index.php/uploads/2014/3/27/image4.jpg','mo ta sp',10,2,20,20,NULL,NULL),(206,1,'Pha l du','http://localhost.com/index.php/uploads/2014/3/27/image4.jpg','mo ta sp',10,1,10,10,NULL,NULL),(207,2,'Pha l du','http://localhost.com/index.php/uploads/2014/3/27/image4.jpg','mo ta sp',10,2,20,20,NULL,NULL),(208,1,'Pha l du','http://localhost.com/index.php/uploads/2014/3/27/image4.jpg','mo ta sp',10,1,10,10,NULL,NULL),(209,2,'Pha l du','http://localhost.com/index.php/uploads/2014/3/27/image4.jpg','mo ta sp',10,2,20,20,NULL,NULL),(210,1,'Pha l du','http://localhost.com/index.php/uploads/2014/3/27/image4.jpg','mo ta sp',10,1,10,10,NULL,NULL),(211,2,'Pha l du','http://localhost.com/index.php/uploads/2014/3/27/image4.jpg','mo ta sp',10,2,20,20,NULL,NULL),(212,1,'Pha l du','http://localhost.com/index.php/uploads/2014/3/27/image4.jpg','mo ta sp',10,1,10,10,NULL,NULL),(213,2,'Pha l du','http://localhost.com/index.php/uploads/2014/3/27/image4.jpg','mo ta sp',10,2,20,20,NULL,NULL),(214,1,'Pha l du','http://localhost.com/index.php/uploads/2014/3/27/image4.jpg','mo ta sp',10,1,10,10,NULL,NULL),(215,2,'Pha l du','http://localhost.com/index.php/uploads/2014/3/27/image4.jpg','mo ta sp',10,2,20,20,NULL,NULL),(216,1,'Pha l du','http://localhost.com/index.php/uploads/2014/3/27/image4.jpg','mo ta sp',10,1,10,10,NULL,NULL),(217,2,'Pha l du','http://localhost.com/index.php/uploads/2014/3/27/image4.jpg','mo ta sp',10,2,20,20,NULL,NULL),(218,1,'Pha l du','http://localhost.com/index.php/uploads/2014/3/27/image4.jpg','mo ta sp',10,1,10,10,NULL,NULL),(219,2,'Pha l du','http://localhost.com/index.php/uploads/2014/3/27/image4.jpg','mo ta sp',10,2,20,20,NULL,NULL),(220,1,'Pha l du','http://localhost.com/index.php/uploads/2014/3/27/image4.jpg','mo ta sp',10,1,10,10,NULL,NULL),(221,2,'Pha l du','http://localhost.com/index.php/uploads/2014/3/27/image4.jpg','mo ta sp',10,2,20,20,NULL,NULL),(222,1,'Pha l du','http://localhost.com/index.php/uploads/2014/3/27/image4.jpg','mo ta sp',10,1,10,10,NULL,NULL),(223,2,'Pha l du','http://localhost.com/index.php/uploads/2014/3/27/image4.jpg','mo ta sp',10,2,20,20,NULL,NULL),(224,1,'Pha l du','http://localhost.com/index.php/uploads/2014/3/27/image4.jpg','mo ta sp',10,1,10,10,NULL,NULL),(225,2,'Pha l du','http://localhost.com/index.php/uploads/2014/3/27/image4.jpg','mo ta sp',10,2,20,20,NULL,NULL),(226,1,'Pha l du','http://localhost.com/index.php/uploads/2014/3/27/image4.jpg','mo ta sp',10,1,10,10,NULL,NULL),(227,2,'Pha l du','http://localhost.com/index.php/uploads/2014/3/27/image4.jpg','mo ta sp',10,2,20,20,NULL,NULL),(228,1,'Pha l du','http://localhost.com/index.php/uploads/2014/3/27/image4.jpg','mo ta sp',10,1,10,10,NULL,NULL),(229,2,'Pha l du','http://localhost.com/index.php/uploads/2014/3/27/image4.jpg','mo ta sp',10,2,20,20,NULL,NULL),(230,1,'Pha l du','http://localhost.com/index.php/uploads/2014/3/27/image4.jpg','mo ta sp',10,1,10,10,NULL,NULL),(231,2,'Pha l du','http://localhost.com/index.php/uploads/2014/3/27/image4.jpg','mo ta sp',10,2,20,20,NULL,NULL),(232,1,'Pha l du','http://localhost.com/index.php/uploads/2014/3/27/image4.jpg','mo ta sp',10,1,10,10,NULL,NULL),(233,2,'Pha l du','http://localhost.com/index.php/uploads/2014/3/27/image4.jpg','mo ta sp',10,2,20,20,NULL,NULL),(234,1,'Pha l du','http://localhost.com/index.php/uploads/2014/3/27/image4.jpg','mo ta sp',10,1,10,10,NULL,NULL),(235,2,'Pha l du','http://localhost.com/index.php/uploads/2014/3/27/image4.jpg','mo ta sp',10,2,20,20,NULL,NULL),(236,1,'Pha l du','http://localhost.com/index.php/uploads/2014/3/27/image4.jpg','mo ta sp',10,1,10,10,NULL,NULL),(237,2,'Pha l du','http://localhost.com/index.php/uploads/2014/3/27/image4.jpg','mo ta sp',10,2,20,20,NULL,NULL),(238,1,'Pha l du','http://localhost.com/index.php/uploads/2014/3/27/image4.jpg','mo ta sp',10,1,10,10,NULL,NULL),(239,2,'Pha l du','http://localhost.com/index.php/uploads/2014/3/27/image4.jpg','mo ta sp',10,2,20,20,NULL,NULL),(240,1,'Pha l du','http://localhost.com/index.php/uploads/2014/3/27/image4.jpg','mo ta sp',10,1,10,10,NULL,NULL),(241,2,'Pha l du','http://localhost.com/index.php/uploads/2014/3/27/image4.jpg','mo ta sp',10,2,20,20,NULL,NULL),(242,1,'Pha l du','http://localhost.com/index.php/uploads/2014/3/27/image4.jpg','mo ta sp',10,1,10,10,NULL,NULL),(243,2,'Pha l du','http://localhost.com/index.php/uploads/2014/3/27/image4.jpg','mo ta sp',10,2,20,20,NULL,NULL),(244,1,'Pha l du','http://localhost.com/index.php/uploads/2014/3/27/image4.jpg','mo ta sp',10,1,10,10,NULL,NULL),(245,2,'Pha l du','http://localhost.com/index.php/uploads/2014/3/27/image4.jpg','mo ta sp',10,2,20,20,NULL,NULL),(246,1,'Pha l du','http://localhost.com/index.php/uploads/2014/3/27/image4.jpg','mo ta sp',10,1,10,10,NULL,NULL),(247,2,'Pha l du','http://localhost.com/index.php/uploads/2014/3/27/image4.jpg','mo ta sp',10,2,20,20,NULL,NULL),(248,1,'Pha l du','http://localhost.com/index.php/uploads/2014/3/27/image4.jpg','mo ta sp',10,1,10,10,NULL,NULL),(249,2,'Pha l du','http://localhost.com/index.php/uploads/2014/3/27/image4.jpg','mo ta sp',10,2,20,20,NULL,NULL),(250,1,'Pha l du','http://localhost.com/index.php/uploads/2014/3/27/image4.jpg','mo ta sp',10,1,10,10,NULL,NULL),(251,2,'Pha l du','http://localhost.com/index.php/uploads/2014/3/27/image4.jpg','mo ta sp',10,2,20,20,NULL,NULL),(252,1,'Pha l du','http://localhost.com/index.php/uploads/2014/3/27/image4.jpg','mo ta sp',10,1,10,10,NULL,NULL),(253,2,'Pha l du','http://localhost.com/index.php/uploads/2014/3/27/image4.jpg','mo ta sp',10,2,20,20,NULL,NULL),(254,1,'Pha l du','http://localhost.com/index.php/uploads/2014/3/27/image4.jpg','mo ta sp',10,1,10,10,NULL,NULL),(255,2,'Pha l du','http://localhost.com/index.php/uploads/2014/3/27/image4.jpg','mo ta sp',10,2,20,20,NULL,NULL),(256,1,'Pha l du','http://localhost.com/index.php/uploads/2014/3/27/image4.jpg','mo ta sp',10,1,10,10,NULL,NULL),(257,2,'Pha l du','http://localhost.com/index.php/uploads/2014/3/27/image4.jpg','mo ta sp',10,2,20,20,NULL,NULL),(258,1,'Pha l du','http://localhost.com/index.php/uploads/2014/3/27/image4.jpg','mo ta sp',10,1,10,10,NULL,NULL),(259,2,'Pha l du','http://localhost.com/index.php/uploads/2014/3/27/image4.jpg','mo ta sp',10,2,20,20,NULL,NULL),(260,1,'Pha l du','http://localhost.com/index.php/uploads/2014/3/27/image4.jpg','mo ta sp',10,1,10,10,NULL,NULL),(261,2,'Pha l du','http://localhost.com/index.php/uploads/2014/3/27/image4.jpg','mo ta sp',10,2,20,20,NULL,NULL),(262,1,'Pha l du','http://localhost.com/index.php/uploads/2014/3/27/image4.jpg','mo ta sp',10,1,10,10,NULL,NULL),(263,2,'Pha l du','http://localhost.com/index.php/uploads/2014/3/27/image4.jpg','mo ta sp',10,2,20,20,NULL,NULL),(264,1,'Pha l du','http://localhost.com/index.php/uploads/2014/3/27/image4.jpg','mo ta sp',10,1,10,10,NULL,NULL),(265,2,'Pha l du','http://localhost.com/index.php/uploads/2014/3/27/image4.jpg','mo ta sp',10,2,20,20,NULL,NULL),(266,1,'Pha l du','http://localhost.com/index.php/uploads/2014/3/27/image4.jpg','mo ta sp',10,1,10,10,NULL,NULL),(267,2,'Pha l du','http://localhost.com/index.php/uploads/2014/3/27/image4.jpg','mo ta sp',10,2,20,20,NULL,NULL),(268,1,'Pha l du','http://localhost.com/index.php/uploads/2014/3/27/image4.jpg','mo ta sp',10,1,10,10,NULL,NULL),(269,2,'Pha l du','http://localhost.com/index.php/uploads/2014/3/27/image4.jpg','mo ta sp',10,2,20,20,NULL,NULL),(270,1,'Pha l du','http://localhost.com/index.php/uploads/2014/3/27/image4.jpg','mo ta sp',10,1,10,10,NULL,NULL),(271,2,'Pha l du','http://localhost.com/index.php/uploads/2014/3/27/image4.jpg','mo ta sp',10,2,20,20,NULL,NULL),(272,1,'Pha l du','http://localhost.com/index.php/uploads/2014/3/27/image4.jpg','mo ta sp',10,1,10,10,NULL,NULL),(273,2,'Pha l du','http://localhost.com/index.php/uploads/2014/3/27/image4.jpg','mo ta sp',10,2,20,20,NULL,NULL),(274,1,'Pha l du','http://localhost.com/index.php/uploads/2014/3/27/image4.jpg','mo ta sp',10,1,10,10,NULL,NULL),(275,2,'Pha l du','http://localhost.com/index.php/uploads/2014/3/27/image4.jpg','mo ta sp',10,2,20,20,NULL,NULL),(276,1,'Pha l du','http://localhost.com/index.php/uploads/2014/3/27/image4.jpg','mo ta sp',10,1,10,10,NULL,NULL),(277,2,'Pha l du','http://localhost.com/index.php/uploads/2014/3/27/image4.jpg','mo ta sp',10,2,20,20,NULL,NULL),(278,1,'Pha l du','http://localhost.com/index.php/uploads/2014/3/27/image4.jpg','mo ta sp',10,1,10,10,NULL,NULL),(279,2,'Pha l du','http://localhost.com/index.php/uploads/2014/3/27/image4.jpg','mo ta sp',10,2,20,20,NULL,NULL),(280,1,'Pha l du','http://localhost.com/index.php/uploads/2014/3/27/image4.jpg','mo ta sp',10,1,10,10,NULL,NULL),(281,2,'Pha l du','http://localhost.com/index.php/uploads/2014/3/27/image4.jpg','mo ta sp',10,2,20,20,NULL,NULL),(282,1,'Pha l du','http://localhost.com/index.php/uploads/2014/3/27/image4.jpg','mo ta sp',10,1,10,10,NULL,NULL),(283,2,'Pha l du','http://localhost.com/index.php/uploads/2014/3/27/image4.jpg','mo ta sp',10,2,20,20,NULL,NULL),(284,1,'Pha l du','http://localhost.com/index.php/uploads/2014/3/27/image4.jpg','mo ta sp',10,1,10,10,NULL,NULL),(285,2,'Pha l du','http://localhost.com/index.php/uploads/2014/3/27/image4.jpg','mo ta sp',10,2,20,20,NULL,NULL),(286,1,'Pha l du','http://localhost.com/index.php/uploads/2014/3/27/image4.jpg','mo ta sp',10,1,10,10,NULL,NULL),(287,2,'Pha l du','http://localhost.com/index.php/uploads/2014/3/27/image4.jpg','mo ta sp',10,2,20,20,NULL,NULL),(288,1,'Pha l du','http://localhost.com/index.php/uploads/2014/3/27/image4.jpg','mo ta sp',10,1,10,10,NULL,NULL),(289,2,'Pha l du','http://localhost.com/index.php/uploads/2014/3/27/image4.jpg','mo ta sp',10,2,20,20,NULL,NULL),(290,1,'Pha l du','http://localhost.com/index.php/uploads/2014/3/27/image4.jpg','mo ta sp',10,1,10,10,NULL,NULL),(291,2,'Pha l du','http://localhost.com/index.php/uploads/2014/3/27/image4.jpg','mo ta sp',10,2,20,20,NULL,NULL),(292,1,'Pha l du','http://localhost.com/index.php/uploads/2014/3/27/image4.jpg','mo ta sp',10,1,10,10,NULL,NULL),(293,2,'Pha l du','http://localhost.com/index.php/uploads/2014/3/27/image4.jpg','mo ta sp',10,2,20,20,NULL,NULL),(294,2,'Pha l du','http://localhost.com/index.php/uploads/2014/3/27/image4.jpg','mo ta sp',10,1,10,10,NULL,NULL),(295,4,'Pha l du','http://localhost.com/index.php/uploads/2014/3/27/image4.jpg','mo ta sp',10,1,10,10,NULL,NULL),(296,7,'Pha l du','http://localhost.com/index.php/uploads/2014/3/27/image4.jpg','mo ta sp',99,1,99,99,NULL,NULL),(297,1,'Pha l du','http://localhost.com/index.php/uploads/2014/3/27/image4.jpg','mo ta sp',10,1,10,10,NULL,NULL),(298,2,'Pha l du','http://localhost.com/index.php/uploads/2014/3/27/image4.jpg','mo ta sp',10,2,20,20,NULL,NULL),(299,1,'Pha l du','http://localhost.com/index.php/uploads/2014/3/27/image4.jpg','mo ta sp',10,1,10,10,NULL,NULL),(300,2,'Pha l du','http://localhost.com/index.php/uploads/2014/3/27/image4.jpg','mo ta sp',10,2,20,20,NULL,NULL),(301,1,'Pha l du','http://localhost.com/index.php/uploads/2014/3/27/image4.jpg','mo ta sp',10,1,10,10,NULL,NULL),(302,2,'Pha l du','http://localhost.com/index.php/uploads/2014/3/27/image4.jpg','mo ta sp',10,2,20,20,NULL,NULL),(303,1,'Pha l du','http://localhost.com/index.php/uploads/2014/3/27/image4.jpg','mo ta sp',10,1,10,10,NULL,NULL),(304,2,'Pha l du','http://localhost.com/index.php/uploads/2014/3/27/image4.jpg','mo ta sp',10,2,20,20,NULL,NULL),(305,1,'Pha l du','http://localhost.com/index.php/uploads/2014/3/27/image4.jpg','mo ta sp',10,1,10,10,NULL,NULL),(306,2,'Pha l du','http://localhost.com/index.php/uploads/2014/3/27/image4.jpg','mo ta sp',10,2,20,20,NULL,NULL),(307,1,'Pha l du','http://localhost.com/index.php/uploads/2014/3/27/image4.jpg','mo ta sp',10,1,10,10,NULL,NULL),(308,2,'Pha l du','http://localhost.com/index.php/uploads/2014/3/27/image4.jpg','mo ta sp',10,2,20,20,NULL,NULL),(309,1,'Pha l du','http://localhost.com/index.php/uploads/2014/3/27/image4.jpg','mo ta sp',10,1,10,10,NULL,NULL),(310,2,'Pha l du','http://localhost.com/index.php/uploads/2014/3/27/image4.jpg','mo ta sp',10,2,20,20,NULL,NULL),(311,1,'Pha l du','http://localhost.com/index.php/uploads/2014/3/27/image4.jpg','mo ta sp',10,1,10,10,NULL,NULL),(312,2,'Pha l du','http://localhost.com/index.php/uploads/2014/3/27/image4.jpg','mo ta sp',10,2,20,20,NULL,NULL),(313,1,'Pha l du','http://localhost.com/index.php/uploads/2014/3/27/image4.jpg','mo ta sp',10,1,10,10,NULL,NULL),(314,2,'Pha l du','http://localhost.com/index.php/uploads/2014/3/27/image4.jpg','mo ta sp',10,2,20,20,NULL,NULL),(315,1,'Pha l du','http://localhost.com/index.php/uploads/2014/3/27/image4.jpg','mo ta sp',10,3,30,30,NULL,NULL),(316,2,'Pha l du','http://localhost.com/index.php/uploads/2014/3/27/image4.jpg','mo ta sp',10,1,10,10,NULL,NULL),(317,1,'Pha l du','http://localhost.com/index.php/uploads/2014/3/27/image4.jpg','mo ta sp',10,3,30,30,NULL,NULL),(318,2,'Pha l du','http://localhost.com/index.php/uploads/2014/3/27/image4.jpg','mo ta sp',10,1,10,10,NULL,NULL),(319,1,'Pha l du','http://localhost.com/index.php/uploads/2014/3/27/image4.jpg','mo ta sp',10,3,30,30,NULL,NULL),(320,2,'Pha l du','http://localhost.com/index.php/uploads/2014/3/27/image4.jpg','mo ta sp',10,1,10,10,NULL,NULL),(321,1,'Pha l du','http://localhost.com/index.php/uploads/2014/3/27/image4.jpg','mo ta sp',10,3,30,30,NULL,NULL),(322,2,'Pha l du','http://localhost.com/index.php/uploads/2014/3/27/image4.jpg','mo ta sp',10,1,10,10,NULL,NULL),(323,1,'Pha l du','http://localhost.com/index.php/uploads/2014/3/27/image4.jpg','mo ta sp',10,3,30,30,NULL,NULL),(324,2,'Pha l du','http://localhost.com/index.php/uploads/2014/3/27/image4.jpg','mo ta sp',10,1,10,10,NULL,NULL),(325,1,'Pha l du','http://localhost.com/index.php/uploads/2014/3/27/image4.jpg','mo ta sp',10,3,30,30,NULL,NULL),(326,2,'Pha l du','http://localhost.com/index.php/uploads/2014/3/27/image4.jpg','mo ta sp',10,1,10,10,NULL,NULL),(327,1,'Pha l du','http://localhost.com/index.php/uploads/2014/3/27/image4.jpg','mo ta sp',10,3,30,30,NULL,NULL),(328,2,'Pha l du','http://localhost.com/index.php/uploads/2014/3/27/image4.jpg','mo ta sp',10,1,10,10,NULL,NULL),(329,1,'Pha l du','http://localhost.com/index.php/uploads/2014/3/27/image4.jpg','mo ta sp',10,1,10,10,NULL,NULL),(330,7,'Pha l du','http://localhost.com/index.php/uploads/2014/3/27/image4.jpg','mo ta sp',99,1,99,99,NULL,NULL),(331,1,'Pha l du','http://localhost.com/index.php/uploads/2014/3/27/image4.jpg','mo ta sp',10,1,10,10,NULL,NULL),(332,7,'Pha l du','http://localhost.com/index.php/uploads/2014/3/27/image4.jpg','mo ta sp',99,1,99,99,NULL,NULL),(333,1,'Pha l du','http://localhost.com/index.php/uploads/2014/3/27/image4.jpg','mo ta sp',10,1,10,10,NULL,NULL),(334,7,'Pha l du','http://localhost.com/index.php/uploads/2014/3/27/image4.jpg','mo ta sp',99,1,99,99,NULL,NULL),(335,1,'Pha l du','http://localhost.com/index.php/uploads/2014/3/27/image4.jpg','mo ta sp',10,3,30,30,NULL,NULL),(336,2,'Pha l du','http://localhost.com/index.php/uploads/2014/3/27/image4.jpg','mo ta sp',10,1,10,10,NULL,NULL),(337,7,'Pha l du','http://localhost.com/index.php/uploads/2014/3/27/image4.jpg','mo ta sp',99,1,99,99,NULL,NULL),(338,2,'Pha l du','http://localhost.com/index.php/uploads/2014/3/27/image4.jpg','mo ta sp',10,1,10,10,NULL,NULL),(339,1,'Pha l du','http://localhost.com/index.php/uploads/2014/3/27/image4.jpg','mo ta sp',150000,1,150000,10,NULL,NULL),(340,2,'Pha l du','http://localhost.com/index.php/uploads/2014/3/27/image4.jpg','mo ta sp',100000,1,100000,10,NULL,NULL),(341,1,'Pha l du','http://localhost.com/index.php/uploads/2014/3/27/image4.jpg','mo ta sp',100000,1,100000,10,NULL,NULL),(342,2,'Pha l du','http://localhost.com/index.php/uploads/2014/3/27/image4.jpg','mo ta sp',100000,1,100000,10,NULL,NULL),(343,4,'Pha l du','http://localhost.com/index.php/uploads/2014/3/27/image4.jpg','mo ta sp',100000,1,100000,10,NULL,NULL),(344,1,'Pha l du','http://localhost.com/index.php/uploads/2014/3/27/image4.jpg','mo ta sp',100000,2,100000,20,NULL,NULL),(345,2,'Pha l du','http://localhost.com/index.php/uploads/2014/3/27/image4.jpg','mo ta sp',100000,1,100000,10,NULL,NULL),(346,4,'Pha l du','http://localhost.com/index.php/uploads/2014/3/27/image4.jpg','mo ta sp',100000,1,100000,10,NULL,NULL),(347,1,'Pha l du','http://localhost.com/index.php/uploads/2014/3/27/image4.jpg','mo ta sp',10,3,30,30,0,'Samsung'),(348,2,'Pha l du','http://localhost.com/index.php/uploads/2014/3/27/image4.jpg','mo ta sp',10,1,10,10,0,'Samsung'),(349,4,'Pha l du','http://localhost.com/index.php/uploads/2014/3/27/image4.jpg','mo ta sp',10,1,10,10,0,'Samsung'),(350,1,'Pha l du','http://localhost.com/index.php/uploads/2014/3/27/image4.jpg','mo ta sp',10,3,30,30,0,'Samsung'),(351,2,'Pha l du','http://localhost.com/index.php/uploads/2014/3/27/image4.jpg','mo ta sp',10,1,10,10,0,'Samsung'),(352,4,'Pha l du','http://localhost.com/index.php/uploads/2014/3/27/image4.jpg','mo ta sp',10,2,20,20,0,'Samsung'),(353,1,'Pha l du','http://localhost.com/index.php/uploads/2014/3/27/image4.jpg','mo ta sp',10,3,30,30,0,'Samsung'),(354,2,'Pha l du','http://localhost.com/index.php/uploads/2014/3/27/image4.jpg','mo ta sp',10,1,10,10,0,'Samsung'),(355,4,'Pha l du','http://localhost.com/index.php/uploads/2014/3/27/image4.jpg','mo ta sp',10,2,20,20,0,'Samsung'),(356,1,'Pha l du','http://localhost.com/index.php/uploads/2014/3/27/image4.jpg','mo ta sp',10,3,30,30,0,'Samsung'),(357,2,'Pha l du','http://localhost.com/index.php/uploads/2014/3/27/image4.jpg','mo ta sp',100000,1,100000,100000,0,'Samsung'),(358,4,'Pha l du','http://localhost.com/index.php/uploads/2014/3/27/image4.jpg','mo ta sp',100000,2,100000,100000,0,'Samsung'),(359,2,'Pha l du','http://localhost.com/index.php/uploads/2014/3/27/image4.jpg','mo ta sp',100000,1,100000,100000,0,'Samsung'),(360,2,'Pha l du','http://localhost.com/index.php/uploads/2014/3/27/image4.jpg','mo ta sp',100000,2,100000,100000,0,'Samsung'),(361,2,'Pha l du','http://localhost.com/index.php/uploads/2014/3/27/image4.jpg','mo ta sp',100000,2,100000,100000,0,'Samsung'),(362,3,'Pha l du','http://localhost.com/index.php/uploads/2014/3/27/image4.jpg','mo ta sp',100000,1,100000,100000,0,'Samsung'),(363,2,'Pha l du','http://localhost.com/index.php/uploads/2014/3/27/image4.jpg','mo ta sp',10,3,30,30,0,'Samsung'),(364,3,'Pha l du','http://localhost.com/index.php/uploads/2014/3/27/image4.jpg','mo ta sp',10,1,10,10,0,'Samsung'),(365,1,'Pha l du','http://localhost.com/uploads/2014/3/27/image4.jpg','mo ta sp',10,1,10,10,0,'Samsung'),(366,1,'Pha l du','http://localhost.com/uploads/2014/3/27/image4.jpg','mo ta sp',10,2,20,20,0,'Samsung'),(367,1,'Pha l du','http://localhost.com/uploads/2014/3/27/image4.jpg','mo ta sp',10,1,10,10,0,'Samsung'),(368,1,'Pha l du','http://localhost.com/uploads/2014/3/27/image4.jpg','mo ta sp',10,2,20,20,0,'Samsung'),(369,1,'Pha l du','http://localhost.com/uploads/2014/3/27/image4.jpg','mo ta sp',10,3,30,30,0,'Samsung'),(370,1,'Pha l du','http://localhost.com/uploads/2014/3/27/image4.jpg','mo ta sp',10,1,10,10,0,'Samsung'),(371,1,'Pha l du','http://localhost.com/uploads/2014/3/27/image4.jpg','mo ta sp',10,1,10,10,0,'Samsung'),(372,15,'def','http://localhost.com/uploads/2014/05/20/ae8564fee192da10b00b78cefd09fe00.jpg','<p>sdasda</p>',60000,1,60000,60000,0,'Samsung'),(373,20,'Pha l du','http://localhost.com/uploads/2014/05/22/46c46554bfc2ffb6e8ce0f6dca210b9a.jpg','<p>zxsadas</p>',100000,1,100000,100000,0,'Samsung');

/*Table structure for table `t_tax` */

DROP TABLE IF EXISTS `t_tax`;

CREATE TABLE `t_tax` (
  `id` int(11) NOT NULL AUTO_INCREMENT,
  `fk_product` int(11) DEFAULT NULL,
  `sub_tax_id` int(11) DEFAULT NULL,
  `sub_tax_name` varchar(50) COLLATE utf8_unicode_ci DEFAULT NULL,
  `sub_tax_value` double DEFAULT NULL,
  PRIMARY KEY (`id`),
  KEY `fk_product` (`fk_product`),
  CONSTRAINT `t_tax_ibfk_1` FOREIGN KEY (`fk_product`) REFERENCES `t_product` (`id`)
) ENGINE=InnoDB AUTO_INCREMENT=380 DEFAULT CHARSET=utf8 COLLATE=utf8_unicode_ci;

/*Data for the table `t_tax` */

insert  into `t_tax`(`id`,`fk_product`,`sub_tax_id`,`sub_tax_name`,`sub_tax_value`) values (1,NULL,1,'dump',0.11),(2,NULL,1,'dump',0.11),(3,NULL,1,'dump',0.11),(4,NULL,1,'dump',0.11),(5,NULL,1,'dump',0.11),(6,NULL,1,'dump',0.11),(7,NULL,1,'dump',0.11),(8,NULL,1,'dump',0.11),(9,NULL,1,'dump',0.11),(10,NULL,1,'dump',0.11),(11,NULL,1,'dump',0.11),(12,NULL,1,'dump',0.11),(13,NULL,1,'dump',0.11),(14,NULL,1,'dump',0.11),(15,NULL,1,'dump',0.11),(16,NULL,1,'dump',0.11),(17,NULL,1,'dump',0.11),(18,NULL,1,'dump',0.11),(19,NULL,1,'dump',0.11),(20,NULL,1,'dump',0.11),(21,NULL,1,'dump',0.11),(22,NULL,1,'dump',0.11),(23,NULL,1,'dump',0.11),(24,NULL,1,'dump',0.11),(25,NULL,1,'dump',0.11),(26,NULL,1,'dump',0.11),(27,NULL,1,'dump',0.11),(28,NULL,1,'dump',0.11),(29,NULL,1,'dump',0.11),(30,NULL,1,'dump',0.11),(31,NULL,1,'dump',0.11),(32,NULL,1,'dump',0.11),(33,NULL,1,'dump',0.11),(34,NULL,1,'dump',0.11),(35,NULL,1,'dump',0.11),(36,NULL,1,'dump',0.11),(37,NULL,1,'dump',0.11),(38,NULL,1,'dump',0.11),(39,NULL,1,'dump',0.11),(40,NULL,1,'dump',0.11),(41,NULL,1,'dump',0.11),(42,NULL,1,'dump',0.11),(43,NULL,1,'dump',0.11),(44,NULL,1,'dump',0.11),(45,NULL,1,'dump',0.11),(46,NULL,1,'dump',0.11),(47,NULL,1,'dump',0.11),(48,NULL,1,'dump',0.11),(49,NULL,1,'dump',0.11),(50,NULL,1,'dump',0.11),(51,NULL,1,'dump',0.11),(52,NULL,1,'dump',0.11),(53,NULL,1,'dump',0.11),(54,NULL,1,'dump',0.11),(55,NULL,1,'dump',0.11),(56,NULL,1,'dump',0.11),(57,NULL,1,'dump',0.11),(58,NULL,1,'dump',0.11),(59,NULL,1,'dump',0.11),(60,NULL,1,'dump',0.11),(61,NULL,1,'dump',0.11),(62,NULL,1,'dump',0.11),(63,NULL,1,'dump',0.11),(64,326,1,'dump',0.11),(65,326,1,'dump',0.11),(66,326,1,'dump',0.11),(67,326,1,'dump',0.11),(68,326,1,'dump',0.11),(69,NULL,1,'dump',0.11),(70,NULL,1,'dump',0.11),(71,NULL,1,'dump',0.11),(72,NULL,1,'dump',0.11),(73,NULL,1,'dump',0.11),(74,NULL,1,'dump',0.11),(75,NULL,1,'dump',0.11),(76,NULL,1,'dump',0.11),(77,NULL,1,'dump',0.11),(78,NULL,1,'dump',0.11),(79,NULL,1,'dump',0.11),(80,NULL,1,'dump',0.11),(81,NULL,1,'dump',0.11),(82,NULL,1,'dump',0.11),(83,NULL,1,'dump',0.11),(84,NULL,1,'dump',0.11),(85,NULL,1,'dump',0.11),(86,NULL,1,'dump',0.11),(87,NULL,1,'dump',0.11),(88,NULL,1,'dump',0.11),(89,NULL,1,'dump',0.11),(90,NULL,1,'dump',0.11),(91,NULL,1,'dump',0.11),(92,NULL,1,'dump',0.11),(93,NULL,1,'dump',0.11),(94,NULL,1,'dump',0.11),(95,NULL,1,'dump',0.11),(96,NULL,1,'dump',0.11),(97,NULL,1,'dump',0.11),(98,NULL,1,'dump',0.11),(99,NULL,1,'dump',0.11),(100,NULL,1,'dump',0.11),(101,NULL,1,'dump',0.11),(102,NULL,1,'dump',0.11),(103,NULL,1,'dump',0.11),(104,NULL,1,'dump',0.11),(105,NULL,1,'dump',0.11),(106,NULL,1,'dump',0.11),(107,NULL,1,'dump',0.11),(108,NULL,1,'dump',0.11),(109,NULL,1,'dump',0.11),(110,NULL,1,'dump',0.11),(111,NULL,1,'dump',0.11),(112,NULL,1,'dump',0.11),(113,NULL,1,'dump',0.11),(114,NULL,1,'dump',0.11),(115,NULL,1,'dump',0.11),(116,NULL,1,'dump',0.11),(117,NULL,1,'dump',0.11),(118,NULL,1,'dump',0.11),(119,NULL,1,'dump',0.11),(120,NULL,1,'dump',0.11),(121,NULL,1,'dump',0.11),(122,NULL,1,'dump',0.11),(123,NULL,1,'dump',0.11),(124,NULL,1,'dump',0.11),(125,NULL,1,'dump',0.11),(126,NULL,1,'dump',0.11),(127,NULL,1,'dump',0.11),(128,NULL,1,'dump',0.11),(129,NULL,1,'dump',0.11),(130,NULL,1,'dump',0.11),(131,NULL,1,'dump',0.11),(132,NULL,1,'dump',0.11),(133,NULL,1,'dump',0.11),(134,NULL,1,'dump',0.11),(135,NULL,1,'dump',0.11),(136,NULL,1,'dump',0.11),(137,NULL,1,'dump',0.11),(138,NULL,1,'dump',0.11),(139,NULL,1,'dump',0.11),(140,NULL,1,'dump',0.11),(141,NULL,1,'dump',0.11),(142,NULL,1,'dump',0.11),(143,NULL,1,'dump',0.11),(144,NULL,1,'dump',0.11),(145,NULL,1,'dump',0.11),(146,NULL,1,'dump',0.11),(147,NULL,1,'dump',0.11),(148,NULL,1,'dump',0.11),(149,NULL,1,'dump',0.11),(150,NULL,1,'dump',0.11),(151,NULL,1,'dump',0.11),(152,NULL,1,'dump',0.11),(153,NULL,1,'dump',0.11),(154,NULL,1,'dump',0.11),(155,NULL,1,'dump',0.11),(156,NULL,1,'dump',0.11),(157,NULL,1,'dump',0.11),(158,NULL,1,'dump',0.11),(159,NULL,1,'dump',0.11),(160,NULL,1,'dump',0.11),(161,NULL,1,'dump',0.11),(162,NULL,1,'dump',0.11),(163,NULL,1,'dump',0.11),(164,NULL,1,'dump',0.11),(165,NULL,1,'dump',0.11),(166,NULL,1,'dump',0.11),(167,NULL,1,'dump',0.11),(168,NULL,1,'dump',0.11),(169,NULL,1,'dump',0.11),(170,NULL,1,'dump',0.11),(171,NULL,1,'dump',0.11),(172,NULL,1,'dump',0.11),(173,NULL,1,'dump',0.11),(174,NULL,1,'dump',0.11),(175,NULL,1,'dump',0.11),(176,NULL,1,'dump',0.11),(177,NULL,1,'dump',0.11),(178,NULL,1,'dump',0.11),(179,NULL,1,'dump',0.11),(180,NULL,1,'dump',0.11),(181,NULL,1,'dump',0.11),(182,NULL,1,'dump',0.11),(183,NULL,1,'dump',0.11),(184,NULL,1,'dump',0.11),(185,NULL,1,'dump',0.11),(186,NULL,1,'dump',0.11),(187,NULL,1,'dump',0.11),(188,NULL,1,'dump',0.11),(189,NULL,1,'dump',0.11),(190,NULL,1,'dump',0.11),(191,NULL,1,'dump',0.11),(192,NULL,1,'dump',0.11),(193,NULL,1,'dump',0.11),(194,NULL,1,'dump',0.11),(195,NULL,1,'dump',0.11),(196,NULL,1,'dump',0.11),(197,NULL,1,'dump',0.11),(198,NULL,1,'dump',0.11),(199,NULL,1,'dump',0.11),(200,NULL,1,'dump',0.11),(201,NULL,1,'dump',0.11),(202,NULL,1,'dump',0.11),(203,NULL,1,'dump',0.11),(204,NULL,1,'dump',0.11),(205,NULL,1,'dump',0.11),(206,NULL,1,'dump',0.11),(207,NULL,1,'dump',0.11),(208,NULL,1,'dump',0.11),(209,NULL,1,'dump',0.11),(210,NULL,1,'dump',0.11),(211,NULL,1,'dump',0.11),(212,NULL,1,'dump',0.11),(213,NULL,1,'dump',0.11),(214,NULL,1,'dump',0.11),(215,NULL,1,'dump',0.11),(216,NULL,1,'dump',0.11),(217,NULL,1,'dump',0.11),(218,NULL,1,'dump',0.11),(219,NULL,1,'dump',0.11),(220,NULL,1,'dump',0.11),(221,NULL,1,'dump',0.11),(222,NULL,1,'dump',0.11),(223,NULL,1,'dump',0.11),(224,NULL,1,'dump',0.11),(225,NULL,1,'dump',0.11),(226,NULL,1,'dump',0.11),(227,NULL,1,'dump',0.11),(228,NULL,1,'dump',0.11),(229,NULL,1,'dump',0.11),(230,NULL,1,'dump',0.11),(231,NULL,1,'dump',0.11),(232,NULL,1,'dump',0.11),(233,NULL,1,'dump',0.11),(234,NULL,1,'dump',0.11),(235,NULL,1,'dump',0.11),(236,NULL,1,'dump',0.11),(237,NULL,1,'dump',0.11),(238,NULL,1,'dump',0.11),(239,NULL,1,'dump',0.11),(240,NULL,1,'dump',0.11),(241,NULL,1,'dump',0.11),(242,NULL,1,'dump',0.11),(243,NULL,1,'dump',0.11),(244,NULL,1,'dump',0.11),(245,NULL,1,'dump',0.11),(246,NULL,1,'dump',0.11),(247,NULL,1,'dump',0.11),(248,NULL,1,'dump',0.11),(249,NULL,1,'dump',0.11),(250,NULL,1,'dump',0.11),(251,NULL,1,'dump',0.11),(252,NULL,1,'dump',0.11),(253,NULL,1,'dump',0.11),(254,NULL,1,'dump',0.11),(255,NULL,1,'dump',0.11),(256,NULL,1,'dump',0.11),(257,NULL,1,'dump',0.11),(258,NULL,1,'dump',0.11),(259,NULL,1,'dump',0.11),(260,NULL,1,'dump',0.11),(261,NULL,1,'dump',0.11),(262,NULL,1,'dump',0.11),(263,NULL,1,'dump',0.11),(264,NULL,1,'dump',0.11),(265,NULL,1,'dump',0.11),(266,NULL,1,'dump',0.11),(267,NULL,1,'dump',0.11),(268,NULL,1,'dump',0.11),(269,NULL,1,'dump',0.11),(270,NULL,1,'dump',0.11),(271,NULL,1,'dump',0.11),(272,NULL,1,'dump',0.11),(273,NULL,1,'dump',0.11),(274,NULL,1,'dump',0.11),(275,NULL,1,'dump',0.11),(276,NULL,1,'dump',0.11),(277,NULL,1,'dump',0.11),(278,NULL,1,'dump',0.11),(279,NULL,1,'dump',0.11),(280,NULL,1,'dump',0.11),(281,NULL,1,'dump',0.11),(282,NULL,1,'dump',0.11),(283,NULL,1,'dump',0.11),(284,NULL,1,'dump',0.11),(285,NULL,1,'dump',0.11),(286,NULL,1,'dump',0.11),(287,NULL,1,'dump',0.11),(288,NULL,1,'dump',0.11),(289,NULL,1,'dump',0.11),(290,NULL,1,'dump',0.11),(291,NULL,1,'dump',0.11),(292,NULL,1,'dump',0.11),(293,NULL,1,'dump',0.11),(294,NULL,1,'dump',0.11),(295,NULL,1,'dump',0.11),(296,NULL,1,'dump',0.11),(297,NULL,1,'dump',0.11),(298,NULL,1,'dump',0.11),(299,NULL,1,'dump',0.11),(300,NULL,1,'dump',0.11),(301,NULL,1,'dump',0.11),(302,NULL,1,'dump',0.11),(303,NULL,1,'dump',0.11),(304,NULL,1,'dump',0.11),(305,NULL,1,'dump',0.11),(306,NULL,1,'dump',0.11),(307,NULL,1,'dump',0.11),(308,NULL,1,'dump',0.11),(309,NULL,1,'dump',0.11),(310,NULL,1,'dump',0.11),(311,NULL,1,'dump',0.11),(312,NULL,1,'dump',0.11),(313,NULL,1,'dump',0.11),(314,NULL,1,'dump',0.11),(315,NULL,1,'dump',0.11),(316,NULL,1,'dump',0.11),(317,NULL,1,'dump',0.11),(318,NULL,1,'dump',0.11),(319,NULL,1,'dump',0.11),(320,NULL,1,'dump',0.11),(321,NULL,1,'dump',0.11),(322,NULL,1,'dump',0.11),(323,NULL,1,'dump',0.11),(324,NULL,1,'dump',0.11),(325,NULL,1,'dump',0.11),(326,326,1,'dump',0.11),(327,326,1,'dump',0.11),(328,326,1,'dump',0.11),(329,NULL,1,'dump',0.11),(330,NULL,1,'dump',0.11),(331,NULL,1,'dump',0.11),(332,NULL,1,'dump',0.11),(333,NULL,1,'dump',0.11),(334,NULL,1,'dump',0.11),(335,NULL,1,'dump',0.11),(336,NULL,1,'dump',0.11),(337,NULL,1,'dump',0.11),(338,NULL,1,'dump',0.11),(339,NULL,1,'dump',0.11),(340,NULL,1,'dump',0.11),(341,NULL,1,'dump',0.11),(342,NULL,1,'dump',0.11),(343,NULL,1,'dump',0.11),(344,NULL,1,'dump',0.11),(345,NULL,1,'dump',0.11),(346,NULL,1,'dump',0.11),(347,NULL,1,'dump',0.11),(348,NULL,1,'dump',0.11),(349,NULL,1,'dump',0.11),(350,NULL,1,'dump',0.11),(351,NULL,1,'dump',0.11),(352,NULL,1,'dump',0.11),(353,353,NULL,'VAT',3),(354,354,NULL,'VAT',3),(355,355,NULL,'VAT',3),(356,353,NULL,'VAT',1),(357,354,NULL,'VAT',1),(358,355,NULL,'VAT',1),(359,353,NULL,'VAT',2),(360,354,NULL,'VAT',2),(361,355,NULL,'VAT',2),(362,356,NULL,'VAT',3),(363,357,NULL,'VAT',1),(364,358,NULL,'VAT',2),(365,359,NULL,'VAT',1),(366,360,NULL,'VAT',2),(367,361,NULL,'VAT',2),(368,362,NULL,'VAT',1),(369,363,NULL,'VAT',3),(370,364,NULL,'VAT',1),(371,365,NULL,'VAT',1),(372,366,NULL,'VAT',2),(373,367,NULL,'VAT',1),(374,368,NULL,'VAT',2),(375,369,NULL,'VAT',3),(376,370,NULL,'VAT',1),(377,371,NULL,'VAT',1),(378,372,NULL,'VAT',6000),(379,373,NULL,'VAT',10000);

/*Table structure for table `t_user` */

DROP TABLE IF EXISTS `t_user`;

CREATE TABLE `t_user` (
  `id` int(11) NOT NULL AUTO_INCREMENT,
  `firstname` varchar(50) COLLATE utf8_unicode_ci DEFAULT NULL,
  `lastname` varchar(50) COLLATE utf8_unicode_ci DEFAULT NULL,
  `account` varchar(255) COLLATE utf8_unicode_ci DEFAULT NULL,
  `password` varchar(255) COLLATE utf8_unicode_ci DEFAULT NULL,
  `sex` enum('M','F','O') COLLATE utf8_unicode_ci DEFAULT NULL,
  `DOB` datetime DEFAULT NULL,
  `date_joined` datetime DEFAULT NULL,
  `status` tinyint(4) DEFAULT NULL,
  `status_date` datetime DEFAULT NULL,
  `status_reason` text COLLATE utf8_unicode_ci,
  `last_active` datetime DEFAULT NULL,
  `platform_key` tinyint(4) NOT NULL,
  `user_type` char(25) COLLATE utf8_unicode_ci NOT NULL DEFAULT 'USER',
  PRIMARY KEY (`id`)
) ENGINE=InnoDB AUTO_INCREMENT=52 DEFAULT CHARSET=utf8 COLLATE=utf8_unicode_ci;

/*Data for the table `t_user` */

insert  into `t_user`(`id`,`firstname`,`lastname`,`account`,`password`,`sex`,`DOB`,`date_joined`,`status`,`status_date`,`status_reason`,`last_active`,`platform_key`,`user_type`) values (50,'L ','AN ','lethanhan.bkaptech@gmail.com','123123123','M','1742-08-21 00:00:00','2014-04-29 10:04:54',1,'2014-05-23 10:05:23','Admin m li ti khon','2014-04-29 10:04:54',0,'ADMIN'),(51,'AnLT','Thanh An ','lethanhan.2305@gmail.com','123456789','F','2014-05-07 00:00:00','2014-05-04 07:05:27',1,'2014-05-18 02:05:48','Admin m li ti khon','2014-05-04 07:05:27',0,'ADMIN');

/*Table structure for table `t_user_contact` */

DROP TABLE IF EXISTS `t_user_contact`;

CREATE TABLE `t_user_contact` (
  `id` int(11) NOT NULL AUTO_INCREMENT,
  `fk_user` int(11) DEFAULT NULL,
  `date_created` datetime DEFAULT NULL,
  `full_name` varchar(255) COLLATE utf8_unicode_ci DEFAULT NULL,
  `telephone` varchar(20) COLLATE utf8_unicode_ci DEFAULT NULL,
  `street_address` text COLLATE utf8_unicode_ci,
  `city_district` text COLLATE utf8_unicode_ci,
  `state_province` text COLLATE utf8_unicode_ci,
  PRIMARY KEY (`id`),
  KEY `fk_user` (`fk_user`),
  CONSTRAINT `t_user_contact_ibfk_2` FOREIGN KEY (`fk_user`) REFERENCES `t_user` (`id`)
) ENGINE=InnoDB AUTO_INCREMENT=196 DEFAULT CHARSET=utf8 COLLATE=utf8_unicode_ci;

/*Data for the table `t_user_contact` */

insert  into `t_user_contact`(`id`,`fk_user`,`date_created`,`full_name`,`telephone`,`street_address`,`city_district`,`state_province`) values (1,51,'2014-05-09 06:05:26','L THANH AN','123123456','dasdasdasd','123123123','123123123'),(2,50,'2014-05-12 10:05:23','le','an',NULL,'dasdas','dasdas'),(3,50,'2014-05-12 10:05:29','das','',NULL,'s','dasdas'),(4,50,'2014-05-12 10:05:34','das','s',NULL,'sdasdasd',''),(5,50,'2014-05-13 08:05:36',NULL,'0916002305','0916002305',',0916002305','101,hanoi'),(6,NULL,'2014-05-13 08:05:10',NULL,'','',',','101,hanoi'),(7,NULL,'2014-05-13 08:05:49',NULL,'sdvasdvasdv','sdvasdvasdv',',sdvasdvasdv','101,hanoi'),(8,NULL,'2014-05-13 09:05:26',NULL,'AN ','AN ',',AN ','101,hanoi'),(9,NULL,'2014-05-13 09:05:01',NULL,'AN ','AN ',',AN ','101,hanoi'),(10,NULL,'2014-05-13 09:05:55',NULL,'AN ','AN ',',AN ','101,hanoi'),(11,NULL,'2014-05-13 09:05:15',NULL,'AN ','AN ',',AN ','101,hanoi'),(12,NULL,'2014-05-13 09:05:43',NULL,'AN ','AN ',',AN ','101,hanoi'),(13,NULL,'2014-05-13 09:05:18',NULL,'AN ','AN ',',AN ','101,hanoi'),(14,NULL,'2014-05-13 09:05:29',NULL,'AN ','AN ',',AN ','101,hanoi'),(15,NULL,'2014-05-13 09:05:58',NULL,'AN ','AN ',',AN ','101,hanoi'),(16,NULL,'2014-05-13 09:05:23',NULL,'AN ','AN ',',AN ','101,hanoi'),(17,NULL,'2014-05-13 09:05:57',NULL,'AN ','AN ',',AN ','101,hanoi'),(18,NULL,'2014-05-13 09:05:31',NULL,'AN ','AN ',',AN ','101,hanoi'),(19,NULL,'2014-05-13 09:05:41',NULL,'AN ','AN ',',AN ','101,hanoi'),(20,NULL,'2014-05-13 09:05:48',NULL,'AN ','AN ',',AN ','101,hanoi'),(21,NULL,'2014-05-13 09:05:05',NULL,'AN ','AN ',',AN ','101,hanoi'),(22,NULL,'2014-05-13 09:05:21',NULL,'AN ','AN ',',AN ','101,hanoi'),(23,NULL,'2014-05-13 09:05:31',NULL,'AN ','AN ',',AN ','101,hanoi'),(24,NULL,'2014-05-13 09:05:20',NULL,'AN ','AN ',',AN ','101,hanoi'),(25,NULL,'2014-05-13 09:05:44',NULL,'AN ','AN ',',AN ','101,hanoi'),(26,NULL,'2014-05-13 09:05:58',NULL,'AN ','AN ',',AN ','101,hanoi'),(27,NULL,'2014-05-13 09:05:13',NULL,'AN ','AN ',',AN ','101,hanoi'),(28,NULL,'2014-05-13 09:05:24',NULL,'AN ','AN ',',AN ','101,hanoi'),(29,NULL,'2014-05-13 09:05:06',NULL,'AN ','AN ',',AN ','101,hanoi'),(30,NULL,'2014-05-13 09:05:32',NULL,'AN ','AN ',',AN ','101,hanoi'),(31,NULL,'2014-05-13 09:05:48',NULL,'AN ','AN ',',AN ','101,hanoi'),(32,NULL,'2014-05-13 09:05:14',NULL,'AN ','AN ',',AN ','101,hanoi'),(33,NULL,'2014-05-13 09:05:29',NULL,'AN ','AN ',',AN ','101,hanoi'),(34,NULL,'2014-05-13 09:05:40',NULL,'AN ','AN ',',AN ','101,hanoi'),(35,NULL,'2014-05-13 09:05:36',NULL,'AN ','AN ',',AN ','101,hanoi'),(36,NULL,'2014-05-13 09:05:28',NULL,'AN ','AN ',',AN ','101,hanoi'),(37,NULL,'2014-05-13 09:05:04',NULL,'AN ','AN ',',AN ','101,hanoi'),(38,NULL,'2014-05-13 09:05:52',NULL,'AN ','AN ',',AN ','101,hanoi'),(39,NULL,'2014-05-13 09:05:04',NULL,'AN ','AN ',',AN ','101,hanoi'),(40,NULL,'2014-05-13 09:05:13',NULL,'AN ','AN ',',AN ','101,hanoi'),(41,NULL,'2014-05-13 09:05:41',NULL,'AN ','AN ',',AN ','101,hanoi'),(42,NULL,'2014-05-13 09:05:44',NULL,'AN ','AN ',',AN ','101,hanoi'),(43,NULL,'2014-05-13 09:05:23',NULL,'AN ','AN ',',AN ','101,hanoi'),(44,NULL,'2014-05-13 09:05:36',NULL,'AN ','AN ',',AN ','101,hanoi'),(45,NULL,'2014-05-13 09:05:42',NULL,'AN ','AN ',',AN ','101,hanoi'),(46,NULL,'2014-05-13 09:05:14',NULL,'AN ','AN ',',AN ','101,hanoi'),(47,NULL,'2014-05-13 09:05:02',NULL,'AN ','AN ',',AN ','101,hanoi'),(48,NULL,'2014-05-13 09:05:28',NULL,'AN ','AN ',',AN ','101,hanoi'),(49,NULL,'2014-05-13 09:05:21',NULL,'AN ','AN ',',AN ','101,hanoi'),(50,NULL,'2014-05-13 09:05:53',NULL,'AN ','AN ',',AN ','101,hanoi'),(51,NULL,'2014-05-13 10:05:40',NULL,'AN ','AN ',',AN ','101,hanoi'),(52,NULL,'2014-05-13 10:05:05',NULL,'AN ','AN ',',AN ','101,hanoi'),(53,NULL,'2014-05-13 10:05:40',NULL,'AN ','AN ',',AN ','101,hanoi'),(54,NULL,'2014-05-13 10:05:10',NULL,'AN ','AN ',',AN ','101,hanoi'),(55,NULL,'2014-05-13 10:05:13',NULL,'AN ','AN ',',AN ','101,hanoi'),(56,NULL,'2014-05-13 10:05:14',NULL,'AN ','AN ',',AN ','101,hanoi'),(57,NULL,'2014-05-13 10:05:15',NULL,'AN ','AN ',',AN ','101,hanoi'),(58,NULL,'2014-05-13 10:05:16',NULL,'AN ','AN ',',AN ','101,hanoi'),(59,NULL,'2014-05-13 10:05:32',NULL,'AN ','AN ',',AN ','101,hanoi'),(60,NULL,'2014-05-13 10:05:31',NULL,'0916002305','0916002305',',0916002305','101,hanoi'),(61,NULL,'2014-05-13 10:05:55',NULL,'0916002305','0916002305',',0916002305','101,hanoi'),(62,NULL,'2014-05-13 10:05:54',NULL,'0916002305','0916002305',',0916002305','101,hanoi'),(63,NULL,'2014-05-13 10:05:07',NULL,'0916002305','0916002305',',0916002305','101,hanoi'),(64,NULL,'2014-05-13 10:05:55',NULL,'0916002305','0916002305',',0916002305','101,hanoi'),(65,NULL,'2014-05-13 10:05:21',NULL,'0916002305','0916002305',',0916002305','101,hanoi'),(66,NULL,'2014-05-13 10:05:49',NULL,'0916002305','0916002305',',0916002305','101,hanoi'),(67,NULL,'2014-05-13 10:05:11',NULL,'0916002305','0916002305',',0916002305','101,hanoi'),(68,NULL,'2014-05-13 10:05:53',NULL,'0916002305','0916002305',',0916002305','101,hanoi'),(69,NULL,'2014-05-13 10:05:44',NULL,'0916002305','0916002305',',0916002305','101,hanoi'),(70,NULL,'2014-05-13 10:05:07',NULL,'0916002305','0916002305',',0916002305','101,hanoi'),(71,NULL,'2014-05-13 10:05:26',NULL,'0916002305','0916002305',',0916002305','101,hanoi'),(72,NULL,'2014-05-13 10:05:59',NULL,'0916002305','0916002305',',0916002305','101,hanoi'),(73,NULL,'2014-05-13 10:05:05',NULL,'0916002305','0916002305',',0916002305','101,hanoi'),(74,NULL,'2014-05-13 10:05:20',NULL,'0916002305','0916002305',',0916002305','101,hanoi'),(75,NULL,'2014-05-13 10:05:35',NULL,'0916002305','0916002305',',0916002305','101,hanoi'),(76,NULL,'2014-05-13 10:05:14',NULL,'0916002305','0916002305',',0916002305','101,hanoi'),(77,NULL,'2014-05-13 10:05:23',NULL,'0916002305','0916002305',',0916002305','101,hanoi'),(78,NULL,'2014-05-13 10:05:59',NULL,'0916002305','0916002305',',0916002305','101,hanoi'),(79,NULL,'2014-05-13 10:05:02',NULL,'0916002305','0916002305',',0916002305','101,hanoi'),(80,NULL,'2014-05-13 10:05:03',NULL,'0916002305','0916002305',',0916002305','101,hanoi'),(81,NULL,'2014-05-13 10:05:03',NULL,'0916002305','0916002305',',0916002305','101,hanoi'),(82,NULL,'2014-05-13 10:05:03',NULL,'0916002305','0916002305',',0916002305','101,hanoi'),(83,NULL,'2014-05-13 10:05:03',NULL,'0916002305','0916002305',',0916002305','101,hanoi'),(84,NULL,'2014-05-13 10:05:03',NULL,'0916002305','0916002305',',0916002305','101,hanoi'),(85,NULL,'2014-05-13 10:05:43',NULL,'0916002305','0916002305',',0916002305','101,hanoi'),(86,NULL,'2014-05-13 10:05:07',NULL,'0916002305','0916002305',',0916002305','101,hanoi'),(87,NULL,'2014-05-13 10:05:46',NULL,'0916002305','0916002305',',0916002305','101,hanoi'),(88,NULL,'2014-05-13 10:05:31',NULL,'0916002305','0916002305',',0916002305','101,hanoi'),(89,NULL,'2014-05-13 10:05:20',NULL,'0916002305','0916002305',',0916002305','101,hanoi'),(90,NULL,'2014-05-13 10:05:24',NULL,'0916002305','0916002305',',0916002305','101,hanoi'),(91,NULL,'2014-05-13 10:05:07',NULL,'0916002305','0916002305',',0916002305','101,hanoi'),(92,NULL,'2014-05-13 10:05:22',NULL,'0916002305','0916002305',',0916002305','101,hanoi'),(93,NULL,'2014-05-13 10:05:37',NULL,'0916002305','0916002305',',0916002305','101,hanoi'),(94,NULL,'2014-05-13 10:05:38',NULL,'0916002305','0916002305',',0916002305','101,hanoi'),(95,NULL,'2014-05-13 10:05:59',NULL,'0916002305','0916002305',',0916002305','101,hanoi'),(96,NULL,'2014-05-13 10:05:22',NULL,'0916002305','0916002305',',0916002305','101,hanoi'),(97,NULL,'2014-05-13 10:05:44',NULL,'0916002305','0916002305',',0916002305','101,hanoi'),(98,NULL,'2014-05-13 10:05:21',NULL,'0916002305','0916002305',',0916002305','101,hanoi'),(99,NULL,'2014-05-13 10:05:35',NULL,'0916002305','0916002305',',0916002305','101,hanoi'),(100,NULL,'2014-05-13 10:05:01',NULL,'0916002305','0916002305',',0916002305','101,hanoi'),(101,NULL,'2014-05-13 10:05:22',NULL,'0916002305','0916002305',',0916002305','101,hanoi'),(102,NULL,'2014-05-13 10:05:35',NULL,'0916002305','0916002305',',0916002305','101,hanoi'),(103,NULL,'2014-05-13 10:05:38',NULL,'0916002305','0916002305',',0916002305','101,hanoi'),(104,NULL,'2014-05-13 10:05:49',NULL,'0916002305','0916002305',',0916002305','101,hanoi'),(105,NULL,'2014-05-13 10:05:32',NULL,'0916002305','0916002305',',0916002305','101,hanoi'),(106,NULL,'2014-05-13 10:05:59',NULL,'0916002305','0916002305',',0916002305','101,hanoi'),(107,NULL,'2014-05-13 10:05:42',NULL,'0916002305','0916002305',',0916002305','101,hanoi'),(108,NULL,'2014-05-13 10:05:23',NULL,'0916002305','0916002305',',0916002305','101,hanoi'),(109,NULL,'2014-05-13 10:05:39',NULL,'0916002305','0916002305',',0916002305','101,hanoi'),(110,NULL,'2014-05-13 10:05:50',NULL,'0916002305','0916002305',',0916002305','101,hanoi'),(111,NULL,'2014-05-13 10:05:58',NULL,'0916002305','0916002305',',0916002305','101,hanoi'),(112,NULL,'2014-05-13 10:05:52',NULL,'0916002305','0916002305',',0916002305','101,hanoi'),(113,NULL,'2014-05-13 10:05:13',NULL,'0916002305','0916002305',',0916002305','101,hanoi'),(114,NULL,'2014-05-13 10:05:44',NULL,'0916002305','0916002305',',0916002305','101,hanoi'),(115,NULL,'2014-05-13 10:05:12',NULL,'0916002305','0916002305',',0916002305','101,hanoi'),(116,NULL,'2014-05-13 10:05:38',NULL,'0916002305','0916002305',',0916002305','101,hanoi'),(117,NULL,'2014-05-13 11:05:00',NULL,'0916002305','0916002305',',0916002305','101,hanoi'),(118,NULL,'2014-05-13 11:05:11',NULL,'0916002305','0916002305',',0916002305','101,hanoi'),(119,NULL,'2014-05-13 11:05:29',NULL,'0916002305','0916002305',',0916002305','101,hanoi'),(120,NULL,'2014-05-13 11:05:39',NULL,'0916002305','0916002305',',0916002305','101,hanoi'),(121,NULL,'2014-05-13 11:05:20',NULL,'0916002305','0916002305',',0916002305','101,hanoi'),(122,NULL,'2014-05-13 11:05:26',NULL,'0916002305','0916002305',',0916002305','101,hanoi'),(123,NULL,'2014-05-13 11:05:38',NULL,'0916002305','0916002305',',0916002305','101,hanoi'),(124,NULL,'2014-05-13 11:05:39',NULL,'0916002305','0916002305',',0916002305','101,hanoi'),(125,NULL,'2014-05-13 11:05:16',NULL,'0916002305','0916002305',',0916002305','101,hanoi'),(126,NULL,'2014-05-13 11:05:23',NULL,'0916002305','0916002305',',0916002305','101,hanoi'),(127,NULL,'2014-05-13 11:05:30',NULL,'0916002305','0916002305',',0916002305','101,hanoi'),(128,NULL,'2014-05-13 11:05:37',NULL,'0916002305','0916002305',',0916002305','101,hanoi'),(129,NULL,'2014-05-13 11:05:43',NULL,'0916002305','0916002305',',0916002305','101,hanoi'),(130,NULL,'2014-05-13 11:05:47',NULL,'0916002305','0916002305',',0916002305','101,hanoi'),(131,NULL,'2014-05-13 11:05:01',NULL,'0916002305','0916002305',',0916002305','101,hanoi'),(132,NULL,'2014-05-13 11:05:13',NULL,'0916002305','0916002305',',0916002305','101,hanoi'),(133,NULL,'2014-05-13 11:05:19',NULL,'0916002305','0916002305',',0916002305','101,hanoi'),(134,NULL,'2014-05-13 11:05:37',NULL,'0916002305','0916002305',',0916002305','101,hanoi'),(135,NULL,'2014-05-13 11:05:41',NULL,'0916002305','0916002305',',0916002305','101,hanoi'),(136,NULL,'2014-05-13 11:05:45',NULL,'0916002305','0916002305',',0916002305','101,hanoi'),(137,NULL,'2014-05-13 11:05:02',NULL,'0916002305','0916002305',',0916002305','101,hanoi'),(138,NULL,'2014-05-13 11:05:41',NULL,'0916002305','0916002305',',0916002305','101,hanoi'),(139,NULL,'2014-05-13 11:05:41',NULL,'0916002305','0916002305',',0916002305','101,hanoi'),(140,NULL,'2014-05-13 11:05:51',NULL,'0916002305','0916002305',',0916002305','101,hanoi'),(141,NULL,'2014-05-13 11:05:03',NULL,'0916002305','0916002305',',0916002305','101,hanoi'),(142,NULL,'2014-05-13 11:05:33',NULL,'0916002305','0916002305',',0916002305','101,hanoi'),(143,NULL,'2014-05-13 11:05:51',NULL,'0916002305','0916002305',',0916002305','101,hanoi'),(144,NULL,'2014-05-13 11:05:12',NULL,'0916002305','0916002305',',0916002305','101,hanoi'),(145,NULL,'2014-05-13 11:05:27',NULL,'0916002305','0916002305',',0916002305','101,hanoi'),(146,NULL,'2014-05-13 11:05:00',NULL,'0916002305','0916002305',',0916002305','101,hanoi'),(147,NULL,'2014-05-13 11:05:50',NULL,'0916002305','0916002305',',0916002305','101,hanoi'),(148,NULL,'2014-05-13 11:05:57',NULL,'0916002305','0916002305',',0916002305','101,hanoi'),(149,NULL,'2014-05-13 11:05:24',NULL,'0916002305','0916002305',',0916002305','101,hanoi'),(150,NULL,'2014-05-13 11:05:30',NULL,'0916002305','0916002305',',0916002305','101,hanoi'),(151,NULL,'2014-05-13 11:05:26',NULL,'0916002305','0916002305',',0916002305','101,hanoi'),(152,NULL,'2014-05-13 11:05:44',NULL,'0916002305','0916002305',',0916002305','101,hanoi'),(153,NULL,'2014-05-13 11:05:39',NULL,'0916002305','0916002305',',0916002305','101,hanoi'),(154,NULL,'2014-05-13 11:05:07',NULL,'0916002305','0916002305',',0916002305','101,hanoi'),(155,NULL,'2014-05-13 11:05:54',NULL,'0916002305','0916002305',',0916002305','101,hanoi'),(156,NULL,'2014-05-13 11:05:59',NULL,'0916002305','0916002305',',0916002305','101,hanoi'),(157,NULL,'2014-05-13 11:05:30',NULL,'0916002305','0916002305',',0916002305','101,hanoi'),(158,NULL,'2014-05-14 12:05:02',NULL,'0916002305','0916002305',',0916002305','101,hanoi'),(159,NULL,'2014-05-14 12:05:38',NULL,'0916002305','0916002305',',0916002305','101,hanoi'),(160,NULL,'2014-05-14 12:05:47',NULL,'0916002305','0916002305',',0916002305','101,hanoi'),(161,NULL,'2014-05-14 12:05:23',NULL,'0916002305','0916002305',',0916002305','101,hanoi'),(162,NULL,'2014-05-14 12:05:17',NULL,'0916002305','0916002305',',0916002305','101,hanoi'),(163,NULL,'2014-05-14 09:05:49',NULL,'asdasd','asdasd',',asdasd','101,hanoi'),(164,NULL,'2014-05-14 09:05:54',NULL,'dasd','dasd',',dasd','101,hanoi'),(165,NULL,'2014-05-14 09:05:42',NULL,'dasd','dasd',',dasd','101,hanoi'),(166,NULL,'2014-05-14 09:05:30',NULL,'dasd','dasd',',dasd','101,hanoi'),(167,NULL,'2014-05-14 10:05:27',NULL,'adasdas','adasdas',',adasdas','101,hanoi'),(168,NULL,'2014-05-14 10:05:23',NULL,'asdasda','asdasda',',asdasda','101,hanoi'),(169,NULL,'2014-05-14 10:05:12',NULL,'asdasd','asdasd',',asdasd','101,hanoi'),(170,NULL,'2014-05-14 11:05:57',NULL,'0916002305','0916002305',',0916002305','101,hanoi'),(171,NULL,'2014-05-14 11:05:30',NULL,'0916002305','0916002305',',0916002305','101,hanoi'),(172,NULL,'2014-05-14 11:05:03',NULL,'3121323','3121323',',3121323','101,hanoi'),(173,NULL,'2014-05-14 11:05:50',NULL,'0916002305','0916002305',',0916002305','101,hanoi'),(174,NULL,'2014-05-15 08:05:07',NULL,'dasd','dasd',',dasd','101,hanoi'),(175,NULL,'2014-05-15 09:05:46',NULL,'asdasdfasd','asdasdfasd',',asdasdfasd','101,hanoi'),(176,NULL,'2014-05-15 10:05:58',NULL,'asdasda','asdasda',',asdasda','101,hanoi'),(177,NULL,'2014-05-15 10:05:25',NULL,'sdsd','sdsd',',sdsd','101,hanoi'),(178,NULL,'2014-05-15 10:05:22',NULL,'sdfasdf','sdfasdf',',sdfasdf','101,hanoi'),(179,NULL,'2014-05-15 11:05:09',NULL,'dfasdfasd','dfasdfasd',',dfasdfasd','101,hanoi'),(180,NULL,'2014-05-15 11:05:23',NULL,'sad fasdf','sad fasdf',',sad fasdf','101,hanoi'),(181,NULL,'2014-05-15 11:05:09',NULL,'sad sdf sdf','sad sdf sdf',',sad sdf sdf','101,hanoi'),(182,NULL,'2014-05-16 06:05:43',NULL,'asdasd','asdasd',',asdasd','101,hanoi'),(183,NULL,'2014-05-16 06:05:37',NULL,'asdfasdf','asdfasdf',',asdfasdf','101,hanoi'),(184,NULL,'2014-05-16 06:05:17',NULL,'dasd','dasd',',dasd','101,hanoi'),(185,NULL,'2014-05-16 07:05:52',NULL,'dasd','dasd',',dasd','101,hanoi'),(186,NULL,'2014-05-18 10:05:33',NULL,'dasd','dasd',',dasd','101,hanoi'),(187,NULL,'2014-05-18 10:05:33',NULL,'asdasd','asdasd',',asdasd','101,hanoi'),(188,NULL,'2014-05-18 04:05:57',NULL,'dasdasd','dasdasd',',dasdasd','101,hanoi'),(189,NULL,'2014-05-18 04:05:53',NULL,'dasd','dasd',',dasd','101,hanoi'),(190,NULL,'2014-05-18 05:05:15',NULL,'asdasdasd','asdasdasd',',asdasdasd','101,hanoi'),(191,NULL,'2014-05-19 10:05:52',NULL,'dasdad','dasdad',',dasdad','101,hanoi'),(192,NULL,'2014-05-21 10:05:53',NULL,'dasdasd','dasdasd',',dasdasd','101,hanoi'),(193,51,'2014-05-22 08:05:52','LE','AN',NULL,NULL,NULL),(194,NULL,'2014-05-24 07:05:41',NULL,'l thanh an ','l thanh an ',',l thanh an ','101,hanoi'),(195,NULL,'2014-05-25 08:05:56',NULL,'dasd','dasd',',dasd','101,hanoi');

/*Table structure for table `t_user_history` */

DROP TABLE IF EXISTS `t_user_history`;

CREATE TABLE `t_user_history` (
  `id` char(50) COLLATE utf8_unicode_ci NOT NULL,
  `fk_user` int(11) NOT NULL,
  `secret_key` varchar(50) COLLATE utf8_unicode_ci DEFAULT NULL,
  `client_ip` char(20) COLLATE utf8_unicode_ci NOT NULL,
  `user_agrent` char(50) COLLATE utf8_unicode_ci NOT NULL,
  `last_activity` char(20) COLLATE utf8_unicode_ci NOT NULL,
  `sub_system_name` varchar(50) COLLATE utf8_unicode_ci NOT NULL,
  `description` varchar(255) COLLATE utf8_unicode_ci DEFAULT NULL,
  `action_name` varchar(20) COLLATE utf8_unicode_ci NOT NULL,
  `session_id` char(20) COLLATE utf8_unicode_ci NOT NULL,
  `action_date` datetime DEFAULT NULL,
  PRIMARY KEY (`id`)
) ENGINE=InnoDB DEFAULT CHARSET=utf8 COLLATE=utf8_unicode_ci;

/*Data for the table `t_user_history` */

insert  into `t_user_history`(`id`,`fk_user`,`secret_key`,`client_ip`,`user_agrent`,`last_activity`,`sub_system_name`,`description`,`action_name`,`session_id`,`action_date`) values ('0074bef2-e431-11e3-bd08-a01d48a90f04',51,'11544379ba2eda20ec5639a9d63fc455','127.0.0.1','Mozilla/5.0 (Windows NT 6.3; WOW64) AppleWebKit/53','2014-05-26 12:05:26','PORTAL','2014-05-26 00:21:26','LOGIN','15e2af61e812ceaa1d8a','2014-05-26 12:05:26'),('00b14cfd-dab4-11e3-b798-a01d48a90f04',50,'520f59adc6ab088260d35bcf2ff22403','127.0.0.1','Mozilla/5.0 (Windows NT 6.3; WOW64) AppleWebKit/53','2014-05-13 10:05:59','GIFT',NULL,'PAYMENT','7b588717a80efc43d13e',NULL),('00ec87d8-dab8-11e3-b798-a01d48a90f04',50,'520f59adc6ab088260d35bcf2ff22403','127.0.0.1','Mozilla/5.0 (Windows NT 6.3; WOW64) AppleWebKit/53','2014-05-13 11:05:37','GIFT',NULL,'PAYMENT','1588929e5dda3600b6f8',NULL),('0127fe6f-d388-11e3-9bb3-fc4dd45603ff',50,'520f59adc6ab088260d35bcf2ff22403','127.0.0.1','Mozilla/5.0 (Windows NT 6.3; WOW64) AppleWebKit/53','2014-05-04 07:05:23','PORTAL','2014-05-04 19:31:23','LOGIN','f90d93a07956a94d0d34',NULL),('0145d2b8-d9e8-11e3-aaae-a01d48a90f04',0,NULL,'127.0.0.1','Mozilla/5.0 (Windows NT 6.3; WOW64) AppleWebKit/53','2014-05-12 10:05:42','PORTAL','Thay i mt khu','CHANGEPASS','29c14c05ddcb3e7e193f',NULL),('028456fd-dc48-11e3-a49e-a01d48a90f04',0,NULL,'127.0.0.1','Mozilla/5.0 (Windows NT 6.3; WOW64) AppleWebKit/53','2014-05-15 10:05:58','GIFT',NULL,'PAYMENT','bf5c8fda5b401c26882b',NULL),('02ce5e98-dab4-11e3-b798-a01d48a90f04',50,'520f59adc6ab088260d35bcf2ff22403','127.0.0.1','Mozilla/5.0 (Windows NT 6.3; WOW64) AppleWebKit/53','2014-05-13 10:05:02','GIFT',NULL,'PAYMENT','7b588717a80efc43d13e',NULL),('0310dc8e-dab4-11e3-b798-a01d48a90f04',50,'520f59adc6ab088260d35bcf2ff22403','127.0.0.1','Mozilla/5.0 (Windows NT 6.3; WOW64) AppleWebKit/53','2014-05-13 10:05:03','GIFT',NULL,'PAYMENT','7b588717a80efc43d13e',NULL),('033d7165-dab4-11e3-b798-a01d48a90f04',50,'520f59adc6ab088260d35bcf2ff22403','127.0.0.1','Mozilla/5.0 (Windows NT 6.3; WOW64) AppleWebKit/53','2014-05-13 10:05:03','GIFT',NULL,'PAYMENT','7b588717a80efc43d13e',NULL),('03485c28-dab4-11e3-b798-a01d48a90f04',50,'520f59adc6ab088260d35bcf2ff22403','127.0.0.1','Mozilla/5.0 (Windows NT 6.3; WOW64) AppleWebKit/53','2014-05-13 10:05:03','GIFT',NULL,'PAYMENT','7b588717a80efc43d13e',NULL),('037d80d9-dab4-11e3-b798-a01d48a90f04',50,'520f59adc6ab088260d35bcf2ff22403','127.0.0.1','Mozilla/5.0 (Windows NT 6.3; WOW64) AppleWebKit/53','2014-05-13 10:05:03','GIFT',NULL,'PAYMENT','7b588717a80efc43d13e',NULL),('038aa57c-dab4-11e3-b798-a01d48a90f04',50,'520f59adc6ab088260d35bcf2ff22403','127.0.0.1','Mozilla/5.0 (Windows NT 6.3; WOW64) AppleWebKit/53','2014-05-13 10:05:03','GIFT',NULL,'PAYMENT','7b588717a80efc43d13e',NULL),('039f0163-dab9-11e3-b798-a01d48a90f04',50,'520f59adc6ab088260d35bcf2ff22403','127.0.0.1','Mozilla/5.0 (Windows NT 6.3; WOW64) AppleWebKit/53','2014-05-13 11:05:51','GIFT',NULL,'PAYMENT','09da0422b752a97854c2',NULL),('043443b7-dab8-11e3-b798-a01d48a90f04',50,'520f59adc6ab088260d35bcf2ff22403','127.0.0.1','Mozilla/5.0 (Windows NT 6.3; WOW64) AppleWebKit/53','2014-05-13 11:05:43','GIFT',NULL,'PAYMENT','616e935f1591d06ccb39',NULL),('0443c963-cfb8-11e3-b77d-d264c9e41a87',50,'520f59adc6ab088260d35bcf2ff22403','127.0.0.1','Mozilla/5.0 (Windows NT 6.3; WOW64) AppleWebKit/53','2014-04-29 11:04:00','PORTAL','2014-04-29 23:05:00','LOGIN','fcd6ed4d29ace35e3fd8',NULL),('0477ff3a-dab3-11e3-b798-a01d48a90f04',50,'520f59adc6ab088260d35bcf2ff22403','127.0.0.1','Mozilla/5.0 (Windows NT 6.3; WOW64) AppleWebKit/53','2014-05-13 10:05:56','GIFT',NULL,'PAYMENT','633081ef678f0bf6195d',NULL),('06a115cc-dab8-11e3-b798-a01d48a90f04',50,'520f59adc6ab088260d35bcf2ff22403','127.0.0.1','Mozilla/5.0 (Windows NT 6.3; WOW64) AppleWebKit/53','2014-05-13 11:05:47','GIFT',NULL,'PAYMENT','616e935f1591d06ccb39',NULL),('06c1acbf-daaf-11e3-b798-a01d48a90f04',50,NULL,'127.0.0.1','Mozilla/5.0 (Windows NT 6.3; WOW64) AppleWebKit/53','2014-05-13 09:05:21','GIFT',NULL,'PAYMENT','258910b673ca78357a6e',NULL),('0afafcc7-db79-11e3-8f87-a01d48a90f04',0,NULL,'127.0.0.1','Mozilla/5.0 (Windows NT 6.3; WOW64) AppleWebKit/53','2014-05-14 10:05:27','GIFT',NULL,'PAYMENT','ae2ef09a6edf126c4881',NULL),('0bff2e91-e0f0-11e3-8476-a01d48a90f04',51,'11544379ba2eda20ec5639a9d63fc455','127.0.0.1','Mozilla/5.0 (Windows NT 6.3; WOW64) AppleWebKit/53','2014-05-21 08:05:54','PORTAL','2014-05-21 20:58:54','LOGIN','629b0184a8659340834e','2014-05-21 08:05:54'),('0cae64a0-dab6-11e3-b798-a01d48a90f04',50,'520f59adc6ab088260d35bcf2ff22403','127.0.0.1','Mozilla/5.0 (Windows NT 6.3; WOW64) AppleWebKit/53','2014-05-13 10:05:38','GIFT',NULL,'PAYMENT','71461b70b382e2ef5b47',NULL),('0cb45a56-d9e9-11e3-aaae-a01d48a90f04',50,NULL,'127.0.0.1','Mozilla/5.0 (Windows NT 6.3; WOW64) AppleWebKit/53','2014-05-12 10:05:11','PORTAL','Reset mt khu','RESETPASS','dfb18b67b7a0fa9ad6c3',NULL),('0f5011b9-dab8-11e3-b798-a01d48a90f04',50,'520f59adc6ab088260d35bcf2ff22403','127.0.0.1','Mozilla/5.0 (Windows NT 6.3; WOW64) AppleWebKit/53','2014-05-13 11:05:01','GIFT',NULL,'PAYMENT','616e935f1591d06ccb39',NULL),('102c57cd-dab9-11e3-b798-a01d48a90f04',50,'520f59adc6ab088260d35bcf2ff22403','127.0.0.1','Mozilla/5.0 (Windows NT 6.3; WOW64) AppleWebKit/53','2014-05-13 11:05:12','GIFT',NULL,'PAYMENT','09da0422b752a97854c2',NULL),('10433e0c-dac2-11e3-b798-a01d48a90f04',50,'520f59adc6ab088260d35bcf2ff22403','127.0.0.1','Mozilla/5.0 (Windows NT 6.3; WOW64) AppleWebKit/53','2014-05-14 12:05:38','GIFT',NULL,'PAYMENT','e80fda7ae909c4bee982',NULL),('12ff73da-dab7-11e3-b798-a01d48a90f04',50,'520f59adc6ab088260d35bcf2ff22403','127.0.0.1','Mozilla/5.0 (Windows NT 6.3; WOW64) AppleWebKit/53','2014-05-13 10:05:58','GIFT',NULL,'PAYMENT','5c3f34cc804f51c816ab',NULL),('136c5599-dab3-11e3-b798-a01d48a90f04',50,'520f59adc6ab088260d35bcf2ff22403','127.0.0.1','Mozilla/5.0 (Windows NT 6.3; WOW64) AppleWebKit/53','2014-05-13 10:05:21','GIFT',NULL,'PAYMENT','633081ef678f0bf6195d',NULL),('13a47667-dab6-11e3-b798-a01d48a90f04',50,'520f59adc6ab088260d35bcf2ff22403','127.0.0.1','Mozilla/5.0 (Windows NT 6.3; WOW64) AppleWebKit/53','2014-05-13 10:05:49','GIFT',NULL,'PAYMENT','71461b70b382e2ef5b47',NULL),('15b748c6-dac2-11e3-b798-a01d48a90f04',50,'520f59adc6ab088260d35bcf2ff22403','127.0.0.1','Mozilla/5.0 (Windows NT 6.3; WOW64) AppleWebKit/53','2014-05-14 12:05:47','GIFT',NULL,'PAYMENT','e80fda7ae909c4bee982',NULL),('1614f2eb-cfb9-11e3-b77d-d264c9e41a87',50,'520f59adc6ab088260d35bcf2ff22403','127.0.0.1','Mozilla/5.0 (Windows NT 6.3; WOW64) AppleWebKit/53','2014-04-29 11:04:39','PORTAL','2014-04-29 23:12:39','LOGIN','c4401e7a8c754916022a',NULL),('1634293a-dab8-11e3-b798-a01d48a90f04',50,'520f59adc6ab088260d35bcf2ff22403','127.0.0.1','Mozilla/5.0 (Windows NT 6.3; WOW64) AppleWebKit/53','2014-05-13 11:05:13','GIFT',NULL,'PAYMENT','616e935f1591d06ccb39',NULL),('19542a5c-dc4a-11e3-a49e-a01d48a90f04',50,'520f59adc6ab088260d35bcf2ff22403','127.0.0.1','Mozilla/5.0 (Windows NT 6.3; WOW64) AppleWebKit/53','2014-05-15 11:05:56','PORTAL','2014-05-15 23:00:56','LOGIN','fd7675520238f15648dd',NULL),('19a524b5-e431-11e3-bd08-a01d48a90f04',51,'11544379ba2eda20ec5639a9d63fc455','127.0.0.1','Mozilla/5.0 (Windows NT 6.3; WOW64) AppleWebKit/53','2014-05-26 12:05:08','PORTAL','2014-05-26 00:22:08','LOGIN','f15703e8de2ea877a22e','2014-05-26 12:05:08'),('19bab3c8-dab8-11e3-b798-a01d48a90f04',50,'520f59adc6ab088260d35bcf2ff22403','127.0.0.1','Mozilla/5.0 (Windows NT 6.3; WOW64) AppleWebKit/53','2014-05-13 11:05:19','GIFT',NULL,'PAYMENT','616e935f1591d06ccb39',NULL),('19d29981-daaf-11e3-b798-a01d48a90f04',50,NULL,'127.0.0.1','Mozilla/5.0 (Windows NT 6.3; WOW64) AppleWebKit/53','2014-05-13 09:05:53','GIFT',NULL,'PAYMENT','4c00d7ee082e92b15845',NULL),('1a667677-e3b8-11e3-9ce0-a01d48a90f04',51,'f9d193e0fe9f2bb2d0aebca4fd0a5a8a','127.0.0.1','Mozilla/5.0 (Windows NT 6.3; WOW64) AppleWebKit/53','2014-05-25 09:05:00','GIFT','2014-05-25 09:56:00','LOGIN','fc9c8473ac23c83fed90','2014-05-25 09:05:00'),('1aa42209-dcf4-11e3-a439-a01d48a90f04',0,NULL,'127.0.0.1','Mozilla/5.0 (Windows NT 6.3; WOW64) AppleWebKit/53','2014-05-16 07:05:52','GIFT',NULL,'PAYMENT','4cc3aeb188156e5c2e2f',NULL),('1c9b1e69-daa0-11e3-b3fd-a01d48a90f04',50,'520f59adc6ab088260d35bcf2ff22403','127.0.0.1','Mozilla/5.0 (Windows NT 6.3; WOW64) AppleWebKit/53','2014-05-13 08:05:36','PORTAL','2014-05-13 20:11:36','LOGIN','9cc1b32ee6a396be04eb',NULL),('1ccfa261-daa0-11e3-b3fd-a01d48a90f04',50,'11544379ba2eda20ec5639a9d63fc455','127.0.0.1','Mozilla/5.0 (Windows NT 6.3; WOW64) AppleWebKit/53','2014-05-13 08:05:36','GIFT',NULL,'PAYMENT','9cc1b32ee6a396be04eb',NULL),('1d53396b-e3b9-11e3-9ce0-a01d48a90f04',51,'11544379ba2eda20ec5639a9d63fc455','127.0.0.1','Mozilla/5.0 (Windows NT 6.3; WOW64) AppleWebKit/53','2014-05-25 10:05:15','PORTAL','2014-05-25 10:03:15','LOGIN','f81cbf4eb3f646fc799b','2014-05-25 10:05:15'),('1e0a29be-d9e9-11e3-aaae-a01d48a90f04',50,NULL,'127.0.0.1','Mozilla/5.0 (Windows NT 6.3; WOW64) AppleWebKit/53','2014-05-12 10:05:40','PORTAL','Reset mt khu','RESETPASS','dfb18b67b7a0fa9ad6c3',NULL),('1e1cd6b1-e3b8-11e3-9ce0-a01d48a90f04',51,'f9d193e0fe9f2bb2d0aebca4fd0a5a8a','127.0.0.1','Mozilla/5.0 (Windows NT 6.3; WOW64) AppleWebKit/53','2014-05-25 09:05:07','GIFT','2014-05-25 09:56:06','LOGIN','fc9c8473ac23c83fed90','2014-05-25 09:05:07'),('1e28c55b-daab-11e3-b3fd-a01d48a90f04',50,NULL,'127.0.0.1','Mozilla/5.0 (Windows NT 6.3; WOW64) AppleWebKit/53','2014-05-13 09:05:23','GIFT',NULL,'PAYMENT','280eb9c3d41c3e53b327',NULL),('20ad4bab-e431-11e3-bd08-a01d48a90f04',51,'11544379ba2eda20ec5639a9d63fc455','127.0.0.1','Mozilla/5.0 (Windows NT 6.3; WOW64) AppleWebKit/53','2014-05-26 12:05:20','PORTAL','2014-05-26 00:22:20','LOGIN','f15703e8de2ea877a22e','2014-05-26 12:05:20'),('21822a64-e431-11e3-bd08-a01d48a90f04',51,'11544379ba2eda20ec5639a9d63fc455','127.0.0.1','Mozilla/5.0 (Windows NT 6.3; WOW64) AppleWebKit/53','2014-05-26 12:05:21','PORTAL','2014-05-26 00:22:21','LOGIN','f15703e8de2ea877a22e','2014-05-26 12:05:21'),('24872dae-dab3-11e3-b798-a01d48a90f04',50,'520f59adc6ab088260d35bcf2ff22403','127.0.0.1','Mozilla/5.0 (Windows NT 6.3; WOW64) AppleWebKit/53','2014-05-13 10:05:49','GIFT',NULL,'PAYMENT','633081ef678f0bf6195d',NULL),('24bcf7ff-dab8-11e3-b798-a01d48a90f04',50,'520f59adc6ab088260d35bcf2ff22403','127.0.0.1','Mozilla/5.0 (Windows NT 6.3; WOW64) AppleWebKit/53','2014-05-13 11:05:37','GIFT',NULL,'PAYMENT','616e935f1591d06ccb39',NULL),('24c7fecb-d815-11e3-87fd-fc4dd45603ff',50,'a718a187088707054686316025faff10','127.0.0.1','Mozilla/5.0 (Windows NT 6.3; WOW64) AppleWebKit/53','2014-05-10 02:05:47','GIFT','2014-05-10 14:31:47','LOGIN','c2783a8b5350f3fd8550',NULL),('2581f9ba-daa2-11e3-b3fd-a01d48a90f04',50,'520f59adc6ab088260d35bcf2ff22403','127.0.0.1','Mozilla/5.0 (Windows NT 6.3; WOW64) AppleWebKit/53','2014-05-13 08:05:10','PORTAL','2014-05-13 20:26:10','LOGIN','66b1e7a0543cfe851707',NULL),('259d66c2-e431-11e3-bd08-a01d48a90f04',51,'11544379ba2eda20ec5639a9d63fc455','127.0.0.1','Mozilla/5.0 (Windows NT 6.3; WOW64) AppleWebKit/53','2014-05-26 12:05:28','PORTAL','2014-05-26 00:22:28','LOGIN','f15703e8de2ea877a22e','2014-05-26 12:05:28'),('25ac6a78-daa2-11e3-b3fd-a01d48a90f04',50,'520f59adc6ab088260d35bcf2ff22403','127.0.0.1','Mozilla/5.0 (Windows NT 6.3; WOW64) AppleWebKit/53','2014-05-13 08:05:10','GIFT',NULL,'PAYMENT','66b1e7a0543cfe851707',NULL),('2603f503-cfb4-11e3-b77d-d264c9e41a87',50,'520f59adc6ab088260d35bcf2ff22403','127.0.0.1','Mozilla/5.0 (Windows NT 6.3; WOW64) AppleWebKit/53','2014-04-29 10:04:19','PORTAL','2014-04-29 22:37:19','LOGIN','e4ef363ad59dff64c579',NULL),('260f0773-daae-11e3-b798-a01d48a90f04',50,NULL,'127.0.0.1','Mozilla/5.0 (Windows NT 6.3; WOW64) AppleWebKit/53','2014-05-13 09:05:04','GIFT',NULL,'PAYMENT','98f2443eaf3c0839bc48',NULL),('271949c0-dab8-11e3-b798-a01d48a90f04',50,'520f59adc6ab088260d35bcf2ff22403','127.0.0.1','Mozilla/5.0 (Windows NT 6.3; WOW64) AppleWebKit/53','2014-05-13 11:05:41','GIFT',NULL,'PAYMENT','616e935f1591d06ccb39',NULL),('28c6704d-dc4f-11e3-a49e-a01d48a90f04',50,'520f59adc6ab088260d35bcf2ff22403','127.0.0.1','Mozilla/5.0 (Windows NT 6.3; WOW64) AppleWebKit/53','2014-05-15 11:05:09','GIFT',NULL,'PAYMENT','148dd6bd552b565c8964',NULL),('28e6d9c5-d9e5-11e3-aaae-a01d48a90f04',50,'520f59adc6ab088260d35bcf2ff22403','127.0.0.1','Mozilla/5.0 (Windows NT 6.3; WOW64) AppleWebKit/53','2014-05-12 09:05:20','PORTAL','2014-05-12 21:53:20','LOGIN','cbdba96a874c217663ce',NULL),('292bee63-dab8-11e3-b798-a01d48a90f04',50,'520f59adc6ab088260d35bcf2ff22403','127.0.0.1','Mozilla/5.0 (Windows NT 6.3; WOW64) AppleWebKit/53','2014-05-13 11:05:45','GIFT',NULL,'PAYMENT','72f80b2823437bdc93e0',NULL),('2a34a692-dab1-11e3-b798-a01d48a90f04',50,NULL,'127.0.0.1','Mozilla/5.0 (Windows NT 6.3; WOW64) AppleWebKit/53','2014-05-13 10:05:40','GIFT',NULL,'PAYMENT','cb883795ce96ca232105',NULL),('2a9d43d9-d811-11e3-87fd-fc4dd45603ff',50,'2a75c56f4f7ca99ba4a0eb4238590e0c','127.0.0.1','Mozilla/5.0 (Windows NT 6.3; WOW64) AppleWebKit/53','2014-05-10 02:05:19','GIFT','2014-05-10 14:03:19','LOGIN','c375b1af62bf9238cab0',NULL),('2afad2e9-dac2-11e3-b798-a01d48a90f04',50,'520f59adc6ab088260d35bcf2ff22403','127.0.0.1','Mozilla/5.0 (Windows NT 6.3; WOW64) AppleWebKit/53','2014-05-14 12:05:23','GIFT',NULL,'PAYMENT','9da208ef8713927fa33e',NULL),('2b915c66-daa9-11e3-b3fd-a01d48a90f04',50,'520f59adc6ab088260d35bcf2ff22403','127.0.0.1','Mozilla/5.0 (Windows NT 6.3; WOW64) AppleWebKit/53','2014-05-13 09:05:26','PORTAL','2014-05-13 21:16:26','LOGIN','8b8b1c35b0bf3c8c427c',NULL),('2bac7e82-daa9-11e3-b3fd-a01d48a90f04',50,NULL,'127.0.0.1','Mozilla/5.0 (Windows NT 6.3; WOW64) AppleWebKit/53','2014-05-13 09:05:26','GIFT',NULL,'PAYMENT','8b8b1c35b0bf3c8c427c',NULL),('2c5f76f9-db79-11e3-8f87-a01d48a90f04',0,NULL,'127.0.0.1','Mozilla/5.0 (Windows NT 6.3; WOW64) AppleWebKit/53','2014-05-14 10:05:23','GIFT',NULL,'PAYMENT','bf7f78fdd0ad4a90e9ec',NULL),('2da434be-dab5-11e3-b798-a01d48a90f04',50,'520f59adc6ab088260d35bcf2ff22403','127.0.0.1','Mozilla/5.0 (Windows NT 6.3; WOW64) AppleWebKit/53','2014-05-13 10:05:24','GIFT',NULL,'PAYMENT','ac4289d9d7762278960f',NULL),('2daceb28-cfb4-11e3-b77d-d264c9e41a87',50,NULL,'127.0.0.1','Mozilla/5.0 (Windows NT 6.3; WOW64) AppleWebKit/53','2014-04-29 10:04:31','PORTAL','Thay i mt khu','CHANGEPASS','e4ef363ad59dff64c579',NULL),('2dd92da7-d9e5-11e3-aaae-a01d48a90f04',50,NULL,'127.0.0.1','Mozilla/5.0 (Windows NT 6.3; WOW64) AppleWebKit/53','2014-05-12 09:05:29','PORTAL','Thay i mt khu','CHANGEPASS','cbdba96a874c217663ce',NULL),('2e046326-dcef-11e3-a439-a01d48a90f04',0,NULL,'127.0.0.1','Mozilla/5.0 (Windows NT 6.3; WOW64) AppleWebKit/53','2014-05-16 06:05:37','GIFT',NULL,'PAYMENT','7bd6398bbe73e1b6b3cb',NULL),('2edbf6a3-dc49-11e3-a49e-a01d48a90f04',0,NULL,'127.0.0.1','Mozilla/5.0 (Windows NT 6.3; WOW64) AppleWebKit/53','2014-05-15 10:05:22','GIFT',NULL,'PAYMENT','68f18844408cc296f22b',NULL),('2fef8892-d9d8-11e3-aaae-a01d48a90f04',51,'11544379ba2eda20ec5639a9d63fc455','127.0.0.1','Mozilla/5.0 (Windows NT 6.3; WOW64) AppleWebKit/53','2014-05-12 08:05:29','PORTAL','2014-05-12 20:20:29','LOGIN','ca15ae3894e00fc23cf8',NULL),('315aca18-dab3-11e3-b798-a01d48a90f04',50,'520f59adc6ab088260d35bcf2ff22403','127.0.0.1','Mozilla/5.0 (Windows NT 6.3; WOW64) AppleWebKit/53','2014-05-13 10:05:11','GIFT',NULL,'PAYMENT','a16e79d3cf0fcb468e59',NULL),('324218f4-daac-11e3-b3fd-a01d48a90f04',50,NULL,'127.0.0.1','Mozilla/5.0 (Windows NT 6.3; WOW64) AppleWebKit/53','2014-05-13 09:05:06','GIFT',NULL,'PAYMENT','36a3a23419cd65938c39',NULL),('32c633d9-daab-11e3-b3fd-a01d48a90f04',50,NULL,'127.0.0.1','Mozilla/5.0 (Windows NT 6.3; WOW64) AppleWebKit/53','2014-05-13 09:05:57','GIFT',NULL,'PAYMENT','280eb9c3d41c3e53b327',NULL),('330f9476-dab7-11e3-b798-a01d48a90f04',50,'520f59adc6ab088260d35bcf2ff22403','127.0.0.1','Mozilla/5.0 (Windows NT 6.3; WOW64) AppleWebKit/53','2014-05-13 10:05:52','GIFT',NULL,'PAYMENT','5c3f34cc804f51c816ab',NULL),('33703900-dab8-11e3-b798-a01d48a90f04',50,'520f59adc6ab088260d35bcf2ff22403','127.0.0.1','Mozilla/5.0 (Windows NT 6.3; WOW64) AppleWebKit/53','2014-05-13 11:05:02','GIFT',NULL,'PAYMENT','72f80b2823437bdc93e0',NULL),('34a160e8-de6b-11e3-9674-a01d48a90f04',0,NULL,'127.0.0.1','Mozilla/5.0 (Windows NT 6.3; WOW64) AppleWebKit/53','2014-05-18 04:05:57','GIFT',NULL,'PAYMENT','6cd275262396ab136b91','2014-05-18 04:05:57'),('359db590-daba-11e3-b798-a01d48a90f04',50,'520f59adc6ab088260d35bcf2ff22403','127.0.0.1','Mozilla/5.0 (Windows NT 6.3; WOW64) AppleWebKit/53','2014-05-13 11:05:24','GIFT',NULL,'PAYMENT','14fd062989f335882c4d',NULL),('38aaaa44-d912-11e3-b45d-fc4dd45603ff',50,'520f59adc6ab088260d35bcf2ff22403','127.0.0.1','Mozilla/5.0 (Windows NT 6.3; WOW64) AppleWebKit/53','2014-05-11 08:05:23','PORTAL','2014-05-11 20:43:23','LOGIN','2f7902067528250663c1',NULL),('39fdc671-db73-11e3-8f87-a01d48a90f04',0,NULL,'127.0.0.1','Mozilla/5.0 (Windows NT 6.3; WOW64) AppleWebKit/53','2014-05-14 09:05:49','GIFT',NULL,'PAYMENT','4c4c76dcea82155974ed',NULL),('3b3f3bd4-d1f9-11e3-8220-fc4dd45603ff',50,'520f59adc6ab088260d35bcf2ff22403','127.0.0.1','Mozilla/5.0 (Windows NT 6.3; WOW64) AppleWebKit/53','2014-05-02 07:05:52','PORTAL','2014-05-02 19:56:52','LOGIN','261651697a3e89d251a1',NULL),('3c07fbce-daa2-11e3-b3fd-a01d48a90f04',50,'520f59adc6ab088260d35bcf2ff22403','127.0.0.1','Mozilla/5.0 (Windows NT 6.3; WOW64) AppleWebKit/53','2014-05-13 08:05:47','PORTAL','2014-05-13 20:26:47','LOGIN','2ea47b187ddb83f71bc2',NULL),('3d1a5ed2-dab9-11e3-b798-a01d48a90f04',50,'520f59adc6ab088260d35bcf2ff22403','127.0.0.1','Mozilla/5.0 (Windows NT 6.3; WOW64) AppleWebKit/53','2014-05-13 11:05:28','GIFT',NULL,'PAYMENT','b79179abf6471b8b1b07',NULL),('3ef0438e-e103-11e3-8476-a01d48a90f04',51,'74794799ce4cd7013836c8f5ce808d8e','127.0.0.1','Mozilla/5.0 (Windows NT 6.3; WOW64) AppleWebKit/53','2014-05-21 11:05:20','GIFT','2014-05-21 23:16:20','LOGIN','abe9bccc34e07c08854d','2014-05-21 11:05:20'),('3f12eb37-dab4-11e3-b798-a01d48a90f04',50,'520f59adc6ab088260d35bcf2ff22403','127.0.0.1','Mozilla/5.0 (Windows NT 6.3; WOW64) AppleWebKit/53','2014-05-13 10:05:43','GIFT',NULL,'PAYMENT','c3bfeebb333f518d8544',NULL),('400d38c1-dab7-11e3-b798-a01d48a90f04',50,'520f59adc6ab088260d35bcf2ff22403','127.0.0.1','Mozilla/5.0 (Windows NT 6.3; WOW64) AppleWebKit/53','2014-05-13 10:05:13','GIFT',NULL,'PAYMENT','bd23595198ffbef998ad',NULL),('403347dc-daa9-11e3-b3fd-a01d48a90f04',50,NULL,'127.0.0.1','Mozilla/5.0 (Windows NT 6.3; WOW64) AppleWebKit/53','2014-05-13 09:05:01','GIFT',NULL,'PAYMENT','8b8b1c35b0bf3c8c427c',NULL),('41d669ff-daac-11e3-b3fd-a01d48a90f04',50,NULL,'127.0.0.1','Mozilla/5.0 (Windows NT 6.3; WOW64) AppleWebKit/53','2014-05-13 09:05:32','GIFT',NULL,'PAYMENT','36a3a23419cd65938c39',NULL),('424fa2a6-daae-11e3-b798-a01d48a90f04',50,NULL,'127.0.0.1','Mozilla/5.0 (Windows NT 6.3; WOW64) AppleWebKit/53','2014-05-13 09:05:52','GIFT',NULL,'PAYMENT','98f2443eaf3c0839bc48',NULL),('42f53191-daaa-11e3-b3fd-a01d48a90f04',50,NULL,'127.0.0.1','Mozilla/5.0 (Windows NT 6.3; WOW64) AppleWebKit/53','2014-05-13 09:05:15','GIFT',NULL,'PAYMENT','111358e08061d30d1120',NULL),('432d1c37-dab2-11e3-b798-a01d48a90f04',50,'520f59adc6ab088260d35bcf2ff22403','127.0.0.1','Mozilla/5.0 (Windows NT 6.3; WOW64) AppleWebKit/53','2014-05-13 10:05:31','PORTAL','2014-05-13 22:21:31','LOGIN','f6b65356233492490748',NULL),('435660dc-d9e8-11e3-aaae-a01d48a90f04',0,NULL,'127.0.0.1','Mozilla/5.0 (Windows NT 6.3; WOW64) AppleWebKit/53','2014-05-12 10:05:33','PORTAL','Thay i mt khu','CHANGEPASS','ca634e166774dee1d077',NULL),('4358807b-dab2-11e3-b798-a01d48a90f04',50,'520f59adc6ab088260d35bcf2ff22403','127.0.0.1','Mozilla/5.0 (Windows NT 6.3; WOW64) AppleWebKit/53','2014-05-13 10:05:32','GIFT',NULL,'PAYMENT','f6b65356233492490748',NULL),('462dae3d-e103-11e3-8476-a01d48a90f04',51,'11544379ba2eda20ec5639a9d63fc455','127.0.0.1','Mozilla/5.0 (Windows NT 6.3; WOW64) AppleWebKit/53','2014-05-21 11:05:32','PORTAL','2014-05-21 23:16:32','LOGIN','abe9bccc34e07c08854d','2014-05-21 11:05:32'),('46db0047-daab-11e3-b3fd-a01d48a90f04',50,NULL,'127.0.0.1','Mozilla/5.0 (Windows NT 6.3; WOW64) AppleWebKit/53','2014-05-13 09:05:31','GIFT',NULL,'PAYMENT','3c06d64b1956ce565aac',NULL),('47ce65fc-dab5-11e3-b798-a01d48a90f04',50,'520f59adc6ab088260d35bcf2ff22403','127.0.0.1','Mozilla/5.0 (Windows NT 6.3; WOW64) AppleWebKit/53','2014-05-13 10:05:07','GIFT',NULL,'PAYMENT','ac4289d9d7762278960f',NULL),('489f013c-d202-11e3-8220-fc4dd45603ff',50,'520f59adc6ab088260d35bcf2ff22403','127.0.0.1','Mozilla/5.0 (Windows NT 6.3; WOW64) AppleWebKit/53','2014-05-02 09:05:40','PORTAL','2014-05-02 21:01:40','LOGIN','a95bc698a250c1504a3d',NULL),('49c60898-daae-11e3-b798-a01d48a90f04',50,NULL,'127.0.0.1','Mozilla/5.0 (Windows NT 6.3; WOW64) AppleWebKit/53','2014-05-13 09:05:04','GIFT',NULL,'PAYMENT','98f2443eaf3c0839bc48',NULL),('49e5ff62-db79-11e3-8f87-a01d48a90f04',0,NULL,'127.0.0.1','Mozilla/5.0 (Windows NT 6.3; WOW64) AppleWebKit/53','2014-05-14 10:05:12','GIFT',NULL,'PAYMENT','bf7f78fdd0ad4a90e9ec',NULL),('4a80d2a6-d9ed-11e3-aaae-a01d48a90f04',50,'520f59adc6ab088260d35bcf2ff22403','127.0.0.1','Mozilla/5.0 (Windows NT 6.3; WOW64) AppleWebKit/53','2014-05-12 10:05:33','PORTAL','2014-05-12 22:51:33','LOGIN','d54d114d75a30a094a86',NULL),('4ab2c0c6-dab8-11e3-b798-a01d48a90f04',50,'520f59adc6ab088260d35bcf2ff22403','127.0.0.1','Mozilla/5.0 (Windows NT 6.3; WOW64) AppleWebKit/53','2014-05-13 11:05:41','GIFT',NULL,'PAYMENT','72f80b2823437bdc93e0',NULL),('4ab342fa-dab8-11e3-b798-a01d48a90f04',50,'520f59adc6ab088260d35bcf2ff22403','127.0.0.1','Mozilla/5.0 (Windows NT 6.3; WOW64) AppleWebKit/53','2014-05-13 11:05:41','GIFT',NULL,'PAYMENT','72f80b2823437bdc93e0',NULL),('4ac74555-dab3-11e3-b798-a01d48a90f04',50,'520f59adc6ab088260d35bcf2ff22403','127.0.0.1','Mozilla/5.0 (Windows NT 6.3; WOW64) AppleWebKit/53','2014-05-13 10:05:53','GIFT',NULL,'PAYMENT','a16e79d3cf0fcb468e59',NULL),('4b1a88c6-daac-11e3-b3fd-a01d48a90f04',50,NULL,'127.0.0.1','Mozilla/5.0 (Windows NT 6.3; WOW64) AppleWebKit/53','2014-05-13 09:05:48','GIFT',NULL,'PAYMENT','36a3a23419cd65938c39',NULL),('4c359ec1-d9e5-11e3-aaae-a01d48a90f04',50,NULL,'127.0.0.1','Mozilla/5.0 (Windows NT 6.3; WOW64) AppleWebKit/53','2014-05-12 09:05:20','PORTAL','Thay i mt khu','CHANGEPASS','8b6cb50e70e2618f2ca7',NULL),('4d27fb46-daab-11e3-b3fd-a01d48a90f04',50,NULL,'127.0.0.1','Mozilla/5.0 (Windows NT 6.3; WOW64) AppleWebKit/53','2014-05-13 09:05:41','GIFT',NULL,'PAYMENT','3c06d64b1956ce565aac',NULL),('4d2c4966-dab4-11e3-b798-a01d48a90f04',50,'520f59adc6ab088260d35bcf2ff22403','127.0.0.1','Mozilla/5.0 (Windows NT 6.3; WOW64) AppleWebKit/53','2014-05-13 10:05:07','GIFT',NULL,'PAYMENT','c3bfeebb333f518d8544',NULL),('4df0f107-d9e8-11e3-aaae-a01d48a90f04',0,NULL,'127.0.0.1','Mozilla/5.0 (Windows NT 6.3; WOW64) AppleWebKit/53','2014-05-12 10:05:51','PORTAL','Thay i mt khu','CHANGEPASS','ca634e166774dee1d077',NULL),('4f1dccb6-daae-11e3-b798-a01d48a90f04',50,NULL,'127.0.0.1','Mozilla/5.0 (Windows NT 6.3; WOW64) AppleWebKit/53','2014-05-13 09:05:13','GIFT',NULL,'PAYMENT','f0914e5f7f195f24c064',NULL),('4fe53c41-daa2-11e3-b3fd-a01d48a90f04',50,'520f59adc6ab088260d35bcf2ff22403','127.0.0.1','Mozilla/5.0 (Windows NT 6.3; WOW64) AppleWebKit/53','2014-05-13 08:05:21','PORTAL','2014-05-13 20:27:21','LOGIN','2ea47b187ddb83f71bc2',NULL),('508c00c4-dab8-11e3-b798-a01d48a90f04',50,'520f59adc6ab088260d35bcf2ff22403','127.0.0.1','Mozilla/5.0 (Windows NT 6.3; WOW64) AppleWebKit/53','2014-05-13 11:05:51','GIFT',NULL,'PAYMENT','827e30b01b828df5bb0a',NULL),('50979663-dab5-11e3-b798-a01d48a90f04',50,'520f59adc6ab088260d35bcf2ff22403','127.0.0.1','Mozilla/5.0 (Windows NT 6.3; WOW64) AppleWebKit/53','2014-05-13 10:05:22','GIFT',NULL,'PAYMENT','ac4289d9d7762278960f',NULL),('50b35aea-d202-11e3-8220-fc4dd45603ff',50,'520f59adc6ab088260d35bcf2ff22403','127.0.0.1','Mozilla/5.0 (Windows NT 6.3; WOW64) AppleWebKit/53','2014-05-02 09:05:53','PORTAL','2014-05-02 21:01:53','LOGIN','a95bc698a250c1504a3d',NULL),('50be4fdd-dab9-11e3-b798-a01d48a90f04',50,'520f59adc6ab088260d35bcf2ff22403','127.0.0.1','Mozilla/5.0 (Windows NT 6.3; WOW64) AppleWebKit/53','2014-05-13 11:05:00','GIFT',NULL,'PAYMENT','b79179abf6471b8b1b07',NULL),('50d0c86c-e433-11e3-bd08-a01d48a90f04',51,'11544379ba2eda20ec5639a9d63fc455','127.0.0.1','Mozilla/5.0 (Windows NT 6.3; WOW64) AppleWebKit/53','2014-05-26 12:05:00','PORTAL','2014-05-26 00:38:00','LOGIN','5242e29f74dcff318193','2014-05-26 12:05:00'),('50efd23c-dab6-11e3-b798-a01d48a90f04',50,'520f59adc6ab088260d35bcf2ff22403','127.0.0.1','Mozilla/5.0 (Windows NT 6.3; WOW64) AppleWebKit/53','2014-05-13 10:05:32','GIFT',NULL,'PAYMENT','64618db61b9983d2be54',NULL),('51084dda-daab-11e3-b3fd-a01d48a90f04',50,NULL,'127.0.0.1','Mozilla/5.0 (Windows NT 6.3; WOW64) AppleWebKit/53','2014-05-13 09:05:48','GIFT',NULL,'PAYMENT','3c06d64b1956ce565aac',NULL),('5191ca00-daa2-11e3-b3fd-a01d48a90f04',50,'520f59adc6ab088260d35bcf2ff22403','127.0.0.1','Mozilla/5.0 (Windows NT 6.3; WOW64) AppleWebKit/53','2014-05-13 08:05:23','PORTAL','2014-05-13 20:27:23','LOGIN','2ea47b187ddb83f71bc2',NULL),('51924c55-dab2-11e3-b798-a01d48a90f04',50,'520f59adc6ab088260d35bcf2ff22403','127.0.0.1','Mozilla/5.0 (Windows NT 6.3; WOW64) AppleWebKit/53','2014-05-13 10:05:55','GIFT',NULL,'PAYMENT','f9407f428e99e126ea9e',NULL),('51e8dc4e-e103-11e3-8476-a01d48a90f04',50,'520f59adc6ab088260d35bcf2ff22403','127.0.0.1','Mozilla/5.0 (Windows NT 6.3; WOW64) AppleWebKit/53','2014-05-21 11:05:52','PORTAL','2014-05-21 23:16:52','LOGIN','abe9bccc34e07c08854d','2014-05-21 11:05:52'),('5231ac7c-dab7-11e3-b798-a01d48a90f04',50,'520f59adc6ab088260d35bcf2ff22403','127.0.0.1','Mozilla/5.0 (Windows NT 6.3; WOW64) AppleWebKit/53','2014-05-13 10:05:44','GIFT',NULL,'PAYMENT','bd23595198ffbef998ad',NULL),('526cdb55-dded-11e3-9e59-a01d48a90f04',51,'11544379ba2eda20ec5639a9d63fc455','127.0.0.1','Mozilla/5.0 (Windows NT 6.3; WOW64) AppleWebKit/53','2014-05-18 01:05:51','PORTAL','2014-05-18 01:01:51','LOGIN','39b58829d67976a17964','2014-05-18 01:05:51'),('53d726e4-daaa-11e3-b3fd-a01d48a90f04',50,NULL,'127.0.0.1','Mozilla/5.0 (Windows NT 6.3; WOW64) AppleWebKit/53','2014-05-13 09:05:43','GIFT',NULL,'PAYMENT','111358e08061d30d1120',NULL),('578f0346-e3b7-11e3-9ce0-a01d48a90f04',51,'23776925962471b1a8a1d3ad31abb549','127.0.0.1','Mozilla/5.0 (Windows NT 6.3; WOW64) AppleWebKit/53','2014-05-25 09:05:33','GIFT','2014-05-25 09:50:33','LOGIN','0438a1db4e099826959b','2014-05-25 09:05:33'),('580cf385-e425-11e3-bd08-a01d48a90f04',50,'6434f2e8a901ef9139bb04baa788e28a','127.0.0.1','Mozilla/5.0 (Windows NT 6.3; WOW64; rv:29.0) Gecko','2014-05-25 10:05:59','GIFT','2014-05-25 22:57:59','LOGIN','46505d14091b90f78def','2014-05-25 10:05:59'),('5830752c-dab8-11e3-b798-a01d48a90f04',50,'520f59adc6ab088260d35bcf2ff22403','127.0.0.1','Mozilla/5.0 (Windows NT 6.3; WOW64) AppleWebKit/53','2014-05-13 11:05:03','GIFT',NULL,'PAYMENT','827e30b01b828df5bb0a',NULL),('58c59620-d389-11e3-9bb3-fc4dd45603ff',51,NULL,'127.0.0.1','Mozilla/5.0 (Windows NT 6.3; WOW64) AppleWebKit/53','2014-05-04 07:05:00','PORTAL','REGISTER FROM PORTAL FORM','REGISTE','f097a741509b4a097a73',NULL),('5951ac31-dab5-11e3-b798-a01d48a90f04',50,'520f59adc6ab088260d35bcf2ff22403','127.0.0.1','Mozilla/5.0 (Windows NT 6.3; WOW64) AppleWebKit/53','2014-05-13 10:05:37','GIFT',NULL,'PAYMENT','34d8de106b085626b7a7',NULL),('5979da3a-d9e5-11e3-aaae-a01d48a90f04',50,NULL,'127.0.0.1','Mozilla/5.0 (Windows NT 6.3; WOW64) AppleWebKit/53','2014-05-12 09:05:42','PORTAL','Reset mt khu','RESETPASS','8b6cb50e70e2618f2ca7',NULL),('5989b67b-de73-11e3-9674-a01d48a90f04',0,NULL,'127.0.0.1','Mozilla/5.0 (Windows NT 6.3; WOW64) AppleWebKit/53','2014-05-18 05:05:15','GIFT',NULL,'PAYMENT','e507f9fb5736d9178624','2014-05-18 05:05:15'),('5a42f14d-dab5-11e3-b798-a01d48a90f04',50,'520f59adc6ab088260d35bcf2ff22403','127.0.0.1','Mozilla/5.0 (Windows NT 6.3; WOW64) AppleWebKit/53','2014-05-13 10:05:38','GIFT',NULL,'PAYMENT','34d8de106b085626b7a7',NULL),('5aa3f04e-daac-11e3-b3fd-a01d48a90f04',50,NULL,'127.0.0.1','Mozilla/5.0 (Windows NT 6.3; WOW64) AppleWebKit/53','2014-05-13 09:05:14','GIFT',NULL,'PAYMENT','e99f2e46286484885844',NULL),('5af23ef3-daab-11e3-b3fd-a01d48a90f04',50,NULL,'127.0.0.1','Mozilla/5.0 (Windows NT 6.3; WOW64) AppleWebKit/53','2014-05-13 09:05:05','GIFT',NULL,'PAYMENT','3c06d64b1956ce565aac',NULL),('5b8e7132-e1b6-11e3-a95a-a01d48a90f04',51,NULL,'127.0.0.1','Mozilla/5.0 (Windows NT 6.3; WOW64) AppleWebKit/53','2014-05-22 08:05:28','PORTAL','Thay i mt khu','CHANGEPASS','c89f4a6b6c99d2ca2665','2014-05-22 08:05:28'),('5bb45e6b-e3b7-11e3-9ce0-a01d48a90f04',51,'23776925962471b1a8a1d3ad31abb549','127.0.0.1','Mozilla/5.0 (Windows NT 6.3; WOW64) AppleWebKit/53','2014-05-25 09:05:40','GIFT','2014-05-25 09:50:40','LOGIN','0438a1db4e099826959b','2014-05-25 09:05:40'),('5cc00dac-dab1-11e3-b798-a01d48a90f04',50,NULL,'127.0.0.1','Mozilla/5.0 (Windows NT 6.3; WOW64) AppleWebKit/53','2014-05-13 10:05:05','GIFT',NULL,'PAYMENT','3a4f821b5d32e24f88c1',NULL),('5cd5c8e4-daba-11e3-b798-a01d48a90f04',50,'520f59adc6ab088260d35bcf2ff22403','127.0.0.1','Mozilla/5.0 (Windows NT 6.3; WOW64) AppleWebKit/53','2014-05-13 11:05:30','GIFT',NULL,'PAYMENT','4299fb6febd0cdeb5551',NULL),('5d0fb83e-e433-11e3-bd08-a01d48a90f04',51,'11544379ba2eda20ec5639a9d63fc455','127.0.0.1','Mozilla/5.0 (Windows NT 6.3; WOW64) AppleWebKit/53','2014-05-26 12:05:20','PORTAL','2014-05-26 00:38:20','LOGIN','5242e29f74dcff318193','2014-05-26 12:05:20'),('5e825eaf-db86-11e3-8f87-a01d48a90f04',0,NULL,'127.0.0.1','Mozilla/5.0 (Windows NT 6.3; WOW64) AppleWebKit/53','2014-05-14 11:05:50','GIFT',NULL,'PAYMENT','a796cc5f4bfd061f2fb1',NULL),('5f995c01-daae-11e3-b798-a01d48a90f04',50,NULL,'127.0.0.1','Mozilla/5.0 (Windows NT 6.3; WOW64) AppleWebKit/53','2014-05-13 09:05:41','GIFT',NULL,'PAYMENT','f0914e5f7f195f24c064',NULL),('60a01005-daa2-11e3-b3fd-a01d48a90f04',50,'520f59adc6ab088260d35bcf2ff22403','127.0.0.1','Mozilla/5.0 (Windows NT 6.3; WOW64) AppleWebKit/53','2014-05-13 08:05:49','PORTAL','2014-05-13 20:27:49','LOGIN','62e03f7b656a6ff11e20',NULL),('60a25edd-daa9-11e3-b3fd-a01d48a90f04',50,NULL,'127.0.0.1','Mozilla/5.0 (Windows NT 6.3; WOW64) AppleWebKit/53','2014-05-13 09:05:55','GIFT',NULL,'PAYMENT','1bc445aaeafc4a28daa9',NULL),('60b98ff2-daa2-11e3-b3fd-a01d48a90f04',50,NULL,'127.0.0.1','Mozilla/5.0 (Windows NT 6.3; WOW64) AppleWebKit/53','2014-05-13 08:05:49','GIFT',NULL,'PAYMENT','62e03f7b656a6ff11e20',NULL),('60c86a68-d9e8-11e3-aaae-a01d48a90f04',0,NULL,'127.0.0.1','Mozilla/5.0 (Windows NT 6.3; WOW64) AppleWebKit/53','2014-05-12 10:05:23','PORTAL','Thay i mt khu','CHANGEPASS','ca634e166774dee1d077',NULL),('60f491aa-dab6-11e3-b798-a01d48a90f04',50,'520f59adc6ab088260d35bcf2ff22403','127.0.0.1','Mozilla/5.0 (Windows NT 6.3; WOW64) AppleWebKit/53','2014-05-13 10:05:59','GIFT',NULL,'PAYMENT','64618db61b9983d2be54',NULL),('610e6c81-db73-11e3-8f87-a01d48a90f04',0,NULL,'127.0.0.1','Mozilla/5.0 (Windows NT 6.3; WOW64) AppleWebKit/53','2014-05-14 09:05:54','GIFT',NULL,'PAYMENT','8c8c1f75d4ad6dd99d13',NULL),('61e5b964-dabd-11e3-b798-a01d48a90f04',50,'520f59adc6ab088260d35bcf2ff22403','127.0.0.1','Mozilla/5.0 (Windows NT 6.3; WOW64) AppleWebKit/53','2014-05-13 11:05:07','GIFT',NULL,'PAYMENT','7f32e351d2422ece7542',NULL),('64b54934-daab-11e3-b3fd-a01d48a90f04',50,NULL,'127.0.0.1','Mozilla/5.0 (Windows NT 6.3; WOW64) AppleWebKit/53','2014-05-13 09:05:21','GIFT',NULL,'PAYMENT','3c06d64b1956ce565aac',NULL),('664d1be3-dab5-11e3-b798-a01d48a90f04',50,'520f59adc6ab088260d35bcf2ff22403','127.0.0.1','Mozilla/5.0 (Windows NT 6.3; WOW64) AppleWebKit/53','2014-05-13 10:05:59','GIFT',NULL,'PAYMENT','34d8de106b085626b7a7',NULL),('676704e7-e33d-11e3-825b-a01d48a90f04',0,NULL,'127.0.0.1','Mozilla/5.0 (Windows NT 6.3; WOW64) AppleWebKit/53','2014-05-24 07:05:41','GIFT',NULL,'PAYMENT','8f25c1cec03dbe549010','2014-05-24 07:05:41'),('685d93e6-daaa-11e3-b3fd-a01d48a90f04',50,NULL,'127.0.0.1','Mozilla/5.0 (Windows NT 6.3; WOW64) AppleWebKit/53','2014-05-13 09:05:18','GIFT',NULL,'PAYMENT','ee3ad62a7000cd5e6f8d',NULL),('6885aea4-de6e-11e3-9674-a01d48a90f04',0,NULL,'127.0.0.1','Mozilla/5.0 (Windows NT 6.3; WOW64) AppleWebKit/53','2014-05-18 04:05:53','GIFT',NULL,'PAYMENT','875d6e90a4677d3667fc','2014-05-18 04:05:53'),('69106137-dab3-11e3-b798-a01d48a90f04',50,'520f59adc6ab088260d35bcf2ff22403','127.0.0.1','Mozilla/5.0 (Windows NT 6.3; WOW64) AppleWebKit/53','2014-05-13 10:05:44','GIFT',NULL,'PAYMENT','4fe89cba70fb6a0cb541',NULL),('6ac35337-daab-11e3-b3fd-a01d48a90f04',50,NULL,'127.0.0.1','Mozilla/5.0 (Windows NT 6.3; WOW64) AppleWebKit/53','2014-05-13 09:05:31','GIFT',NULL,'PAYMENT','3c06d64b1956ce565aac',NULL),('71fa9526-dab1-11e3-b798-a01d48a90f04',50,NULL,'127.0.0.1','Mozilla/5.0 (Windows NT 6.3; WOW64) AppleWebKit/53','2014-05-13 10:05:40','GIFT',NULL,'PAYMENT','3a4f821b5d32e24f88c1',NULL),('7475d0b1-e434-11e3-bd08-a01d48a90f04',51,'11544379ba2eda20ec5639a9d63fc455','127.0.0.1','Mozilla/5.0 (Windows NT 6.3; WOW64) AppleWebKit/53','2014-05-26 12:05:09','PORTAL','2014-05-26 00:46:09','LOGIN','9e9336880f0d2bb32ca4','2014-05-26 12:05:09'),('7483f380-d9e7-11e3-aaae-a01d48a90f04',0,NULL,'127.0.0.1','Mozilla/5.0 (Windows NT 6.3; WOW64) AppleWebKit/53','2014-05-12 10:05:46','PORTAL','Thay i mt khu','CHANGEPASS','b3aef9721938730f7edd',NULL),('74c8d04b-e103-11e3-8476-a01d48a90f04',51,'11544379ba2eda20ec5639a9d63fc455','127.0.0.1','Mozilla/5.0 (Windows NT 6.3; WOW64) AppleWebKit/53','2014-05-21 11:05:51','PORTAL','2014-05-21 23:17:51','LOGIN','3e740acf2e663023d731','2014-05-21 11:05:51'),('75b42cee-e434-11e3-bd08-a01d48a90f04',51,'11544379ba2eda20ec5639a9d63fc455','127.0.0.1','Mozilla/5.0 (Windows NT 6.3; WOW64) AppleWebKit/53','2014-05-26 12:05:11','PORTAL','2014-05-26 00:46:11','LOGIN','9e9336880f0d2bb32ca4','2014-05-26 12:05:11'),('78d12f9e-d9ed-11e3-aaae-a01d48a90f04',50,NULL,'127.0.0.1','Mozilla/5.0 (Windows NT 6.3; WOW64) AppleWebKit/53','2014-05-12 10:05:50','PORTAL','Thay i thng tin c nhn','CHANGEINFORMATION','c7c5d7514bb93e94617a',NULL),('7a44aec0-dab6-11e3-b798-a01d48a90f04',50,'520f59adc6ab088260d35bcf2ff22403','127.0.0.1','Mozilla/5.0 (Windows NT 6.3; WOW64) AppleWebKit/53','2014-05-13 10:05:42','GIFT',NULL,'PAYMENT','636a7e4cdf81e6e92761',NULL),('7d812c80-dc48-11e3-a49e-a01d48a90f04',0,NULL,'127.0.0.1','Mozilla/5.0 (Windows NT 6.3; WOW64) AppleWebKit/53','2014-05-15 10:05:25','GIFT',NULL,'PAYMENT','961416e1a2945c7fe634',NULL),('7d85a0e6-dabd-11e3-b798-a01d48a90f04',50,'520f59adc6ab088260d35bcf2ff22403','127.0.0.1','Mozilla/5.0 (Windows NT 6.3; WOW64) AppleWebKit/53','2014-05-13 11:05:54','GIFT',NULL,'PAYMENT','7f32e351d2422ece7542',NULL),('7dfbb076-daba-11e3-b798-a01d48a90f04',50,'520f59adc6ab088260d35bcf2ff22403','127.0.0.1','Mozilla/5.0 (Windows NT 6.3; WOW64) AppleWebKit/53','2014-05-13 11:05:26','GIFT',NULL,'PAYMENT','4299fb6febd0cdeb5551',NULL),('7eecb58c-df6d-11e3-abd1-a01d48a90f04',0,NULL,'127.0.0.1','Mozilla/5.0 (Windows NT 6.3; WOW64) AppleWebKit/53','2014-05-19 10:05:52','GIFT',NULL,'PAYMENT','8b5578af64eab3a2ab30','2014-05-19 10:05:52'),('81f8bdc2-d9ed-11e3-aaae-a01d48a90f04',50,NULL,'127.0.0.1','Mozilla/5.0 (Windows NT 6.3; WOW64) AppleWebKit/53','2014-05-12 10:05:06','PORTAL','Thay i thng tin c nhn','CHANGEINFORMATION','c7c5d7514bb93e94617a',NULL),('822f0feb-daad-11e3-b798-a01d48a90f04',50,NULL,'127.0.0.1','Mozilla/5.0 (Windows NT 6.3; WOW64) AppleWebKit/53','2014-05-13 09:05:29','GIFT',NULL,'PAYMENT','1233e438e748f08f729c',NULL),('83af9fb3-dab1-11e3-b798-a01d48a90f04',50,NULL,'127.0.0.1','Mozilla/5.0 (Windows NT 6.3; WOW64) AppleWebKit/53','2014-05-13 10:05:10','GIFT',NULL,'PAYMENT','36ab0289cb96cf6c8126',NULL),('852cc3ae-daae-11e3-b798-a01d48a90f04',50,NULL,'127.0.0.1','Mozilla/5.0 (Windows NT 6.3; WOW64) AppleWebKit/53','2014-05-13 09:05:44','GIFT',NULL,'PAYMENT','a0c9e5697d15d92d9319',NULL),('85c8be57-dab1-11e3-b798-a01d48a90f04',50,NULL,'127.0.0.1','Mozilla/5.0 (Windows NT 6.3; WOW64) AppleWebKit/53','2014-05-13 10:05:13','GIFT',NULL,'PAYMENT','36ab0289cb96cf6c8126',NULL),('8662b674-dab1-11e3-b798-a01d48a90f04',50,NULL,'127.0.0.1','Mozilla/5.0 (Windows NT 6.3; WOW64) AppleWebKit/53','2014-05-13 10:05:14','GIFT',NULL,'PAYMENT','36ab0289cb96cf6c8126',NULL),('86e4eb8d-dab7-11e3-b798-a01d48a90f04',50,'520f59adc6ab088260d35bcf2ff22403','127.0.0.1','Mozilla/5.0 (Windows NT 6.3; WOW64) AppleWebKit/53','2014-05-13 10:05:12','GIFT',NULL,'PAYMENT','54c5c0f561c649e31d0f',NULL),('86eb6a48-dab1-11e3-b798-a01d48a90f04',50,NULL,'127.0.0.1','Mozilla/5.0 (Windows NT 6.3; WOW64) AppleWebKit/53','2014-05-13 10:05:15','GIFT',NULL,'PAYMENT','36ab0289cb96cf6c8126',NULL),('87336dd2-d9e7-11e3-aaae-a01d48a90f04',0,NULL,'127.0.0.1','Mozilla/5.0 (Windows NT 6.3; WOW64) AppleWebKit/53','2014-05-12 10:05:18','PORTAL','Thay i mt khu','CHANGEPASS','b3aef9721938730f7edd',NULL),('8778656c-dab1-11e3-b798-a01d48a90f04',50,NULL,'127.0.0.1','Mozilla/5.0 (Windows NT 6.3; WOW64) AppleWebKit/53','2014-05-13 10:05:16','GIFT',NULL,'PAYMENT','36ab0289cb96cf6c8126',NULL),('8856b09c-dab4-11e3-b798-a01d48a90f04',50,'520f59adc6ab088260d35bcf2ff22403','127.0.0.1','Mozilla/5.0 (Windows NT 6.3; WOW64) AppleWebKit/53','2014-05-13 10:05:46','GIFT',NULL,'PAYMENT','d507b0bfc0acfcceef22',NULL),('88889180-daba-11e3-b798-a01d48a90f04',50,'520f59adc6ab088260d35bcf2ff22403','127.0.0.1','Mozilla/5.0 (Windows NT 6.3; WOW64) AppleWebKit/53','2014-05-13 11:05:44','GIFT',NULL,'PAYMENT','fae752e69a35ed8e4eb3',NULL),('8d8122ba-d389-11e3-9bb3-fc4dd45603ff',51,'11544379ba2eda20ec5639a9d63fc455','127.0.0.1','Mozilla/5.0 (Windows NT 6.3; WOW64) AppleWebKit/53','2014-05-04 07:05:28','PORTAL','2014-05-04 19:42:28','LOGIN','0888970ff3d777bc1818',NULL),('8dc9c393-d386-11e3-9bb3-fc4dd45603ff',50,'520f59adc6ab088260d35bcf2ff22403','127.0.0.1','Mozilla/5.0 (Windows NT 6.3; WOW64) AppleWebKit/53','2014-05-04 07:05:00','PORTAL','2014-05-04 19:21:00','LOGIN','0b937396100e5461922e',NULL),('8df57f78-e42e-11e3-bd08-a01d48a90f04',51,'9139148c5b1c8ff61784c051b06f8bf5','127.0.0.1','Mozilla/5.0 (Windows NT 6.3; WOW64) AppleWebKit/53','2014-05-26 12:05:55','GIFT','2014-05-26 00:03:55','LOGIN','38174769026679970b24','2014-05-26 12:05:55'),('90450d45-db76-11e3-8f87-a01d48a90f04',0,NULL,'127.0.0.1','Mozilla/5.0 (Windows NT 6.3; WOW64) AppleWebKit/53','2014-05-14 09:05:42','GIFT',NULL,'PAYMENT','45099e988144900089a8',NULL),('91a150c9-db76-11e3-8f87-a01d48a90f04',50,'520f59adc6ab088260d35bcf2ff22403','127.0.0.1','Mozilla/5.0 (Windows NT 6.3; WOW64) AppleWebKit/53','2014-05-14 09:05:44','PORTAL','2014-05-14 21:46:44','LOGIN','45099e988144900089a8',NULL),('91d39238-cfb4-11e3-b77d-d264c9e41a87',50,NULL,'127.0.0.1','Mozilla/5.0 (Windows NT 6.3; WOW64) AppleWebKit/53','2014-04-29 10:04:19','PORTAL','Reset mt khu','RESETPASS','8e489e8de1f8a10b0f6c',NULL),('9218f02f-dab9-11e3-b798-a01d48a90f04',50,'520f59adc6ab088260d35bcf2ff22403','127.0.0.1','Mozilla/5.0 (Windows NT 6.3; WOW64) AppleWebKit/53','2014-05-13 11:05:50','GIFT',NULL,'PAYMENT','d11336a2733d8243a68b',NULL),('92cc1cf8-dab6-11e3-b798-a01d48a90f04',50,'520f59adc6ab088260d35bcf2ff22403','127.0.0.1','Mozilla/5.0 (Windows NT 6.3; WOW64) AppleWebKit/53','2014-05-13 10:05:23','GIFT',NULL,'PAYMENT','636a7e4cdf81e6e92761',NULL),('9426718e-d9eb-11e3-aaae-a01d48a90f04',50,'520f59adc6ab088260d35bcf2ff22403','127.0.0.1','Mozilla/5.0 (Windows NT 6.3; WOW64) AppleWebKit/53','2014-05-12 10:05:17','PORTAL','2014-05-12 22:39:17','LOGIN','ceff22bdefe11d9f9f92',NULL),('95f70064-dab7-11e3-b798-a01d48a90f04',50,'520f59adc6ab088260d35bcf2ff22403','127.0.0.1','Mozilla/5.0 (Windows NT 6.3; WOW64) AppleWebKit/53','2014-05-13 10:05:38','GIFT',NULL,'PAYMENT','54c5c0f561c649e31d0f',NULL),('960f2537-dab9-11e3-b798-a01d48a90f04',50,'520f59adc6ab088260d35bcf2ff22403','127.0.0.1','Mozilla/5.0 (Windows NT 6.3; WOW64) AppleWebKit/53','2014-05-13 11:05:57','GIFT',NULL,'PAYMENT','d11336a2733d8243a68b',NULL),('9823e496-dab5-11e3-b798-a01d48a90f04',50,'520f59adc6ab088260d35bcf2ff22403','127.0.0.1','Mozilla/5.0 (Windows NT 6.3; WOW64) AppleWebKit/53','2014-05-13 10:05:22','GIFT',NULL,'PAYMENT','dcb64a1c001c494de817',NULL),('9a705334-dab3-11e3-b798-a01d48a90f04',50,'520f59adc6ab088260d35bcf2ff22403','127.0.0.1','Mozilla/5.0 (Windows NT 6.3; WOW64) AppleWebKit/53','2014-05-13 10:05:07','GIFT',NULL,'PAYMENT','25c828ff0df491c634ef',NULL),('9a91cdb6-d9e7-11e3-aaae-a01d48a90f04',0,NULL,'127.0.0.1','Mozilla/5.0 (Windows NT 6.3; WOW64) AppleWebKit/53','2014-05-12 10:05:50','PORTAL','Thay i mt khu','CHANGEPASS','5fd7ab3e6e5f55f217f9',NULL),('9afdf42d-d9eb-11e3-aaae-a01d48a90f04',50,NULL,'127.0.0.1','Mozilla/5.0 (Windows NT 6.3; WOW64) AppleWebKit/53','2014-05-12 10:05:29','PORTAL','Reset mt khu','RESETPASS','ceff22bdefe11d9f9f92',NULL),('9b3827be-d9ec-11e3-aaae-a01d48a90f04',50,NULL,'127.0.0.1','Mozilla/5.0 (Windows NT 6.3; WOW64) AppleWebKit/53','2014-05-12 10:05:39','PORTAL','USER LOGIN','LOGIN','ed21e89c78ba8dcd8714',NULL),('9b39470b-d9ec-11e3-aaae-a01d48a90f04',50,'520f59adc6ab088260d35bcf2ff22403','127.0.0.1','Mozilla/5.0 (Windows NT 6.3; WOW64) AppleWebKit/53','2014-05-12 10:05:39','PORTAL','2014-05-12 22:46:39','LOGIN','ed21e89c78ba8dcd8714',NULL),('9cacbffd-daae-11e3-b798-a01d48a90f04',50,NULL,'127.0.0.1','Mozilla/5.0 (Windows NT 6.3; WOW64) AppleWebKit/53','2014-05-13 09:05:23','GIFT',NULL,'PAYMENT','a0c9e5697d15d92d9319',NULL),('a07b729b-cfb4-11e3-b77d-d264c9e41a87',50,NULL,'127.0.0.1','Mozilla/5.0 (Windows NT 6.3; WOW64) AppleWebKit/53','2014-04-29 10:04:44','PORTAL','Thay i mt khu','CHANGEPASS','29d974114d86877e0722',NULL),('a3245645-dab7-11e3-b798-a01d48a90f04',50,'520f59adc6ab088260d35bcf2ff22403','127.0.0.1','Mozilla/5.0 (Windows NT 6.3; WOW64) AppleWebKit/53','2014-05-13 11:05:00','GIFT',NULL,'PAYMENT','54c5c0f561c649e31d0f',NULL),('a3b1093d-dabb-11e3-b798-a01d48a90f04',50,'520f59adc6ab088260d35bcf2ff22403','127.0.0.1','Mozilla/5.0 (Windows NT 6.3; WOW64; rv:28.0) Gecko','2014-05-13 11:05:39','PORTAL','2014-05-13 23:28:39','LOGIN','50c01c1ff53e17211de9',NULL),('a3d2e262-dabb-11e3-b798-a01d48a90f04',50,NULL,'127.0.0.1','Mozilla/5.0 (Windows NT 6.3; WOW64; rv:28.0) Gecko','2014-05-13 11:05:39','GIFT',NULL,'PAYMENT','50c01c1ff53e17211de9',NULL),('a4174786-daae-11e3-b798-a01d48a90f04',50,NULL,'127.0.0.1','Mozilla/5.0 (Windows NT 6.3; WOW64) AppleWebKit/53','2014-05-13 09:05:36','GIFT',NULL,'PAYMENT','a0c9e5697d15d92d9319',NULL),('a42f93dc-d9e7-11e3-aaae-a01d48a90f04',0,NULL,'127.0.0.1','Mozilla/5.0 (Windows NT 6.3; WOW64) AppleWebKit/53','2014-05-12 10:05:06','PORTAL','Thay i mt khu','CHANGEPASS','5fd7ab3e6e5f55f217f9',NULL),('a5028b3e-dab5-11e3-b798-a01d48a90f04',50,'520f59adc6ab088260d35bcf2ff22403','127.0.0.1','Mozilla/5.0 (Windows NT 6.3; WOW64) AppleWebKit/53','2014-05-13 10:05:44','GIFT',NULL,'PAYMENT','dcb64a1c001c494de817',NULL),('a54339f6-e430-11e3-bd08-a01d48a90f04',51,'11544379ba2eda20ec5639a9d63fc455','127.0.0.1','Mozilla/5.0 (Windows NT 6.3; WOW64) AppleWebKit/53','2014-05-26 12:05:53','PORTAL','2014-05-26 00:18:53','LOGIN','574361ee3072c4e9c3f7','2014-05-26 12:05:53'),('a59c2061-dab3-11e3-b798-a01d48a90f04',50,'520f59adc6ab088260d35bcf2ff22403','127.0.0.1','Mozilla/5.0 (Windows NT 6.3; WOW64) AppleWebKit/53','2014-05-13 10:05:26','GIFT',NULL,'PAYMENT','25c828ff0df491c634ef',NULL),('a5c5ba63-d9ec-11e3-aaae-a01d48a90f04',50,'520f59adc6ab088260d35bcf2ff22403','127.0.0.1','Mozilla/5.0 (Windows NT 6.3; WOW64) AppleWebKit/53','2014-05-12 10:05:56','PORTAL','2014-05-12 22:46:56','LOGIN','ed21e89c78ba8dcd8714',NULL),('a7bf4912-daae-11e3-b798-a01d48a90f04',50,NULL,'127.0.0.1','Mozilla/5.0 (Windows NT 6.3; WOW64) AppleWebKit/53','2014-05-13 09:05:42','GIFT',NULL,'PAYMENT','a0c9e5697d15d92d9319',NULL),('a92b7533-cfb7-11e3-b77d-d264c9e41a87',50,'520f59adc6ab088260d35bcf2ff22403','127.0.0.1','Mozilla/5.0 (Windows NT 6.3; WOW64) AppleWebKit/53','2014-04-29 11:04:27','PORTAL','2014-04-29 23:02:27','LOGIN','ba12062cff222ff4fbfe',NULL),('aa11a8c6-dab7-11e3-b798-a01d48a90f04',50,'520f59adc6ab088260d35bcf2ff22403','127.0.0.1','Mozilla/5.0 (Windows NT 6.3; WOW64) AppleWebKit/53','2014-05-13 11:05:11','GIFT',NULL,'PAYMENT','54c5c0f561c649e31d0f',NULL),('abcff1ca-daab-11e3-b3fd-a01d48a90f04',50,'520f59adc6ab088260d35bcf2ff22403','127.0.0.1','Mozilla/5.0 (Windows NT 6.3; WOW64) AppleWebKit/53','2014-05-13 09:05:20','PORTAL','2014-05-13 21:34:20','LOGIN','5b7eaef7f27802f87e60',NULL),('abe99e82-daab-11e3-b3fd-a01d48a90f04',50,NULL,'127.0.0.1','Mozilla/5.0 (Windows NT 6.3; WOW64) AppleWebKit/53','2014-05-13 09:05:20','GIFT',NULL,'PAYMENT','5b7eaef7f27802f87e60',NULL),('ac1d335f-daad-11e3-b798-a01d48a90f04',50,NULL,'127.0.0.1','Mozilla/5.0 (Windows NT 6.3; WOW64) AppleWebKit/53','2014-05-13 09:05:40','GIFT',NULL,'PAYMENT','936b485925f7ba37d2e1',NULL),('ac7380bc-e3ba-11e3-9ce0-a01d48a90f04',51,'11544379ba2eda20ec5639a9d63fc455','127.0.0.1','Mozilla/5.0 (Windows NT 6.3; WOW64) AppleWebKit/53','2014-05-25 10:05:24','PORTAL','2014-05-25 10:14:24','LOGIN','1a292bc6072fd9939457','2014-05-25 10:05:24'),('acbe568a-db76-11e3-8f87-a01d48a90f04',0,NULL,'127.0.0.1','Mozilla/5.0 (Windows NT 6.3; WOW64) AppleWebKit/53','2014-05-14 09:05:30','GIFT',NULL,'PAYMENT','5a38e93b6fc8aa36261c',NULL),('af028057-cfb4-11e3-b77d-d264c9e41a87',50,'520f59adc6ab088260d35bcf2ff22403','127.0.0.1','Mozilla/5.0 (Windows NT 6.3; WOW64) AppleWebKit/53','2014-04-29 10:04:08','PORTAL','2014-04-29 22:41:08','LOGIN','29d974114d86877e0722',NULL),('b097849e-e430-11e3-bd08-a01d48a90f04',51,'11544379ba2eda20ec5639a9d63fc455','127.0.0.1','Mozilla/5.0 (Windows NT 6.3; WOW64) AppleWebKit/53','2014-05-26 12:05:12','PORTAL','2014-05-26 00:19:12','LOGIN','574361ee3072c4e9c3f7','2014-05-26 12:05:12'),('b22109e1-e430-11e3-bd08-a01d48a90f04',51,'11544379ba2eda20ec5639a9d63fc455','127.0.0.1','Mozilla/5.0 (Windows NT 6.3; WOW64) AppleWebKit/53','2014-05-26 12:05:14','PORTAL','2014-05-26 00:19:14','LOGIN','574361ee3072c4e9c3f7','2014-05-26 12:05:14'),('b2eb410c-e430-11e3-bd08-a01d48a90f04',51,'11544379ba2eda20ec5639a9d63fc455','127.0.0.1','Mozilla/5.0 (Windows NT 6.3; WOW64) AppleWebKit/53','2014-05-26 12:05:16','PORTAL','2014-05-26 00:19:16','LOGIN','7fcd206932798de61c0c','2014-05-26 12:05:16'),('b3ceb7a9-d9e7-11e3-aaae-a01d48a90f04',0,NULL,'127.0.0.1','Mozilla/5.0 (Windows NT 6.3; WOW64) AppleWebKit/53','2014-05-12 10:05:32','PORTAL','Thay i mt khu','CHANGEPASS','5fd7ab3e6e5f55f217f9',NULL),('b48244e7-dab7-11e3-b798-a01d48a90f04',50,'520f59adc6ab088260d35bcf2ff22403','127.0.0.1','Mozilla/5.0 (Windows NT 6.3; WOW64) AppleWebKit/53','2014-05-13 11:05:29','GIFT',NULL,'PAYMENT','6dc44aced3927100ad97',NULL),('b6ac59b0-dac2-11e3-b798-a01d48a90f04',50,'520f59adc6ab088260d35bcf2ff22403','127.0.0.1','Mozilla/5.0 (Windows NT 6.3; WOW64) AppleWebKit/53','2014-05-14 12:05:17','GIFT',NULL,'PAYMENT','d412a7d898e43bb0830d',NULL),('b6cc7ca1-daaa-11e3-b3fd-a01d48a90f04',50,NULL,'127.0.0.1','Mozilla/5.0 (Windows NT 6.3; WOW64) AppleWebKit/53','2014-05-13 09:05:29','GIFT',NULL,'PAYMENT','bb649b1d73dca73f7f54',NULL),('b8bc1804-db6e-11e3-8f87-a01d48a90f04',51,'11544379ba2eda20ec5639a9d63fc455','127.0.0.1','Mozilla/5.0 (Windows NT 6.3; WOW64) AppleWebKit/53','2014-05-14 08:05:34','PORTAL','2014-05-14 20:50:34','LOGIN','6abfe32e3aca5a886ee2',NULL),('b98c60c3-dab3-11e3-b798-a01d48a90f04',50,'520f59adc6ab088260d35bcf2ff22403','127.0.0.1','Mozilla/5.0 (Windows NT 6.3; WOW64) AppleWebKit/53','2014-05-13 10:05:59','GIFT',NULL,'PAYMENT','25c828ff0df491c634ef',NULL),('b9ed07b4-daab-11e3-b3fd-a01d48a90f04',50,NULL,'127.0.0.1','Mozilla/5.0 (Windows NT 6.3; WOW64) AppleWebKit/53','2014-05-13 09:05:44','GIFT',NULL,'PAYMENT','f114a8bf6659c9a2e3cc',NULL),('ba9230f5-daae-11e3-b798-a01d48a90f04',50,NULL,'127.0.0.1','Mozilla/5.0 (Windows NT 6.3; WOW64) AppleWebKit/53','2014-05-13 09:05:14','GIFT',NULL,'PAYMENT','9a40833d36a9703e33ce',NULL),('ba9a333b-dab7-11e3-b798-a01d48a90f04',50,'520f59adc6ab088260d35bcf2ff22403','127.0.0.1','Mozilla/5.0 (Windows NT 6.3; WOW64) AppleWebKit/53','2014-05-13 11:05:39','GIFT',NULL,'PAYMENT','6dc44aced3927100ad97',NULL),('baad838e-dc35-11e3-a49e-a01d48a90f04',0,NULL,'127.0.0.1','Mozilla/5.0 (Windows NT 6.3; WOW64) AppleWebKit/53','2014-05-15 08:05:07','GIFT',NULL,'PAYMENT','e37811158e925522746e',NULL),('bae277c1-db6e-11e3-8f87-a01d48a90f04',51,NULL,'127.0.0.1','Mozilla/5.0 (Windows NT 6.3; WOW64) AppleWebKit/53','2014-05-14 08:05:37','PORTAL','Thay i thng tin c nhn','CHANGEINFORMATION','6abfe32e3aca5a886ee2',NULL),('bb681a97-dab5-11e3-b798-a01d48a90f04',50,'520f59adc6ab088260d35bcf2ff22403','127.0.0.1','Mozilla/5.0 (Windows NT 6.3; WOW64) AppleWebKit/53','2014-05-13 10:05:21','GIFT',NULL,'PAYMENT','dcb64a1c001c494de817',NULL),('bc6ac4a7-dd99-11e3-8a50-a01d48a90f04',50,'ad85f53d051acbcd1c8cfd238b16ed5b','127.0.0.1','Mozilla/5.0 (Windows NT 6.3; WOW64) AppleWebKit/53','2014-05-17 03:05:31','GIFT','2014-05-17 15:03:31','LOGIN','9eccd08ec483104ccd1c',NULL),('bcfb8c48-dc3f-11e3-a49e-a01d48a90f04',0,NULL,'127.0.0.1','Mozilla/5.0 (Windows NT 6.3; WOW64) AppleWebKit/53','2014-05-15 09:05:46','GIFT',NULL,'PAYMENT','e530463691dd594b0f4d',NULL),('bd2ede04-dab3-11e3-b798-a01d48a90f04',50,'520f59adc6ab088260d35bcf2ff22403','127.0.0.1','Mozilla/5.0 (Windows NT 6.3; WOW64) AppleWebKit/53','2014-05-13 10:05:05','GIFT',NULL,'PAYMENT','25c828ff0df491c634ef',NULL),('bd8910dd-de92-11e3-9674-a01d48a90f04',50,'520f59adc6ab088260d35bcf2ff22403','127.0.0.1','Mozilla/5.0 (Windows NT 6.3; WOW64) AppleWebKit/53','2014-05-18 08:05:57','PORTAL','2014-05-18 20:45:57','LOGIN','28edc0eacff5d7a88472','2014-05-18 08:05:57'),('be826af5-d845-11e3-af2b-fc4dd45603ff',50,'67b62b19724f5288c80dba512a93f223','127.0.0.1','Mozilla/5.0 (Windows NT 6.3; WOW64) AppleWebKit/53','2014-05-10 08:05:41','GIFT','2014-05-10 20:19:41','LOGIN','54f2efda1c92fd548286',NULL),('be93de4e-de92-11e3-9674-a01d48a90f04',50,'520f59adc6ab088260d35bcf2ff22403','127.0.0.1','Mozilla/5.0 (Windows NT 6.3; WOW64) AppleWebKit/53','2014-05-18 08:05:59','PORTAL','2014-05-18 20:45:59','LOGIN','28edc0eacff5d7a88472','2014-05-18 08:05:59'),('bf595a47-de92-11e3-9674-a01d48a90f04',50,'520f59adc6ab088260d35bcf2ff22403','127.0.0.1','Mozilla/5.0 (Windows NT 6.3; WOW64) AppleWebKit/53','2014-05-18 08:05:00','PORTAL','2014-05-18 20:46:00','LOGIN','28edc0eacff5d7a88472','2014-05-18 08:05:00'),('bffba56f-de92-11e3-9674-a01d48a90f04',50,'520f59adc6ab088260d35bcf2ff22403','127.0.0.1','Mozilla/5.0 (Windows NT 6.3; WOW64) AppleWebKit/53','2014-05-18 08:05:01','PORTAL','2014-05-18 20:46:01','LOGIN','28edc0eacff5d7a88472','2014-05-18 08:05:01'),('c0098e2f-dab6-11e3-b798-a01d48a90f04',50,'520f59adc6ab088260d35bcf2ff22403','127.0.0.1','Mozilla/5.0 (Windows NT 6.3; WOW64) AppleWebKit/53','2014-05-13 10:05:39','GIFT',NULL,'PAYMENT','0d614bef57f2f35fbc0f',NULL),('c017b7d6-ddee-11e3-9e59-a01d48a90f04',51,'11544379ba2eda20ec5639a9d63fc455','127.0.0.1','Mozilla/5.0 (Windows NT 6.3; WOW64) AppleWebKit/53','2014-05-18 01:05:04','PORTAL','2014-05-18 01:12:04','LOGIN','5bab2e45389ec5c13f3a','2014-05-18 01:05:04'),('c0c41c7a-de92-11e3-9674-a01d48a90f04',50,'520f59adc6ab088260d35bcf2ff22403','127.0.0.1','Mozilla/5.0 (Windows NT 6.3; WOW64) AppleWebKit/53','2014-05-18 08:05:03','PORTAL','2014-05-18 20:46:03','LOGIN','28edc0eacff5d7a88472','2014-05-18 08:05:03'),('c15bcf9a-de92-11e3-9674-a01d48a90f04',50,'520f59adc6ab088260d35bcf2ff22403','127.0.0.1','Mozilla/5.0 (Windows NT 6.3; WOW64) AppleWebKit/53','2014-05-18 08:05:04','PORTAL','2014-05-18 20:46:04','LOGIN','28edc0eacff5d7a88472','2014-05-18 08:05:04'),('c39798ab-dab5-11e3-b798-a01d48a90f04',50,'520f59adc6ab088260d35bcf2ff22403','127.0.0.1','Mozilla/5.0 (Windows NT 6.3; WOW64) AppleWebKit/53','2014-05-13 10:05:35','GIFT',NULL,'PAYMENT','c12ac14c0fbcc6ab4934',NULL),('c605c073-dab3-11e3-b798-a01d48a90f04',50,'520f59adc6ab088260d35bcf2ff22403','127.0.0.1','Mozilla/5.0 (Windows NT 6.3; WOW64) AppleWebKit/53','2014-05-13 10:05:20','GIFT',NULL,'PAYMENT','403af990cdbcb0c4c078',NULL),('c707e903-dab4-11e3-b798-a01d48a90f04',50,'520f59adc6ab088260d35bcf2ff22403','127.0.0.1','Mozilla/5.0 (Windows NT 6.3; WOW64) AppleWebKit/53','2014-05-13 10:05:31','GIFT',NULL,'PAYMENT','c176df73b2f7df8cedd6',NULL),('c7ae97a1-d76c-11e3-88cb-fc4dd45603ff',51,'11544379ba2eda20ec5639a9d63fc455','127.0.0.1','Mozilla/5.0 (Windows NT 6.3; WOW64) AppleWebKit/53','2014-05-09 06:05:35','PORTAL','2014-05-09 18:26:35','LOGIN','0cd81b40e32c94772085',NULL),('c7b8c5b6-daaa-11e3-b3fd-a01d48a90f04',50,NULL,'127.0.0.1','Mozilla/5.0 (Windows NT 6.3; WOW64) AppleWebKit/53','2014-05-13 09:05:58','GIFT',NULL,'PAYMENT','bb649b1d73dca73f7f54',NULL),('c870c1d1-da9f-11e3-b3fd-a01d48a90f04',51,'11544379ba2eda20ec5639a9d63fc455','127.0.0.1','Mozilla/5.0 (Windows NT 6.3; WOW64) AppleWebKit/53','2014-05-13 08:05:14','PORTAL','2014-05-13 20:09:14','LOGIN','c8753190192955504f91',NULL),('c9890527-d9e7-11e3-aaae-a01d48a90f04',0,NULL,'127.0.0.1','Mozilla/5.0 (Windows NT 6.3; WOW64) AppleWebKit/53','2014-05-12 10:05:09','PORTAL','Thay i mt khu','CHANGEPASS','a60778ffb588b97d5bb5',NULL),('c9db2a42-e430-11e3-bd08-a01d48a90f04',51,'11544379ba2eda20ec5639a9d63fc455','127.0.0.1','Mozilla/5.0 (Windows NT 6.3; WOW64) AppleWebKit/53','2014-05-26 12:05:54','PORTAL','2014-05-26 00:19:54','LOGIN','7fcd206932798de61c0c','2014-05-26 12:05:54'),('cbb8d1de-e4db-11e3-af35-a01d48a90f04',51,NULL,'127.0.0.1','Mozilla/5.0 (Windows NT 6.3; WOW64) AppleWebKit/53','2014-05-26 08:05:01','PORTAL','2014-05-26 20:44:01','LOGIN','645d042151cc1f24b571','2014-05-26 08:05:01'),('cbfb557b-d814-11e3-87fd-fc4dd45603ff',50,'520f59adc6ab088260d35bcf2ff22403','127.0.0.1','Mozilla/5.0 (Windows NT 6.3; WOW64) AppleWebKit/53','2014-05-10 02:05:18','PORTAL','2014-05-10 14:29:18','LOGIN','61fe2286dda6d84e86b1',NULL),('cd85e696-daad-11e3-b798-a01d48a90f04',50,NULL,'127.0.0.1','Mozilla/5.0 (Windows NT 6.3; WOW64) AppleWebKit/53','2014-05-13 09:05:36','GIFT',NULL,'PAYMENT','936b485925f7ba37d2e1',NULL),('cd8631ef-e410-11e3-bd08-a01d48a90f04',0,NULL,'127.0.0.1','Mozilla/5.0 (Windows NT 6.3; WOW64) AppleWebKit/53','2014-05-25 08:05:56','GIFT',NULL,'PAYMENT','8b703cbb30cfac1cbac7','2014-05-25 08:05:56'),('cec0aba1-dab3-11e3-b798-a01d48a90f04',50,'520f59adc6ab088260d35bcf2ff22403','127.0.0.1','Mozilla/5.0 (Windows NT 6.3; WOW64) AppleWebKit/53','2014-05-13 10:05:35','GIFT',NULL,'PAYMENT','403af990cdbcb0c4c078',NULL),('d06dc5a8-e432-11e3-bd08-a01d48a90f04',51,'11544379ba2eda20ec5639a9d63fc455','127.0.0.1','Mozilla/5.0 (Windows NT 6.3; WOW64) AppleWebKit/53','2014-05-26 12:05:24','PORTAL','2014-05-26 00:34:24','LOGIN','c15046a0bfa6fe1550fb','2014-05-26 12:05:24'),('d0ecc24e-df65-11e3-abd1-a01d48a90f04',50,NULL,'127.0.0.1','Mozilla/5.0 (Windows NT 6.3; WOW64) AppleWebKit/53','2014-05-19 09:05:54','PORTAL','USER LOGIN','LOGIN','2ef618101bb126577284','2014-05-19 09:05:54'),('d0ede459-df65-11e3-abd1-a01d48a90f04',50,'520f59adc6ab088260d35bcf2ff22403','127.0.0.1','Mozilla/5.0 (Windows NT 6.3; WOW64) AppleWebKit/53','2014-05-19 09:05:54','PORTAL','2014-05-19 21:56:54','LOGIN','2ef618101bb126577284','2014-05-19 09:05:54'),('d193b1ef-e432-11e3-bd08-a01d48a90f04',51,'11544379ba2eda20ec5639a9d63fc455','127.0.0.1','Mozilla/5.0 (Windows NT 6.3; WOW64) AppleWebKit/53','2014-05-26 12:05:26','PORTAL','2014-05-26 00:34:26','LOGIN','c15046a0bfa6fe1550fb','2014-05-26 12:05:26'),('d24bd58e-e432-11e3-bd08-a01d48a90f04',51,'11544379ba2eda20ec5639a9d63fc455','127.0.0.1','Mozilla/5.0 (Windows NT 6.3; WOW64) AppleWebKit/53','2014-05-26 12:05:27','PORTAL','2014-05-26 00:34:27','LOGIN','c15046a0bfa6fe1550fb','2014-05-26 12:05:27'),('d2e0ac36-e432-11e3-bd08-a01d48a90f04',51,'11544379ba2eda20ec5639a9d63fc455','127.0.0.1','Mozilla/5.0 (Windows NT 6.3; WOW64) AppleWebKit/53','2014-05-26 12:05:28','PORTAL','2014-05-26 00:34:28','LOGIN','c15046a0bfa6fe1550fb','2014-05-26 12:05:28'),('d2ef56d3-dab5-11e3-b798-a01d48a90f04',50,'520f59adc6ab088260d35bcf2ff22403','127.0.0.1','Mozilla/5.0 (Windows NT 6.3; WOW64) AppleWebKit/53','2014-05-13 10:05:01','GIFT',NULL,'PAYMENT','c12ac14c0fbcc6ab4934',NULL),('d2fa37ba-d9e7-11e3-aaae-a01d48a90f04',0,NULL,'127.0.0.1','Mozilla/5.0 (Windows NT 6.3; WOW64) AppleWebKit/53','2014-05-12 10:05:25','PORTAL','Thay i mt khu','CHANGEPASS','a60778ffb588b97d5bb5',NULL),('d302cda4-dab7-11e3-b798-a01d48a90f04',50,'520f59adc6ab088260d35bcf2ff22403','127.0.0.1','Mozilla/5.0 (Windows NT 6.3; WOW64) AppleWebKit/53','2014-05-13 11:05:20','GIFT',NULL,'PAYMENT','6dc44aced3927100ad97',NULL),('d37a7638-e432-11e3-bd08-a01d48a90f04',51,'11544379ba2eda20ec5639a9d63fc455','127.0.0.1','Mozilla/5.0 (Windows NT 6.3; WOW64) AppleWebKit/53','2014-05-26 12:05:29','PORTAL','2014-05-26 00:34:29','LOGIN','c15046a0bfa6fe1550fb','2014-05-26 12:05:29'),('d3ac786f-db85-11e3-8f87-a01d48a90f04',0,NULL,'127.0.0.1','Mozilla/5.0 (Windows NT 6.3; WOW64; rv:29.0) Gecko','2014-05-14 11:05:57','GIFT',NULL,'PAYMENT','b1ffb6e7d656929ecec4',NULL),('d4a272c4-e4db-11e3-af35-a01d48a90f04',50,NULL,'127.0.0.1','Mozilla/5.0 (Windows NT 6.3; WOW64) AppleWebKit/53','2014-05-26 08:05:16','PORTAL','2014-05-26 20:44:16','LOGIN','645d042151cc1f24b571','2014-05-26 08:05:16'),('d4efd2a6-dcef-11e3-a439-a01d48a90f04',0,NULL,'127.0.0.1','Mozilla/5.0 (Windows NT 6.3; WOW64) AppleWebKit/53','2014-05-16 06:05:17','GIFT',NULL,'PAYMENT','ac39223d519ca0a9e93f',NULL),('d6ab87b5-e3b7-11e3-9ce0-a01d48a90f04',51,'3f9be2bc4b60ae922b7e8137d876a777','127.0.0.1','Mozilla/5.0 (Windows NT 6.3; WOW64) AppleWebKit/53','2014-05-25 09:05:07','GIFT','2014-05-25 09:54:07','LOGIN','b794ee0397cb55fd00cd','2014-05-25 09:05:07'),('d6b8483b-dab7-11e3-b798-a01d48a90f04',50,'520f59adc6ab088260d35bcf2ff22403','127.0.0.1','Mozilla/5.0 (Windows NT 6.3; WOW64) AppleWebKit/53','2014-05-13 11:05:26','GIFT',NULL,'PAYMENT','6dc44aced3927100ad97',NULL),('d73480ec-daae-11e3-b798-a01d48a90f04',50,NULL,'127.0.0.1','Mozilla/5.0 (Windows NT 6.3; WOW64) AppleWebKit/53','2014-05-13 09:05:02','GIFT',NULL,'PAYMENT','9a40833d36a9703e33ce',NULL),('d7695eca-d9eb-11e3-aaae-a01d48a90f04',50,NULL,'127.0.0.1','Mozilla/5.0 (Windows NT 6.3; WOW64) AppleWebKit/53','2014-05-12 10:05:10','PORTAL','Reset mt khu','RESETPASS','67016a90128774442bf2',NULL),('d83de90f-dab1-11e3-b798-a01d48a90f04',50,NULL,'127.0.0.1','Mozilla/5.0 (Windows NT 6.3; WOW64) AppleWebKit/53','2014-05-13 10:05:32','GIFT',NULL,'PAYMENT','96df74c3174f0b39f926',NULL),('d95e1d90-e3b7-11e3-9ce0-a01d48a90f04',51,'3f9be2bc4b60ae922b7e8137d876a777','127.0.0.1','Mozilla/5.0 (Windows NT 6.3; WOW64) AppleWebKit/53','2014-05-25 09:05:11','GIFT','2014-05-25 09:54:11','LOGIN','b794ee0397cb55fd00cd','2014-05-25 09:05:11'),('db065c06-de9b-11e3-9674-a01d48a90f04',50,'520f59adc6ab088260d35bcf2ff22403','127.0.0.1','Mozilla/5.0 (Windows NT 6.3; WOW64) AppleWebKit/53','2014-05-18 09:05:12','PORTAL','2014-05-18 21:51:12','LOGIN','64f2d3c56e922c64b15b','2014-05-18 09:05:12'),('dcbff528-dcea-11e3-a439-a01d48a90f04',0,NULL,'127.0.0.1','Mozilla/5.0 (Windows NT 6.3; WOW64) AppleWebKit/53','2014-05-16 06:05:43','GIFT',NULL,'PAYMENT','d74175221e92cc315135',NULL),('dd21104e-de3e-11e3-8693-a01d48a90f04',0,NULL,'127.0.0.1','Mozilla/5.0 (Windows NT 6.3; WOW64) AppleWebKit/53','2014-05-18 10:05:33','GIFT',NULL,'PAYMENT','ad014ef967b05ceca8b8','2014-05-18 10:05:33'),('ddc460a8-dab7-11e3-b798-a01d48a90f04',50,'520f59adc6ab088260d35bcf2ff22403','127.0.0.1','Mozilla/5.0 (Windows NT 6.3; WOW64) AppleWebKit/53','2014-05-13 11:05:38','GIFT',NULL,'PAYMENT','1588929e5dda3600b6f8',NULL),('de51f6ba-dab7-11e3-b798-a01d48a90f04',50,'520f59adc6ab088260d35bcf2ff22403','127.0.0.1','Mozilla/5.0 (Windows NT 6.3; WOW64) AppleWebKit/53','2014-05-13 11:05:39','GIFT',NULL,'PAYMENT','1588929e5dda3600b6f8',NULL),('df52167e-dab5-11e3-b798-a01d48a90f04',50,'520f59adc6ab088260d35bcf2ff22403','127.0.0.1','Mozilla/5.0 (Windows NT 6.3; WOW64) AppleWebKit/53','2014-05-13 10:05:22','GIFT',NULL,'PAYMENT','c12ac14c0fbcc6ab4934',NULL),('dfec0a04-e431-11e3-bd08-a01d48a90f04',51,'11544379ba2eda20ec5639a9d63fc455','127.0.0.1','Mozilla/5.0 (Windows NT 6.3; WOW64) AppleWebKit/53','2014-05-26 12:05:41','PORTAL','2014-05-26 00:27:41','LOGIN','233cce860238aed2f530','2014-05-26 12:05:41'),('e0052f57-dab2-11e3-b798-a01d48a90f04',50,'520f59adc6ab088260d35bcf2ff22403','127.0.0.1','Mozilla/5.0 (Windows NT 6.3; WOW64) AppleWebKit/53','2014-05-13 10:05:54','GIFT',NULL,'PAYMENT','9a8e43146ebcdede1055',NULL),('e0b1db0b-e3b7-11e3-9ce0-a01d48a90f04',51,'3f9be2bc4b60ae922b7e8137d876a777','127.0.0.1','Mozilla/5.0 (Windows NT 6.3; WOW64) AppleWebKit/53','2014-05-25 09:05:23','GIFT','2014-05-25 09:54:23','LOGIN','b794ee0397cb55fd00cd','2014-05-25 09:05:23'),('e2642c61-e431-11e3-bd08-a01d48a90f04',51,'11544379ba2eda20ec5639a9d63fc455','127.0.0.1','Mozilla/5.0 (Windows NT 6.3; WOW64) AppleWebKit/53','2014-05-26 12:05:45','PORTAL','2014-05-26 00:27:45','LOGIN','233cce860238aed2f530','2014-05-26 12:05:45'),('e329e50a-e431-11e3-bd08-a01d48a90f04',51,'11544379ba2eda20ec5639a9d63fc455','127.0.0.1','Mozilla/5.0 (Windows NT 6.3; WOW64) AppleWebKit/53','2014-05-26 12:05:46','PORTAL','2014-05-26 00:27:46','LOGIN','233cce860238aed2f530','2014-05-26 12:05:46'),('e3af8a0b-cfb8-11e3-b77d-d264c9e41a87',50,'520f59adc6ab088260d35bcf2ff22403','127.0.0.1','Mozilla/5.0 (Windows NT 6.3; WOW64) AppleWebKit/53','2014-04-29 11:04:15','PORTAL','2014-04-29 23:11:15','LOGIN','bce4c06afb64f1889be7',NULL),('e3e1aca8-e431-11e3-bd08-a01d48a90f04',51,'11544379ba2eda20ec5639a9d63fc455','127.0.0.1','Mozilla/5.0 (Windows NT 6.3; WOW64) AppleWebKit/53','2014-05-26 12:05:47','PORTAL','2014-05-26 00:27:47','LOGIN','233cce860238aed2f530','2014-05-26 12:05:47'),('e43f51c5-dab4-11e3-b798-a01d48a90f04',50,'520f59adc6ab088260d35bcf2ff22403','127.0.0.1','Mozilla/5.0 (Windows NT 6.3; WOW64) AppleWebKit/53','2014-05-13 10:05:20','GIFT',NULL,'PAYMENT','c176df73b2f7df8cedd6',NULL),('e48b4a53-e431-11e3-bd08-a01d48a90f04',51,'11544379ba2eda20ec5639a9d63fc455','127.0.0.1','Mozilla/5.0 (Windows NT 6.3; WOW64) AppleWebKit/53','2014-05-26 12:05:49','PORTAL','2014-05-26 00:27:49','LOGIN','233cce860238aed2f530','2014-05-26 12:05:49'),('e4fe1e8d-dd99-11e3-8a50-a01d48a90f04',50,'ad85f53d051acbcd1c8cfd238b16ed5b','127.0.0.1','Mozilla/5.0 (Windows NT 6.3; WOW64) AppleWebKit/53','2014-05-17 03:05:39','GIFT','2014-05-17 15:04:39','LOGIN','ec0b57cccfe175896df3',NULL),('e5cda4bc-dab3-11e3-b798-a01d48a90f04',50,'520f59adc6ab088260d35bcf2ff22403','127.0.0.1','Mozilla/5.0 (Windows NT 6.3; WOW64) AppleWebKit/53','2014-05-13 10:05:14','GIFT',NULL,'PAYMENT','403af990cdbcb0c4c078',NULL),('e63ec627-daab-11e3-b3fd-a01d48a90f04',50,NULL,'127.0.0.1','Mozilla/5.0 (Windows NT 6.3; WOW64) AppleWebKit/53','2014-05-13 09:05:58','GIFT',NULL,'PAYMENT','b5d474384331e8bf4986',NULL),('e6b328f9-dc4d-11e3-a49e-a01d48a90f04',50,'520f59adc6ab088260d35bcf2ff22403','127.0.0.1','Mozilla/5.0 (Windows NT 6.3; WOW64) AppleWebKit/53','2014-05-15 11:05:09','GIFT',NULL,'PAYMENT','4e321f1afd35a4b6cd64',NULL),('e6f7e3cf-daae-11e3-b798-a01d48a90f04',50,NULL,'127.0.0.1','Mozilla/5.0 (Windows NT 6.3; WOW64) AppleWebKit/53','2014-05-13 09:05:28','GIFT',NULL,'PAYMENT','258910b673ca78357a6e',NULL),('e7120a1b-db85-11e3-8f87-a01d48a90f04',0,NULL,'127.0.0.1','Mozilla/5.0 (Windows NT 6.3; WOW64; rv:29.0) Gecko','2014-05-14 11:05:30','GIFT',NULL,'PAYMENT','b1ffb6e7d656929ecec4',NULL),('e74abc85-dab5-11e3-b798-a01d48a90f04',50,'520f59adc6ab088260d35bcf2ff22403','127.0.0.1','Mozilla/5.0 (Windows NT 6.3; WOW64) AppleWebKit/53','2014-05-13 10:05:35','GIFT',NULL,'PAYMENT','c12ac14c0fbcc6ab4934',NULL),('e76391a8-dab2-11e3-b798-a01d48a90f04',50,'520f59adc6ab088260d35bcf2ff22403','127.0.0.1','Mozilla/5.0 (Windows NT 6.3; WOW64) AppleWebKit/53','2014-05-13 10:05:07','GIFT',NULL,'PAYMENT','9a8e43146ebcdede1055',NULL),('e77a5487-e3b7-11e3-9ce0-a01d48a90f04',51,'3f9be2bc4b60ae922b7e8137d876a777','127.0.0.1','Mozilla/5.0 (Windows NT 6.3; WOW64) AppleWebKit/53','2014-05-25 09:05:35','GIFT','2014-05-25 09:54:35','LOGIN','b794ee0397cb55fd00cd','2014-05-25 09:05:35'),('e9b60b92-dc4e-11e3-a49e-a01d48a90f04',50,'520f59adc6ab088260d35bcf2ff22403','127.0.0.1','Mozilla/5.0 (Windows NT 6.3; WOW64) AppleWebKit/53','2014-05-15 11:05:23','GIFT',NULL,'PAYMENT','afcef5a0ab7c5eb5303e',NULL),('ea56ab3a-dab6-11e3-b798-a01d48a90f04',50,'520f59adc6ab088260d35bcf2ff22403','127.0.0.1','Mozilla/5.0 (Windows NT 6.3; WOW64) AppleWebKit/53','2014-05-13 10:05:50','GIFT',NULL,'PAYMENT','b9944cb024fce7becfa1',NULL),('eb9962ee-dab3-11e3-b798-a01d48a90f04',50,'520f59adc6ab088260d35bcf2ff22403','127.0.0.1','Mozilla/5.0 (Windows NT 6.3; WOW64) AppleWebKit/53','2014-05-13 10:05:23','GIFT',NULL,'PAYMENT','7b588717a80efc43d13e',NULL),('ec282c1b-dabd-11e3-b798-a01d48a90f04',50,'520f59adc6ab088260d35bcf2ff22403','127.0.0.1','Mozilla/5.0 (Windows NT 6.3; WOW64) AppleWebKit/53','2014-05-13 11:05:59','GIFT',NULL,'PAYMENT','6f49182d00063edc57a7',NULL),('ec758a93-daad-11e3-b798-a01d48a90f04',50,NULL,'127.0.0.1','Mozilla/5.0 (Windows NT 6.3; WOW64) AppleWebKit/53','2014-05-13 09:05:28','GIFT',NULL,'PAYMENT','a0b8efb70bf884a0381f',NULL),('ecbb1fec-e1b5-11e3-a95a-a01d48a90f04',51,'11544379ba2eda20ec5639a9d63fc455','127.0.0.1','Mozilla/5.0 (Windows NT 6.3; WOW64) AppleWebKit/53','2014-05-22 08:05:22','PORTAL','2014-05-22 20:35:22','LOGIN','dcde701d8358300fa954','2014-05-22 08:05:22'),('ed27dc2d-d9eb-11e3-aaae-a01d48a90f04',50,'520f59adc6ab088260d35bcf2ff22403','127.0.0.1','Mozilla/5.0 (Windows NT 6.3; WOW64) AppleWebKit/53','2014-05-12 10:05:47','PORTAL','2014-05-12 22:41:47','LOGIN','67016a90128774442bf2',NULL),('ee5776f1-e3b7-11e3-9ce0-a01d48a90f04',51,'3f9be2bc4b60ae922b7e8137d876a777','127.0.0.1','Mozilla/5.0 (Windows NT 6.3; WOW64) AppleWebKit/53','2014-05-25 09:05:46','GIFT','2014-05-25 09:54:46','LOGIN','b794ee0397cb55fd00cd','2014-05-25 09:05:46'),('ef09eb11-daab-11e3-b3fd-a01d48a90f04',50,NULL,'127.0.0.1','Mozilla/5.0 (Windows NT 6.3; WOW64) AppleWebKit/53','2014-05-13 09:05:13','GIFT',NULL,'PAYMENT','b5d474384331e8bf4986',NULL),('ef6ef3fd-d9f3-11e3-aaae-a01d48a90f04',51,'11544379ba2eda20ec5639a9d63fc455','127.0.0.1','Mozilla/5.0 (Windows NT 6.3; WOW64) AppleWebKit/53','2014-05-12 11:05:06','PORTAL','2014-05-12 23:39:06','LOGIN','1ed8e73d17cfdfa4aee6',NULL),('efde585f-ddef-11e3-9e59-a01d48a90f04',50,'520f59adc6ab088260d35bcf2ff22403','127.0.0.1','Mozilla/5.0 (Windows NT 6.3; WOW64) AppleWebKit/53','2014-05-18 01:05:34','PORTAL','2014-05-18 01:20:34','LOGIN','93d8a1976267b33d7033','2014-05-18 01:05:34'),('f2692d6a-d9eb-11e3-aaae-a01d48a90f04',50,NULL,'127.0.0.1','Mozilla/5.0 (Windows NT 6.3; WOW64) AppleWebKit/53','2014-05-12 10:05:55','PORTAL','Thay i mt khu','CHANGEPASS','67016a90128774442bf2',NULL),('f41c69af-dab7-11e3-b798-a01d48a90f04',50,'520f59adc6ab088260d35bcf2ff22403','127.0.0.1','Mozilla/5.0 (Windows NT 6.3; WOW64) AppleWebKit/53','2014-05-13 11:05:16','GIFT',NULL,'PAYMENT','1588929e5dda3600b6f8',NULL),('f468555f-d9e7-11e3-aaae-a01d48a90f04',0,NULL,'127.0.0.1','Mozilla/5.0 (Windows NT 6.3; WOW64) AppleWebKit/53','2014-05-12 10:05:21','PORTAL','Thay i mt khu','CHANGEPASS','29c14c05ddcb3e7e193f',NULL),('f5448e12-daab-11e3-b3fd-a01d48a90f04',50,NULL,'127.0.0.1','Mozilla/5.0 (Windows NT 6.3; WOW64) AppleWebKit/53','2014-05-13 09:05:24','GIFT',NULL,'PAYMENT','b5d474384331e8bf4986',NULL),('f5bc11b2-d910-11e3-b45d-fc4dd45603ff',51,'11544379ba2eda20ec5639a9d63fc455','127.0.0.1','Mozilla/5.0 (Windows NT 6.3; WOW64) AppleWebKit/53','2014-05-11 08:05:21','PORTAL','2014-05-11 20:34:21','LOGIN','dbf24058047c09fdd7d0',NULL),('f6fb5864-e1b5-11e3-a95a-a01d48a90f04',51,NULL,'127.0.0.1','Mozilla/5.0 (Windows NT 6.3; WOW64) AppleWebKit/53','2014-05-22 08:05:40','PORTAL','Thay i thng tin c nhn','CHANGEINFORMATION','5969ed268f2fee4a5378','2014-05-22 08:05:40'),('f8458c18-dab7-11e3-b798-a01d48a90f04',50,'520f59adc6ab088260d35bcf2ff22403','127.0.0.1','Mozilla/5.0 (Windows NT 6.3; WOW64) AppleWebKit/53','2014-05-13 11:05:23','GIFT',NULL,'PAYMENT','1588929e5dda3600b6f8',NULL),('f8c0dc89-dab8-11e3-b798-a01d48a90f04',50,'520f59adc6ab088260d35bcf2ff22403','127.0.0.1','Mozilla/5.0 (Windows NT 6.3; WOW64) AppleWebKit/53','2014-05-13 11:05:33','GIFT',NULL,'PAYMENT','09da0422b752a97854c2',NULL),('f92b01e1-dabe-11e3-b798-a01d48a90f04',50,'520f59adc6ab088260d35bcf2ff22403','127.0.0.1','Mozilla/5.0 (Windows NT 6.3; WOW64) AppleWebKit/53','2014-05-13 11:05:31','GIFT',NULL,'PAYMENT','e31bb5c592046ee7af2a',NULL),('faac4761-dac1-11e3-b798-a01d48a90f04',50,'520f59adc6ab088260d35bcf2ff22403','127.0.0.1','Mozilla/5.0 (Windows NT 6.3; WOW64) AppleWebKit/53','2014-05-14 12:05:02','GIFT',NULL,'PAYMENT','e80fda7ae909c4bee982',NULL),('fac0b096-db85-11e3-8f87-a01d48a90f04',0,NULL,'127.0.0.1','Mozilla/5.0 (Windows NT 6.3; WOW64; rv:29.0) Gecko','2014-05-14 11:05:03','GIFT',NULL,'PAYMENT','5f723076bdbd10d70b83',NULL),('fbbefb9e-de3f-11e3-8693-a01d48a90f04',0,NULL,'127.0.0.1','Mozilla/5.0 (Windows NT 6.3; WOW64) AppleWebKit/53','2014-05-18 10:05:33','GIFT',NULL,'PAYMENT','86050ce6f0467bded4e1','2014-05-18 10:05:33'),('fc2a0d72-e0f8-11e3-8476-a01d48a90f04',0,NULL,'127.0.0.1','Mozilla/5.0 (Windows NT 6.3; WOW64) AppleWebKit/53','2014-05-21 10:05:53','GIFT',NULL,'PAYMENT','5823906197df8dfc3b5d','2014-05-21 10:05:53'),('fcaf1cbc-e430-11e3-bd08-a01d48a90f04',51,'11544379ba2eda20ec5639a9d63fc455','127.0.0.1','Mozilla/5.0 (Windows NT 6.3; WOW64) AppleWebKit/53','2014-05-26 12:05:20','PORTAL','2014-05-26 00:21:20','LOGIN','15e2af61e812ceaa1d8a','2014-05-26 12:05:20'),('fcc12883-d9e7-11e3-aaae-a01d48a90f04',0,NULL,'127.0.0.1','Mozilla/5.0 (Windows NT 6.3; WOW64) AppleWebKit/53','2014-05-12 10:05:35','PORTAL','Thay i mt khu','CHANGEPASS','29c14c05ddcb3e7e193f',NULL),('fcff0433-dab7-11e3-b798-a01d48a90f04',50,'520f59adc6ab088260d35bcf2ff22403','127.0.0.1','Mozilla/5.0 (Windows NT 6.3; WOW64) AppleWebKit/53','2014-05-13 11:05:30','GIFT',NULL,'PAYMENT','1588929e5dda3600b6f8',NULL),('fd2246d6-e1b5-11e3-a95a-a01d48a90f04',51,NULL,'127.0.0.1','Mozilla/5.0 (Windows NT 6.3; WOW64) AppleWebKit/53','2014-05-22 08:05:50','PORTAL','Thay i thng tin c nhn','CHANGEINFORMATION','5969ed268f2fee4a5378','2014-05-22 08:05:50');

/*Table structure for table `t_user_setting` */

DROP TABLE IF EXISTS `t_user_setting`;

CREATE TABLE `t_user_setting` (
  `id` int(11) NOT NULL AUTO_INCREMENT,
  `fk_user` int(11) NOT NULL,
  `setting_key` char(20) COLLATE utf8_unicode_ci NOT NULL,
  `value` varchar(50) COLLATE utf8_unicode_ci NOT NULL,
  PRIMARY KEY (`id`)
) ENGINE=InnoDB AUTO_INCREMENT=165 DEFAULT CHARSET=utf8 COLLATE=utf8_unicode_ci;

/*Data for the table `t_user_setting` */

insert  into `t_user_setting`(`id`,`fk_user`,`setting_key`,`value`) values (153,50,'isRecivedEmail','Y'),(154,50,'AlternativeEmail','lethanhan.bkaptech@gmail.com'),(155,50,'SQ','0'),(156,50,'SA','123123123'),(157,50,'LANGUAGE','VN-VI'),(158,50,'CURRENCY','VND'),(159,51,'isRecivedEmail','Y'),(160,51,'AlternativeEmail','lethanhan.2305@gmail.com'),(161,51,'SQ','0'),(162,51,'SA','123123123'),(163,51,'LANGUAGE','EN-US'),(164,51,'CURRENCY','VND');

/*!40101 SET SQL_MODE=@OLD_SQL_MODE */;
/*!40014 SET FOREIGN_KEY_CHECKS=@OLD_FOREIGN_KEY_CHECKS */;
/*!40014 SET UNIQUE_CHECKS=@OLD_UNIQUE_CHECKS */;
/*!40111 SET SQL_NOTES=@OLD_SQL_NOTES */;
