/*
SQLyog Ultimate v11.3 (64 bit)
MySQL - 5.5.32 : Database - portal_e_project
*********************************************************************
*/

/*!40101 SET NAMES utf8 */;

/*!40101 SET SQL_MODE=''*/;

/*!40014 SET @OLD_UNIQUE_CHECKS=@@UNIQUE_CHECKS, UNIQUE_CHECKS=0 */;
/*!40014 SET @OLD_FOREIGN_KEY_CHECKS=@@FOREIGN_KEY_CHECKS, FOREIGN_KEY_CHECKS=0 */;
/*!40101 SET @OLD_SQL_MODE=@@SQL_MODE, SQL_MODE='NO_AUTO_VALUE_ON_ZERO' */;
/*!40111 SET @OLD_SQL_NOTES=@@SQL_NOTES, SQL_NOTES=0 */;
CREATE DATABASE /*!32312 IF NOT EXISTS*/`portal_e_project` /*!40100 DEFAULT CHARACTER SET utf8 COLLATE utf8_unicode_ci */;

USE `portal_e_project`;

/*Table structure for table `t_invoice` */

DROP TABLE IF EXISTS `t_invoice`;

CREATE TABLE `t_invoice` (
  `id` int(11) NOT NULL AUTO_INCREMENT,
  `fk_order` int(11) DEFAULT NULL,
  `created_user` int(11) DEFAULT NULL,
  `created_date` datetime DEFAULT NULL,
  `paid_date` datetime DEFAULT NULL,
  `cancelled_date` datetime DEFAULT NULL,
  `rejected_date` datetime DEFAULT NULL,
  `comment` text COLLATE utf8_unicode_ci,
  `payment_method` varchar(25) COLLATE utf8_unicode_ci DEFAULT NULL,
  `payment_currency` char(1) COLLATE utf8_unicode_ci DEFAULT NULL,
  `invoice_type` enum('input','output') COLLATE utf8_unicode_ci NOT NULL,
  PRIMARY KEY (`id`),
  KEY `fk_order` (`fk_order`),
  CONSTRAINT `t_invoice_ibfk_1` FOREIGN KEY (`fk_order`) REFERENCES `t_order` (`id`)
) ENGINE=InnoDB AUTO_INCREMENT=20 DEFAULT CHARSET=utf8 COLLATE=utf8_unicode_ci;

/*Data for the table `t_invoice` */

insert  into `t_invoice`(`id`,`fk_order`,`created_user`,`created_date`,`paid_date`,`cancelled_date`,`rejected_date`,`comment`,`payment_method`,`payment_currency`,`invoice_type`) values (1,40,42,'2014-04-21 04:04:21',NULL,NULL,NULL,NULL,NULL,NULL,'input'),(2,42,42,'2014-04-21 04:04:48',NULL,NULL,NULL,NULL,NULL,NULL,'input'),(3,44,42,'2014-04-21 04:04:37',NULL,NULL,NULL,NULL,NULL,NULL,'input'),(4,46,42,'2014-04-21 05:04:48',NULL,NULL,NULL,NULL,NULL,NULL,'input'),(5,48,42,'2014-04-21 05:04:43',NULL,NULL,NULL,NULL,NULL,NULL,'input'),(6,52,42,'2014-04-21 05:04:31',NULL,NULL,NULL,NULL,NULL,NULL,'input'),(7,54,42,'2014-04-21 05:04:57',NULL,NULL,NULL,NULL,NULL,NULL,'input'),(8,56,42,'2014-04-21 05:04:16',NULL,NULL,NULL,NULL,NULL,NULL,'input'),(9,58,42,'2014-04-21 05:04:52',NULL,NULL,NULL,NULL,NULL,NULL,'input'),(10,60,42,'2014-04-21 06:04:07',NULL,NULL,NULL,NULL,NULL,NULL,'input'),(11,62,42,'2014-04-21 06:04:05',NULL,NULL,NULL,NULL,NULL,NULL,'input'),(12,64,42,'2014-04-21 06:04:06',NULL,NULL,NULL,NULL,NULL,NULL,'input'),(13,66,42,'2014-04-21 06:04:06',NULL,NULL,NULL,NULL,NULL,NULL,'input'),(14,68,42,'2014-04-21 06:04:35',NULL,NULL,NULL,NULL,NULL,NULL,'input'),(15,70,42,'2014-04-21 06:04:11','2014-04-21 06:04:12',NULL,NULL,NULL,'Onepay',NULL,'input'),(16,72,42,'2014-04-21 06:04:01','2014-04-21 06:04:03',NULL,NULL,NULL,'Onepay',NULL,'input'),(17,73,42,'2014-04-21 12:04:17',NULL,NULL,NULL,NULL,NULL,NULL,'input'),(18,74,42,'2014-04-21 12:04:55','2014-04-21 12:04:57',NULL,NULL,NULL,'Onepay',NULL,'input'),(19,75,42,'2014-04-24 12:04:59','2014-04-24 01:04:02',NULL,NULL,NULL,'Onepay',NULL,'input');

/*Table structure for table `t_invoice_other_cost` */

DROP TABLE IF EXISTS `t_invoice_other_cost`;

CREATE TABLE `t_invoice_other_cost` (
  `id` int(11) NOT NULL AUTO_INCREMENT,
  `fk_invoice` int(11) DEFAULT NULL,
  `value` double DEFAULT NULL,
  `comment` text COLLATE utf8_unicode_ci,
  PRIMARY KEY (`id`),
  KEY `fk_invoice` (`fk_invoice`),
  CONSTRAINT `t_invoice_other_cost_ibfk_1` FOREIGN KEY (`fk_invoice`) REFERENCES `t_invoice` (`id`)
) ENGINE=InnoDB DEFAULT CHARSET=utf8 COLLATE=utf8_unicode_ci;

/*Data for the table `t_invoice_other_cost` */

/*Table structure for table `t_invoice_product` */

DROP TABLE IF EXISTS `t_invoice_product`;

CREATE TABLE `t_invoice_product` (
  `id` int(11) NOT NULL AUTO_INCREMENT,
  `fk_invoice` int(11) DEFAULT NULL,
  `fk_product` int(11) DEFAULT NULL,
  PRIMARY KEY (`id`),
  KEY `fk_invoice` (`fk_invoice`),
  KEY `fk_product` (`fk_product`),
  CONSTRAINT `t_invoice_product_ibfk_1` FOREIGN KEY (`fk_invoice`) REFERENCES `t_invoice` (`id`),
  CONSTRAINT `t_invoice_product_ibfk_2` FOREIGN KEY (`fk_product`) REFERENCES `t_product` (`id`)
) ENGINE=InnoDB AUTO_INCREMENT=17 DEFAULT CHARSET=utf8 COLLATE=utf8_unicode_ci;

/*Data for the table `t_invoice_product` */

insert  into `t_invoice_product`(`id`,`fk_invoice`,`fk_product`) values (1,4,8),(2,5,9),(3,6,12),(4,7,13),(5,8,14),(6,9,15),(7,10,16),(8,11,17),(9,12,18),(10,13,19),(11,14,20),(12,15,21),(13,16,22),(14,17,23),(15,18,24),(16,19,25);

/*Table structure for table `t_invoice_shipping` */

DROP TABLE IF EXISTS `t_invoice_shipping`;

CREATE TABLE `t_invoice_shipping` (
  `id` int(11) NOT NULL AUTO_INCREMENT,
  `sub_id` int(11) DEFAULT NULL,
  `fk_invoice` int(11) DEFAULT NULL,
  `fk_user_contact` int(11) DEFAULT NULL,
  `created_user` datetime DEFAULT NULL,
  `display_name` varchar(50) COLLATE utf8_unicode_ci DEFAULT NULL,
  `price` double DEFAULT NULL,
  `status` enum('ACTIVE','INACTIVE') COLLATE utf8_unicode_ci DEFAULT NULL,
  `created_date` datetime DEFAULT NULL,
  `ship_date` datetime DEFAULT NULL,
  `complete_date` datetime DEFAULT NULL,
  `shipping_type` enum('PAY','SHIP') COLLATE utf8_unicode_ci DEFAULT NULL,
  PRIMARY KEY (`id`),
  KEY `t_invoice_shipping_ibfk_1` (`fk_invoice`),
  KEY `fk_user_contact` (`fk_user_contact`),
  CONSTRAINT `t_invoice_shipping_ibfk_1` FOREIGN KEY (`fk_invoice`) REFERENCES `t_invoice` (`id`),
  CONSTRAINT `t_invoice_shipping_ibfk_2` FOREIGN KEY (`fk_user_contact`) REFERENCES `t_user_contact` (`id`)
) ENGINE=InnoDB AUTO_INCREMENT=13 DEFAULT CHARSET=utf8 COLLATE=utf8_unicode_ci;

/*Data for the table `t_invoice_shipping` */

insert  into `t_invoice_shipping`(`id`,`sub_id`,`fk_invoice`,`fk_user_contact`,`created_user`,`display_name`,`price`,`status`,`created_date`,`ship_date`,`complete_date`,`shipping_type`) values (2,0,9,23,'0000-00-00 00:00:00','standard',10,'ACTIVE','2014-04-21 05:04:52',NULL,NULL,'SHIP'),(3,0,10,24,'0000-00-00 00:00:00','standard',10,'ACTIVE','2014-04-21 06:04:07',NULL,NULL,'SHIP'),(4,0,11,25,'0000-00-00 00:00:00','standard',10,'ACTIVE','2014-04-21 06:04:05',NULL,NULL,'SHIP'),(5,0,12,26,'0000-00-00 00:00:00','standard',10,'ACTIVE','2014-04-21 06:04:06',NULL,NULL,'SHIP'),(6,0,13,27,'0000-00-00 00:00:00','standard',10,'ACTIVE','2014-04-21 06:04:06',NULL,NULL,'SHIP'),(7,0,14,28,'0000-00-00 00:00:00','standard',10,'ACTIVE','2014-04-21 06:04:35',NULL,NULL,'SHIP'),(8,0,15,29,'0000-00-00 00:00:00','standard',10,'ACTIVE','2014-04-21 06:04:11',NULL,NULL,'SHIP'),(9,0,16,30,'0000-00-00 00:00:00','standard',10,'ACTIVE','2014-04-21 06:04:01',NULL,NULL,'SHIP'),(10,0,17,31,'0000-00-00 00:00:00','standard',10,'ACTIVE','2014-04-21 12:04:17',NULL,NULL,'SHIP'),(11,0,18,32,'0000-00-00 00:00:00','standard',10,'ACTIVE','2014-04-21 12:04:55',NULL,NULL,'SHIP'),(12,0,19,33,'0000-00-00 00:00:00','standard',10,'ACTIVE','2014-04-24 12:04:59',NULL,NULL,'SHIP');

/*Table structure for table `t_order` */

DROP TABLE IF EXISTS `t_order`;

CREATE TABLE `t_order` (
  `id` int(11) NOT NULL AUTO_INCREMENT,
  `sub_key` varchar(50) COLLATE utf8_unicode_ci NOT NULL,
  `fk_user` int(11) DEFAULT NULL,
  `created_user` int(11) DEFAULT NULL,
  `created_date` datetime DEFAULT NULL,
  `shiped_date` datetime DEFAULT NULL,
  `canceled_date` datetime DEFAULT NULL,
  `completed_date` datetime DEFAULT NULL,
  PRIMARY KEY (`id`),
  KEY `fk_user` (`fk_user`),
  CONSTRAINT `t_order_ibfk_1` FOREIGN KEY (`fk_user`) REFERENCES `t_user` (`id`)
) ENGINE=InnoDB AUTO_INCREMENT=76 DEFAULT CHARSET=utf8 COLLATE=utf8_unicode_ci;

/*Data for the table `t_order` */

insert  into `t_order`(`id`,`sub_key`,`fk_user`,`created_user`,`created_date`,`shiped_date`,`canceled_date`,`completed_date`) values (28,'GIFT',42,42,'2014-04-21 04:04:22',NULL,NULL,NULL),(29,'GIFT',42,42,'2014-04-21 04:04:40',NULL,NULL,NULL),(30,'GIFT',42,42,'2014-04-21 04:04:32',NULL,NULL,NULL),(31,'GIFT',42,42,'2014-04-21 04:04:13',NULL,NULL,NULL),(32,'GIFT',42,42,'2014-04-21 04:04:47',NULL,NULL,NULL),(33,'GIFT',42,42,'2014-04-21 04:04:39',NULL,NULL,NULL),(34,'GIFT',42,42,'2014-04-21 04:04:18',NULL,NULL,NULL),(35,'GIFT',42,42,'2014-04-21 04:04:01',NULL,NULL,NULL),(36,'GIFT',42,42,'2014-04-21 04:04:30',NULL,NULL,NULL),(37,'GIFT',42,42,'2014-04-21 04:04:47',NULL,NULL,NULL),(38,'GIFT',42,42,'2014-04-21 04:04:16',NULL,NULL,NULL),(39,'GIFT',42,42,'2014-04-21 04:04:21',NULL,NULL,NULL),(40,'GIFT',42,42,'2014-04-21 04:04:21',NULL,NULL,NULL),(41,'GIFT',42,42,'2014-04-21 04:04:48',NULL,NULL,NULL),(42,'GIFT',42,42,'2014-04-21 04:04:48',NULL,NULL,NULL),(43,'GIFT',42,42,'2014-04-21 04:04:37',NULL,NULL,NULL),(44,'GIFT',42,42,'2014-04-21 04:04:37',NULL,NULL,NULL),(45,'GIFT',42,42,'2014-04-21 05:04:48',NULL,NULL,NULL),(46,'GIFT',42,42,'2014-04-21 05:04:48',NULL,NULL,NULL),(47,'GIFT',42,42,'2014-04-21 05:04:43',NULL,NULL,NULL),(48,'GIFT',42,42,'2014-04-21 05:04:43',NULL,NULL,NULL),(49,'GIFT',42,42,'2014-04-21 05:04:35',NULL,NULL,NULL),(50,'GIFT',42,42,'2014-04-21 05:04:55',NULL,NULL,NULL),(51,'GIFT',42,42,'2014-04-21 05:04:31',NULL,NULL,NULL),(52,'GIFT',42,42,'2014-04-21 05:04:31',NULL,NULL,NULL),(53,'GIFT',42,42,'2014-04-21 05:04:57',NULL,NULL,NULL),(54,'GIFT',42,42,'2014-04-21 05:04:57',NULL,NULL,NULL),(55,'GIFT',42,42,'2014-04-21 05:04:16',NULL,NULL,NULL),(56,'GIFT',42,42,'2014-04-21 05:04:16',NULL,NULL,NULL),(57,'GIFT',42,42,'2014-04-21 05:04:52',NULL,NULL,NULL),(58,'GIFT',42,42,'2014-04-21 05:04:52',NULL,NULL,NULL),(59,'GIFT',42,42,'2014-04-21 06:04:07',NULL,NULL,NULL),(60,'GIFT',42,42,'2014-04-21 06:04:07',NULL,NULL,NULL),(61,'GIFT',42,42,'2014-04-21 06:04:05',NULL,NULL,NULL),(62,'GIFT',42,42,'2014-04-21 06:04:05',NULL,NULL,NULL),(63,'GIFT',42,42,'2014-04-21 06:04:06',NULL,NULL,NULL),(64,'GIFT',42,42,'2014-04-21 06:04:06',NULL,NULL,NULL),(65,'GIFT',42,42,'2014-04-21 06:04:06',NULL,NULL,NULL),(66,'GIFT',42,42,'2014-04-21 06:04:06',NULL,NULL,NULL),(67,'GIFT',42,42,'2014-04-21 06:04:35',NULL,NULL,NULL),(68,'GIFT',42,42,'2014-04-21 06:04:35',NULL,NULL,NULL),(69,'GIFT',42,42,'2014-04-21 06:04:11',NULL,NULL,NULL),(70,'GIFT',42,42,'2014-04-21 06:04:11',NULL,NULL,NULL),(71,'GIFT',42,42,'2014-04-21 06:04:01',NULL,NULL,NULL),(72,'GIFT',42,42,'2014-04-21 06:04:01',NULL,NULL,NULL),(73,'GIFT',42,42,'2014-04-21 12:04:17',NULL,NULL,NULL),(74,'GIFT',42,42,'2014-04-21 12:04:55',NULL,NULL,NULL),(75,'GIFT',42,42,'2014-04-24 12:04:59',NULL,NULL,NULL);

/*Table structure for table `t_order_status` */

DROP TABLE IF EXISTS `t_order_status`;

CREATE TABLE `t_order_status` (
  `id` int(11) NOT NULL AUTO_INCREMENT,
  `fk_order` int(11) DEFAULT NULL,
  `status` enum('VERIFYING','SHIPPING','DELIVERED','ORDER_PLACED','ORDER_CANCELLED','REJECTED') COLLATE utf8_unicode_ci DEFAULT NULL,
  `updated_user` int(11) DEFAULT NULL,
  `updated_date` datetime DEFAULT NULL,
  `comment` text COLLATE utf8_unicode_ci,
  PRIMARY KEY (`id`)
) ENGINE=InnoDB AUTO_INCREMENT=17 DEFAULT CHARSET=utf8 COLLATE=utf8_unicode_ci;

/*Data for the table `t_order_status` */

insert  into `t_order_status`(`id`,`fk_order`,`status`,`updated_user`,`updated_date`,`comment`) values (1,NULL,'ORDER_PLACED',42,'2014-04-21 05:04:43',NULL),(2,NULL,'ORDER_PLACED',42,'2014-04-21 05:04:52',NULL),(3,NULL,'ORDER_PLACED',42,'2014-04-21 06:04:07',NULL),(4,NULL,'ORDER_PLACED',42,'2014-04-21 06:04:05',NULL),(5,NULL,'ORDER_PLACED',42,'2014-04-21 06:04:06',NULL),(6,NULL,'ORDER_PLACED',42,'2014-04-21 06:04:06',NULL),(7,NULL,'ORDER_PLACED',42,'2014-04-21 06:04:35',NULL),(8,NULL,'ORDER_PLACED',42,'2014-04-21 06:04:11',NULL),(9,NULL,'VERIFYING',42,'2014-04-21 06:04:12',NULL),(10,72,'ORDER_PLACED',42,'2014-04-21 06:04:01',NULL),(11,71,'VERIFYING',42,'2014-04-21 06:04:03',NULL),(12,73,'ORDER_PLACED',42,'2014-04-21 12:04:17',NULL),(13,74,'ORDER_PLACED',42,'2014-04-21 12:04:55',NULL),(14,74,'VERIFYING',42,'2014-04-21 12:04:57',NULL),(15,75,'ORDER_PLACED',42,'2014-04-24 12:04:59',NULL),(16,75,'VERIFYING',42,'2014-04-24 01:04:02',NULL);

/*Table structure for table `t_payment_temp` */

DROP TABLE IF EXISTS `t_payment_temp`;

CREATE TABLE `t_payment_temp` (
  `id` int(11) NOT NULL AUTO_INCREMENT,
  `fk_user` int(11) DEFAULT NULL,
  `created_date` datetime DEFAULT NULL,
  `data` text COLLATE utf8_unicode_ci,
  `session_id` char(50) COLLATE utf8_unicode_ci DEFAULT NULL,
  `ip_address` char(25) COLLATE utf8_unicode_ci DEFAULT NULL,
  `user_agrent` varchar(50) COLLATE utf8_unicode_ci DEFAULT NULL,
  `processed_date` datetime DEFAULT NULL,
  `cancelled_date` datetime DEFAULT NULL,
  PRIMARY KEY (`id`)
) ENGINE=InnoDB AUTO_INCREMENT=52 DEFAULT CHARSET=utf8 COLLATE=utf8_unicode_ci;

/*Data for the table `t_payment_temp` */

insert  into `t_payment_temp`(`id`,`fk_user`,`created_date`,`data`,`session_id`,`ip_address`,`user_agrent`,`processed_date`,`cancelled_date`) values (1,NULL,'2014-04-21 03:04:16','{\"secretKey\":\"2a5fa13bc594ec857f1069b266142a5e\",\"orderkey\":\"f7d3c35887934701a9f7566092bca5e9\",\"su\":\"GIFT\",\"user\":{\"is_authorized\":true,\"languageKey\":\"VN-VI\",\"id\":null,\"firstname\":\"L\\u00ea Thanh An \",\"lastname\":\"an \",\"account\":\"lethanhan.bkaptech@gmail.com\",\"sex\":\"F\",\"DOB\":\"1990-05-23 00:00:00\",\"date_joined\":null,\"status\":\"0\",\"last_active\":\"2014-04-02 11:04:48\",\"platform_key\":\"0\",\"secretKey\":\"2a5fa13bc594ec857f1069b266142a5e\"},\"products\":[{\"id\":\"1\",\"name\":\"Pha l\\u00ea d\\u00e2u\",\"image\":\"http:\\/\\/localhost.com\\/index.php\\/uploads\\/2014\\/3\\/27\\/image4.jpg\",\"shortDesc\":\"mo ta sp\",\"price\":10,\"quantity\":1,\"totalPrice\":10,\"actualPrice\":10}],\"shipping\":{\"shippingKey\":\"standard-projecte\",\"shippingDisplayName\":\"standard\",\"shippingPrice\":\"10\"},\"addresses\":{\"shipping\":{\"fullname\":null,\"telephone\":\"123123\",\"streetAddress\":\"123123\",\"cityDistrict\":[null,\"123123\"],\"stateProvince\":[\"101\",\"hanoi\"]}}}','a3f604b7895386c476107f0754cd468f','127.0.0.1','Mozilla/5.0 (Windows NT 6.3; WOW64) AppleWebKit/53',NULL,NULL),(2,42,'2014-04-21 03:04:49','{\"secretKey\":\"7cb72bdf8dfc294422c8d51176c4b68f\",\"orderkey\":\"ac2bc5fbdd04b983d6ff7934589c243e\",\"su\":\"GIFT\",\"user\":{\"is_authorized\":true,\"languageKey\":\"VN-VI\",\"id\":\"42\",\"firstname\":\"L\\u00ea Thanh An \",\"lastname\":\"an \",\"account\":\"lethanhan.bkaptech@gmail.com\",\"sex\":\"F\",\"DOB\":\"1990-05-23 00:00:00\",\"date_joined\":null,\"status\":\"0\",\"last_active\":\"2014-04-02 11:04:48\",\"platform_key\":\"0\",\"secretKey\":\"7cb72bdf8dfc294422c8d51176c4b68f\"},\"products\":[{\"id\":\"1\",\"name\":\"Pha l\\u00ea d\\u00e2u\",\"image\":\"http:\\/\\/localhost.com\\/index.php\\/uploads\\/2014\\/3\\/27\\/image4.jpg\",\"shortDesc\":\"mo ta sp\",\"price\":10,\"quantity\":1,\"totalPrice\":10,\"actualPrice\":10}],\"shipping\":{\"shippingKey\":\"standard-projecte\",\"shippingDisplayName\":\"standard\",\"shippingPrice\":\"10\"},\"addresses\":{\"shipping\":{\"fullname\":null,\"telephone\":\"123123\",\"streetAddress\":\"123123\",\"cityDistrict\":[null,\"123123\"],\"stateProvince\":[\"101\",\"hanoi\"]}}}','07751c3f5dd4ee84c048ca1a90906756','127.0.0.1','Mozilla/5.0 (Windows NT 6.3; WOW64) AppleWebKit/53',NULL,NULL),(3,42,'2014-04-21 03:04:37','{\"secretKey\":\"7cb72bdf8dfc294422c8d51176c4b68f\",\"orderkey\":\"697c2293ca2e19e4a295f76076d31774\",\"su\":\"GIFT\",\"user\":{\"is_authorized\":true,\"languageKey\":\"VN-VI\",\"id\":\"42\",\"firstname\":\"L\\u00ea Thanh An \",\"lastname\":\"an \",\"account\":\"lethanhan.bkaptech@gmail.com\",\"sex\":\"F\",\"DOB\":\"1990-05-23 00:00:00\",\"date_joined\":null,\"status\":\"0\",\"last_active\":\"2014-04-02 11:04:48\",\"platform_key\":\"0\",\"secretKey\":\"7cb72bdf8dfc294422c8d51176c4b68f\"},\"products\":[{\"id\":\"1\",\"name\":\"Pha l\\u00ea d\\u00e2u\",\"image\":\"http:\\/\\/localhost.com\\/index.php\\/uploads\\/2014\\/3\\/27\\/image4.jpg\",\"shortDesc\":\"mo ta sp\",\"price\":10,\"quantity\":1,\"totalPrice\":10,\"actualPrice\":10}],\"shipping\":{\"shippingKey\":\"standard-projecte\",\"shippingDisplayName\":\"standard\",\"shippingPrice\":\"10\"},\"addresses\":{\"shipping\":{\"fullname\":null,\"telephone\":\"123123\",\"streetAddress\":\"123123\",\"cityDistrict\":[null,\"123123\"],\"stateProvince\":[\"101\",\"hanoi\"]}}}','07751c3f5dd4ee84c048ca1a90906756','127.0.0.1','Mozilla/5.0 (Windows NT 6.3; WOW64) AppleWebKit/53',NULL,NULL),(4,42,'2014-04-21 03:04:15','{\"secretKey\":\"7cb72bdf8dfc294422c8d51176c4b68f\",\"orderkey\":\"47a6c08805c1a8dadbc682c968407b14\",\"su\":\"GIFT\",\"user\":{\"is_authorized\":true,\"languageKey\":\"VN-VI\",\"id\":\"42\",\"firstname\":\"L\\u00ea Thanh An \",\"lastname\":\"an \",\"account\":\"lethanhan.bkaptech@gmail.com\",\"sex\":\"F\",\"DOB\":\"1990-05-23 00:00:00\",\"date_joined\":null,\"status\":\"0\",\"last_active\":\"2014-04-02 11:04:48\",\"platform_key\":\"0\",\"secretKey\":\"7cb72bdf8dfc294422c8d51176c4b68f\"},\"products\":[{\"id\":\"1\",\"name\":\"Pha l\\u00ea d\\u00e2u\",\"image\":\"http:\\/\\/localhost.com\\/index.php\\/uploads\\/2014\\/3\\/27\\/image4.jpg\",\"shortDesc\":\"mo ta sp\",\"price\":10,\"quantity\":1,\"totalPrice\":10,\"actualPrice\":10}],\"shipping\":{\"shippingKey\":\"standard-projecte\",\"shippingDisplayName\":\"standard\",\"shippingPrice\":\"10\"},\"addresses\":{\"shipping\":{\"fullname\":null,\"telephone\":\"13123\",\"streetAddress\":\"13123\",\"cityDistrict\":[null,\"13123\"],\"stateProvince\":[\"101\",\"hanoi\"]}}}','a7f97ac4437ac6fc1840702801fdf1ee','127.0.0.1','Mozilla/5.0 (Windows NT 6.3; WOW64) AppleWebKit/53',NULL,NULL),(5,42,'2014-04-21 03:04:19','{\"secretKey\":\"7cb72bdf8dfc294422c8d51176c4b68f\",\"orderkey\":\"2ea587efb62b998a09507a92254a50b3\",\"su\":\"GIFT\",\"user\":{\"is_authorized\":true,\"languageKey\":\"VN-VI\",\"id\":\"42\",\"firstname\":\"L\\u00ea Thanh An \",\"lastname\":\"an \",\"account\":\"lethanhan.bkaptech@gmail.com\",\"sex\":\"F\",\"DOB\":\"1990-05-23 00:00:00\",\"date_joined\":null,\"status\":\"0\",\"last_active\":\"2014-04-02 11:04:48\",\"platform_key\":\"0\",\"secretKey\":\"7cb72bdf8dfc294422c8d51176c4b68f\"},\"products\":[{\"id\":\"1\",\"name\":\"Pha l\\u00ea d\\u00e2u\",\"image\":\"http:\\/\\/localhost.com\\/index.php\\/uploads\\/2014\\/3\\/27\\/image4.jpg\",\"shortDesc\":\"mo ta sp\",\"price\":10,\"quantity\":1,\"totalPrice\":10,\"actualPrice\":10}],\"shipping\":{\"shippingKey\":\"standard-projecte\",\"shippingDisplayName\":\"standard\",\"shippingPrice\":\"10\"},\"addresses\":{\"shipping\":{\"fullname\":null,\"telephone\":\"123123\",\"streetAddress\":\"123123\",\"cityDistrict\":[null,\"123123\"],\"stateProvince\":[\"101\",\"hanoi\"]}}}','e0e77646f017b2a30be47b073079020e','127.0.0.1','Mozilla/5.0 (Windows NT 6.3; WOW64) AppleWebKit/53',NULL,NULL),(6,42,'2014-04-21 03:04:06','{\"secretKey\":\"7cb72bdf8dfc294422c8d51176c4b68f\",\"orderkey\":\"b6897ffba89b47ead72bc2e36fdaeabb\",\"su\":\"GIFT\",\"user\":{\"is_authorized\":true,\"languageKey\":\"VN-VI\",\"id\":\"42\",\"firstname\":\"L\\u00ea Thanh An \",\"lastname\":\"an \",\"account\":\"lethanhan.bkaptech@gmail.com\",\"sex\":\"F\",\"DOB\":\"1990-05-23 00:00:00\",\"date_joined\":null,\"status\":\"0\",\"last_active\":\"2014-04-02 11:04:48\",\"platform_key\":\"0\",\"secretKey\":\"7cb72bdf8dfc294422c8d51176c4b68f\"},\"products\":[{\"id\":\"1\",\"name\":\"Pha l\\u00ea d\\u00e2u\",\"image\":\"http:\\/\\/localhost.com\\/index.php\\/uploads\\/2014\\/3\\/27\\/image4.jpg\",\"shortDesc\":\"mo ta sp\",\"price\":10,\"quantity\":1,\"totalPrice\":10,\"actualPrice\":10}],\"shipping\":{\"shippingKey\":\"standard-projecte\",\"shippingDisplayName\":\"standard\",\"shippingPrice\":\"10\"},\"addresses\":{\"shipping\":{\"fullname\":null,\"telephone\":\"123123\",\"streetAddress\":\"123123\",\"cityDistrict\":[null,\"123123\"],\"stateProvince\":[\"101\",\"hanoi\"]}}}','debb59371e95f7f3c459f23b6168e09b','127.0.0.1','Mozilla/5.0 (Windows NT 6.3; WOW64) AppleWebKit/53',NULL,NULL),(7,42,'2014-04-21 03:04:53','{\"secretKey\":\"7cb72bdf8dfc294422c8d51176c4b68f\",\"orderkey\":\"8120d79ca7a49b5523839d423f9e0d96\",\"su\":\"GIFT\",\"user\":{\"is_authorized\":true,\"languageKey\":\"VN-VI\",\"id\":\"42\",\"firstname\":\"L\\u00ea Thanh An \",\"lastname\":\"an \",\"account\":\"lethanhan.bkaptech@gmail.com\",\"sex\":\"F\",\"DOB\":\"1990-05-23 00:00:00\",\"date_joined\":null,\"status\":\"0\",\"last_active\":\"2014-04-02 11:04:48\",\"platform_key\":\"0\",\"secretKey\":\"7cb72bdf8dfc294422c8d51176c4b68f\"},\"products\":[{\"id\":\"1\",\"name\":\"Pha l\\u00ea d\\u00e2u\",\"image\":\"http:\\/\\/localhost.com\\/index.php\\/uploads\\/2014\\/3\\/27\\/image4.jpg\",\"shortDesc\":\"mo ta sp\",\"price\":10,\"quantity\":1,\"totalPrice\":10,\"actualPrice\":10}],\"shipping\":{\"shippingKey\":\"standard-projecte\",\"shippingDisplayName\":\"standard\",\"shippingPrice\":\"10\"},\"addresses\":{\"shipping\":{\"fullname\":null,\"telephone\":\"123123\",\"streetAddress\":\"123123\",\"cityDistrict\":[null,\"123123\"],\"stateProvince\":[\"101\",\"hanoi\"]}}}','423bda51b5ab2dd939af7bb7bf969b68','127.0.0.1','Mozilla/5.0 (Windows NT 6.3; WOW64) AppleWebKit/53',NULL,NULL),(8,42,'2014-04-21 03:04:32','{\"secretKey\":\"7cb72bdf8dfc294422c8d51176c4b68f\",\"orderkey\":\"66e549683967e9c26e6990600d35a516\",\"su\":\"GIFT\",\"user\":{\"is_authorized\":true,\"languageKey\":\"VN-VI\",\"id\":\"42\",\"firstname\":\"L\\u00ea Thanh An \",\"lastname\":\"an \",\"account\":\"lethanhan.bkaptech@gmail.com\",\"sex\":\"F\",\"DOB\":\"1990-05-23 00:00:00\",\"date_joined\":null,\"status\":\"0\",\"last_active\":\"2014-04-02 11:04:48\",\"platform_key\":\"0\",\"secretKey\":\"7cb72bdf8dfc294422c8d51176c4b68f\"},\"products\":[{\"id\":\"1\",\"name\":\"Pha l\\u00ea d\\u00e2u\",\"image\":\"http:\\/\\/localhost.com\\/index.php\\/uploads\\/2014\\/3\\/27\\/image4.jpg\",\"shortDesc\":\"mo ta sp\",\"price\":10,\"quantity\":1,\"totalPrice\":10,\"actualPrice\":10}],\"shipping\":{\"shippingKey\":\"standard-projecte\",\"shippingDisplayName\":\"standard\",\"shippingPrice\":\"10\"},\"addresses\":{\"shipping\":{\"fullname\":null,\"telephone\":\"123123\",\"streetAddress\":\"123123\",\"cityDistrict\":[null,\"123123\"],\"stateProvince\":[\"101\",\"hanoi\"]}}}','423bda51b5ab2dd939af7bb7bf969b68','127.0.0.1','Mozilla/5.0 (Windows NT 6.3; WOW64) AppleWebKit/53',NULL,NULL),(9,42,'2014-04-21 03:04:31','{\"secretKey\":\"7cb72bdf8dfc294422c8d51176c4b68f\",\"orderkey\":\"a74ca550e904f90dc058aacee4479ab5\",\"su\":\"GIFT\",\"user\":{\"is_authorized\":true,\"languageKey\":\"VN-VI\",\"id\":\"42\",\"firstname\":\"L\\u00ea Thanh An \",\"lastname\":\"an \",\"account\":\"lethanhan.bkaptech@gmail.com\",\"sex\":\"F\",\"DOB\":\"1990-05-23 00:00:00\",\"date_joined\":null,\"status\":\"0\",\"last_active\":\"2014-04-02 11:04:48\",\"platform_key\":\"0\",\"secretKey\":\"7cb72bdf8dfc294422c8d51176c4b68f\"},\"products\":[{\"id\":\"1\",\"name\":\"Pha l\\u00ea d\\u00e2u\",\"image\":\"http:\\/\\/localhost.com\\/index.php\\/uploads\\/2014\\/3\\/27\\/image4.jpg\",\"shortDesc\":\"mo ta sp\",\"price\":10,\"quantity\":1,\"totalPrice\":10,\"actualPrice\":10}],\"shipping\":{\"shippingKey\":\"standard-projecte\",\"shippingDisplayName\":\"standard\",\"shippingPrice\":\"10\"},\"addresses\":{\"shipping\":{\"fullname\":null,\"telephone\":\"123123\",\"streetAddress\":\"123123\",\"cityDistrict\":[null,\"123123\"],\"stateProvince\":[\"101\",\"hanoi\"]}}}','ad574ddc754e0d65f1495811ec5ceeea','127.0.0.1','Mozilla/5.0 (Windows NT 6.3; WOW64) AppleWebKit/53',NULL,NULL),(10,42,'2014-04-21 03:04:53','{\"secretKey\":\"7cb72bdf8dfc294422c8d51176c4b68f\",\"orderkey\":\"9ab386423e8bdf334c47369f495abf17\",\"su\":\"GIFT\",\"user\":{\"is_authorized\":true,\"languageKey\":\"VN-VI\",\"id\":\"42\",\"firstname\":\"L\\u00ea Thanh An \",\"lastname\":\"an \",\"account\":\"lethanhan.bkaptech@gmail.com\",\"sex\":\"F\",\"DOB\":\"1990-05-23 00:00:00\",\"date_joined\":null,\"status\":\"0\",\"last_active\":\"2014-04-02 11:04:48\",\"platform_key\":\"0\",\"secretKey\":\"7cb72bdf8dfc294422c8d51176c4b68f\"},\"products\":[{\"id\":\"1\",\"name\":\"Pha l\\u00ea d\\u00e2u\",\"image\":\"http:\\/\\/localhost.com\\/index.php\\/uploads\\/2014\\/3\\/27\\/image4.jpg\",\"shortDesc\":\"mo ta sp\",\"price\":10,\"quantity\":1,\"totalPrice\":10,\"actualPrice\":10}],\"shipping\":{\"shippingKey\":\"standard-projecte\",\"shippingDisplayName\":\"standard\",\"shippingPrice\":\"10\"},\"addresses\":{\"shipping\":{\"fullname\":null,\"telephone\":\"123123\",\"streetAddress\":\"123123\",\"cityDistrict\":[null,\"123123\"],\"stateProvince\":[\"101\",\"hanoi\"]}}}','a1db7f0601e2863ad0bb5748093af550','127.0.0.1','Mozilla/5.0 (Windows NT 6.3; WOW64) AppleWebKit/53',NULL,NULL),(11,42,'2014-04-21 03:04:08','{\"secretKey\":\"7cb72bdf8dfc294422c8d51176c4b68f\",\"orderkey\":\"48de7bce42a514ca6112dbca9dba0ded\",\"su\":\"GIFT\",\"user\":{\"is_authorized\":true,\"languageKey\":\"VN-VI\",\"id\":\"42\",\"firstname\":\"L\\u00ea Thanh An \",\"lastname\":\"an \",\"account\":\"lethanhan.bkaptech@gmail.com\",\"sex\":\"F\",\"DOB\":\"1990-05-23 00:00:00\",\"date_joined\":null,\"status\":\"0\",\"last_active\":\"2014-04-02 11:04:48\",\"platform_key\":\"0\",\"secretKey\":\"7cb72bdf8dfc294422c8d51176c4b68f\"},\"products\":[{\"id\":\"1\",\"name\":\"Pha l\\u00ea d\\u00e2u\",\"image\":\"http:\\/\\/localhost.com\\/index.php\\/uploads\\/2014\\/3\\/27\\/image4.jpg\",\"shortDesc\":\"mo ta sp\",\"price\":10,\"quantity\":1,\"totalPrice\":10,\"actualPrice\":10}],\"shipping\":{\"shippingKey\":\"standard-projecte\",\"shippingDisplayName\":\"standard\",\"shippingPrice\":\"10\"},\"addresses\":{\"shipping\":{\"fullname\":null,\"telephone\":\"123123\",\"streetAddress\":\"123123\",\"cityDistrict\":[null,\"123123\"],\"stateProvince\":[\"101\",\"hanoi\"]}}}','d3e4e1ec21e7ae8f597cefc23830eba2','127.0.0.1','Mozilla/5.0 (Windows NT 6.3; WOW64) AppleWebKit/53',NULL,NULL),(12,42,'2014-04-21 03:04:49','{\"secretKey\":\"7cb72bdf8dfc294422c8d51176c4b68f\",\"orderkey\":\"7de3386d03bb936051ff173714f569f4\",\"su\":\"GIFT\",\"user\":{\"is_authorized\":true,\"languageKey\":\"VN-VI\",\"id\":\"42\",\"firstname\":\"L\\u00ea Thanh An \",\"lastname\":\"an \",\"account\":\"lethanhan.bkaptech@gmail.com\",\"sex\":\"F\",\"DOB\":\"1990-05-23 00:00:00\",\"date_joined\":null,\"status\":\"0\",\"last_active\":\"2014-04-02 11:04:48\",\"platform_key\":\"0\",\"secretKey\":\"7cb72bdf8dfc294422c8d51176c4b68f\"},\"products\":[{\"id\":\"1\",\"name\":\"Pha l\\u00ea d\\u00e2u\",\"image\":\"http:\\/\\/localhost.com\\/index.php\\/uploads\\/2014\\/3\\/27\\/image4.jpg\",\"shortDesc\":\"mo ta sp\",\"price\":10,\"quantity\":1,\"totalPrice\":10,\"actualPrice\":10}],\"shipping\":{\"shippingKey\":\"standard-projecte\",\"shippingDisplayName\":\"standard\",\"shippingPrice\":\"10\"},\"addresses\":{\"shipping\":{\"fullname\":null,\"telephone\":\"123123\",\"streetAddress\":\"123123\",\"cityDistrict\":[null,\"123123\"],\"stateProvince\":[\"101\",\"hanoi\"]}}}','d3e4e1ec21e7ae8f597cefc23830eba2','127.0.0.1','Mozilla/5.0 (Windows NT 6.3; WOW64) AppleWebKit/53',NULL,NULL),(13,42,'2014-04-21 03:04:47','{\"secretKey\":\"7cb72bdf8dfc294422c8d51176c4b68f\",\"orderkey\":\"ea6118a70ff24f6317c8cdef6ed4413c\",\"su\":\"GIFT\",\"user\":{\"is_authorized\":true,\"languageKey\":\"VN-VI\",\"id\":\"42\",\"firstname\":\"L\\u00ea Thanh An \",\"lastname\":\"an \",\"account\":\"lethanhan.bkaptech@gmail.com\",\"sex\":\"F\",\"DOB\":\"1990-05-23 00:00:00\",\"date_joined\":null,\"status\":\"0\",\"last_active\":\"2014-04-02 11:04:48\",\"platform_key\":\"0\",\"secretKey\":\"7cb72bdf8dfc294422c8d51176c4b68f\"},\"products\":[{\"id\":\"1\",\"name\":\"Pha l\\u00ea d\\u00e2u\",\"image\":\"http:\\/\\/localhost.com\\/index.php\\/uploads\\/2014\\/3\\/27\\/image4.jpg\",\"shortDesc\":\"mo ta sp\",\"price\":10,\"quantity\":1,\"totalPrice\":10,\"actualPrice\":10}],\"shipping\":{\"shippingKey\":\"standard-projecte\",\"shippingDisplayName\":\"standard\",\"shippingPrice\":\"10\"},\"addresses\":{\"shipping\":{\"fullname\":null,\"telephone\":\"1323123\",\"streetAddress\":\"1323123\",\"cityDistrict\":[null,\"1323123\"],\"stateProvince\":[\"101\",\"hanoi\"]}}}','ad171ae802404ce086409c16f737ed72','127.0.0.1','Mozilla/5.0 (Windows NT 6.3; WOW64) AppleWebKit/53',NULL,NULL),(14,42,'2014-04-21 03:04:12','{\"secretKey\":\"7cb72bdf8dfc294422c8d51176c4b68f\",\"orderkey\":\"3ef64149be58e4a15a8de4a0ff815e9d\",\"su\":\"GIFT\",\"user\":{\"is_authorized\":true,\"languageKey\":\"VN-VI\",\"id\":\"42\",\"firstname\":\"L\\u00ea Thanh An \",\"lastname\":\"an \",\"account\":\"lethanhan.bkaptech@gmail.com\",\"sex\":\"F\",\"DOB\":\"1990-05-23 00:00:00\",\"date_joined\":null,\"status\":\"0\",\"last_active\":\"2014-04-02 11:04:48\",\"platform_key\":\"0\",\"secretKey\":\"7cb72bdf8dfc294422c8d51176c4b68f\"},\"products\":[{\"id\":\"1\",\"name\":\"Pha l\\u00ea d\\u00e2u\",\"image\":\"http:\\/\\/localhost.com\\/index.php\\/uploads\\/2014\\/3\\/27\\/image4.jpg\",\"shortDesc\":\"mo ta sp\",\"price\":10,\"quantity\":1,\"totalPrice\":10,\"actualPrice\":10}],\"shipping\":{\"shippingKey\":\"standard-projecte\",\"shippingDisplayName\":\"standard\",\"shippingPrice\":\"10\"},\"addresses\":{\"shipping\":{\"fullname\":null,\"telephone\":\"123123\",\"streetAddress\":\"123123\",\"cityDistrict\":[null,\"123123\"],\"stateProvince\":[\"101\",\"hanoi\"]}}}','a846c58384ce1a8281709eb86e3d4445','127.0.0.1','Mozilla/5.0 (Windows NT 6.3; WOW64) AppleWebKit/53',NULL,NULL),(15,42,'2014-04-21 03:04:10','{\"secretKey\":\"7cb72bdf8dfc294422c8d51176c4b68f\",\"orderkey\":\"1ac5195bd45af95374d6cef1f525d093\",\"su\":\"GIFT\",\"user\":{\"is_authorized\":true,\"languageKey\":\"VN-VI\",\"id\":\"42\",\"firstname\":\"L\\u00ea Thanh An \",\"lastname\":\"an \",\"account\":\"lethanhan.bkaptech@gmail.com\",\"sex\":\"F\",\"DOB\":\"1990-05-23 00:00:00\",\"date_joined\":null,\"status\":\"0\",\"last_active\":\"2014-04-02 11:04:48\",\"platform_key\":\"0\",\"secretKey\":\"7cb72bdf8dfc294422c8d51176c4b68f\"},\"products\":[{\"id\":\"1\",\"name\":\"Pha l\\u00ea d\\u00e2u\",\"image\":\"http:\\/\\/localhost.com\\/index.php\\/uploads\\/2014\\/3\\/27\\/image4.jpg\",\"shortDesc\":\"mo ta sp\",\"price\":10,\"quantity\":1,\"totalPrice\":10,\"actualPrice\":10}],\"shipping\":{\"shippingKey\":\"standard-projecte\",\"shippingDisplayName\":\"standard\",\"shippingPrice\":\"10\"},\"addresses\":{\"shipping\":{\"fullname\":null,\"telephone\":\"123123\",\"streetAddress\":\"123123\",\"cityDistrict\":[null,\"123123\"],\"stateProvince\":[\"101\",\"hanoi\"]}}}','09b5a412da6ac9a45fd102a5c31bc00f','127.0.0.1','Mozilla/5.0 (Windows NT 6.3; WOW64) AppleWebKit/53',NULL,NULL),(16,42,'2014-04-21 03:04:55','{\"secretKey\":\"7cb72bdf8dfc294422c8d51176c4b68f\",\"orderkey\":\"a598ac4cffa48478d2a5c062daa357a6\",\"su\":\"GIFT\",\"user\":{\"is_authorized\":true,\"languageKey\":\"VN-VI\",\"id\":\"42\",\"firstname\":\"L\\u00ea Thanh An \",\"lastname\":\"an \",\"account\":\"lethanhan.bkaptech@gmail.com\",\"sex\":\"F\",\"DOB\":\"1990-05-23 00:00:00\",\"date_joined\":null,\"status\":\"0\",\"last_active\":\"2014-04-02 11:04:48\",\"platform_key\":\"0\",\"secretKey\":\"7cb72bdf8dfc294422c8d51176c4b68f\"},\"products\":[{\"id\":\"1\",\"name\":\"Pha l\\u00ea d\\u00e2u\",\"image\":\"http:\\/\\/localhost.com\\/index.php\\/uploads\\/2014\\/3\\/27\\/image4.jpg\",\"shortDesc\":\"mo ta sp\",\"price\":10,\"quantity\":1,\"totalPrice\":10,\"actualPrice\":10}],\"shipping\":{\"shippingKey\":\"standard-projecte\",\"shippingDisplayName\":\"standard\",\"shippingPrice\":\"10\"},\"addresses\":{\"shipping\":{\"fullname\":null,\"telephone\":\"12123\",\"streetAddress\":\"12123\",\"cityDistrict\":[null,\"12123\"],\"stateProvince\":[\"101\",\"hanoi\"]}}}','09b5a412da6ac9a45fd102a5c31bc00f','127.0.0.1','Mozilla/5.0 (Windows NT 6.3; WOW64) AppleWebKit/53',NULL,NULL),(17,42,'2014-04-21 03:04:25','{\"secretKey\":\"7cb72bdf8dfc294422c8d51176c4b68f\",\"orderkey\":\"4ef52e15b60d09d5d889fb885a939625\",\"su\":\"GIFT\",\"user\":{\"is_authorized\":true,\"languageKey\":\"VN-VI\",\"id\":\"42\",\"firstname\":\"L\\u00ea Thanh An \",\"lastname\":\"an \",\"account\":\"lethanhan.bkaptech@gmail.com\",\"sex\":\"F\",\"DOB\":\"1990-05-23 00:00:00\",\"date_joined\":null,\"status\":\"0\",\"last_active\":\"2014-04-02 11:04:48\",\"platform_key\":\"0\",\"secretKey\":\"7cb72bdf8dfc294422c8d51176c4b68f\"},\"products\":[{\"id\":\"1\",\"name\":\"Pha l\\u00ea d\\u00e2u\",\"image\":\"http:\\/\\/localhost.com\\/index.php\\/uploads\\/2014\\/3\\/27\\/image4.jpg\",\"shortDesc\":\"mo ta sp\",\"price\":10,\"quantity\":1,\"totalPrice\":10,\"actualPrice\":10}],\"shipping\":{\"shippingKey\":\"standard-projecte\",\"shippingDisplayName\":\"standard\",\"shippingPrice\":\"10\"},\"addresses\":{\"shipping\":{\"fullname\":null,\"telephone\":\"123123\",\"streetAddress\":\"123123\",\"cityDistrict\":[null,\"123123\"],\"stateProvince\":[\"101\",\"hanoi\"]}}}','bdd506e5850cf869f22499bf3782905d','127.0.0.1','Mozilla/5.0 (Windows NT 6.3; WOW64) AppleWebKit/53',NULL,NULL),(18,42,'2014-04-21 03:04:04','{\"secretKey\":\"7cb72bdf8dfc294422c8d51176c4b68f\",\"orderkey\":\"dbd5cc9a7a6ad8ac95c5b11fed3bab7a\",\"su\":\"GIFT\",\"user\":{\"is_authorized\":true,\"languageKey\":\"VN-VI\",\"id\":\"42\",\"firstname\":\"L\\u00ea Thanh An \",\"lastname\":\"an \",\"account\":\"lethanhan.bkaptech@gmail.com\",\"sex\":\"F\",\"DOB\":\"1990-05-23 00:00:00\",\"date_joined\":null,\"status\":\"0\",\"last_active\":\"2014-04-02 11:04:48\",\"platform_key\":\"0\",\"secretKey\":\"7cb72bdf8dfc294422c8d51176c4b68f\"},\"products\":[{\"id\":\"1\",\"name\":\"Pha l\\u00ea d\\u00e2u\",\"image\":\"http:\\/\\/localhost.com\\/index.php\\/uploads\\/2014\\/3\\/27\\/image4.jpg\",\"shortDesc\":\"mo ta sp\",\"price\":10,\"quantity\":1,\"totalPrice\":10,\"actualPrice\":10}],\"shipping\":{\"shippingKey\":\"standard-projecte\",\"shippingDisplayName\":\"standard\",\"shippingPrice\":\"10\"},\"addresses\":{\"shipping\":{\"fullname\":null,\"telephone\":\"12123\",\"streetAddress\":\"12123\",\"cityDistrict\":[null,\"12123\"],\"stateProvince\":[\"101\",\"hanoi\"]}}}','dd289a97a5c11621223f9f4c7d11f005','127.0.0.1','Mozilla/5.0 (Windows NT 6.3; WOW64) AppleWebKit/53',NULL,NULL),(19,42,'2014-04-21 03:04:20','{\"secretKey\":\"7cb72bdf8dfc294422c8d51176c4b68f\",\"orderkey\":\"76ad8d964bb4b9cfeabd387834e15fdc\",\"su\":\"GIFT\",\"user\":{\"is_authorized\":true,\"languageKey\":\"VN-VI\",\"id\":\"42\",\"firstname\":\"L\\u00ea Thanh An \",\"lastname\":\"an \",\"account\":\"lethanhan.bkaptech@gmail.com\",\"sex\":\"F\",\"DOB\":\"1990-05-23 00:00:00\",\"date_joined\":null,\"status\":\"0\",\"last_active\":\"2014-04-02 11:04:48\",\"platform_key\":\"0\",\"secretKey\":\"7cb72bdf8dfc294422c8d51176c4b68f\"},\"products\":[{\"id\":\"1\",\"name\":\"Pha l\\u00ea d\\u00e2u\",\"image\":\"http:\\/\\/localhost.com\\/index.php\\/uploads\\/2014\\/3\\/27\\/image4.jpg\",\"shortDesc\":\"mo ta sp\",\"price\":10,\"quantity\":1,\"totalPrice\":10,\"actualPrice\":10}],\"shipping\":{\"shippingKey\":\"standard-projecte\",\"shippingDisplayName\":\"standard\",\"shippingPrice\":\"10\"},\"addresses\":{\"shipping\":{\"fullname\":null,\"telephone\":\"12123\",\"streetAddress\":\"12123\",\"cityDistrict\":[null,\"12123\"],\"stateProvince\":[\"101\",\"hanoi\"]}}}','6bfb2a0749a7994f1f06373dd2294b0b','127.0.0.1','Mozilla/5.0 (Windows NT 6.3; WOW64) AppleWebKit/53',NULL,NULL),(20,42,'2014-04-21 03:04:53','{\"secretKey\":\"7cb72bdf8dfc294422c8d51176c4b68f\",\"orderkey\":\"99f1ca0a3d8cbc4f523a12c1bbf0e456\",\"su\":\"GIFT\",\"user\":{\"is_authorized\":true,\"languageKey\":\"VN-VI\",\"id\":\"42\",\"firstname\":\"L\\u00ea Thanh An \",\"lastname\":\"an \",\"account\":\"lethanhan.bkaptech@gmail.com\",\"sex\":\"F\",\"DOB\":\"1990-05-23 00:00:00\",\"date_joined\":null,\"status\":\"0\",\"last_active\":\"2014-04-02 11:04:48\",\"platform_key\":\"0\",\"secretKey\":\"7cb72bdf8dfc294422c8d51176c4b68f\"},\"products\":[{\"id\":\"1\",\"name\":\"Pha l\\u00ea d\\u00e2u\",\"image\":\"http:\\/\\/localhost.com\\/index.php\\/uploads\\/2014\\/3\\/27\\/image4.jpg\",\"shortDesc\":\"mo ta sp\",\"price\":10,\"quantity\":1,\"totalPrice\":10,\"actualPrice\":10}],\"shipping\":{\"shippingKey\":\"standard-projecte\",\"shippingDisplayName\":\"standard\",\"shippingPrice\":\"10\"},\"addresses\":{\"shipping\":{\"fullname\":null,\"telephone\":\"12123123\",\"streetAddress\":\"12123123\",\"cityDistrict\":[null,\"12123123\"],\"stateProvince\":[\"101\",\"hanoi\"]}}}','dbd9c4a29177137a111041ec7e161dd4','127.0.0.1','Mozilla/5.0 (Windows NT 6.3; WOW64) AppleWebKit/53',NULL,NULL),(21,42,'2014-04-21 04:04:38','{\"secretKey\":\"7cb72bdf8dfc294422c8d51176c4b68f\",\"orderkey\":\"6b347848f1f63e913c0886142a03570c\",\"su\":\"GIFT\",\"user\":{\"is_authorized\":true,\"languageKey\":\"VN-VI\",\"id\":\"42\",\"firstname\":\"L\\u00ea Thanh An \",\"lastname\":\"an \",\"account\":\"lethanhan.bkaptech@gmail.com\",\"sex\":\"F\",\"DOB\":\"1990-05-23 00:00:00\",\"date_joined\":null,\"status\":\"0\",\"last_active\":\"2014-04-02 11:04:48\",\"platform_key\":\"0\",\"secretKey\":\"7cb72bdf8dfc294422c8d51176c4b68f\"},\"products\":[{\"id\":\"1\",\"name\":\"Pha l\\u00ea d\\u00e2u\",\"image\":\"http:\\/\\/localhost.com\\/index.php\\/uploads\\/2014\\/3\\/27\\/image4.jpg\",\"shortDesc\":\"mo ta sp\",\"price\":10,\"quantity\":1,\"totalPrice\":10,\"actualPrice\":10}],\"shipping\":{\"shippingKey\":\"standard-projecte\",\"shippingDisplayName\":\"standard\",\"shippingPrice\":\"10\"},\"addresses\":{\"shipping\":{\"fullname\":null,\"telephone\":\"123123\",\"streetAddress\":\"123123\",\"cityDistrict\":[null,\"123123\"],\"stateProvince\":[\"101\",\"hanoi\"]}}}','fb9690c9ef6bd91558e1bbb58c02a4eb','127.0.0.1','Mozilla/5.0 (Windows NT 6.3; WOW64) AppleWebKit/53',NULL,NULL),(22,42,'2014-04-21 04:04:31','{\"secretKey\":\"7cb72bdf8dfc294422c8d51176c4b68f\",\"orderkey\":\"218be2a4bb0684952fc94e6f95ae8a50\",\"su\":\"GIFT\",\"user\":{\"is_authorized\":true,\"languageKey\":\"VN-VI\",\"id\":\"42\",\"firstname\":\"L\\u00ea Thanh An \",\"lastname\":\"an \",\"account\":\"lethanhan.bkaptech@gmail.com\",\"sex\":\"F\",\"DOB\":\"1990-05-23 00:00:00\",\"date_joined\":null,\"status\":\"0\",\"last_active\":\"2014-04-02 11:04:48\",\"platform_key\":\"0\",\"secretKey\":\"7cb72bdf8dfc294422c8d51176c4b68f\"},\"products\":[{\"id\":\"1\",\"name\":\"Pha l\\u00ea d\\u00e2u\",\"image\":\"http:\\/\\/localhost.com\\/index.php\\/uploads\\/2014\\/3\\/27\\/image4.jpg\",\"shortDesc\":\"mo ta sp\",\"price\":10,\"quantity\":1,\"totalPrice\":10,\"actualPrice\":10}],\"shipping\":{\"shippingKey\":\"standard-projecte\",\"shippingDisplayName\":\"standard\",\"shippingPrice\":\"10\"},\"addresses\":{\"shipping\":{\"fullname\":null,\"telephone\":\"13423\",\"streetAddress\":\"13423\",\"cityDistrict\":[null,\"13423\"],\"stateProvince\":[\"101\",\"hanoi\"]}}}','3ecc5eeb642aac66dd6b207e2897cea6','127.0.0.1','Mozilla/5.0 (Windows NT 6.3; WOW64) AppleWebKit/53',NULL,NULL),(23,42,'2014-04-21 04:04:11','{\"secretKey\":\"7cb72bdf8dfc294422c8d51176c4b68f\",\"orderkey\":\"c7b37d641942d8517a8dbc74677b1f08\",\"su\":\"GIFT\",\"user\":{\"is_authorized\":true,\"languageKey\":\"VN-VI\",\"id\":\"42\",\"firstname\":\"L\\u00ea Thanh An \",\"lastname\":\"an \",\"account\":\"lethanhan.bkaptech@gmail.com\",\"sex\":\"F\",\"DOB\":\"1990-05-23 00:00:00\",\"date_joined\":null,\"status\":\"0\",\"last_active\":\"2014-04-02 11:04:48\",\"platform_key\":\"0\",\"secretKey\":\"7cb72bdf8dfc294422c8d51176c4b68f\"},\"products\":[{\"id\":\"1\",\"name\":\"Pha l\\u00ea d\\u00e2u\",\"image\":\"http:\\/\\/localhost.com\\/index.php\\/uploads\\/2014\\/3\\/27\\/image4.jpg\",\"shortDesc\":\"mo ta sp\",\"price\":10,\"quantity\":1,\"totalPrice\":10,\"actualPrice\":10}],\"shipping\":{\"shippingKey\":\"standard-projecte\",\"shippingDisplayName\":\"standard\",\"shippingPrice\":\"10\"},\"addresses\":{\"shipping\":{\"fullname\":null,\"telephone\":\"12123\",\"streetAddress\":\"12123\",\"cityDistrict\":[null,\"12123\"],\"stateProvince\":[\"101\",\"hanoi\"]}}}','3ecc5eeb642aac66dd6b207e2897cea6','127.0.0.1','Mozilla/5.0 (Windows NT 6.3; WOW64) AppleWebKit/53',NULL,NULL),(24,42,'2014-04-21 04:04:36','{\"secretKey\":\"7cb72bdf8dfc294422c8d51176c4b68f\",\"orderkey\":\"576994a318f5c4592a73fdc3d42a81f9\",\"su\":\"GIFT\",\"user\":{\"is_authorized\":true,\"languageKey\":\"VN-VI\",\"id\":\"42\",\"firstname\":\"L\\u00ea Thanh An \",\"lastname\":\"an \",\"account\":\"lethanhan.bkaptech@gmail.com\",\"sex\":\"F\",\"DOB\":\"1990-05-23 00:00:00\",\"date_joined\":null,\"status\":\"0\",\"last_active\":\"2014-04-02 11:04:48\",\"platform_key\":\"0\",\"secretKey\":\"7cb72bdf8dfc294422c8d51176c4b68f\"},\"products\":[{\"id\":\"1\",\"name\":\"Pha l\\u00ea d\\u00e2u\",\"image\":\"http:\\/\\/localhost.com\\/index.php\\/uploads\\/2014\\/3\\/27\\/image4.jpg\",\"shortDesc\":\"mo ta sp\",\"price\":10,\"quantity\":1,\"totalPrice\":10,\"actualPrice\":10}],\"shipping\":{\"shippingKey\":\"standard-projecte\",\"shippingDisplayName\":\"standard\",\"shippingPrice\":\"10\"},\"addresses\":{\"shipping\":{\"fullname\":null,\"telephone\":\"123123\",\"streetAddress\":\"123123\",\"cityDistrict\":[null,\"123123\"],\"stateProvince\":[\"101\",\"hanoi\"]}}}','4719e3ca28617658cae7b08579b612f7','127.0.0.1','Mozilla/5.0 (Windows NT 6.3; WOW64) AppleWebKit/53',NULL,NULL),(25,42,'2014-04-21 04:04:38','{\"secretKey\":\"7cb72bdf8dfc294422c8d51176c4b68f\",\"orderkey\":\"8c27d2271d93eef76e38ff6eb302d659\",\"su\":\"GIFT\",\"user\":{\"is_authorized\":true,\"languageKey\":\"VN-VI\",\"id\":\"42\",\"firstname\":\"L\\u00ea Thanh An \",\"lastname\":\"an \",\"account\":\"lethanhan.bkaptech@gmail.com\",\"sex\":\"F\",\"DOB\":\"1990-05-23 00:00:00\",\"date_joined\":null,\"status\":\"0\",\"last_active\":\"2014-04-02 11:04:48\",\"platform_key\":\"0\",\"secretKey\":\"7cb72bdf8dfc294422c8d51176c4b68f\"},\"products\":[{\"id\":\"1\",\"name\":\"Pha l\\u00ea d\\u00e2u\",\"image\":\"http:\\/\\/localhost.com\\/index.php\\/uploads\\/2014\\/3\\/27\\/image4.jpg\",\"shortDesc\":\"mo ta sp\",\"price\":10,\"quantity\":1,\"totalPrice\":10,\"actualPrice\":10}],\"shipping\":{\"shippingKey\":\"standard-projecte\",\"shippingDisplayName\":\"standard\",\"shippingPrice\":\"10\"},\"addresses\":{\"shipping\":{\"fullname\":null,\"telephone\":\"12123\",\"streetAddress\":\"12123\",\"cityDistrict\":[null,\"12123\"],\"stateProvince\":[\"101\",\"hanoi\"]}}}','d7d30ec31a82f160513a8a6c03caf834','127.0.0.1','Mozilla/5.0 (Windows NT 6.3; WOW64) AppleWebKit/53',NULL,NULL),(26,42,'2014-04-21 04:04:17','{\"secretKey\":\"7cb72bdf8dfc294422c8d51176c4b68f\",\"orderkey\":\"87504a15c620758f74d286b7d549c35e\",\"su\":\"GIFT\",\"user\":{\"is_authorized\":true,\"languageKey\":\"VN-VI\",\"id\":\"42\",\"firstname\":\"L\\u00ea Thanh An \",\"lastname\":\"an \",\"account\":\"lethanhan.bkaptech@gmail.com\",\"sex\":\"F\",\"DOB\":\"1990-05-23 00:00:00\",\"date_joined\":null,\"status\":\"0\",\"last_active\":\"2014-04-02 11:04:48\",\"platform_key\":\"0\",\"secretKey\":\"7cb72bdf8dfc294422c8d51176c4b68f\"},\"products\":[{\"id\":\"1\",\"name\":\"Pha l\\u00ea d\\u00e2u\",\"image\":\"http:\\/\\/localhost.com\\/index.php\\/uploads\\/2014\\/3\\/27\\/image4.jpg\",\"shortDesc\":\"mo ta sp\",\"price\":10,\"quantity\":1,\"totalPrice\":10,\"actualPrice\":10}],\"shipping\":{\"shippingKey\":\"standard-projecte\",\"shippingDisplayName\":\"standard\",\"shippingPrice\":\"10\"},\"addresses\":{\"shipping\":{\"fullname\":null,\"telephone\":\"23123\",\"streetAddress\":\"23123\",\"cityDistrict\":[null,\"23123\"],\"stateProvince\":[\"101\",\"hanoi\"]}}}','c687deeb781c528f4429a7dc6abc3704','127.0.0.1','Mozilla/5.0 (Windows NT 6.3; WOW64) AppleWebKit/53',NULL,NULL),(27,42,'2014-04-21 04:04:00','{\"secretKey\":\"7cb72bdf8dfc294422c8d51176c4b68f\",\"orderkey\":\"4c16d28e8596ddc24246191c9c63b1f9\",\"su\":\"GIFT\",\"user\":{\"is_authorized\":true,\"languageKey\":\"VN-VI\",\"id\":\"42\",\"firstname\":\"L\\u00ea Thanh An \",\"lastname\":\"an \",\"account\":\"lethanhan.bkaptech@gmail.com\",\"sex\":\"F\",\"DOB\":\"1990-05-23 00:00:00\",\"date_joined\":null,\"status\":\"0\",\"last_active\":\"2014-04-02 11:04:48\",\"platform_key\":\"0\",\"secretKey\":\"7cb72bdf8dfc294422c8d51176c4b68f\"},\"products\":[{\"id\":\"1\",\"name\":\"Pha l\\u00ea d\\u00e2u\",\"image\":\"http:\\/\\/localhost.com\\/index.php\\/uploads\\/2014\\/3\\/27\\/image4.jpg\",\"shortDesc\":\"mo ta sp\",\"price\":10,\"quantity\":1,\"totalPrice\":10,\"actualPrice\":10}],\"shipping\":{\"shippingKey\":\"standard-projecte\",\"shippingDisplayName\":\"standard\",\"shippingPrice\":\"10\"},\"addresses\":{\"shipping\":{\"fullname\":null,\"telephone\":\"123123\",\"streetAddress\":\"123123\",\"cityDistrict\":[null,\"123123\"],\"stateProvince\":[\"101\",\"hanoi\"]}}}','c687deeb781c528f4429a7dc6abc3704','127.0.0.1','Mozilla/5.0 (Windows NT 6.3; WOW64) AppleWebKit/53',NULL,NULL),(28,42,'2014-04-21 04:04:29','{\"secretKey\":\"7cb72bdf8dfc294422c8d51176c4b68f\",\"orderkey\":\"7ce761fe7ffc6eb6e4f31ddff18953f2\",\"su\":\"GIFT\",\"user\":{\"is_authorized\":true,\"languageKey\":\"VN-VI\",\"id\":\"42\",\"firstname\":\"L\\u00ea Thanh An \",\"lastname\":\"an \",\"account\":\"lethanhan.bkaptech@gmail.com\",\"sex\":\"F\",\"DOB\":\"1990-05-23 00:00:00\",\"date_joined\":null,\"status\":\"0\",\"last_active\":\"2014-04-02 11:04:48\",\"platform_key\":\"0\",\"secretKey\":\"7cb72bdf8dfc294422c8d51176c4b68f\"},\"products\":[{\"id\":\"1\",\"name\":\"Pha l\\u00ea d\\u00e2u\",\"image\":\"http:\\/\\/localhost.com\\/index.php\\/uploads\\/2014\\/3\\/27\\/image4.jpg\",\"shortDesc\":\"mo ta sp\",\"price\":10,\"quantity\":1,\"totalPrice\":10,\"actualPrice\":10}],\"shipping\":{\"shippingKey\":\"standard-projecte\",\"shippingDisplayName\":\"standard\",\"shippingPrice\":\"10\"},\"addresses\":{\"shipping\":{\"fullname\":null,\"telephone\":\"1213\",\"streetAddress\":\"1213\",\"cityDistrict\":[null,\"1213\"],\"stateProvince\":[\"101\",\"hanoi\"]}}}','3979da4d534ab94ce32313a4b34488bf','127.0.0.1','Mozilla/5.0 (Windows NT 6.3; WOW64) AppleWebKit/53',NULL,NULL),(29,42,'2014-04-21 04:04:46','{\"secretKey\":\"7cb72bdf8dfc294422c8d51176c4b68f\",\"orderkey\":\"aed328a974475544a96705bd13a04065\",\"su\":\"GIFT\",\"user\":{\"is_authorized\":true,\"languageKey\":\"VN-VI\",\"id\":\"42\",\"firstname\":\"L\\u00ea Thanh An \",\"lastname\":\"an \",\"account\":\"lethanhan.bkaptech@gmail.com\",\"sex\":\"F\",\"DOB\":\"1990-05-23 00:00:00\",\"date_joined\":null,\"status\":\"0\",\"last_active\":\"2014-04-02 11:04:48\",\"platform_key\":\"0\",\"secretKey\":\"7cb72bdf8dfc294422c8d51176c4b68f\"},\"products\":[{\"id\":\"1\",\"name\":\"Pha l\\u00ea d\\u00e2u\",\"image\":\"http:\\/\\/localhost.com\\/index.php\\/uploads\\/2014\\/3\\/27\\/image4.jpg\",\"shortDesc\":\"mo ta sp\",\"price\":10,\"quantity\":1,\"totalPrice\":10,\"actualPrice\":10}],\"shipping\":{\"shippingKey\":\"standard-projecte\",\"shippingDisplayName\":\"standard\",\"shippingPrice\":\"10\"},\"addresses\":{\"shipping\":{\"fullname\":null,\"telephone\":\"12313\",\"streetAddress\":\"12313\",\"cityDistrict\":[null,\"12313\"],\"stateProvince\":[\"101\",\"hanoi\"]}}}','d94757f1dbe4c4cd14de1b160637a194','127.0.0.1','Mozilla/5.0 (Windows NT 6.3; WOW64) AppleWebKit/53',NULL,NULL),(30,42,'2014-04-21 04:04:14','{\"secretKey\":\"7cb72bdf8dfc294422c8d51176c4b68f\",\"orderkey\":\"33e6b26a5987435f3e86f5abf3f4a52c\",\"su\":\"GIFT\",\"user\":{\"is_authorized\":true,\"languageKey\":\"VN-VI\",\"id\":\"42\",\"firstname\":\"L\\u00ea Thanh An \",\"lastname\":\"an \",\"account\":\"lethanhan.bkaptech@gmail.com\",\"sex\":\"F\",\"DOB\":\"1990-05-23 00:00:00\",\"date_joined\":null,\"status\":\"0\",\"last_active\":\"2014-04-02 11:04:48\",\"platform_key\":\"0\",\"secretKey\":\"7cb72bdf8dfc294422c8d51176c4b68f\"},\"products\":[{\"id\":\"1\",\"name\":\"Pha l\\u00ea d\\u00e2u\",\"image\":\"http:\\/\\/localhost.com\\/index.php\\/uploads\\/2014\\/3\\/27\\/image4.jpg\",\"shortDesc\":\"mo ta sp\",\"price\":10,\"quantity\":1,\"totalPrice\":10,\"actualPrice\":10}],\"shipping\":{\"shippingKey\":\"standard-projecte\",\"shippingDisplayName\":\"standard\",\"shippingPrice\":\"10\"},\"addresses\":{\"shipping\":{\"fullname\":null,\"telephone\":\"123123\",\"streetAddress\":\"123123\",\"cityDistrict\":[null,\"123123\"],\"stateProvince\":[\"101\",\"hanoi\"]}}}','149cc8a11cd399c45aba68236ae21a52','127.0.0.1','Mozilla/5.0 (Windows NT 6.3; WOW64) AppleWebKit/53',NULL,NULL),(31,42,'2014-04-21 04:04:19','{\"secretKey\":\"7cb72bdf8dfc294422c8d51176c4b68f\",\"orderkey\":\"cdcba4eb6cae6fdc097025d627313ec8\",\"su\":\"GIFT\",\"user\":{\"is_authorized\":true,\"languageKey\":\"VN-VI\",\"id\":\"42\",\"firstname\":\"L\\u00ea Thanh An \",\"lastname\":\"an \",\"account\":\"lethanhan.bkaptech@gmail.com\",\"sex\":\"F\",\"DOB\":\"1990-05-23 00:00:00\",\"date_joined\":null,\"status\":\"0\",\"last_active\":\"2014-04-02 11:04:48\",\"platform_key\":\"0\",\"secretKey\":\"7cb72bdf8dfc294422c8d51176c4b68f\"},\"products\":[{\"id\":\"1\",\"name\":\"Pha l\\u00ea d\\u00e2u\",\"image\":\"http:\\/\\/localhost.com\\/index.php\\/uploads\\/2014\\/3\\/27\\/image4.jpg\",\"shortDesc\":\"mo ta sp\",\"price\":10,\"quantity\":1,\"totalPrice\":10,\"actualPrice\":10}],\"shipping\":{\"shippingKey\":\"standard-projecte\",\"shippingDisplayName\":\"standard\",\"shippingPrice\":\"10\"},\"addresses\":{\"shipping\":{\"fullname\":null,\"telephone\":\"123123\",\"streetAddress\":\"123123\",\"cityDistrict\":[null,\"123123\"],\"stateProvince\":[\"101\",\"hanoi\"]}}}','418b9d3a0411214ee8dca168e53bdead','127.0.0.1','Mozilla/5.0 (Windows NT 6.3; WOW64) AppleWebKit/53',NULL,NULL),(32,42,'2014-04-21 04:04:47','{\"secretKey\":\"7cb72bdf8dfc294422c8d51176c4b68f\",\"orderkey\":\"41bd9ccfca773895c5d10e2700fc8d0b\",\"su\":\"GIFT\",\"user\":{\"is_authorized\":true,\"languageKey\":\"VN-VI\",\"id\":\"42\",\"firstname\":\"L\\u00ea Thanh An \",\"lastname\":\"an \",\"account\":\"lethanhan.bkaptech@gmail.com\",\"sex\":\"F\",\"DOB\":\"1990-05-23 00:00:00\",\"date_joined\":null,\"status\":\"0\",\"last_active\":\"2014-04-02 11:04:48\",\"platform_key\":\"0\",\"secretKey\":\"7cb72bdf8dfc294422c8d51176c4b68f\"},\"products\":[{\"id\":\"1\",\"name\":\"Pha l\\u00ea d\\u00e2u\",\"image\":\"http:\\/\\/localhost.com\\/index.php\\/uploads\\/2014\\/3\\/27\\/image4.jpg\",\"shortDesc\":\"mo ta sp\",\"price\":10,\"quantity\":1,\"totalPrice\":10,\"actualPrice\":10}],\"shipping\":{\"shippingKey\":\"standard-projecte\",\"shippingDisplayName\":\"standard\",\"shippingPrice\":\"10\"},\"addresses\":{\"shipping\":{\"fullname\":null,\"telephone\":\"123\",\"streetAddress\":\"123\",\"cityDistrict\":[null,\"123\"],\"stateProvince\":[\"101\",\"hanoi\"]}}}','964c89237ca9c2f66b8d486f1e710b71','127.0.0.1','Mozilla/5.0 (Windows NT 6.3; WOW64) AppleWebKit/53',NULL,NULL),(33,42,'2014-04-21 04:04:35','{\"secretKey\":\"7cb72bdf8dfc294422c8d51176c4b68f\",\"orderkey\":\"add0089641ccff339e2ca000e74603ec\",\"su\":\"GIFT\",\"user\":{\"is_authorized\":true,\"languageKey\":\"VN-VI\",\"id\":\"42\",\"firstname\":\"L\\u00ea Thanh An \",\"lastname\":\"an \",\"account\":\"lethanhan.bkaptech@gmail.com\",\"sex\":\"F\",\"DOB\":\"1990-05-23 00:00:00\",\"date_joined\":null,\"status\":\"0\",\"last_active\":\"2014-04-02 11:04:48\",\"platform_key\":\"0\",\"secretKey\":\"7cb72bdf8dfc294422c8d51176c4b68f\"},\"products\":[{\"id\":\"1\",\"name\":\"Pha l\\u00ea d\\u00e2u\",\"image\":\"http:\\/\\/localhost.com\\/index.php\\/uploads\\/2014\\/3\\/27\\/image4.jpg\",\"shortDesc\":\"mo ta sp\",\"price\":10,\"quantity\":1,\"totalPrice\":10,\"actualPrice\":10}],\"shipping\":{\"shippingKey\":\"standard-projecte\",\"shippingDisplayName\":\"standard\",\"shippingPrice\":\"10\"},\"addresses\":{\"shipping\":{\"fullname\":null,\"telephone\":\"12123\",\"streetAddress\":\"12123\",\"cityDistrict\":[null,\"12123\"],\"stateProvince\":[\"101\",\"hanoi\"]}}}','528271b438e53b6dc4c0bea00c14ccbd','127.0.0.1','Mozilla/5.0 (Windows NT 6.3; WOW64) AppleWebKit/53',NULL,NULL),(34,42,'2014-04-21 05:04:47','{\"secretKey\":\"7cb72bdf8dfc294422c8d51176c4b68f\",\"orderkey\":\"648d1c876b30fbc60d4e101096cf81ec\",\"su\":\"GIFT\",\"user\":{\"is_authorized\":true,\"languageKey\":\"VN-VI\",\"id\":\"42\",\"firstname\":\"L\\u00ea Thanh An \",\"lastname\":\"an \",\"account\":\"lethanhan.bkaptech@gmail.com\",\"sex\":\"F\",\"DOB\":\"1990-05-23 00:00:00\",\"date_joined\":null,\"status\":\"0\",\"last_active\":\"2014-04-02 11:04:48\",\"platform_key\":\"0\",\"secretKey\":\"7cb72bdf8dfc294422c8d51176c4b68f\"},\"products\":[{\"id\":\"1\",\"name\":\"Pha l\\u00ea d\\u00e2u\",\"image\":\"http:\\/\\/localhost.com\\/index.php\\/uploads\\/2014\\/3\\/27\\/image4.jpg\",\"shortDesc\":\"mo ta sp\",\"price\":10,\"quantity\":\"4\",\"totalPrice\":40,\"actualPrice\":40}],\"shipping\":{\"shippingKey\":\"standard-projecte\",\"shippingDisplayName\":\"standard\",\"shippingPrice\":\"10\"},\"addresses\":{\"shipping\":{\"fullname\":null,\"telephone\":\"123123\",\"streetAddress\":\"123123\",\"cityDistrict\":[null,\"123123\"],\"stateProvince\":[\"101\",\"hanoi\"]}}}','6c31fd8345ecc07d83e19892e61de233','127.0.0.1','Mozilla/5.0 (Windows NT 6.3; WOW64) AppleWebKit/53',NULL,NULL),(35,42,'2014-04-21 05:04:41','{\"secretKey\":\"7cb72bdf8dfc294422c8d51176c4b68f\",\"orderkey\":\"4dc763bc24f1da659df92bd2cd59e9f2\",\"su\":\"GIFT\",\"user\":{\"is_authorized\":true,\"languageKey\":\"VN-VI\",\"id\":\"42\",\"firstname\":\"L\\u00ea Thanh An \",\"lastname\":\"an \",\"account\":\"lethanhan.bkaptech@gmail.com\",\"sex\":\"F\",\"DOB\":\"1990-05-23 00:00:00\",\"date_joined\":null,\"status\":\"0\",\"last_active\":\"2014-04-02 11:04:48\",\"platform_key\":\"0\",\"secretKey\":\"7cb72bdf8dfc294422c8d51176c4b68f\"},\"products\":[{\"id\":\"1\",\"name\":\"Pha l\\u00ea d\\u00e2u\",\"image\":\"http:\\/\\/localhost.com\\/index.php\\/uploads\\/2014\\/3\\/27\\/image4.jpg\",\"shortDesc\":\"mo ta sp\",\"price\":10,\"quantity\":\"4\",\"totalPrice\":40,\"actualPrice\":40}],\"shipping\":{\"shippingKey\":\"standard-projecte\",\"shippingDisplayName\":\"standard\",\"shippingPrice\":\"10\"},\"addresses\":{\"shipping\":{\"fullname\":null,\"telephone\":\"12123\",\"streetAddress\":\"12123\",\"cityDistrict\":[null,\"12123\"],\"stateProvince\":[\"101\",\"hanoi\"]}}}','effeb3a3ae2ee5e7123475df9c8a56dc','127.0.0.1','Mozilla/5.0 (Windows NT 6.3; WOW64) AppleWebKit/53','2014-04-21 05:04:43',NULL),(36,42,'2014-04-21 05:04:34','{\"secretKey\":\"7cb72bdf8dfc294422c8d51176c4b68f\",\"orderkey\":\"5d64792c549f0b734022c12baf103303\",\"su\":\"GIFT\",\"user\":{\"is_authorized\":true,\"languageKey\":\"VN-VI\",\"id\":\"42\",\"firstname\":\"L\\u00ea Thanh An \",\"lastname\":\"an \",\"account\":\"lethanhan.bkaptech@gmail.com\",\"sex\":\"F\",\"DOB\":\"1990-05-23 00:00:00\",\"date_joined\":null,\"status\":\"0\",\"last_active\":\"2014-04-02 11:04:48\",\"platform_key\":\"0\",\"secretKey\":\"7cb72bdf8dfc294422c8d51176c4b68f\"},\"products\":[{\"id\":\"1\",\"name\":\"Pha l\\u00ea d\\u00e2u\",\"image\":\"http:\\/\\/localhost.com\\/index.php\\/uploads\\/2014\\/3\\/27\\/image4.jpg\",\"shortDesc\":\"mo ta sp\",\"price\":10,\"quantity\":\"4\",\"totalPrice\":40,\"actualPrice\":40}],\"shipping\":{\"shippingKey\":\"standard-projecte\",\"shippingDisplayName\":\"standard\",\"shippingPrice\":\"10\"},\"addresses\":{\"shipping\":{\"fullname\":null,\"telephone\":\"12123\",\"streetAddress\":\"12123\",\"cityDistrict\":[null,\"12123\"],\"stateProvince\":[\"101\",\"hanoi\"]}}}','67591bcae394da9860bfaad52d41e1f0','127.0.0.1','Mozilla/5.0 (Windows NT 6.3; WOW64) AppleWebKit/53',NULL,NULL),(37,42,'2014-04-21 05:04:53','{\"secretKey\":\"7cb72bdf8dfc294422c8d51176c4b68f\",\"orderkey\":\"f5de8eed62d3d2f397934da99605fc1e\",\"su\":\"GIFT\",\"user\":{\"is_authorized\":true,\"languageKey\":\"VN-VI\",\"id\":\"42\",\"firstname\":\"L\\u00ea Thanh An \",\"lastname\":\"an \",\"account\":\"lethanhan.bkaptech@gmail.com\",\"sex\":\"F\",\"DOB\":\"1990-05-23 00:00:00\",\"date_joined\":null,\"status\":\"0\",\"last_active\":\"2014-04-02 11:04:48\",\"platform_key\":\"0\",\"secretKey\":\"7cb72bdf8dfc294422c8d51176c4b68f\"},\"products\":[{\"id\":\"1\",\"name\":\"Pha l\\u00ea d\\u00e2u\",\"image\":\"http:\\/\\/localhost.com\\/index.php\\/uploads\\/2014\\/3\\/27\\/image4.jpg\",\"shortDesc\":\"mo ta sp\",\"price\":10,\"quantity\":\"4\",\"totalPrice\":40,\"actualPrice\":40}],\"shipping\":{\"shippingKey\":\"standard-projecte\",\"shippingDisplayName\":\"standard\",\"shippingPrice\":\"10\"},\"addresses\":{\"shipping\":{\"fullname\":null,\"telephone\":\"123123\",\"streetAddress\":\"123123\",\"cityDistrict\":[null,\"123123\"],\"stateProvince\":[\"101\",\"hanoi\"]}}}','a30d233e1229c7cc5d6d206d49041914','127.0.0.1','Mozilla/5.0 (Windows NT 6.3; WOW64) AppleWebKit/53',NULL,NULL),(38,42,'2014-04-21 05:04:30','{\"secretKey\":\"7cb72bdf8dfc294422c8d51176c4b68f\",\"orderkey\":\"a5611e78f4a7cd504c2776f92da9e70c\",\"su\":\"GIFT\",\"user\":{\"is_authorized\":true,\"languageKey\":\"VN-VI\",\"id\":\"42\",\"firstname\":\"L\\u00ea Thanh An \",\"lastname\":\"an \",\"account\":\"lethanhan.bkaptech@gmail.com\",\"sex\":\"F\",\"DOB\":\"1990-05-23 00:00:00\",\"date_joined\":null,\"status\":\"0\",\"last_active\":\"2014-04-02 11:04:48\",\"platform_key\":\"0\",\"secretKey\":\"7cb72bdf8dfc294422c8d51176c4b68f\"},\"products\":[{\"id\":\"1\",\"name\":\"Pha l\\u00ea d\\u00e2u\",\"image\":\"http:\\/\\/localhost.com\\/index.php\\/uploads\\/2014\\/3\\/27\\/image4.jpg\",\"shortDesc\":\"mo ta sp\",\"price\":10,\"quantity\":\"4\",\"totalPrice\":40,\"actualPrice\":40}],\"shipping\":{\"shippingKey\":\"standard-projecte\",\"shippingDisplayName\":\"standard\",\"shippingPrice\":\"10\"},\"addresses\":{\"shipping\":{\"fullname\":null,\"telephone\":\"12123\",\"streetAddress\":\"12123\",\"cityDistrict\":[null,\"12123\"],\"stateProvince\":[\"101\",\"hanoi\"]}}}','ba04ece5317353c85336208132ff344b','127.0.0.1','Mozilla/5.0 (Windows NT 6.3; WOW64) AppleWebKit/53',NULL,NULL),(39,42,'2014-04-21 05:04:55','{\"secretKey\":\"7cb72bdf8dfc294422c8d51176c4b68f\",\"orderkey\":\"84c861dd9248ee0614d27511530e81fe\",\"su\":\"GIFT\",\"user\":{\"is_authorized\":true,\"languageKey\":\"VN-VI\",\"id\":\"42\",\"firstname\":\"L\\u00ea Thanh An \",\"lastname\":\"an \",\"account\":\"lethanhan.bkaptech@gmail.com\",\"sex\":\"F\",\"DOB\":\"1990-05-23 00:00:00\",\"date_joined\":null,\"status\":\"0\",\"last_active\":\"2014-04-02 11:04:48\",\"platform_key\":\"0\",\"secretKey\":\"7cb72bdf8dfc294422c8d51176c4b68f\"},\"products\":[{\"id\":\"1\",\"name\":\"Pha l\\u00ea d\\u00e2u\",\"image\":\"http:\\/\\/localhost.com\\/index.php\\/uploads\\/2014\\/3\\/27\\/image4.jpg\",\"shortDesc\":\"mo ta sp\",\"price\":10,\"quantity\":\"4\",\"totalPrice\":40,\"actualPrice\":40}],\"shipping\":{\"shippingKey\":\"standard-projecte\",\"shippingDisplayName\":\"standard\",\"shippingPrice\":\"10\"},\"addresses\":{\"shipping\":{\"fullname\":null,\"telephone\":\"12123\",\"streetAddress\":\"12123\",\"cityDistrict\":[null,\"12123\"],\"stateProvince\":[\"101\",\"hanoi\"]}}}','74f18e8b4e4aae22916030eabb59b84d','127.0.0.1','Mozilla/5.0 (Windows NT 6.3; WOW64) AppleWebKit/53',NULL,NULL),(40,42,'2014-04-21 05:04:15','{\"secretKey\":\"7cb72bdf8dfc294422c8d51176c4b68f\",\"orderkey\":\"b65be07c4c024d2677e4f3b2134295af\",\"su\":\"GIFT\",\"user\":{\"is_authorized\":true,\"languageKey\":\"VN-VI\",\"id\":\"42\",\"firstname\":\"L\\u00ea Thanh An \",\"lastname\":\"an \",\"account\":\"lethanhan.bkaptech@gmail.com\",\"sex\":\"F\",\"DOB\":\"1990-05-23 00:00:00\",\"date_joined\":null,\"status\":\"0\",\"last_active\":\"2014-04-02 11:04:48\",\"platform_key\":\"0\",\"secretKey\":\"7cb72bdf8dfc294422c8d51176c4b68f\"},\"products\":[{\"id\":\"1\",\"name\":\"Pha l\\u00ea d\\u00e2u\",\"image\":\"http:\\/\\/localhost.com\\/index.php\\/uploads\\/2014\\/3\\/27\\/image4.jpg\",\"shortDesc\":\"mo ta sp\",\"price\":10,\"quantity\":\"4\",\"totalPrice\":40,\"actualPrice\":40}],\"shipping\":{\"shippingKey\":\"standard-projecte\",\"shippingDisplayName\":\"standard\",\"shippingPrice\":\"10\"},\"addresses\":{\"shipping\":{\"fullname\":null,\"telephone\":\"123123\",\"streetAddress\":\"123123\",\"cityDistrict\":[null,\"123123\"],\"stateProvince\":[\"101\",\"hanoi\"]}}}','31575358313d21bdb259df6fb49c3b26','127.0.0.1','Mozilla/5.0 (Windows NT 6.3; WOW64) AppleWebKit/53',NULL,NULL),(41,42,'2014-04-21 05:04:51','{\"secretKey\":\"7cb72bdf8dfc294422c8d51176c4b68f\",\"orderkey\":\"3cae047e0d0b6bf8e4fc6bcfc6c20c0e\",\"su\":\"GIFT\",\"user\":{\"is_authorized\":true,\"languageKey\":\"VN-VI\",\"id\":\"42\",\"firstname\":\"L\\u00ea Thanh An \",\"lastname\":\"an \",\"account\":\"lethanhan.bkaptech@gmail.com\",\"sex\":\"F\",\"DOB\":\"1990-05-23 00:00:00\",\"date_joined\":null,\"status\":\"0\",\"last_active\":\"2014-04-02 11:04:48\",\"platform_key\":\"0\",\"secretKey\":\"7cb72bdf8dfc294422c8d51176c4b68f\"},\"products\":[{\"id\":\"1\",\"name\":\"Pha l\\u00ea d\\u00e2u\",\"image\":\"http:\\/\\/localhost.com\\/index.php\\/uploads\\/2014\\/3\\/27\\/image4.jpg\",\"shortDesc\":\"mo ta sp\",\"price\":10,\"quantity\":\"4\",\"totalPrice\":40,\"actualPrice\":40}],\"shipping\":{\"shippingKey\":\"standard-projecte\",\"shippingDisplayName\":\"standard\",\"shippingPrice\":\"10\"},\"addresses\":{\"shipping\":{\"fullname\":null,\"telephone\":\"123123\",\"streetAddress\":\"123123\",\"cityDistrict\":[null,\"123123\"],\"stateProvince\":[\"101\",\"hanoi\"]}}}','08c276f686f845eea51e6ae6aa2083c7','127.0.0.1','Mozilla/5.0 (Windows NT 6.3; WOW64) AppleWebKit/53','2014-04-21 05:04:52',NULL),(42,42,'2014-04-21 06:04:05','{\"secretKey\":\"7cb72bdf8dfc294422c8d51176c4b68f\",\"orderkey\":\"1de478dcc235127df44b2cf392ee161f\",\"su\":\"GIFT\",\"user\":{\"is_authorized\":true,\"languageKey\":\"VN-VI\",\"id\":\"42\",\"firstname\":\"L\\u00ea Thanh An \",\"lastname\":\"an \",\"account\":\"lethanhan.bkaptech@gmail.com\",\"sex\":\"F\",\"DOB\":\"1990-05-23 00:00:00\",\"date_joined\":null,\"status\":\"0\",\"last_active\":\"2014-04-02 11:04:48\",\"platform_key\":\"0\",\"secretKey\":\"7cb72bdf8dfc294422c8d51176c4b68f\"},\"products\":[{\"id\":\"1\",\"name\":\"Pha l\\u00ea d\\u00e2u\",\"image\":\"http:\\/\\/localhost.com\\/index.php\\/uploads\\/2014\\/3\\/27\\/image4.jpg\",\"shortDesc\":\"mo ta sp\",\"price\":10,\"quantity\":\"4\",\"totalPrice\":40,\"actualPrice\":40}],\"shipping\":{\"shippingKey\":\"standard-projecte\",\"shippingDisplayName\":\"standard\",\"shippingPrice\":\"10\"},\"addresses\":{\"shipping\":{\"fullname\":null,\"telephone\":\"123123\",\"streetAddress\":\"123123\",\"cityDistrict\":[null,\"123123\"],\"stateProvince\":[\"101\",\"hanoi\"]}}}','b5ef84f547cbe6c30192d0145205c149','127.0.0.1','Mozilla/5.0 (Windows NT 6.3; WOW64) AppleWebKit/53','2014-04-21 06:04:07',NULL),(43,42,'2014-04-21 06:04:04','{\"secretKey\":\"7cb72bdf8dfc294422c8d51176c4b68f\",\"orderkey\":\"822e2e5d198b253cae678c9e2e3f436d\",\"su\":\"GIFT\",\"user\":{\"is_authorized\":true,\"languageKey\":\"VN-VI\",\"id\":\"42\",\"firstname\":\"L\\u00ea Thanh An \",\"lastname\":\"an \",\"account\":\"lethanhan.bkaptech@gmail.com\",\"sex\":\"F\",\"DOB\":\"1990-05-23 00:00:00\",\"date_joined\":null,\"status\":\"0\",\"last_active\":\"2014-04-02 11:04:48\",\"platform_key\":\"0\",\"secretKey\":\"7cb72bdf8dfc294422c8d51176c4b68f\"},\"products\":[{\"id\":\"1\",\"name\":\"Pha l\\u00ea d\\u00e2u\",\"image\":\"http:\\/\\/localhost.com\\/index.php\\/uploads\\/2014\\/3\\/27\\/image4.jpg\",\"shortDesc\":\"mo ta sp\",\"price\":10,\"quantity\":\"4\",\"totalPrice\":40,\"actualPrice\":40}],\"shipping\":{\"shippingKey\":\"standard-projecte\",\"shippingDisplayName\":\"standard\",\"shippingPrice\":\"10\"},\"addresses\":{\"shipping\":{\"fullname\":null,\"telephone\":\"23123\",\"streetAddress\":\"23123\",\"cityDistrict\":[null,\"23123\"],\"stateProvince\":[\"101\",\"hanoi\"]}}}','c12f76be4c139de468723803895053aa','127.0.0.1','Mozilla/5.0 (Windows NT 6.3; WOW64) AppleWebKit/53','2014-04-21 06:04:05',NULL),(44,42,'2014-04-21 06:04:04','{\"secretKey\":\"7cb72bdf8dfc294422c8d51176c4b68f\",\"orderkey\":\"9fa304624de6ee7b339f57baf10a3157\",\"su\":\"GIFT\",\"user\":{\"is_authorized\":true,\"languageKey\":\"VN-VI\",\"id\":\"42\",\"firstname\":\"L\\u00ea Thanh An \",\"lastname\":\"an \",\"account\":\"lethanhan.bkaptech@gmail.com\",\"sex\":\"F\",\"DOB\":\"1990-05-23 00:00:00\",\"date_joined\":null,\"status\":\"0\",\"last_active\":\"2014-04-02 11:04:48\",\"platform_key\":\"0\",\"secretKey\":\"7cb72bdf8dfc294422c8d51176c4b68f\"},\"products\":[{\"id\":\"1\",\"name\":\"Pha l\\u00ea d\\u00e2u\",\"image\":\"http:\\/\\/localhost.com\\/index.php\\/uploads\\/2014\\/3\\/27\\/image4.jpg\",\"shortDesc\":\"mo ta sp\",\"price\":10,\"quantity\":\"4\",\"totalPrice\":40,\"actualPrice\":40}],\"shipping\":{\"shippingKey\":\"standard-projecte\",\"shippingDisplayName\":\"standard\",\"shippingPrice\":\"10\"},\"addresses\":{\"shipping\":{\"fullname\":null,\"telephone\":\"123123\",\"streetAddress\":\"123123\",\"cityDistrict\":[null,\"123123\"],\"stateProvince\":[\"101\",\"hanoi\"]}}}','4092adc60e596da826131b5f2de81411','127.0.0.1','Mozilla/5.0 (Windows NT 6.3; WOW64) AppleWebKit/53','2014-04-21 06:04:06',NULL),(45,42,'2014-04-21 06:04:04','{\"secretKey\":\"7cb72bdf8dfc294422c8d51176c4b68f\",\"orderkey\":\"cf6655fba8e14cb36f928e9d02d84c8b\",\"su\":\"GIFT\",\"user\":{\"is_authorized\":true,\"languageKey\":\"VN-VI\",\"id\":\"42\",\"firstname\":\"L\\u00ea Thanh An \",\"lastname\":\"an \",\"account\":\"lethanhan.bkaptech@gmail.com\",\"sex\":\"F\",\"DOB\":\"1990-05-23 00:00:00\",\"date_joined\":null,\"status\":\"0\",\"last_active\":\"2014-04-02 11:04:48\",\"platform_key\":\"0\",\"secretKey\":\"7cb72bdf8dfc294422c8d51176c4b68f\"},\"products\":[{\"id\":\"1\",\"name\":\"Pha l\\u00ea d\\u00e2u\",\"image\":\"http:\\/\\/localhost.com\\/index.php\\/uploads\\/2014\\/3\\/27\\/image4.jpg\",\"shortDesc\":\"mo ta sp\",\"price\":10,\"quantity\":\"4\",\"totalPrice\":40,\"actualPrice\":40}],\"shipping\":{\"shippingKey\":\"standard-projecte\",\"shippingDisplayName\":\"standard\",\"shippingPrice\":\"10\"},\"addresses\":{\"shipping\":{\"fullname\":null,\"telephone\":\"123123\",\"streetAddress\":\"123123\",\"cityDistrict\":[null,\"123123\"],\"stateProvince\":[\"101\",\"hanoi\"]}}}','89d2fde580a7eaaaca5ac27b02b1e776','127.0.0.1','Mozilla/5.0 (Windows NT 6.3; WOW64) AppleWebKit/53','2014-04-21 06:04:06',NULL),(46,42,'2014-04-21 06:04:33','{\"secretKey\":\"7cb72bdf8dfc294422c8d51176c4b68f\",\"orderkey\":\"4fd1a8aba27f93786c0df334f3f1c7e1\",\"su\":\"GIFT\",\"user\":{\"is_authorized\":true,\"languageKey\":\"VN-VI\",\"id\":\"42\",\"firstname\":\"L\\u00ea Thanh An \",\"lastname\":\"an \",\"account\":\"lethanhan.bkaptech@gmail.com\",\"sex\":\"F\",\"DOB\":\"1990-05-23 00:00:00\",\"date_joined\":null,\"status\":\"0\",\"last_active\":\"2014-04-02 11:04:48\",\"platform_key\":\"0\",\"secretKey\":\"7cb72bdf8dfc294422c8d51176c4b68f\"},\"products\":[{\"id\":\"1\",\"name\":\"Pha l\\u00ea d\\u00e2u\",\"image\":\"http:\\/\\/localhost.com\\/index.php\\/uploads\\/2014\\/3\\/27\\/image4.jpg\",\"shortDesc\":\"mo ta sp\",\"price\":10,\"quantity\":\"4\",\"totalPrice\":40,\"actualPrice\":40}],\"shipping\":{\"shippingKey\":\"standard-projecte\",\"shippingDisplayName\":\"standard\",\"shippingPrice\":\"10\"},\"addresses\":{\"shipping\":{\"fullname\":null,\"telephone\":\"123123\",\"streetAddress\":\"123123\",\"cityDistrict\":[null,\"123123\"],\"stateProvince\":[\"101\",\"hanoi\"]}}}','8a2488e6dcf116a05f95ac908ccdbb84','127.0.0.1','Mozilla/5.0 (Windows NT 6.3; WOW64) AppleWebKit/53','2014-04-21 06:04:35',NULL),(47,42,'2014-04-21 06:04:09','{\"secretKey\":\"7cb72bdf8dfc294422c8d51176c4b68f\",\"orderkey\":\"f6d19689aba9d496c93bb499cb05a3e2\",\"su\":\"GIFT\",\"user\":{\"is_authorized\":true,\"languageKey\":\"VN-VI\",\"id\":\"42\",\"firstname\":\"L\\u00ea Thanh An \",\"lastname\":\"an \",\"account\":\"lethanhan.bkaptech@gmail.com\",\"sex\":\"F\",\"DOB\":\"1990-05-23 00:00:00\",\"date_joined\":null,\"status\":\"0\",\"last_active\":\"2014-04-02 11:04:48\",\"platform_key\":\"0\",\"secretKey\":\"7cb72bdf8dfc294422c8d51176c4b68f\"},\"products\":[{\"id\":\"1\",\"name\":\"Pha l\\u00ea d\\u00e2u\",\"image\":\"http:\\/\\/localhost.com\\/index.php\\/uploads\\/2014\\/3\\/27\\/image4.jpg\",\"shortDesc\":\"mo ta sp\",\"price\":10,\"quantity\":\"4\",\"totalPrice\":40,\"actualPrice\":40}],\"shipping\":{\"shippingKey\":\"standard-projecte\",\"shippingDisplayName\":\"standard\",\"shippingPrice\":\"10\"},\"addresses\":{\"shipping\":{\"fullname\":null,\"telephone\":\"123123\",\"streetAddress\":\"123123\",\"cityDistrict\":[null,\"123123\"],\"stateProvince\":[\"101\",\"hanoi\"]}}}','8a2488e6dcf116a05f95ac908ccdbb84','127.0.0.1','Mozilla/5.0 (Windows NT 6.3; WOW64) AppleWebKit/53','2014-04-21 06:04:11',NULL),(48,42,'2014-04-21 06:04:00','{\"secretKey\":\"7cb72bdf8dfc294422c8d51176c4b68f\",\"orderkey\":\"3ea67823bcb62d35874ed955b811ffc4\",\"su\":\"GIFT\",\"user\":{\"is_authorized\":true,\"languageKey\":\"VN-VI\",\"id\":\"42\",\"firstname\":\"L\\u00ea Thanh An \",\"lastname\":\"an \",\"account\":\"lethanhan.bkaptech@gmail.com\",\"sex\":\"F\",\"DOB\":\"1990-05-23 00:00:00\",\"date_joined\":null,\"status\":\"0\",\"last_active\":\"2014-04-02 11:04:48\",\"platform_key\":\"0\",\"secretKey\":\"7cb72bdf8dfc294422c8d51176c4b68f\"},\"products\":[{\"id\":\"1\",\"name\":\"Pha l\\u00ea d\\u00e2u\",\"image\":\"http:\\/\\/localhost.com\\/index.php\\/uploads\\/2014\\/3\\/27\\/image4.jpg\",\"shortDesc\":\"mo ta sp\",\"price\":10,\"quantity\":\"4\",\"totalPrice\":40,\"actualPrice\":40}],\"shipping\":{\"shippingKey\":\"standard-projecte\",\"shippingDisplayName\":\"standard\",\"shippingPrice\":\"10\"},\"addresses\":{\"shipping\":{\"fullname\":null,\"telephone\":\"123123\",\"streetAddress\":\"123123\",\"cityDistrict\":[null,\"123123\"],\"stateProvince\":[\"101\",\"hanoi\"]}}}','2819ae30e42da484382bbe934e4a7ba1','127.0.0.1','Mozilla/5.0 (Windows NT 6.3; WOW64) AppleWebKit/53','2014-04-21 06:04:01',NULL),(49,42,'2014-04-21 12:04:16','{\"secretKey\":\"7cb72bdf8dfc294422c8d51176c4b68f\",\"orderkey\":\"54434788cf953afa3cfe3a60a2caee18\",\"su\":\"GIFT\",\"user\":{\"is_authorized\":true,\"languageKey\":\"VN-VI\",\"id\":\"42\",\"firstname\":\"L\\u00ea Thanh An \",\"lastname\":\"an \",\"account\":\"lethanhan.bkaptech@gmail.com\",\"sex\":\"F\",\"DOB\":\"1990-05-23 00:00:00\",\"date_joined\":null,\"status\":\"0\",\"last_active\":\"2014-04-02 11:04:48\",\"platform_key\":\"0\",\"secretKey\":\"7cb72bdf8dfc294422c8d51176c4b68f\"},\"products\":[{\"id\":\"1\",\"name\":\"Pha l\\u00ea d\\u00e2u\",\"image\":\"http:\\/\\/localhost.com\\/index.php\\/uploads\\/2014\\/3\\/27\\/image4.jpg\",\"shortDesc\":\"mo ta sp\",\"price\":10,\"quantity\":\"10\",\"totalPrice\":100,\"actualPrice\":100}],\"shipping\":{\"shippingKey\":\"standard-projecte\",\"shippingDisplayName\":\"standard\",\"shippingPrice\":\"10\"},\"addresses\":{\"shipping\":{\"fullname\":null,\"telephone\":\"123123\",\"streetAddress\":\"123123\",\"cityDistrict\":[null,\"123123\"],\"stateProvince\":[\"101\",\"hanoi\"]}}}','a8ed31d2e3bf3e9155be9c7760e0b992','127.0.0.1','Mozilla/5.0 (Windows NT 6.3; WOW64) AppleWebKit/53',NULL,NULL),(50,42,'2014-04-21 12:04:54','{\"secretKey\":\"7cb72bdf8dfc294422c8d51176c4b68f\",\"orderkey\":\"c04f5b3c85f598d0385f61c6f75165cb\",\"su\":\"GIFT\",\"user\":{\"is_authorized\":true,\"languageKey\":\"VN-VI\",\"id\":\"42\",\"firstname\":\"L\\u00ea Thanh An \",\"lastname\":\"an \",\"account\":\"lethanhan.bkaptech@gmail.com\",\"sex\":\"F\",\"DOB\":\"1990-05-23 00:00:00\",\"date_joined\":null,\"status\":\"0\",\"last_active\":\"2014-04-02 11:04:48\",\"platform_key\":\"0\",\"secretKey\":\"7cb72bdf8dfc294422c8d51176c4b68f\"},\"products\":[{\"id\":\"1\",\"name\":\"Pha l\\u00ea d\\u00e2u\",\"image\":\"http:\\/\\/localhost.com\\/index.php\\/uploads\\/2014\\/3\\/27\\/image4.jpg\",\"shortDesc\":\"mo ta sp\",\"price\":10,\"quantity\":\"10\",\"totalPrice\":100,\"actualPrice\":100}],\"shipping\":{\"shippingKey\":\"standard-projecte\",\"shippingDisplayName\":\"standard\",\"shippingPrice\":\"10\"},\"addresses\":{\"shipping\":{\"fullname\":null,\"telephone\":\"123123\",\"streetAddress\":\"123123\",\"cityDistrict\":[null,\"123123\"],\"stateProvince\":[\"101\",\"hanoi\"]}}}','ab64909801d549ef220404dd71808cc1','127.0.0.1','Mozilla/5.0 (Windows NT 6.3; WOW64) AppleWebKit/53','2014-04-21 12:04:56',NULL),(51,NULL,'2014-04-24 12:04:57','{\"secretKey\":\"cd739e746ce1232415ddb99bd786ba57\",\"orderkey\":\"ceb12b7dc7ceb4fc43c2f30368f058e3\",\"su\":\"GIFT\",\"user\":{\"is_authorized\":true,\"languageKey\":\"VN-VI\",\"id\":null,\"firstname\":\"L\\u00ea Thanh An \",\"lastname\":\"an \",\"account\":\"lethanhan.bkaptech@gmail.com\",\"sex\":\"F\",\"DOB\":\"1990-05-23 00:00:00\",\"date_joined\":null,\"status\":\"0\",\"last_active\":\"2014-04-02 11:04:48\",\"platform_key\":\"0\",\"secretKey\":\"cd739e746ce1232415ddb99bd786ba57\"},\"products\":[{\"id\":\"1\",\"name\":\"Pha l\\u00ea d\\u00e2u\",\"image\":\"http:\\/\\/localhost.com\\/index.php\\/uploads\\/2014\\/3\\/27\\/image4.jpg\",\"shortDesc\":\"mo ta sp\",\"price\":10,\"quantity\":1,\"totalPrice\":10,\"actualPrice\":10,\"taxes\":[]}],\"shipping\":{\"shippingKey\":\"standard-projecte\",\"shippingDisplayName\":\"standard\",\"shippingPrice\":\"10\"},\"addresses\":{\"shipping\":{\"fullname\":null,\"telephone\":\"123123\",\"streetAddress\":\"123123\",\"cityDistrict\":[null,\"123123\"],\"stateProvince\":[\"101\",\"hanoi\"]}}}','112f5adb0d363591fff9b378f69edd9f','127.0.0.1','Mozilla/5.0 (Windows NT 6.3; WOW64) AppleWebKit/53','2014-04-24 12:04:59',NULL);

/*Table structure for table `t_product` */

DROP TABLE IF EXISTS `t_product`;

CREATE TABLE `t_product` (
  `id` int(11) NOT NULL AUTO_INCREMENT,
  `sub_id` int(11) DEFAULT NULL,
  `name` varchar(11) COLLATE utf8_unicode_ci DEFAULT NULL,
  `sub_image` varchar(255) COLLATE utf8_unicode_ci DEFAULT NULL,
  `short_description` varchar(500) COLLATE utf8_unicode_ci DEFAULT NULL,
  `price` double DEFAULT NULL,
  `quantity` double DEFAULT NULL,
  `total_price` double DEFAULT NULL,
  `actual_price` double DEFAULT NULL,
  PRIMARY KEY (`id`)
) ENGINE=InnoDB AUTO_INCREMENT=26 DEFAULT CHARSET=utf8 COLLATE=utf8_unicode_ci;

/*Data for the table `t_product` */

insert  into `t_product`(`id`,`sub_id`,`name`,`sub_image`,`short_description`,`price`,`quantity`,`total_price`,`actual_price`) values (1,1,'Pha l du','http://localhost.com/index.php/uploads/2014/3/27/image4.jpg','mo ta sp',10,1,NULL,10),(2,1,'Pha l du','http://localhost.com/index.php/uploads/2014/3/27/image4.jpg','mo ta sp',10,1,NULL,10),(3,1,'Pha l du','http://localhost.com/index.php/uploads/2014/3/27/image4.jpg','mo ta sp',10,1,NULL,10),(4,1,'Pha l du','http://localhost.com/index.php/uploads/2014/3/27/image4.jpg','mo ta sp',10,1,NULL,10),(5,1,'Pha l du','http://localhost.com/index.php/uploads/2014/3/27/image4.jpg','mo ta sp',10,1,NULL,10),(6,1,'Pha l du','http://localhost.com/index.php/uploads/2014/3/27/image4.jpg','mo ta sp',10,1,10,10),(7,1,'Pha l du','http://localhost.com/index.php/uploads/2014/3/27/image4.jpg','mo ta sp',10,1,10,10),(8,1,'Pha l du','http://localhost.com/index.php/uploads/2014/3/27/image4.jpg','mo ta sp',10,4,40,40),(9,1,'Pha l du','http://localhost.com/index.php/uploads/2014/3/27/image4.jpg','mo ta sp',10,4,40,40),(10,1,'Pha l du','http://localhost.com/index.php/uploads/2014/3/27/image4.jpg','mo ta sp',10,4,40,40),(11,1,'Pha l du','http://localhost.com/index.php/uploads/2014/3/27/image4.jpg','mo ta sp',10,4,40,40),(12,1,'Pha l du','http://localhost.com/index.php/uploads/2014/3/27/image4.jpg','mo ta sp',10,4,40,40),(13,1,'Pha l du','http://localhost.com/index.php/uploads/2014/3/27/image4.jpg','mo ta sp',10,4,40,40),(14,1,'Pha l du','http://localhost.com/index.php/uploads/2014/3/27/image4.jpg','mo ta sp',10,4,40,40),(15,1,'Pha l du','http://localhost.com/index.php/uploads/2014/3/27/image4.jpg','mo ta sp',10,4,40,40),(16,1,'Pha l du','http://localhost.com/index.php/uploads/2014/3/27/image4.jpg','mo ta sp',10,4,40,40),(17,1,'Pha l du','http://localhost.com/index.php/uploads/2014/3/27/image4.jpg','mo ta sp',10,4,40,40),(18,1,'Pha l du','http://localhost.com/index.php/uploads/2014/3/27/image4.jpg','mo ta sp',10,4,40,40),(19,1,'Pha l du','http://localhost.com/index.php/uploads/2014/3/27/image4.jpg','mo ta sp',10,4,40,40),(20,1,'Pha l du','http://localhost.com/index.php/uploads/2014/3/27/image4.jpg','mo ta sp',10,4,40,40),(21,1,'Pha l du','http://localhost.com/index.php/uploads/2014/3/27/image4.jpg','mo ta sp',10,4,40,40),(22,1,'Pha l du','http://localhost.com/index.php/uploads/2014/3/27/image4.jpg','mo ta sp',10,4,40,40),(23,1,'Pha l du','http://localhost.com/index.php/uploads/2014/3/27/image4.jpg','mo ta sp',10,10,100,100),(24,1,'Pha l du','http://localhost.com/index.php/uploads/2014/3/27/image4.jpg','mo ta sp',10,10,100,100),(25,1,'Pha l du','http://localhost.com/index.php/uploads/2014/3/27/image4.jpg','mo ta sp',10,1,10,10);

/*Table structure for table `t_tax` */

DROP TABLE IF EXISTS `t_tax`;

CREATE TABLE `t_tax` (
  `id` int(11) NOT NULL AUTO_INCREMENT,
  `fk_product` int(11) DEFAULT NULL,
  `sub_tax_id` int(11) DEFAULT NULL,
  `sub_tax_name` varchar(50) COLLATE utf8_unicode_ci DEFAULT NULL,
  `sub_tax_value` double DEFAULT NULL,
  PRIMARY KEY (`id`),
  KEY `fk_product` (`fk_product`),
  CONSTRAINT `t_tax_ibfk_1` FOREIGN KEY (`fk_product`) REFERENCES `t_product` (`id`)
) ENGINE=InnoDB AUTO_INCREMENT=30 DEFAULT CHARSET=utf8 COLLATE=utf8_unicode_ci;

/*Data for the table `t_tax` */

insert  into `t_tax`(`id`,`fk_product`,`sub_tax_id`,`sub_tax_name`,`sub_tax_value`) values (1,22,1,'dump',0.11),(2,22,1,'dump',0.11),(3,22,1,'dump',0.11),(4,22,1,'dump',0.11),(5,22,1,'dump',0.11),(6,22,1,'dump',0.11),(7,22,1,'dump',0.11),(8,22,1,'dump',0.11),(9,22,1,'dump',0.11),(10,22,1,'dump',0.11),(11,22,1,'dump',0.11),(12,22,1,'dump',0.11),(13,22,1,'dump',0.11),(14,22,1,'dump',0.11),(15,22,1,'dump',0.11),(16,22,1,'dump',0.11),(17,22,1,'dump',0.11),(18,22,1,'dump',0.11),(19,22,1,'dump',0.11),(20,22,1,'dump',0.11),(21,22,1,'dump',0.11),(22,22,1,'dump',0.11),(23,22,1,'dump',0.11),(24,22,1,'dump',0.11),(25,22,1,'dump',0.11),(26,22,1,'dump',0.11),(27,22,1,'dump',0.11),(28,22,1,'dump',0.11),(29,22,1,'dump',0.11);

/*Table structure for table `t_user` */

DROP TABLE IF EXISTS `t_user`;

CREATE TABLE `t_user` (
  `id` int(11) NOT NULL AUTO_INCREMENT,
  `firstname` varchar(50) COLLATE utf8_unicode_ci DEFAULT NULL,
  `lastname` varchar(50) COLLATE utf8_unicode_ci DEFAULT NULL,
  `account` varchar(255) COLLATE utf8_unicode_ci DEFAULT NULL,
  `password` varchar(255) COLLATE utf8_unicode_ci DEFAULT NULL,
  `sex` enum('M','F','O') COLLATE utf8_unicode_ci DEFAULT NULL,
  `DOB` datetime DEFAULT NULL,
  `date_joined` datetime DEFAULT NULL,
  `status` tinyint(4) DEFAULT NULL,
  `status_date` datetime DEFAULT NULL,
  `status_reason` text COLLATE utf8_unicode_ci,
  `last_active` datetime DEFAULT NULL,
  `platform_key` tinyint(4) NOT NULL,
  PRIMARY KEY (`id`)
) ENGINE=InnoDB AUTO_INCREMENT=45 DEFAULT CHARSET=utf8 COLLATE=utf8_unicode_ci;

/*Data for the table `t_user` */

insert  into `t_user`(`id`,`firstname`,`lastname`,`account`,`password`,`sex`,`DOB`,`date_joined`,`status`,`status_date`,`status_reason`,`last_active`,`platform_key`) values (42,'L THANH','AN','lethanhan.bkaptech@gmail.com','123123123','M','2014-05-14 00:00:00','2014-04-02 11:04:48',0,'2014-04-02 11:04:48','To mi ti khon','2014-04-02 11:04:48',0),(43,'Le Thanh ','an ','lethanhan.bkaptech@gmail.com','123123123','M','0000-00-00 00:00:00','2014-04-02 11:04:31',0,'2014-04-02 11:04:31','To mi ti khon','2014-04-02 11:04:31',0),(44,'Le Thanh ','an ','lethanhan.bkaptech@gmail.com','123123123','M','0000-00-00 00:00:00','2014-04-02 11:04:22',1,'0000-00-00 00:00:00','Thc hin vic active user','2014-04-02 11:04:22',0);

/*Table structure for table `t_user_contact` */

DROP TABLE IF EXISTS `t_user_contact`;

CREATE TABLE `t_user_contact` (
  `id` int(11) NOT NULL AUTO_INCREMENT,
  `fk_user` int(11) DEFAULT NULL,
  `date_created` datetime DEFAULT NULL,
  `full_name` varchar(255) COLLATE utf8_unicode_ci DEFAULT NULL,
  `telephone` varchar(20) COLLATE utf8_unicode_ci DEFAULT NULL,
  `street_address` text COLLATE utf8_unicode_ci,
  `city_district` text COLLATE utf8_unicode_ci,
  `state_province` text COLLATE utf8_unicode_ci,
  PRIMARY KEY (`id`),
  KEY `fk_user` (`fk_user`),
  CONSTRAINT `t_user_contact_ibfk_2` FOREIGN KEY (`fk_user`) REFERENCES `t_user` (`id`)
) ENGINE=InnoDB AUTO_INCREMENT=36 DEFAULT CHARSET=utf8 COLLATE=utf8_unicode_ci;

/*Data for the table `t_user_contact` */

insert  into `t_user_contact`(`id`,`fk_user`,`date_created`,`full_name`,`telephone`,`street_address`,`city_district`,`state_province`) values (20,42,'2014-04-21 05:04:31','L THANH AN','12123','Chng c ci kh j c','Hair dng','101,hanoi'),(21,42,'2014-04-21 05:04:57','L THANH AN ','12123','12123',NULL,'101,hanoi'),(22,42,'2014-04-21 05:04:16','L THANH AN ','123123','123123',NULL,'101,hanoi'),(23,42,'2014-04-21 05:04:52','L THANH AN ','123123','123123',NULL,'101,hanoi'),(24,42,'2014-04-21 06:04:07','L THANH AN ','123123','123123',NULL,'101,hanoi'),(25,42,'2014-04-21 06:04:05','L THANH AN ','23123','23123',NULL,'101,hanoi'),(26,42,'2014-04-21 06:04:06','L THANH AN ','123123','123123',NULL,'101,hanoi'),(27,42,'2014-04-21 06:04:06','L THANH AN ','123123','123123',NULL,'101,hanoi'),(28,42,'2014-04-21 06:04:35','L THANH AN ','123123','123123',NULL,'101,hanoi'),(29,42,'2014-04-21 06:04:11','L THANH AN ','123123','123123',NULL,'101,hanoi'),(30,42,'2014-04-21 06:04:01','L THANH AN ','123123','123123',NULL,'101,hanoi'),(31,42,'2014-04-21 12:04:17','L THANH AN ','123123','123123',NULL,'101,hanoi'),(32,42,'2014-04-21 12:04:55','L THANH AN ','123123','123123',NULL,'101,hanoi'),(33,42,'2014-04-24 12:04:59','L THANH AN ','123123','123123',NULL,'101,hanoi'),(34,42,'2014-04-28 01:04:28','asdas','dasd',NULL,'asdasd','asdasd'),(35,42,'2014-04-28 01:04:15','L THANH AN','12123','Chng c ci kh j c 1213','Hair dng','101,hanoi');

/*Table structure for table `t_user_history` */

DROP TABLE IF EXISTS `t_user_history`;

CREATE TABLE `t_user_history` (
  `id` char(50) COLLATE utf8_unicode_ci NOT NULL,
  `fk_user` int(11) NOT NULL,
  `secret_key` varchar(50) COLLATE utf8_unicode_ci DEFAULT NULL,
  `client_ip` char(20) COLLATE utf8_unicode_ci NOT NULL,
  `user_agrent` char(50) COLLATE utf8_unicode_ci NOT NULL,
  `last_activity` char(20) COLLATE utf8_unicode_ci NOT NULL,
  `sub_system_name` varchar(50) COLLATE utf8_unicode_ci NOT NULL,
  `description` varchar(255) COLLATE utf8_unicode_ci DEFAULT NULL,
  `action_name` varchar(20) COLLATE utf8_unicode_ci NOT NULL,
  `session_id` char(20) COLLATE utf8_unicode_ci NOT NULL,
  PRIMARY KEY (`id`)
) ENGINE=InnoDB DEFAULT CHARSET=utf8 COLLATE=utf8_unicode_ci;

/*Data for the table `t_user_history` */

insert  into `t_user_history`(`id`,`fk_user`,`secret_key`,`client_ip`,`user_agrent`,`last_activity`,`sub_system_name`,`description`,`action_name`,`session_id`) values ('009f81ca-ce5a-11e3-a37d-fc4dd45603ff',42,NULL,'127.0.0.1','Mozilla/5.0 (Windows NT 6.3; WOW64) AppleWebKit/53','2014-04-28 05:04:30','PORTAL','Thay i thng tin c nhn','CHANGEINFORMATION','dfb6d517ab2b76bd0da2'),('00f09f1b-c8ca-11e3-92d9-fc4dd45603ff',42,'7cb72bdf8dfc294422c8d51176c4b68f','127.0.0.1','Mozilla/5.0 (Windows NT 6.3; WOW64) AppleWebKit/53','2014-04-21 03:04:07','PORTAL','2014-04-21 03:26:07','LOGIN','debb59371e95f7f3c459'),('02f89f2d-c8db-11e3-92d9-fc4dd45603ff',42,'7cb72bdf8dfc294422c8d51176c4b68f','127.0.0.1','Mozilla/5.0 (Windows NT 6.3; WOW64) AppleWebKit/53','2014-04-21 05:04:52','PORTAL','2014-04-21 05:27:52','LOGIN','08c276f686f845eea51e'),('031fdbfe-c8db-11e3-92d9-fc4dd45603ff',42,'7cb72bdf8dfc294422c8d51176c4b68f','127.0.0.1','Mozilla/5.0 (Windows NT 6.3; WOW64) AppleWebKit/53','2014-04-21 05:04:52','GIFT',NULL,'PAYMENT','08c276f686f845eea51e'),('04a42ed5-ce35-11e3-a37d-fc4dd45603ff',42,NULL,'127.0.0.1','Mozilla/5.0 (Windows NT 6.3; WOW64) AppleWebKit/53','2014-04-28 12:04:45','PORTAL','Thay i mt khu','CHANGEPASS','24c00dfe990bee9cc833'),('05399e1f-cc3b-11e3-8220-fc4dd45603ff',42,'7cb72bdf8dfc294422c8d51176c4b68f','127.0.0.1','Mozilla/5.0 (Windows NT 6.3; WOW64) AppleWebKit/53','2014-04-25 12:04:41','PORTAL','2014-04-25 12:32:41','LOGIN','86df2468e261d6a29e8d'),('07d39f1c-ce5a-11e3-a37d-fc4dd45603ff',42,NULL,'127.0.0.1','Mozilla/5.0 (Windows NT 6.3; WOW64) AppleWebKit/53','2014-04-28 05:04:42','PORTAL','Thay i thng tin c nhn','CHANGEINFORMATION','dfb6d517ab2b76bd0da2'),('085783a2-c5e5-11e3-b6d9-fc4dd45603ff',42,'8eb9072a7b7dbe4d48acbc9416f0452c','127.0.0.1','Mozilla/5.0 (Windows NT 6.3; WOW64; rv:28.0) Gecko','2014-04-17 11:04:02','GIFT','2014-04-17 11:02:02','LOGIN','b83475b5161d4f7126ac'),('0c8474d8-c8d6-11e3-92d9-fc4dd45603ff',42,'7cb72bdf8dfc294422c8d51176c4b68f','127.0.0.1','Mozilla/5.0 (Windows NT 6.3; WOW64) AppleWebKit/53','2014-04-21 04:04:20','PORTAL','2014-04-21 04:52:20','LOGIN','418b9d3a0411214ee8dc'),('10795a22-c8d7-11e3-92d9-fc4dd45603ff',42,'7cb72bdf8dfc294422c8d51176c4b68f','127.0.0.1','Mozilla/5.0 (Windows NT 6.3; WOW64) AppleWebKit/53','2014-04-21 04:04:37','PORTAL','2014-04-21 04:59:37','LOGIN','528271b438e53b6dc4c0'),('1085bdea-c6bc-11e3-9740-fc4dd45603ff',42,'7cb72bdf8dfc294422c8d51176c4b68f','127.0.0.1','Mozilla/5.0 (Windows NT 6.3; WOW64) AppleWebKit/53','2014-04-18 12:04:18','PORTAL','2014-04-18 12:41:18','LOGIN','9e9e5d15459629fa1b06'),('11641654-c8cf-11e3-92d9-fc4dd45603ff',42,'7cb72bdf8dfc294422c8d51176c4b68f','127.0.0.1','Mozilla/5.0 (Windows NT 6.3; WOW64) AppleWebKit/53','2014-04-21 04:04:22','PORTAL','2014-04-21 04:02:22','LOGIN','324606cc691bf1c2369f'),('146ee02b-c6b8-11e3-9740-fc4dd45603ff',42,'7cb72bdf8dfc294422c8d51176c4b68f','127.0.0.1','Mozilla/5.0 (Windows NT 6.3; WOW64) AppleWebKit/53','2014-04-18 12:04:47','PORTAL','2014-04-18 12:12:47','LOGIN','01494f14e68c8b24f859'),('14e25444-c8cb-11e3-92d9-fc4dd45603ff',42,'7cb72bdf8dfc294422c8d51176c4b68f','127.0.0.1','Mozilla/5.0 (Windows NT 6.3; WOW64) AppleWebKit/53','2014-04-21 03:04:50','PORTAL','2014-04-21 03:33:50','LOGIN','d3e4e1ec21e7ae8f597c'),('167041f9-ce84-11e3-a37d-fc4dd45603ff',42,'7cb72bdf8dfc294422c8d51176c4b68f','127.0.0.1','Mozilla/5.0 (Windows NT 6.3; WOW64) AppleWebKit/53','2014-04-28 10:04:45','PORTAL','2014-04-28 10:20:45','LOGIN','0a4c2504f2a9f9f66714'),('173a87bd-ce5f-11e3-a37d-fc4dd45603ff',42,NULL,'127.0.0.1','Mozilla/5.0 (Windows NT 6.3; WOW64) AppleWebKit/53','2014-04-28 05:04:55','PORTAL','Thay i thng tin c nhn','CHANGEINFORMATION','7a620886105464dacb5c'),('189437ef-c6b9-11e3-9740-fc4dd45603ff',42,'7cb72bdf8dfc294422c8d51176c4b68f','127.0.0.1','Mozilla/5.0 (Windows NT 6.3; WOW64) AppleWebKit/53','2014-04-18 12:04:03','PORTAL','2014-04-18 12:20:03','LOGIN','69fed27f4ccff1393146'),('18fa6a9c-ce35-11e3-a37d-fc4dd45603ff',42,NULL,'127.0.0.1','Mozilla/5.0 (Windows NT 6.3; WOW64) AppleWebKit/53','2014-04-28 12:04:19','PORTAL','Thay i mt khu','CHANGEPASS','ddf2b683f7d21d7eb416'),('191454db-c8c0-11e3-92d9-fc4dd45603ff',42,'2a5fa13bc594ec857f1069b266142a5e','127.0.0.1','Mozilla/5.0 (Windows NT 6.3; WOW64) AppleWebKit/53','2014-04-21 02:04:13','GIFT','2014-04-21 02:15:13','LOGIN','ad00b7d208f96119f133'),('1a7c431b-c8d0-11e3-92d9-fc4dd45603ff',42,'7cb72bdf8dfc294422c8d51176c4b68f','127.0.0.1','Mozilla/5.0 (Windows NT 6.3; WOW64) AppleWebKit/53','2014-04-21 04:04:47','PORTAL','2014-04-21 04:09:47','LOGIN','4719e3ca28617658cae7'),('1d674f46-ce5a-11e3-a37d-fc4dd45603ff',42,NULL,'127.0.0.1','Mozilla/5.0 (Windows NT 6.3; WOW64) AppleWebKit/53','2014-04-28 05:04:18','PORTAL','Thay i thng tin c nhn','CHANGEINFORMATION','dfb6d517ab2b76bd0da2'),('201b935e-c6b6-11e3-9740-fc4dd45603ff',42,'7cb72bdf8dfc294422c8d51176c4b68f','127.0.0.1','Mozilla/5.0 (Windows NT 6.3; WOW64) AppleWebKit/53','2014-04-18 11:04:47','PORTAL','2014-04-18 11:58:47','LOGIN','2f5ef1abd99937f6026f'),('2150be08-ce8a-11e3-a37d-fc4dd45603ff',42,NULL,'127.0.0.1','Mozilla/5.0 (Windows NT 6.3; WOW64) AppleWebKit/53','2014-04-28 11:04:01','PORTAL','Thay i thng tin c nhn','CHANGEINFORMATION','031212422c720d36b8c8'),('226a3bee-ce84-11e3-a37d-fc4dd45603ff',42,'7cb72bdf8dfc294422c8d51176c4b68f','127.0.0.1','Mozilla/5.0 (Windows NT 6.3; WOW64) AppleWebKit/53','2014-04-28 10:04:05','PORTAL','2014-04-28 10:21:05','LOGIN','0a4c2504f2a9f9f66714'),('251029d8-c8cc-11e3-92d9-fc4dd45603ff',42,'7cb72bdf8dfc294422c8d51176c4b68f','127.0.0.1','Mozilla/5.0 (Windows NT 6.3; WOW64) AppleWebKit/53','2014-04-21 03:04:27','PORTAL','2014-04-21 03:41:27','LOGIN','bdd506e5850cf869f224'),('25e21512-c913-11e3-92d9-fc4dd45603ff',42,'7cb72bdf8dfc294422c8d51176c4b68f','127.0.0.1','Mozilla/5.0 (Windows NT 6.3; WOW64) AppleWebKit/53','2014-04-21 12:04:42','PORTAL','2014-04-21 12:09:42','LOGIN','1aa9ac13a8e5b2a5c231'),('25f38fce-c5e4-11e3-b6d9-fc4dd45603ff',42,NULL,'127.0.0.1','Mozilla/5.0 (Windows NT 6.3; WOW64; rv:28.0) Gecko','2014-04-17 10:04:43','GIFT','2014-04-17 10:55:43','LOGIN','d79c59f121b88f322f86'),('26dfa4da-ce5a-11e3-a37d-fc4dd45603ff',42,NULL,'127.0.0.1','Mozilla/5.0 (Windows NT 6.3; WOW64) AppleWebKit/53','2014-04-28 05:04:34','PORTAL','Thay i thng tin c nhn','CHANGEINFORMATION','7c07abd0f7cec0b8c290'),('27546f0d-ce5a-11e3-a37d-fc4dd45603ff',42,NULL,'127.0.0.1','Mozilla/5.0 (Windows NT 6.3; WOW64) AppleWebKit/53','2014-04-28 05:04:35','PORTAL','Thay i thng tin c nhn','CHANGEINFORMATION','7c07abd0f7cec0b8c290'),('27baf34c-ce5a-11e3-a37d-fc4dd45603ff',42,NULL,'127.0.0.1','Mozilla/5.0 (Windows NT 6.3; WOW64) AppleWebKit/53','2014-04-28 05:04:36','PORTAL','Thay i thng tin c nhn','CHANGEINFORMATION','7c07abd0f7cec0b8c290'),('3230b2b1-ce63-11e3-a37d-fc4dd45603ff',42,NULL,'127.0.0.1','Mozilla/5.0 (Windows NT 6.3; WOW64) AppleWebKit/53','2014-04-28 06:04:19','PORTAL','Thay i thng tin c nhn','CHANGEINFORMATION','ba955249ce0e37ad89eb'),('3312197f-c5e4-11e3-b6d9-fc4dd45603ff',42,NULL,'127.0.0.1','Mozilla/5.0 (Windows NT 6.3; WOW64; rv:28.0) Gecko','2014-04-17 10:04:05','GIFT','2014-04-17 10:56:05','LOGIN','eecfb93635ed645546be'),('335c7fcf-c6b8-11e3-9740-fc4dd45603ff',42,'7cb72bdf8dfc294422c8d51176c4b68f','127.0.0.1','Mozilla/5.0 (Windows NT 6.3; WOW64) AppleWebKit/53','2014-04-18 12:04:38','PORTAL','2014-04-18 12:13:38','LOGIN','8d34cbacb96c8546ea5c'),('337c91b3-c8d9-11e3-92d9-fc4dd45603ff',42,'7cb72bdf8dfc294422c8d51176c4b68f','127.0.0.1','Mozilla/5.0 (Windows NT 6.3; WOW64) AppleWebKit/53','2014-04-21 05:04:54','PORTAL','2014-04-21 05:14:54','LOGIN','a30d233e1229c7cc5d6d'),('34d9576f-ce61-11e3-a37d-fc4dd45603ff',42,NULL,'127.0.0.1','Mozilla/5.0 (Windows NT 6.3; WOW64) AppleWebKit/53','2014-04-28 06:04:04','PORTAL','Thay i thng tin c nhn','CHANGEINFORMATION','df77aa96e282a52766e9'),('37664f69-c8cb-11e3-92d9-fc4dd45603ff',42,'7cb72bdf8dfc294422c8d51176c4b68f','127.0.0.1','Mozilla/5.0 (Windows NT 6.3; WOW64) AppleWebKit/53','2014-04-21 03:04:48','PORTAL','2014-04-21 03:34:48','LOGIN','ad171ae802404ce08640'),('3b1fd62f-c8d7-11e3-92d9-fc4dd45603ff',42,'7cb72bdf8dfc294422c8d51176c4b68f','127.0.0.1','Mozilla/5.0 (Windows NT 6.3; WOW64) AppleWebKit/53','2014-04-21 05:04:48','PORTAL','2014-04-21 05:00:48','LOGIN','6c31fd8345ecc07d83e1'),('3c247e74-ce63-11e3-a37d-fc4dd45603ff',42,NULL,'127.0.0.1','Mozilla/5.0 (Windows NT 6.3; WOW64) AppleWebKit/53','2014-04-28 06:04:35','PORTAL','Thay i thng tin c nhn','CHANGEINFORMATION','ba955249ce0e37ad89eb'),('3ef85110-c6c2-11e3-9740-fc4dd45603ff',42,'7cb72bdf8dfc294422c8d51176c4b68f','127.0.0.1','Mozilla/5.0 (Windows NT 6.3; WOW64) AppleWebKit/53','2014-04-18 01:04:33','PORTAL','2014-04-18 13:25:33','LOGIN','d46f27ea1ebdb4506040'),('4108088f-c8ca-11e3-92d9-fc4dd45603ff',42,'7cb72bdf8dfc294422c8d51176c4b68f','127.0.0.1','Mozilla/5.0 (Windows NT 6.3; WOW64) AppleWebKit/53','2014-04-21 03:04:55','PORTAL','2014-04-21 03:27:55','LOGIN','423bda51b5ab2dd939af'),('410adb95-ce34-11e3-a37d-fc4dd45603ff',42,NULL,'127.0.0.1','Mozilla/5.0 (Windows NT 6.3; WOW64) AppleWebKit/53','2014-04-28 12:04:17','PORTAL','Thay i mt khu','CHANGEPASS','a59c7b8275a096537d81'),('42730d8e-ce63-11e3-a37d-fc4dd45603ff',42,NULL,'127.0.0.1','Mozilla/5.0 (Windows NT 6.3; WOW64) AppleWebKit/53','2014-04-28 06:04:46','PORTAL','Thay i thng tin c nhn','CHANGEINFORMATION','ba955249ce0e37ad89eb'),('43e66dd2-c8e4-11e3-92d9-fc4dd45603ff',42,'7cb72bdf8dfc294422c8d51176c4b68f','127.0.0.1','Mozilla/5.0 (Windows NT 6.3; WOW64) AppleWebKit/53','2014-04-21 06:04:06','PORTAL','2014-04-21 06:34:06','LOGIN','b5ef84f547cbe6c30192'),('440d3216-c8e4-11e3-92d9-fc4dd45603ff',42,'7cb72bdf8dfc294422c8d51176c4b68f','127.0.0.1','Mozilla/5.0 (Windows NT 6.3; WOW64) AppleWebKit/53','2014-04-21 06:04:07','GIFT',NULL,'PAYMENT','b5ef84f547cbe6c30192'),('474dd45e-ce35-11e3-a37d-fc4dd45603ff',42,NULL,'127.0.0.1','Mozilla/5.0 (Windows NT 6.3; WOW64) AppleWebKit/53','2014-04-28 12:04:37','PORTAL','Thay i mt khu','CHANGEPASS','a45dce3b415ce071e931'),('47e4e31b-c5e4-11e3-b6d9-fc4dd45603ff',42,NULL,'127.0.0.1','Mozilla/5.0 (Windows NT 6.3; WOW64; rv:28.0) Gecko','2014-04-17 10:04:40','GIFT','2014-04-17 10:56:40','LOGIN','eecfb93635ed645546be'),('4d0ab446-c797-11e3-a22f-fc4dd45603ff',42,'96c915c9e1328bdc0cd4521026a01b47','127.0.0.1','Mozilla/5.0 (Windows NT 6.3; WOW64; rv:28.0) Gecko','2014-04-19 02:04:39','GIFT','2014-04-19 14:50:39','LOGIN','7174efcb2aca70f5c0af'),('4f2a47fa-c6b8-11e3-9740-fc4dd45603ff',42,'7cb72bdf8dfc294422c8d51176c4b68f','127.0.0.1','Mozilla/5.0 (Windows NT 6.3; WOW64) AppleWebKit/53','2014-04-18 12:04:25','PORTAL','2014-04-18 12:14:25','LOGIN','8d34cbacb96c8546ea5c'),('4f5fddd8-c8e5-11e3-92d9-fc4dd45603ff',42,'7cb72bdf8dfc294422c8d51176c4b68f','127.0.0.1','Mozilla/5.0 (Windows NT 6.3; WOW64) AppleWebKit/53','2014-04-21 06:04:35','PORTAL','2014-04-21 06:41:35','LOGIN','8a2488e6dcf116a05f95'),('4f85a541-c8e5-11e3-92d9-fc4dd45603ff',42,'7cb72bdf8dfc294422c8d51176c4b68f','127.0.0.1','Mozilla/5.0 (Windows NT 6.3; WOW64) AppleWebKit/53','2014-04-21 06:04:35','GIFT',NULL,'PAYMENT','8a2488e6dcf116a05f95'),('4fbe57e2-ce35-11e3-a37d-fc4dd45603ff',42,NULL,'127.0.0.1','Mozilla/5.0 (Windows NT 6.3; WOW64) AppleWebKit/53','2014-04-28 12:04:51','PORTAL','Thay i mt khu','CHANGEPASS','a45dce3b415ce071e931'),('53da0716-cef5-11e3-be82-fc4dd45603ff',42,'7cb72bdf8dfc294422c8d51176c4b68f','127.0.0.1','Mozilla/5.0 (Windows NT 6.3; WOW64) AppleWebKit/53','2014-04-28 11:04:22','PORTAL','2014-04-28 23:51:22','LOGIN','421020730ebd2e916fd0'),('54bcf755-c6bc-11e3-9740-fc4dd45603ff',42,'7cb72bdf8dfc294422c8d51176c4b68f','127.0.0.1','Mozilla/5.0 (Windows NT 6.3; WOW64) AppleWebKit/53','2014-04-18 12:04:12','PORTAL','2014-04-18 12:43:12','LOGIN','8a1303cd22ff8923bfa7'),('569bcb0a-c6b7-11e3-9740-fc4dd45603ff',42,'7cb72bdf8dfc294422c8d51176c4b68f','127.0.0.1','Mozilla/5.0 (Windows NT 6.3; WOW64) AppleWebKit/53','2014-04-18 12:04:28','PORTAL','2014-04-18 12:07:28','LOGIN','dcc5b600ddb03e87743e'),('58321d0c-c8ca-11e3-92d9-fc4dd45603ff',42,'7cb72bdf8dfc294422c8d51176c4b68f','127.0.0.1','Mozilla/5.0 (Windows NT 6.3; WOW64) AppleWebKit/53','2014-04-21 03:04:33','PORTAL','2014-04-21 03:28:33','LOGIN','423bda51b5ab2dd939af'),('5a364d65-c6c2-11e3-9740-fc4dd45603ff',42,'7cb72bdf8dfc294422c8d51176c4b68f','127.0.0.1','Mozilla/5.0 (Windows NT 6.3; WOW64) AppleWebKit/53','2014-04-18 01:04:19','PORTAL','2014-04-18 13:26:19','LOGIN','d46f27ea1ebdb4506040'),('5ac462d9-cd1a-11e3-b2a3-fc4dd45603ff',42,'7cb72bdf8dfc294422c8d51176c4b68f','127.0.0.1','Mozilla/5.0 (Windows NT 6.3; WOW64) AppleWebKit/53','2014-04-26 03:04:22','PORTAL','2014-04-26 15:11:22','LOGIN','ceeeb421b9c166b15a43'),('5b800bfe-c8d7-11e3-92d9-fc4dd45603ff',42,'7cb72bdf8dfc294422c8d51176c4b68f','127.0.0.1','Mozilla/5.0 (Windows NT 6.3; WOW64) AppleWebKit/53','2014-04-21 05:04:42','PORTAL','2014-04-21 05:01:42','LOGIN','effeb3a3ae2ee5e71234'),('5ba564a3-c8d7-11e3-92d9-fc4dd45603ff',42,'7cb72bdf8dfc294422c8d51176c4b68f','127.0.0.1','Mozilla/5.0 (Windows NT 6.3; WOW64) AppleWebKit/53','2014-04-21 05:04:43','GIFT',NULL,'PAYMENT','effeb3a3ae2ee5e71234'),('5d53d7e5-c8d0-11e3-92d9-fc4dd45603ff',42,'7cb72bdf8dfc294422c8d51176c4b68f','127.0.0.1','Mozilla/5.0 (Windows NT 6.3; WOW64) AppleWebKit/53','2014-04-21 04:04:39','PORTAL','2014-04-21 04:11:39','LOGIN','d7d30ec31a82f160513a'),('5f6fc9f5-ce5f-11e3-a37d-fc4dd45603ff',42,NULL,'127.0.0.1','Mozilla/5.0 (Windows NT 6.3; WOW64) AppleWebKit/53','2014-04-28 05:04:56','PORTAL','Thay i thng tin c nhn','CHANGEINFORMATION','dbd4b292af9452e6d2b9'),('633ce81a-c8cf-11e3-92d9-fc4dd45603ff',42,'7cb72bdf8dfc294422c8d51176c4b68f','127.0.0.1','Mozilla/5.0 (Windows NT 6.3; WOW64) AppleWebKit/53','2014-04-21 04:04:39','PORTAL','2014-04-21 04:04:39','LOGIN','fb9690c9ef6bd91558e1'),('64831353-c8e5-11e3-92d9-fc4dd45603ff',42,'7cb72bdf8dfc294422c8d51176c4b68f','127.0.0.1','Mozilla/5.0 (Windows NT 6.3; WOW64) AppleWebKit/53','2014-04-21 06:04:11','PORTAL','2014-04-21 06:42:11','LOGIN','8a2488e6dcf116a05f95'),('64aa0237-c8e5-11e3-92d9-fc4dd45603ff',42,'7cb72bdf8dfc294422c8d51176c4b68f','127.0.0.1','Mozilla/5.0 (Windows NT 6.3; WOW64) AppleWebKit/53','2014-04-21 06:04:11','GIFT',NULL,'PAYMENT','8a2488e6dcf116a05f95'),('656310ed-bc19-11e3-80cb-f82fa8c904ca',43,NULL,'127.0.0.1','','2014-04-04 11:04:41','PORTAL','Thay i mt khu','CHANGEPASS','1373fd7f894351c4e6b7'),('66d64a0f-c8e4-11e3-92d9-fc4dd45603ff',42,'7cb72bdf8dfc294422c8d51176c4b68f','127.0.0.1','Mozilla/5.0 (Windows NT 6.3; WOW64) AppleWebKit/53','2014-04-21 06:04:05','PORTAL','2014-04-21 06:35:05','LOGIN','c12f76be4c139de46872'),('66fc1b5d-c8e4-11e3-92d9-fc4dd45603ff',42,'7cb72bdf8dfc294422c8d51176c4b68f','127.0.0.1','Mozilla/5.0 (Windows NT 6.3; WOW64) AppleWebKit/53','2014-04-21 06:04:05','GIFT',NULL,'PAYMENT','c12f76be4c139de46872'),('6747a702-c6b9-11e3-9740-fc4dd45603ff',42,'7cb72bdf8dfc294422c8d51176c4b68f','127.0.0.1','Mozilla/5.0 (Windows NT 6.3; WOW64) AppleWebKit/53','2014-04-18 12:04:15','PORTAL','2014-04-18 12:22:15','LOGIN','3c244f3352f817e3f5ff'),('682e6579-ce35-11e3-a37d-fc4dd45603ff',42,NULL,'127.0.0.1','Mozilla/5.0 (Windows NT 6.3; WOW64) AppleWebKit/53','2014-04-28 12:04:32','PORTAL','Thay i mt khu','CHANGEPASS','a45dce3b415ce071e931'),('6f4d2686-c6be-11e3-9740-fc4dd45603ff',42,'7cb72bdf8dfc294422c8d51176c4b68f','127.0.0.1','Mozilla/5.0 (Windows NT 6.3; WOW64) AppleWebKit/53','2014-04-18 12:04:16','PORTAL','2014-04-18 12:58:16','LOGIN','dbb54d6cc16afa7e09f7'),('74a3d71f-c8d0-11e3-92d9-fc4dd45603ff',42,'7cb72bdf8dfc294422c8d51176c4b68f','127.0.0.1','Mozilla/5.0 (Windows NT 6.3; WOW64) AppleWebKit/53','2014-04-21 04:04:18','PORTAL','2014-04-21 04:12:18','LOGIN','c687deeb781c528f4429'),('76867ac2-c8da-11e3-92d9-fc4dd45603ff',42,'7cb72bdf8dfc294422c8d51176c4b68f','127.0.0.1','Mozilla/5.0 (Windows NT 6.3; WOW64) AppleWebKit/53','2014-04-21 05:04:56','PORTAL','2014-04-21 05:23:56','LOGIN','74f18e8b4e4aae229160'),('78fedd84-c5f1-11e3-b6d9-fc4dd45603ff',42,'7cb72bdf8dfc294422c8d51176c4b68f','127.0.0.1','Mozilla/5.0 (Windows NT 6.3; WOW64; rv:28.0) Gecko','2014-04-17 12:04:05','PORTAL','2014-04-17 12:31:05','LOGIN','28a3fe82e7ea81cf3c66'),('7ae6442c-c8ca-11e3-92d9-fc4dd45603ff',42,'7cb72bdf8dfc294422c8d51176c4b68f','127.0.0.1','Mozilla/5.0 (Windows NT 6.3; WOW64) AppleWebKit/53','2014-04-21 03:04:32','PORTAL','2014-04-21 03:29:32','LOGIN','ad574ddc754e0d65f149'),('7c2ad050-c6b6-11e3-9740-fc4dd45603ff',42,'7cb72bdf8dfc294422c8d51176c4b68f','127.0.0.1','Mozilla/5.0 (Windows NT 6.3; WOW64) AppleWebKit/53','2014-04-18 12:04:22','PORTAL','2014-04-18 12:01:22','LOGIN','524716f41fb524bc3667'),('7c5fa928-c914-11e3-92d9-fc4dd45603ff',42,'7cb72bdf8dfc294422c8d51176c4b68f','127.0.0.1','Mozilla/5.0 (Windows NT 6.3; WOW64) AppleWebKit/53','2014-04-21 12:04:17','PORTAL','2014-04-21 12:19:17','LOGIN','a8ed31d2e3bf3e9155be'),('7c871251-c914-11e3-92d9-fc4dd45603ff',42,'7cb72bdf8dfc294422c8d51176c4b68f','127.0.0.1','Mozilla/5.0 (Windows NT 6.3; WOW64) AppleWebKit/53','2014-04-21 12:04:17','GIFT',NULL,'PAYMENT','a8ed31d2e3bf3e9155be'),('7e476140-c8cd-11e3-92d9-fc4dd45603ff',42,'7cb72bdf8dfc294422c8d51176c4b68f','127.0.0.1','Mozilla/5.0 (Windows NT 6.3; WOW64) AppleWebKit/53','2014-04-21 03:04:06','PORTAL','2014-04-21 03:51:06','LOGIN','dd289a97a5c11621223f'),('7e946e46-bc19-11e3-80cb-f82fa8c904ca',43,NULL,'127.0.0.1','','2014-04-04 11:04:23','PORTAL','Reset mt khu','RESETPASS','1373fd7f894351c4e6b7'),('7f09e190-ce35-11e3-a37d-fc4dd45603ff',42,NULL,'127.0.0.1','Mozilla/5.0 (Windows NT 6.3; WOW64) AppleWebKit/53','2014-04-28 12:04:11','PORTAL','Thay i mt khu','CHANGEPASS','de1e8370a511244f725f'),('7fddf5f2-cc47-11e3-8220-fc4dd45603ff',42,'cd739e746ce1232415ddb99bd786ba57','127.0.0.1','Mozilla/5.0 (Windows NT 6.3; WOW64) AppleWebKit/53','2014-04-25 02:04:01','GIFT','2014-04-25 14:02:01','LOGIN','6f9e6a0396a5da0551d3'),('8042ae12-c8e4-11e3-92d9-fc4dd45603ff',42,'7cb72bdf8dfc294422c8d51176c4b68f','127.0.0.1','Mozilla/5.0 (Windows NT 6.3; WOW64) AppleWebKit/53','2014-04-21 06:04:48','PORTAL','2014-04-21 06:35:48','LOGIN','c12f76be4c139de46872'),('83574396-bcc5-11e3-a78d-f82fa8c904ca',42,NULL,'127.0.0.1','','2014-04-05 08:04:44','PORTAL','Thay i thng tin c nhn','CHANGEINFORMATION','71b25cd75af2f2995d77'),('83a740db-c5e5-11e3-b6d9-fc4dd45603ff',42,'f6e3811b480d97a3254a3e247bb3ea08','127.0.0.1','Mozilla/5.0 (Windows NT 6.3; WOW64; rv:28.0) Gecko','2014-04-17 11:04:29','GIFT','2014-04-17 11:05:29','LOGIN','690f1f965c5d0a3abbc2'),('8602dfb7-ce2d-11e3-8648-fc4dd45603ff',42,'7cb72bdf8dfc294422c8d51176c4b68f','127.0.0.1','Mozilla/5.0 (Windows NT 6.3; WOW64) AppleWebKit/53','2014-04-28 12:04:06','PORTAL','2014-04-28 00:01:06','LOGIN','bdc4f2914f872ed100d2'),('87788d38-c6b7-11e3-9740-fc4dd45603ff',42,'7cb72bdf8dfc294422c8d51176c4b68f','127.0.0.1','Mozilla/5.0 (Windows NT 6.3; WOW64) AppleWebKit/53','2014-04-18 12:04:50','PORTAL','2014-04-18 12:08:50','LOGIN','3180351d04d76b237ce1'),('883108ea-c8d6-11e3-92d9-fc4dd45603ff',42,'7cb72bdf8dfc294422c8d51176c4b68f','127.0.0.1','Mozilla/5.0 (Windows NT 6.3; WOW64) AppleWebKit/53','2014-04-21 04:04:48','PORTAL','2014-04-21 04:55:48','LOGIN','964c89237ca9c2f66b8d'),('88b10493-c6c2-11e3-9740-fc4dd45603ff',42,'7cb72bdf8dfc294422c8d51176c4b68f','127.0.0.1','Mozilla/5.0 (Windows NT 6.3; WOW64) AppleWebKit/53','2014-04-18 01:04:37','PORTAL','2014-04-18 13:27:37','LOGIN','378f776a2acbb73412f9'),('8acefe79-c8e4-11e3-92d9-fc4dd45603ff',42,'7cb72bdf8dfc294422c8d51176c4b68f','127.0.0.1','Mozilla/5.0 (Windows NT 6.3; WOW64) AppleWebKit/53','2014-04-21 06:04:05','PORTAL','2014-04-21 06:36:05','LOGIN','4092adc60e596da82613'),('8af54016-c8e4-11e3-92d9-fc4dd45603ff',42,'7cb72bdf8dfc294422c8d51176c4b68f','127.0.0.1','Mozilla/5.0 (Windows NT 6.3; WOW64) AppleWebKit/53','2014-04-21 06:04:06','GIFT',NULL,'PAYMENT','4092adc60e596da82613'),('8de315ac-c8cb-11e3-92d9-fc4dd45603ff',42,'7cb72bdf8dfc294422c8d51176c4b68f','127.0.0.1','Mozilla/5.0 (Windows NT 6.3; WOW64) AppleWebKit/53','2014-04-21 03:04:13','PORTAL','2014-04-21 03:37:13','LOGIN','a846c58384ce1a828170'),('8e1cfa4f-c8d0-11e3-92d9-fc4dd45603ff',42,'7cb72bdf8dfc294422c8d51176c4b68f','127.0.0.1','Mozilla/5.0 (Windows NT 6.3; WOW64) AppleWebKit/53','2014-04-21 04:04:01','PORTAL','2014-04-21 04:13:01','LOGIN','c687deeb781c528f4429'),('8f57415f-c6b9-11e3-9740-fc4dd45603ff',42,'7cb72bdf8dfc294422c8d51176c4b68f','127.0.0.1','Mozilla/5.0 (Windows NT 6.3; WOW64) AppleWebKit/53','2014-04-18 12:04:22','PORTAL','2014-04-18 12:23:22','LOGIN','fb0cf7aa8fbc31fe33eb'),('8f8de76c-c6bc-11e3-9740-fc4dd45603ff',42,'7cb72bdf8dfc294422c8d51176c4b68f','127.0.0.1','Mozilla/5.0 (Windows NT 6.3; WOW64) AppleWebKit/53','2014-04-18 12:04:51','PORTAL','2014-04-18 12:44:51','LOGIN','f32892647eef918c26c2'),('90cf087f-c8d9-11e3-92d9-fc4dd45603ff',42,'7cb72bdf8dfc294422c8d51176c4b68f','127.0.0.1','Mozilla/5.0 (Windows NT 6.3; WOW64) AppleWebKit/53','2014-04-21 05:04:31','PORTAL','2014-04-21 05:17:31','LOGIN','ba04ece5317353c85336'),('925d5b3d-c5ea-11e3-b6d9-fc4dd45603ff',42,'199945b95e03ca9af9405280e0eb9368','127.0.0.1','Mozilla/5.0 (Windows NT 6.3; WOW64) AppleWebKit/53','2014-04-17 11:04:41','GIFT','2014-04-17 11:41:41','LOGIN','10cc48187ca65cafe9bb'),('92ec7ebd-bcc5-11e3-a78d-f82fa8c904ca',42,NULL,'127.0.0.1','','2014-04-05 08:04:11','PORTAL','Thay i thng tin c nhn','CHANGEINFORMATION','71b25cd75af2f2995d77'),('94d32eaa-ce63-11e3-a37d-fc4dd45603ff',42,NULL,'127.0.0.1','Mozilla/5.0 (Windows NT 6.3; WOW64) AppleWebKit/53','2014-04-28 06:04:04','PORTAL','Thay i thng tin c nhn','CHANGEINFORMATION','68f3a9e707e31930a834'),('98ae8fbf-ce2a-11e3-8648-fc4dd45603ff',42,'7cb72bdf8dfc294422c8d51176c4b68f','127.0.0.1','Mozilla/5.0 (Windows NT 6.3; WOW64) AppleWebKit/53','2014-04-27 11:04:09','PORTAL','2014-04-27 23:40:09','LOGIN','308cf84fa39efba7e849'),('992e57d8-ce5a-11e3-a37d-fc4dd45603ff',42,NULL,'127.0.0.1','Mozilla/5.0 (Windows NT 6.3; WOW64) AppleWebKit/53','2014-04-28 05:04:46','PORTAL','Thay i thng tin c nhn','CHANGEINFORMATION','e31857a5fcd7ae381af9'),('9add02cb-cb75-11e3-8cdc-fc4dd45603ff',42,'cd739e746ce1232415ddb99bd786ba57','127.0.0.1','Mozilla/5.0 (Windows NT 6.3; WOW64) AppleWebKit/53','2014-04-24 12:04:32','GIFT','2014-04-24 12:59:32','LOGIN','77d9f227fecb60f0ed47'),('9b631679-cddf-11e3-8648-fc4dd45603ff',42,'7cb72bdf8dfc294422c8d51176c4b68f','127.0.0.1','Mozilla/5.0 (Windows NT 6.3; WOW64) AppleWebKit/53','2014-04-27 02:04:21','PORTAL','2014-04-27 14:43:21','LOGIN','312db37f108acc678413'),('9b747ec3-c8c9-11e3-92d9-fc4dd45603ff',42,'7cb72bdf8dfc294422c8d51176c4b68f','127.0.0.1','Mozilla/5.0 (Windows NT 6.3; WOW64) AppleWebKit/53','2014-04-21 03:04:17','PORTAL','2014-04-21 03:23:17','LOGIN','a7f97ac4437ac6fc1840'),('9be560a2-ce63-11e3-a37d-fc4dd45603ff',42,NULL,'127.0.0.1','Mozilla/5.0 (Windows NT 6.3; WOW64) AppleWebKit/53','2014-04-28 06:04:16','PORTAL','Thay i thng tin c nhn','CHANGEINFORMATION','68f3a9e707e31930a834'),('9d2f85f6-ce63-11e3-a37d-fc4dd45603ff',42,NULL,'127.0.0.1','Mozilla/5.0 (Windows NT 6.3; WOW64) AppleWebKit/53','2014-04-28 06:04:18','PORTAL','Thay i thng tin c nhn','CHANGEINFORMATION','68f3a9e707e31930a834'),('9d499b69-bc19-11e3-80cb-f82fa8c904ca',43,NULL,'127.0.0.1','','2014-04-04 11:04:15','PORTAL','Reset mt khu','RESETPASS','fc8ec855ba5469f948f4'),('9f54403e-c5ef-11e3-b6d9-fc4dd45603ff',42,'7cb72bdf8dfc294422c8d51176c4b68f','127.0.0.1','Mozilla/5.0 (Windows NT 6.3; WOW64; rv:28.0) Gecko','2014-04-17 12:04:51','PORTAL','2014-04-17 12:17:51','LOGIN','e91d43dcfeb56f9db883'),('a054575f-ce63-11e3-a37d-fc4dd45603ff',42,NULL,'127.0.0.1','Mozilla/5.0 (Windows NT 6.3; WOW64) AppleWebKit/53','2014-04-28 06:04:23','PORTAL','Thay i thng tin c nhn','CHANGEINFORMATION','68f3a9e707e31930a834'),('a0a191ce-ce35-11e3-a37d-fc4dd45603ff',42,NULL,'127.0.0.1','Mozilla/5.0 (Windows NT 6.3; WOW64) AppleWebKit/53','2014-04-28 12:04:07','PORTAL','Thay i mt khu','CHANGEPASS','0e106d464d2d6e31b8f4'),('a1e27da5-ce63-11e3-a37d-fc4dd45603ff',42,NULL,'127.0.0.1','Mozilla/5.0 (Windows NT 6.3; WOW64) AppleWebKit/53','2014-04-28 06:04:26','PORTAL','Thay i thng tin c nhn','CHANGEINFORMATION','68f3a9e707e31930a834'),('a5e40420-c8da-11e3-92d9-fc4dd45603ff',42,'7cb72bdf8dfc294422c8d51176c4b68f','127.0.0.1','Mozilla/5.0 (Windows NT 6.3; WOW64) AppleWebKit/53','2014-04-21 05:04:16','PORTAL','2014-04-21 05:25:16','LOGIN','31575358313d21bdb259'),('a6844376-bc19-11e3-80cb-f82fa8c904ca',43,NULL,'127.0.0.1','','2014-04-04 11:04:30','PORTAL','Reset mt khu','RESETPASS','fc8ec855ba5469f948f4'),('a852698e-c6a4-11e3-9740-fc4dd45603ff',42,'7cb72bdf8dfc294422c8d51176c4b68f','127.0.0.1','Mozilla/5.0 (Windows NT 6.3; WOW64) AppleWebKit/53','2014-04-18 09:04:45','PORTAL','2014-04-18 09:53:45','LOGIN','9a427d3c7252a26fa13b'),('ab28220f-cb75-11e3-8cdc-fc4dd45603ff',42,'7cb72bdf8dfc294422c8d51176c4b68f','127.0.0.1','Mozilla/5.0 (Windows NT 6.3; WOW64) AppleWebKit/53','2014-04-24 12:04:59','PORTAL','2014-04-24 12:59:59','LOGIN','112f5adb0d363591fff9'),('ab686687-cb75-11e3-8cdc-fc4dd45603ff',42,'cd739e746ce1232415ddb99bd786ba57','127.0.0.1','Mozilla/5.0 (Windows NT 6.3; WOW64) AppleWebKit/53','2014-04-24 12:04:59','GIFT',NULL,'PAYMENT','112f5adb0d363591fff9'),('ab947be6-c6b6-11e3-9740-fc4dd45603ff',42,'7cb72bdf8dfc294422c8d51176c4b68f','127.0.0.1','Mozilla/5.0 (Windows NT 6.3; WOW64) AppleWebKit/53','2014-04-18 12:04:41','PORTAL','2014-04-18 12:02:41','LOGIN','da32bd185e9eac2d93a3'),('ac149fb8-c8ca-11e3-92d9-fc4dd45603ff',42,'7cb72bdf8dfc294422c8d51176c4b68f','127.0.0.1','Mozilla/5.0 (Windows NT 6.3; WOW64) AppleWebKit/53','2014-04-21 03:04:54','PORTAL','2014-04-21 03:30:54','LOGIN','a1db7f0601e2863ad0bb'),('b0f31a5e-c8cb-11e3-92d9-fc4dd45603ff',42,'7cb72bdf8dfc294422c8d51176c4b68f','127.0.0.1','Mozilla/5.0 (Windows NT 6.3; WOW64) AppleWebKit/53','2014-04-21 03:04:12','PORTAL','2014-04-21 03:38:12','LOGIN','09b5a412da6ac9a45fd1'),('b0f96cc4-c6c2-11e3-9740-fc4dd45603ff',42,'7cb72bdf8dfc294422c8d51176c4b68f','127.0.0.1','Mozilla/5.0 (Windows NT 6.3; WOW64) AppleWebKit/53','2014-04-18 01:04:44','PORTAL','2014-04-18 13:28:44','LOGIN','5e698c9a3ca5c4e1626e'),('b6f8214c-c914-11e3-92d9-fc4dd45603ff',42,'7cb72bdf8dfc294422c8d51176c4b68f','127.0.0.1','Mozilla/5.0 (Windows NT 6.3; WOW64) AppleWebKit/53','2014-04-21 12:04:55','PORTAL','2014-04-21 12:20:55','LOGIN','ab64909801d549ef2204'),('b71e7c13-c914-11e3-92d9-fc4dd45603ff',42,'7cb72bdf8dfc294422c8d51176c4b68f','127.0.0.1','Mozilla/5.0 (Windows NT 6.3; WOW64) AppleWebKit/53','2014-04-21 12:04:56','GIFT',NULL,'PAYMENT','ab64909801d549ef2204'),('b90744fd-c5e4-11e3-b6d9-fc4dd45603ff',42,NULL,'127.0.0.1','Mozilla/5.0 (Windows NT 6.3; WOW64; rv:28.0) Gecko','2014-04-17 10:04:49','GIFT','2014-04-17 10:59:49','LOGIN','402bfbbc57f419ef7f16'),('ba004d8f-c6bb-11e3-9740-fc4dd45603ff',42,'7cb72bdf8dfc294422c8d51176c4b68f','127.0.0.1','Mozilla/5.0 (Windows NT 6.3; WOW64) AppleWebKit/53','2014-04-18 12:04:53','PORTAL','2014-04-18 12:38:53','LOGIN','05a415d4f94206dcb4df'),('bba440f5-bcc6-11e3-a78d-f82fa8c904ca',42,NULL,'127.0.0.1','','2014-04-05 08:04:28','PORTAL','Thay i thng tin c nhn','CHANGEINFORMATION','7f4f5fe9ed0edd288f2c'),('bc157714-bc19-11e3-80cb-f82fa8c904ca',43,NULL,'127.0.0.1','','2014-04-04 11:04:06','PORTAL','Thay i mt khu','CHANGEPASS','fc8ec855ba5469f948f4'),('bc8f609c-c6b9-11e3-9740-fc4dd45603ff',42,'7cb72bdf8dfc294422c8d51176c4b68f','127.0.0.1','Mozilla/5.0 (Windows NT 6.3; WOW64) AppleWebKit/53','2014-04-18 12:04:38','PORTAL','2014-04-18 12:24:38','LOGIN','3c5a374b00eb3bc4c617'),('c1b9b4fa-c6b8-11e3-9740-fc4dd45603ff',42,'7cb72bdf8dfc294422c8d51176c4b68f','127.0.0.1','Mozilla/5.0 (Windows NT 6.3; WOW64) AppleWebKit/53','2014-04-18 12:04:37','PORTAL','2014-04-18 12:17:37','LOGIN','d26d7d8ce7f410a70ad1'),('c1f0ebce-bcc6-11e3-a78d-f82fa8c904ca',42,NULL,'127.0.0.1','','2014-04-05 08:04:39','PORTAL','Thay i thng tin c nhn','CHANGEINFORMATION','7f4f5fe9ed0edd288f2c'),('c3555ff8-c8d0-11e3-92d9-fc4dd45603ff',42,'7cb72bdf8dfc294422c8d51176c4b68f','127.0.0.1','Mozilla/5.0 (Windows NT 6.3; WOW64) AppleWebKit/53','2014-04-21 04:04:30','PORTAL','2014-04-21 04:14:30','LOGIN','3979da4d534ab94ce323'),('c5faa980-bc19-11e3-80cb-f82fa8c904ca',43,NULL,'127.0.0.1','','2014-04-04 11:04:23','PORTAL','Reset mt khu','RESETPASS','5dd91e86d1e8fa881b52'),('c77b2ca8-cd10-11e3-b2a3-fc4dd45603ff',42,'7cb72bdf8dfc294422c8d51176c4b68f','127.0.0.1','Mozilla/5.0 (Windows NT 6.3; WOW64) AppleWebKit/53','2014-04-26 02:04:50','PORTAL','2014-04-26 14:02:50','LOGIN','d21f7cf63028f2d7951b'),('c7c899b2-c5ef-11e3-b6d9-fc4dd45603ff',42,'7cb72bdf8dfc294422c8d51176c4b68f','127.0.0.1','Mozilla/5.0 (Windows NT 6.3; WOW64; rv:28.0) Gecko','2014-04-17 12:04:59','PORTAL','2014-04-17 12:18:59','LOGIN','5ac433c0e08b7628663f'),('ca1beec6-c8cf-11e3-92d9-fc4dd45603ff',42,'7cb72bdf8dfc294422c8d51176c4b68f','127.0.0.1','Mozilla/5.0 (Windows NT 6.3; WOW64) AppleWebKit/53','2014-04-21 04:04:32','PORTAL','2014-04-21 04:07:32','LOGIN','3ecc5eeb642aac66dd6b'),('ca26deb9-c8e5-11e3-92d9-fc4dd45603ff',42,'7cb72bdf8dfc294422c8d51176c4b68f','127.0.0.1','Mozilla/5.0 (Windows NT 6.3; WOW64) AppleWebKit/53','2014-04-21 06:04:01','PORTAL','2014-04-21 06:45:01','LOGIN','2819ae30e42da484382b'),('ca4de87a-c8e5-11e3-92d9-fc4dd45603ff',42,'7cb72bdf8dfc294422c8d51176c4b68f','127.0.0.1','Mozilla/5.0 (Windows NT 6.3; WOW64) AppleWebKit/53','2014-04-21 06:04:01','GIFT',NULL,'PAYMENT','2819ae30e42da484382b'),('cb60c595-c8cb-11e3-92d9-fc4dd45603ff',42,'7cb72bdf8dfc294422c8d51176c4b68f','127.0.0.1','Mozilla/5.0 (Windows NT 6.3; WOW64) AppleWebKit/53','2014-04-21 03:04:56','PORTAL','2014-04-21 03:38:56','LOGIN','09b5a412da6ac9a45fd1'),('ccda5227-c6b7-11e3-9740-fc4dd45603ff',42,'7cb72bdf8dfc294422c8d51176c4b68f','127.0.0.1','Mozilla/5.0 (Windows NT 6.3; WOW64) AppleWebKit/53','2014-04-18 12:04:46','PORTAL','2014-04-18 12:10:46','LOGIN','6352c94c1d0b41aa345e'),('cdb521dd-c6c1-11e3-9740-fc4dd45603ff',42,'7cb72bdf8dfc294422c8d51176c4b68f','127.0.0.1','Mozilla/5.0 (Windows NT 6.3; WOW64) AppleWebKit/53','2014-04-18 01:04:23','PORTAL','2014-04-18 13:22:23','LOGIN','44111aa9f643eaf2885d'),('cf1a0392-c8cd-11e3-92d9-fc4dd45603ff',42,'7cb72bdf8dfc294422c8d51176c4b68f','127.0.0.1','Mozilla/5.0 (Windows NT 6.3; WOW64) AppleWebKit/53','2014-04-21 03:04:21','PORTAL','2014-04-21 03:53:21','LOGIN','6bfb2a0749a7994f1f06'),('d62c1729-c6bc-11e3-9740-fc4dd45603ff',42,'7cb72bdf8dfc294422c8d51176c4b68f','127.0.0.1','Mozilla/5.0 (Windows NT 6.3; WOW64) AppleWebKit/53','2014-04-18 12:04:50','PORTAL','2014-04-18 12:46:50','LOGIN','d5bd2feb243f67bc884b'),('dbed9ff5-c6be-11e3-9740-fc4dd45603ff',42,'7cb72bdf8dfc294422c8d51176c4b68f','127.0.0.1','Mozilla/5.0 (Windows NT 6.3; WOW64) AppleWebKit/53','2014-04-18 01:04:18','PORTAL','2014-04-18 13:01:18','LOGIN','734bc3c00bc3780e3f9e'),('dc64573b-cc38-11e3-8220-fc4dd45603ff',42,'7cb72bdf8dfc294422c8d51176c4b68f','127.0.0.1','Mozilla/5.0 (Windows NT 6.3; WOW64) AppleWebKit/53','2014-04-25 12:04:13','PORTAL','2014-04-25 12:17:13','LOGIN','235ce8eba89bfcaad033'),('df1e9405-bc19-11e3-80cb-f82fa8c904ca',43,NULL,'127.0.0.1','','2014-04-04 11:04:05','PORTAL','Thay i mt khu','CHANGEPASS','5dd91e86d1e8fa881b52'),('e086e15d-c8d8-11e3-92d9-fc4dd45603ff',42,'7cb72bdf8dfc294422c8d51176c4b68f','127.0.0.1','Mozilla/5.0 (Windows NT 6.3; WOW64) AppleWebKit/53','2014-04-21 05:04:35','PORTAL','2014-04-21 05:12:35','LOGIN','67591bcae394da9860bf'),('e22103ae-c8cf-11e3-92d9-fc4dd45603ff',42,'7cb72bdf8dfc294422c8d51176c4b68f','127.0.0.1','Mozilla/5.0 (Windows NT 6.3; WOW64) AppleWebKit/53','2014-04-21 04:04:12','PORTAL','2014-04-21 04:08:12','LOGIN','3ecc5eeb642aac66dd6b'),('e245c0ab-c5ec-11e3-b6d9-fc4dd45603ff',42,'f6e3811b480d97a3254a3e247bb3ea08','127.0.0.1','Mozilla/5.0 (Windows NT 6.3; WOW64; rv:28.0) Gecko','2014-04-17 11:04:15','GIFT','2014-04-17 11:58:15','LOGIN','95f38127eb5bcdb707e2'),('e50318d8-c6bc-11e3-9740-fc4dd45603ff',42,'7cb72bdf8dfc294422c8d51176c4b68f','127.0.0.1','Mozilla/5.0 (Windows NT 6.3; WOW64) AppleWebKit/53','2014-04-18 12:04:14','PORTAL','2014-04-18 12:47:14','LOGIN','d5bd2feb243f67bc884b'),('e513c774-c8c9-11e3-92d9-fc4dd45603ff',42,'7cb72bdf8dfc294422c8d51176c4b68f','127.0.0.1','Mozilla/5.0 (Windows NT 6.3; WOW64) AppleWebKit/53','2014-04-21 03:04:20','PORTAL','2014-04-21 03:25:20','LOGIN','e0e77646f017b2a30be4'),('e92cb8c1-ce63-11e3-a37d-fc4dd45603ff',42,NULL,'127.0.0.1','Mozilla/5.0 (Windows NT 6.3; WOW64) AppleWebKit/53','2014-04-28 06:04:26','PORTAL','Thay i thng tin c nhn','CHANGEINFORMATION','92a7c0fd1ea522442ab9'),('e9742261-cce1-11e3-bea5-fc4dd45603ff',42,'cd739e746ce1232415ddb99bd786ba57','127.0.0.1','Mozilla/5.0 (Windows NT 6.3; WOW64) AppleWebKit/53','2014-04-26 08:04:20','GIFT','2014-04-26 08:27:20','LOGIN','0f4f6d462382710333bd'),('ea14c951-c5e3-11e3-b6d9-fc4dd45603ff',42,NULL,'127.0.0.1','Mozilla/5.0 (Windows NT 6.3; WOW64; rv:28.0) Gecko','2014-04-17 10:04:02','GIFT','2014-04-17 10:54:02','LOGIN','9c7bede93e99b2dd0863'),('ed625137-ce60-11e3-a37d-fc4dd45603ff',42,NULL,'127.0.0.1','Mozilla/5.0 (Windows NT 6.3; WOW64) AppleWebKit/53','2014-04-28 06:04:04','PORTAL','Thay i thng tin c nhn','CHANGEINFORMATION','cf03c9be2afa8ae02a50'),('efa5740e-c6c1-11e3-9740-fc4dd45603ff',42,'7cb72bdf8dfc294422c8d51176c4b68f','127.0.0.1','Mozilla/5.0 (Windows NT 6.3; WOW64) AppleWebKit/53','2014-04-18 01:04:20','PORTAL','2014-04-18 13:23:20','LOGIN','8cd4d26ee4370dfebb6f'),('f11e47c9-c8d0-11e3-92d9-fc4dd45603ff',42,'7cb72bdf8dfc294422c8d51176c4b68f','127.0.0.1','Mozilla/5.0 (Windows NT 6.3; WOW64) AppleWebKit/53','2014-04-21 04:04:47','PORTAL','2014-04-21 04:15:47','LOGIN','d94757f1dbe4c4cd14de'),('f3003471-ce60-11e3-a37d-fc4dd45603ff',42,NULL,'127.0.0.1','Mozilla/5.0 (Windows NT 6.3; WOW64) AppleWebKit/53','2014-04-28 06:04:14','PORTAL','Thay i thng tin c nhn','CHANGEINFORMATION','cf03c9be2afa8ae02a50'),('f4a95d82-ce34-11e3-a37d-fc4dd45603ff',42,NULL,'127.0.0.1','Mozilla/5.0 (Windows NT 6.3; WOW64) AppleWebKit/53','2014-04-28 12:04:18','PORTAL','Thay i mt khu','CHANGEPASS','24c00dfe990bee9cc833'),('f5d0acad-ce60-11e3-a37d-fc4dd45603ff',42,NULL,'127.0.0.1','Mozilla/5.0 (Windows NT 6.3; WOW64) AppleWebKit/53','2014-04-28 06:04:18','PORTAL','Thay i thng tin c nhn','CHANGEINFORMATION','cf03c9be2afa8ae02a50'),('f668de7f-c8e4-11e3-92d9-fc4dd45603ff',42,'7cb72bdf8dfc294422c8d51176c4b68f','127.0.0.1','Mozilla/5.0 (Windows NT 6.3; WOW64) AppleWebKit/53','2014-04-21 06:04:06','PORTAL','2014-04-21 06:39:06','LOGIN','89d2fde580a7eaaaca5a'),('f691e9c9-c8e4-11e3-92d9-fc4dd45603ff',42,'7cb72bdf8dfc294422c8d51176c4b68f','127.0.0.1','Mozilla/5.0 (Windows NT 6.3; WOW64) AppleWebKit/53','2014-04-21 06:04:06','GIFT',NULL,'PAYMENT','89d2fde580a7eaaaca5a'),('fc56ee8c-c8d1-11e3-92d9-fc4dd45603ff',42,'7cb72bdf8dfc294422c8d51176c4b68f','127.0.0.1','Mozilla/5.0 (Windows NT 6.3; WOW64) AppleWebKit/53','2014-04-21 04:04:15','PORTAL','2014-04-21 04:23:15','LOGIN','149cc8a11cd399c45aba'),('fc8fcb77-c8ca-11e3-92d9-fc4dd45603ff',42,'7cb72bdf8dfc294422c8d51176c4b68f','127.0.0.1','Mozilla/5.0 (Windows NT 6.3; WOW64) AppleWebKit/53','2014-04-21 03:04:09','PORTAL','2014-04-21 03:33:09','LOGIN','d3e4e1ec21e7ae8f597c'),('fe9b2c78-ce34-11e3-a37d-fc4dd45603ff',42,NULL,'127.0.0.1','Mozilla/5.0 (Windows NT 6.3; WOW64) AppleWebKit/53','2014-04-28 12:04:35','PORTAL','Thay i mt khu','CHANGEPASS','24c00dfe990bee9cc833');

/*Table structure for table `t_user_setting` */

DROP TABLE IF EXISTS `t_user_setting`;

CREATE TABLE `t_user_setting` (
  `id` int(11) NOT NULL AUTO_INCREMENT,
  `fk_user` int(11) NOT NULL,
  `setting_key` char(20) COLLATE utf8_unicode_ci NOT NULL,
  `value` varchar(50) COLLATE utf8_unicode_ci NOT NULL,
  PRIMARY KEY (`id`)
) ENGINE=InnoDB AUTO_INCREMENT=129 DEFAULT CHARSET=utf8 COLLATE=utf8_unicode_ci;

/*Data for the table `t_user_setting` */

insert  into `t_user_setting`(`id`,`fk_user`,`setting_key`,`value`) values (113,41,'isRecivedEmail','Y'),(114,41,'AlternativeEmail','lethanhan.bkaptech@gmail.com'),(115,41,'SQ',''),(116,41,'SA',''),(117,42,'isRecivedEmail','Y'),(118,42,'AlternativeEmail','lethanhan.bkaptech@gmail.com'),(119,42,'SQ','0'),(120,42,'SA','asd'),(121,43,'isRecivedEmail','Y'),(122,43,'AlternativeEmail','lethanhan.bkaptech@gmail.com'),(123,43,'SQ','0'),(124,43,'SA','asd'),(125,44,'isRecivedEmail','Y'),(126,44,'AlternativeEmail','lethanhan.bkaptech@gmail.com'),(127,44,'SQ','0'),(128,44,'SA','asd');

/*!40101 SET SQL_MODE=@OLD_SQL_MODE */;
/*!40014 SET FOREIGN_KEY_CHECKS=@OLD_FOREIGN_KEY_CHECKS */;
/*!40014 SET UNIQUE_CHECKS=@OLD_UNIQUE_CHECKS */;
/*!40111 SET SQL_NOTES=@OLD_SQL_NOTES */;
